user_id,data_date,p1,p2,p3,p4,p5,p6,p7,p8,p9,p10,p11,p12,p13,p14,p15,p16,p17,p18,p19,p20,p21,p22,p23,p24,p25,p26,p27,p28,p29,p30,p31,p32,p33,p34,p35,p36,p37,p38,p39,p40,p41,p42,p43,p44,p45,p46,p47,p48,p49,p50,p51,p52,p53,p54,p55,p56,p57,p58,p59,p60,p61,p62,p63,p64,p65,p66,p67,p68,p69,p70,p71,p72,p73,p74,p75,p76,p77,p78,p79,p80,p81,p82,p83,p84,p85,p86,p87,p88,p89,p90,p91,p92,p93,p94,p95,p96
METER_001,2026-01-01,43.4972,41.7727,38.9339,39.0735,38.7495,37.1027,37.5012,37.6501,35.6497,37.7608,35.4999,36.8629,36.2061,37.1304,37.0811,37.0794,37.8415,38.6272,40.0045,39.5412,42.2418,44.9561,48.5451,50.4542,52.5305,56.4934,58.568,61.2852,62.2713,64.3773,64.3346,64.3898,63.1754,59.7296,57.7988,54.3825,52.4098,49.5633,45.0711,44.6704,43.2741,41.0734,38.7003,37.6029,37.8465,37.423,35.6042,37.0497,36.316,36.0152,35.9178,36.0923,36.9285,35.7388,37.8922,37.1835,37.8629,40.1887,40.4844,42.7823,43.9527,45.2832,48.3107,50.3327,55.7149,56.866,60.1657,63.5389,68.9941,75.2984,77.9337,83.5894,87.7512,91.5973,93.516,97.9426,98.7127,99.6194,99.5882,99.3487,97.7114,97.1685,94.1839,90.3435,87.3271,81.7883,77.7864,74.1748,69.7433,64.9201,59.6755,55.47,52.8498,50.7915,47.5696,45.297
METER_002,2026-01-01,64.8885,64.5356,65.8759,65.3147,65.2902,65.4477,65.1174,64.3743,63.9634,63.0038,63.6292,63.8638,65.5277,63.7701,64.2215,65.3118,64.9577,65.1993,65.3996,65.1469,66.4991,65.4005,66.1661,66.7854,67.9537,71.5737,74.9362,77.2252,83.3681,93.8229,104.2365,117.7321,131.7079,145.3113,153.8851,162.6839,169.1876,172.798,175.9301,177.2587,177.4031,179.3139,180.3164,179.7704,181.5394,182.5917,184.6028,183.4282,184.352,186.38,186.2307,186.7574,186.4723,186.2762,187.1075,185.2721,186.1524,186.3134,186.6102,185.3754,185.4401,185.2633,184.3657,183.1557,181.7848,178.9689,178.6418,174.2251,171.1471,166.0278,159.4877,146.8169,135.7475,119.6684,106.4513,94.6516,84.809,78.1201,74.1174,69.5701,68.9756,67.4944,65.9208,67.5403,65.8476,66.0208,65.1821,65.0897,64.5355,63.5341,65.2551,63.833,65.1515,66.3531,63.8481,64.4356
METER_003,2026-01-01,132.3355,131.096,129.8349,125.7139,126.2737,124.1251,122.8823,122.4866,123.5802,116.4198,117.8875,119.0925,118.2348,112.9651,115.6478,115.389,114.8179,115.4789,117.1998,117.792,116.017,117.018,119.3854,119.0811,120.2625,120.91,123.8713,123.7856,121.7218,127.8949,129.1717,131.2925,133.7178,134.2799,138.3795,139.0855,143.539,146.87,150.2202,153.659,158.607,159.4959,164.249,166.7636,170.2732,172.4153,177.4267,178.8854,183.0268,182.7764,186.3975,186.9135,191.6617,193.7841,192.6915,198.3009,196.6069,200.9821,203.387,200.8996,203.5234,207.5797,205.6939,208.7252,210.0946,211.4453,212.7479,212.2645,213.2064,217.6082,213.3415,215.8239,212.2683,214.1122,212.1365,211.192,208.88,209.8172,206.6135,199.7999,198.468,193.2196,188.856,187.4262,181.0141,179.9991,175.5976,172.1071,161.0956,159.7606,155.3112,152.9839,147.4034,144.7399,140.1687,137.7189
METER_004,2026-01-01,114.4159,114.3276,113.0034,114.1834,112.4863,108.8814,113.8639,115.5407,114.1328,114.0569,111.2437,113.1876,114.9565,115.8006,115.9584,113.5739,113.6416,116.062,112.9062,116.8773,118.7619,119.1416,122.9188,129.6296,136.0122,142.4855,155.4592,166.1473,171.1135,181.0659,184.3147,190.9806,193.8944,192.8535,191.3784,194.6322,193.6633,193.6064,198.0352,194.7524,192.2799,194.124,191.7682,191.9695,186.7335,186.5662,181.9642,182.362,182.9614,182.803,183.9737,188.004,188.1477,189.5009,192.5227,195.0197,193.1301,193.2953,196.7508,195.3603,195.3452,196.7669,196.6113,196.1031,195.545,197.1137,195.4708,196.5997,196.724,196.0407,195.1454,196.6133,196.1904,193.6953,193.88,196.5349,195.2251,196.559,194.3898,196.3469,192.347,194.7766,192.7043,192.8864,184.9593,182.3965,174.2576,162.2751,155.8691,145.9096,136.1113,127.1723,123.241,119.4796,120.7122,117.0422
METER_005,2026-01-01,34.6761,33.6057,33.0171,30.4415,30.2838,29.0923,29.791,29.6369,27.8729,28.9193,29.0692,30.0062,29.0989,28.8894,28.5082,29.3077,30.169,29.9872,31.343,33.1754,34.252,36.1549,36.3089,39.2084,42.4425,43.9873,46.4726,49.3004,50.8863,50.4618,50.5926,50.3121,50.7247,48.9693,46.8781,44.7116,41.6152,41.7583,38.0737,37.7562,35.3826,32.754,31.8663,31.185,28.3769,29.4271,29.8086,28.8727,29.5228,27.3294,29.1581,30.4147,29.1278,28.7834,28.949,30.3898,31.8232,31.5923,31.4179,32.9021,35.1043,36.7561,37.9787,41.3244,42.4337,45.5278,48.1155,50.8261,54.5732,57.5823,62.679,65.8031,68.8788,71.8154,74.6125,77.842,78.8334,78.534,78.0322,78.5575,78.3395,76.9887,74.7638,72.0805,67.882,66.0254,63.5186,57.8987,55.993,52.2356,47.5744,44.976,43.7583,40.8403,37.1233,36.1734
METER_006,2026-01-01,53.5752,52.7595,53.55,53.8538,54.5445,52.1535,54.3118,54.4847,51.9274,53.933,53.9883,53.212,52.4425,53.7086,53.9885,52.9416,53.5853,52.7434,54.8107,52.2051,55.4811,54.9608,53.8652,55.7584,56.7769,55.8825,59.1472,63.6229,68.5925,77.0905,85.6427,96.6205,110.2986,119.767,126.9188,134.0601,139.4256,141.3164,143.9602,145.1298,146.8629,148.4204,150.5651,149.8271,151.7099,151.7723,150.5661,151.6432,153.4981,152.7326,152.8389,152.5659,153.2764,153.3103,154.8992,154.8805,154.1041,153.5061,153.546,152.354,154.5607,152.3991,151.1678,151.6553,151.5222,148.7603,146.4152,144.2646,141.7505,136.578,129.4524,121.4239,112.1718,98.8652,87.9858,78.4625,70.9684,65.9763,60.8992,60.2908,57.1188,54.1139,55.8712,53.6254,53.6101,52.3305,54.1226,53.0861,53.2955,53.1049,54.0163,54.6261,53.55,53.2857,53.9351,52.6498
METER_007,2026-01-01,110.8818,107.8147,105.1347,105.0671,102.981,100.0898,99.0541,98.7413,99.3538,96.0289,97.3804,97.3557,96.4641,94.8638,94.16,94.0399,92.0309,93.0146,96.2806,95.1406,96.032,97.5922,95.3937,96.4829,97.533,97.3497,98.5036,101.3371,102.3403,102.8807,105.6395,105.5586,108.0689,111.3408,112.6682,115.7368,116.4988,121.9308,122.131,124.9491,129.0728,130.7839,135.0884,135.7755,138.0213,142.4058,144.015,147.125,148.9109,151.6849,151.7182,152.902,156.941,157.998,160.3361,160.8999,163.0016,164.2754,164.3721,167.5192,167.4869,167.5748,166.88,169.5498,172.0327,173.1488,174.1496,172.7769,175.1387,175.1596,174.5111,174.7305,173.0827,175.3047,174.3138,172.6554,172.0824,171.1815,167.3037,167.0625,160.6882,158.4132,156.7829,152.4788,147.8802,146.4826,141.8208,136.0236,133.966,129.5284,127.1761,124.699,120.9031,117.7405,113.6471,111.1486
METER_008,2026-01-01,156.8029,156.0741,156.8378,159.8864,158.1935,159.2918,159.3202,157.2439,159.3746,156.8143,157.2397,159.7222,160.5382,161.7246,156.9478,157.6202,157.5477,158.4523,162.2766,161.5457,163.8766,168.1857,175.3172,181.5915,192.0572,200.2252,213.5459,231.29,242.2675,252.6499,264.2351,264.4888,265.8497,267.9151,270.7692,271.35,271.7071,278.0518,272.7369,273.4208,270.1224,269.308,270.2019,263.6136,264.2309,259.5405,258.5326,256.0399,252.888,257.7275,257.619,260.4505,263.2003,264.776,270.2066,271.2052,269.2602,275.5457,272.45,277.489,273.4048,274.0317,277.1025,273.3417,273.068,273.9564,278.1086,273.8494,271.2675,272.4694,272.6675,272.4732,274.6724,275.7203,277.0166,273.1877,276.8401,276.7053,276.6347,274.5691,270.0479,270.7625,269.7181,266.1784,258.8642,249.4392,244.6851,227.4453,216.756,202.8982,192.3158,180.5728,169.4871,164.3802,161.8296,162.5876
METER_009,2026-01-01,46.4285,44.6272,42.1907,42.1463,40.9566,39.9803,39.1165,38.2276,38.4421,39.7036,39.0998,37.826,39.0088,38.5547,39.0939,39.5522,40.0494,40.4718,41.6435,42.8933,43.9491,47.7,49.8587,53.5505,55.285,58.7447,61.4444,65.5765,66.3054,67.2295,68.5435,67.9098,66.6776,63.7614,61.932,59.4686,56.3231,54.5672,49.979,48.7728,44.3206,45.2915,42.1641,41.1883,40.8103,38.62,37.7634,38.7649,37.8648,37.6678,37.3345,38.6907,39.2888,38.9186,38.2642,39.9225,40.8925,40.929,43.8364,44.6666,45.2557,47.9886,50.1111,54.3852,56.3026,61.0373,65.8197,68.1047,72.7785,80.7377,82.6273,86.3469,92.6516,95.3658,99.8414,101.6402,104.6316,106.9131,105.1843,105.9771,104.8295,102.7145,99.9416,95.4494,92.4196,85.9625,83.2988,78.734,74.5836,67.7581,64.1776,61.5148,57.1939,52.7194,50.3465,46.9829
METER_010,2026-01-01,70.5393,70.1103,71.8268,70.4104,70.2531,69.889,70.3153,70.6554,70.8102,71.5406,69.7261,72.6065,70.9079,71.4589,70.1123,70.3644,70.1971,71.6441,70.7041,70.9002,70.8209,71.5021,72.6951,72.5012,74.1396,76.4702,80.5562,84.9196,93.3938,102.6611,114.3604,127.5103,146.0434,160.0722,170.0276,178.7589,183.6849,188.2522,190.4207,193.0419,194.3671,197.4482,199.1352,199.1311,200.0006,200.7739,202.4529,202.0627,202.9024,202.9233,202.8998,205.1844,204.7733,204.8031,205.8373,204.8866,203.7488,205.6538,204.1461,202.3021,203.012,202.2204,201.1985,199.7014,198.7332,197.2567,194.8472,191.7214,187.7981,180.4496,172.6675,160.7162,146.303,131.9447,115.7232,104.0229,95.6394,84.8635,82.2437,78.0507,74.9767,74.068,73.4021,72.4529,71.2704,71.7688,71.6492,70.0992,72.1271,71.8777,71.6409,70.578,70.6364,70.6043,71.3059,70.0666
METER_011,2026-01-01,85.0646,83.3994,82.3542,78.0424,78.153,77.5657,75.9866,76.7569,74.5246,76.0919,74.2097,74.6938,73.2818,72.6586,73.1066,72.1453,72.0108,72.4298,73.6682,74.1164,74.8091,72.3175,74.5176,74.4114,74.1589,75.4826,76.9728,75.6886,79.2557,79.7258,80.1169,82.3974,83.2808,85.4878,87.1535,87.4661,90.5327,90.7632,95.4852,96.9368,99.2412,101.6336,102.8917,104.3303,107.0841,108.5301,109.9304,111.1767,114.432,116.361,116.7543,118.46,119.5634,121.3882,122.2727,122.8698,122.7866,124.2847,125.0996,127.6361,128.5827,128.9938,130.2792,130.8116,132.1137,133.7057,132.4643,134.8086,135.2575,135.1387,135.1803,135.1598,135.9966,134.3872,134.3006,133.1337,131.836,129.7592,129.7757,126.8971,124.2051,122.6941,119.8206,116.9158,115.7201,111.1962,108.5757,106.2634,102.3603,100.3469,98.542,94.1243,93.3754,90.3649,87.5634,87.0714
METER_012,2026-01-01,126.3466,127.3804,127.0407,127.6173,127.7662,129.9637,129.9858,129.9852,128.5809,128.6904,128.0845,128.6425,129.6503,127.9045,130.0846,128.6085,130.4092,130.3789,128.017,130.2963,130.1893,135.6788,139.7057,145.5928,152.4653,162.2316,175.4887,186.925,196.3978,203.3388,208.0774,214.1047,217.9707,219.5579,220.1047,220.3074,222.0427,222.2181,219.6745,221.5216,217.2817,218.8559,217.4836,216.5324,213.015,209.6809,208.4082,207.6075,206.1587,206.9155,208.5703,209.5321,210.5928,215.9392,215.1394,218.5436,218.4613,221.0782,223.9159,220.2833,219.1479,223.5237,221.2098,221.5035,219.6457,217.9766,223.3562,220.0286,221.7271,221.3819,221.5393,222.6755,219.6056,222.1502,222.5639,221.7497,219.928,221.0233,219.8448,219.7149,220.8358,219.8557,217.5155,212.2336,211.4626,203.3723,197.6775,185.8215,171.5673,164.2172,151.5485,144.56,139.8116,136.1002,131.6679,132.8622
METER_013,2026-01-01,36.866,35.9369,34.8449,34.5867,33.0132,33.0942,32.3506,31.6441,31.3713,31.3849,29.9958,31.5826,30.3269,31.7078,32.6946,31.8369,32.3094,33.8551,31.9465,35.3711,35.7954,38.7075,40.3157,43.1122,47.2973,48.6553,49.2726,53.0359,54.9373,54.9775,55.1347,55.5154,53.6971,53.1364,50.3034,49.6161,45.8619,42.1545,40.8314,38.4876,37.2146,35.656,33.0018,32.0047,32.5828,32.7958,31.7137,30.9739,31.5176,30.9809,31.6838,31.5804,31.9487,31.1101,31.7952,31.3658,32.9963,33.9341,35.5295,34.7233,38.7619,39.4109,41.8883,43.3073,47.6795,47.3712,53.6026,56.0858,58.613,63.641,67.94,70.6615,75.4444,76.6088,80.2533,82.0816,83.8964,84.9348,86.7456,86.7162,84.1337,82.6443,81.7114,78.4814,73.8039,70.0336,67.0819,61.9964,59.0659,55.542,52.295,49.6285,46.3391,45.2191,41.0756,38.0886
METER_014,2026-01-01,56.3009,55.2775,56.0323,55.394,56.7896,55.8474,56.5934,56.9395,53.9375,55.1524,57.4869,55.7904,55.2021,56.2083,55.2573,55.056,56.1837,55.5041,56.9315,55.8083,56.8197,57.4692,56.7838,58.4315,59.4592,60.368,63.4797,67.164,70.6312,79.8248,91.1781,103.4837,114.8997,125.268,135.5551,140.9688,145.8642,146.7842,152.7436,153.4163,154.8094,154.8593,158.0693,156.1778,159.5464,158.4273,159.7227,159.9823,160.1015,161.9939,160.8587,160.1415,162.2861,161.4538,162.5747,161.9923,161.7789,161.9581,160.3781,161.3939,160.8543,161.1699,157.8547,159.197,156.5109,155.1408,153.4515,151.1094,147.0759,140.7644,135.3511,127.736,117.3526,103.885,91.4015,81.7095,73.5206,67.3685,65.2146,61.8658,60.1623,59.5734,58.005,57.1785,56.6075,57.2285,57.4403,54.8829,56.0882,56.0629,57.1193,54.8916,55.2194,54.8805,57.093,57.2171
METER_015,2026-01-01,115.6055,113.7555,111.7055,110.7789,108.2263,107.0619,106.0519,103.1695,103.8109,104.0539,101.1374,97.9201,101.0902,100.1094,100.5811,98.4484,101.1799,102.7958,97.8668,98.8714,102.1328,100.252,98.7367,101.1968,101.2523,102.9885,105.7823,105.9586,107.4677,113.149,111.9125,113.6856,115.9719,119.5834,117.7752,122.1051,122.8272,126.325,129.8171,131.3874,136.3045,138.0913,141.6165,142.87,144.9156,149.1172,150.4153,152.3942,155.4648,157.4683,158.0676,163.1945,164.7714,166.957,169.269,168.7985,169.7143,170.7414,173.8012,175.828,176.7193,177.0202,179.0926,180.4394,182.0848,183.9256,183.6281,184.494,187.4382,187.1841,187.6508,186.786,185.4753,185.7027,185.0557,184.1738,182.9367,179.7914,178.3993,173.0454,170.0975,167.4421,164.1042,162.0321,157.2684,153.3722,148.4789,145.0659,145.3366,138.9763,135.6019,129.9724,129.1594,125.6339,124.3042,118.5176
METER_016,2026-01-01,173.8538,167.5221,172.711,172.2731,174.6543,175.7669,175.8879,174.0963,173.7978,171.6157,172.2032,166.1928,174.198,173.5953,171.8263,172.8859,173.2167,177.4952,176.7083,177.9171,181.4841,183.2402,187.2822,195.8806,207.2558,221.7514,239.063,246.028,265.4469,276.9712,281.6572,291.4939,292.6493,291.3818,297.5155,296.0537,297.5604,294.9991,295.6537,296.3011,294.1667,294.0444,291.8159,288.6319,286.562,282.0058,278.8235,275.9552,276.9348,277.9866,279.8314,281.5296,288.1798,289.8828,295.4184,297.5963,297.5835,297.8113,300.1425,296.7866,294.577,297.3165,296.0666,291.9716,298.5914,296.002,299.5051,300.4618,301.4299,296.6778,297.6854,295.8861,297.2059,296.6492,298.5162,293.7592,297.2925,298.9094,295.129,298.5898,295.1444,295.0642,290.9076,290.0371,285.7438,278.6461,262.8542,253.1838,235.5859,220.8412,211.4511,195.2551,190.3382,182.4425,182.5541,179.6754
METER_001,2026-01-02,43.1393,40.236,39.6168,39.1153,38.8239,37.8244,36.1164,36.59,35.4544,34.6696,34.7948,36.1393,35.4901,36.8326,34.5301,36.7642,38.2916,38.1018,38.6965,39.9427,41.275,43.4563,46.6956,48.3034,52.9302,55.5883,58.4833,59.0278,61.4215,62.3011,64.1321,62.333,63.5028,58.7317,57.0089,54.7701,52.7198,50.046,46.0155,43.3391,43.5359,39.0633,38.1567,36.7194,37.792,36.4216,34.4464,35.9756,35.0968,36.4521,37.2405,34.6858,36.3707,35.8817,35.7677,37.3456,38.1463,40.0985,39.7165,41.5138,43.1736,45.1876,48.5994,50.1924,53.1584,56.0885,60.425,65.3969,67.7715,73.6037,76.7236,82.6776,84.6943,87.8952,91.3851,94.7429,95.9086,97.1413,97.717,99.3907,96.8387,94.2315,92.7743,89.3783,83.7172,81.387,77.4813,72.4953,68.0356,64.1264,59.8115,54.1372,52.5466,49.9579,46.9602,44.4268
METER_002,2026-01-02,67.6478,64.7547,66.227,65.2488,66.9029,64.7247,65.4936,65.7416,64.2833,64.3742,66.1783,65.3504,65.1667,64.3557,65.4081,65.0656,64.5403,64.5677,64.1894,66.8684,64.9543,65.8514,66.0446,67.2739,69.192,70.5605,74.7926,76.9457,83.8503,94.3047,105.228,117.8702,133.0668,144.0985,157.3564,163.5643,170.584,173.4131,176.7604,178.138,179.829,180.3873,181.6359,183.2037,183.9335,183.2412,183.8347,185.374,186.0866,185.1427,186.3377,189.2128,188.2509,188.6211,187.8121,187.2627,186.8081,186.1674,186.3316,187.6712,185.7267,186.3922,184.384,183.1115,181.8908,181.9509,178.9605,176.7388,171.8277,167.041,156.6642,146.922,134.7721,121.1241,106.913,95.8894,86.1409,79.4643,74.2695,71.0173,68.8026,67.3825,66.41,65.9491,66.1889,65.9106,65.1101,66.0366,66.291,64.8929,64.4074,64.9857,65.8552,65.3426,63.6408,65.2741
METER_003,2026-01-02,138.7344,135.8856,130.1449,131.1288,126.2472,126.7886,125.0842,123.5545,124.7841,120.4229,123.8707,118.7501,120.3193,118.1139,118.5091,118.6903,119.2665,116.547,122.6981,117.6018,121.6049,117.9407,121.6876,122.8319,123.0529,122.3834,124.6873,124.7032,124.852,128.428,131.6516,133.1945,135.1456,139.8673,143.2224,142.0263,146.6045,151.6899,152.9569,158.9372,159.0568,163.7227,168.5477,172.0109,172.2455,173.9359,178.9662,182.052,186.4946,189.5973,190.599,189.8893,191.9517,199.7875,199.5268,199.9804,203.167,203.8426,206.459,206.8136,207.4827,211.0098,212.1426,212.9827,212.4568,217.9825,217.2651,216.013,219.9307,219.9661,220.0803,220.9204,217.9574,216.7598,217.3129,215.3548,212.092,212.0296,209.715,206.3286,203.0918,199.7774,198.5497,193.4308,183.9105,180.7676,176.7968,170.9028,167.5857,164.7522,158.257,157.2236,150.5299,145.2113,144.1113,141.3699
METER_004,2026-01-02,114.7878,115.6795,115.7131,116.0198,114.1473,115.1944,113.9381,114.8562,116.3581,113.2289,117.4796,117.2461,117.3813,116.8266,116.6848,118.9587,118.0714,118.1039,116.9772,118.6095,119.8434,122.9298,126.0029,132.0393,136.2159,145.7545,158.2194,165.931,176.8826,185.3654,189.0697,192.1866,193.6616,196.4832,197.5036,198.1868,200.7363,201.838,197.2909,199.4828,196.3111,195.2169,194.4958,194.0114,193.2479,190.282,185.2918,185.1696,186.9325,187.6123,188.9069,189.3301,192.0881,192.6896,197.6866,196.9193,197.4243,199.4827,196.977,200.1302,199.2089,199.2583,199.1524,199.0797,200.2254,200.4776,199.0889,198.5947,197.7662,200.6994,200.7644,199.8284,196.931,198.5281,196.9234,199.4919,198.6952,200.3059,198.7179,197.2605,200.5491,196.8514,194.1695,192.9407,190.0395,185.5539,177.0656,168.1786,157.8244,146.2489,138.0627,130.7034,124.5449,121.156,118.3798,117.4001
METER_005,2026-01-02,34.3283,34.4622,32.4223,30.705,30.7617,30.5399,28.7068,31.053,29.7917,28.8696,28.457,29.0221,29.1712,28.3858,28.6598,29.3937,29.9693,30.6562,30.4037,32.5708,33.3198,35.4413,38.2733,40.3521,41.8924,43.4199,46.32,48.8362,50.4922,51.6602,53.2675,50.6203,50.202,49.1354,46.2472,44.6377,41.9854,39.1307,36.9262,36.6402,33.1768,31.4866,32.4416,30.5484,28.9746,30.0764,29.1011,28.7055,27.8623,28.339,29.7837,28.2522,28.0105,29.1684,31.6208,30.8901,29.7825,31.767,30.9224,31.826,34.3539,35.897,39.0805,41.0303,42.7723,45.0856,49.6102,51.1839,54.5631,58.808,62.6747,64.2687,68.4807,72.1175,75.5371,76.4907,77.6326,79.1094,80.2472,80.4402,78.5699,76.1522,74.3015,70.8255,68.3506,66.5103,62.9124,60.8023,54.0126,51.7496,48.3979,45.0111,43.4926,40.5927,39.8137,36.8316
METER_006,2026-01-02,51.2105,53.7204,51.1394,52.2442,51.3929,51.9237,52.1524,52.9896,53.1682,53.784,50.4425,52.8624,52.6311,52.4063,52.5051,51.2169,52.1078,53.4879,53.9506,52.0421,52.4284,52.6846,53.5917,54.5463,55.2182,57.2475,58.9843,61.9734,68.4489,75.1721,85.327,95.1059,109.0929,116.6285,126.7293,131.4915,136.3245,138.7986,142.4394,144.4631,145.9829,143.837,146.2738,148.3761,148.9686,148.5808,148.8323,149.3418,150.9512,151.3345,152.3726,150.949,152.1741,150.5536,152.0724,151.4187,150.0684,152.1603,151.1458,150.851,148.3061,151.7986,149.3509,147.5509,147.5039,146.5223,143.1648,142.2496,138.58,134.3793,125.3877,119.0582,107.3762,97.2704,87.791,75.1543,68.0017,63.6362,58.8396,58.5043,56.4529,51.6395,54.3187,52.5363,52.2925,52.6229,52.3876,52.9344,52.6031,53.0511,51.9487,53.4852,51.7552,52.6696,52.3632,53.4529
METER_007,2026-01-02,106.826,104.6752,102.5836,103.2522,101.3748,101.3738,96.0385,96.5901,95.197,95.3814,92.5674,94.0875,94.0135,93.6551,92.77,93.6627,92.3782,93.774,93.2888,90.8016,93.3831,93.0359,95.1259,94.7184,94.9862,94.9511,98.8761,98.6608,98.9704,101.3863,103.7958,106.2865,106.9341,107.4527,110.5969,112.5826,115.1643,117.8695,122.0256,122.6275,125.3136,127.4071,134.017,134.5092,132.5638,138.0863,141.8666,145.8131,146.0499,149.0918,150.5465,149.9168,152.2674,156.1678,155.6968,158.0934,158.0219,160.9672,161.4328,163.8853,163.0342,166.4649,165.4638,168.5537,167.1761,169.5725,169.3051,173.3403,172.3923,173.0285,171.2953,171.3463,174.3015,171.6281,169.3957,168.7534,167.6753,165.9437,163.3865,161.6839,159.8478,155.6113,152.4413,151.0746,145.2799,142.0983,140.4696,134.8678,130.9378,127.8731,123.1995,122.9004,121.2,114.1905,112.2455,109.6017
METER_008,2026-01-02,160.1632,160.8881,160.2825,159.2892,160.9163,154.9973,159.6891,161.2304,160.0211,159.7453,159.6301,159.5552,157.6653,154.2396,156.9215,155.9827,156.7572,162.7809,160.1542,163.2893,166.1573,168.7764,170.0757,178.7613,192.0273,199.4002,215.6038,230.9666,242.2582,253.2407,257.5707,267.0093,268.1598,267.6513,267.7748,272.6282,274.358,270.7618,274.9687,274.2465,271.5009,269.4127,267.9629,267.765,260.5623,257.8492,258.4454,257.1854,254.508,256.6536,259.7266,260.6704,264.1301,267.0666,266.1935,271.681,274.7353,269.6546,273.0685,274.4631,273.4292,274.0662,272.1728,273.9461,276.1036,275.6785,274.8978,274.9685,275.6934,273.8692,274.0828,274.4075,276.6211,270.0574,275.9397,275.1542,269.3663,276.188,272.3304,271.9498,270.7233,271.9703,269.6913,265.9125,256.581,251.2113,243.9007,229.965,217.3347,198.9243,189.1237,179.3126,169.9976,170.9624,163.55,162.5988
METER_009,2026-01-02,47.6498,46.3893,42.2965,42.7331,40.5417,40.8781,40.6116,38.9301,40.046,37.323,40.1026,37.8172,38.1709,39.4046,40.5446,38.2891,39.1533,41.7109,44.1466,44.8811,46.8941,49.5346,51.8322,55.6499,57.4815,60.8026,63.4245,65.7753,67.0702,68.2769,69.1502,68.5032,67.982,63.9183,63.2185,59.8494,57.1823,56.1748,51.2526,46.3802,46.8683,45.1899,43.0524,40.1907,41.5423,39.6203,38.8016,37.2153,41.2001,38.671,39.4441,38.7688,40.4187,40.1855,38.9509,39.3213,41.4742,42.706,44.0546,45.4618,46.1554,48.7477,50.7224,55.7983,59.0463,61.5891,66.1854,70.9328,75.2532,79.4325,84.6651,89.1399,93.0949,97.2975,101.1017,104.9666,106.0179,107.3443,107.1353,106.8946,105.9655,104.3744,100.2748,96.9791,91.811,90.8406,83.7305,78.5739,75.1067,70.4091,63.3454,61.4111,57.1994,54.5422,49.8892,48.0904
METER_010,2026-01-02,71.7147,72.7401,72.3012,71.6636,71.7278,72.1632,71.8966,73.1012,72.0133,73.5313,70.9735,71.5365,71.7282,74.1314,73.7695,71.4852,71.8717,71.9458,74.2565,71.9243,73.7822,73.7576,72.2327,74.6585,76.677,78.1955,81.4281,87.5653,93.4191,103.7135,117.0554,132.194,147.241,162.0746,173.3169,181.0854,188.172,192.1266,194.363,196.6553,198.0627,200.2756,202.8368,203.7643,204.5005,205.5656,205.9709,206.421,206.1891,207.9699,208.0102,208.9323,208.1823,209.0353,209.0087,207.0509,209.3094,209.7244,208.0153,208.5703,206.1443,204.9319,204.6255,204.1318,203.0778,200.8043,200.4575,196.3045,190.8394,185.072,176.3542,162.2506,150.2685,132.9947,119.0147,103.9002,95.2331,88.2425,83.1944,80.1135,76.0152,75.0578,74.3663,75.1535,72.4108,73.4933,74.5716,71.4356,73.0444,71.8628,72.8841,71.5391,71.8999,72.2575,72.0143,72.2892
METER_011,2026-01-02,85.2819,82.8239,81.2552,78.8685,80.1438,78.0628,76.7358,77.2476,74.9988,75.8028,75.6812,74.3755,74.1776,73.0035,73.4255,73.8094,73.8561,73.494,72.9305,73.3068,74.7515,72.4441,74.8997,74.4548,75.6269,76.9282,76.8937,77.5199,79.4087,79.6824,80.3037,83.1526,84.3502,86.0637,86.415,88.1698,90.2447,92.6623,96.5113,97.566,100.7346,102.143,102.4592,105.1843,106.1012,109.2289,110.6074,112.6616,113.049,115.6087,117.4303,118.391,120.1885,121.7922,122.0815,123.9817,126.5003,125.7533,124.7926,125.9983,128.1498,130.2953,130.6303,132.154,133.2639,134.314,133.7077,134.374,135.5278,135.3194,136.1078,135.6127,134.6926,135.7971,134.0243,133.6827,133.2987,129.8236,130.6658,126.9085,124.4441,122.9553,121.3217,117.699,114.4688,113.992,108.9018,106.0012,104.5481,100.8968,99.9539,95.8391,93.3415,88.2057,88.7817,87.247
METER_012,2026-01-02,125.8814,128.3331,128.6929,126.5925,125.7885,126.8154,126.3154,125.146,126.6051,125.9621,126.8836,125.9435,123.1845,127.217,125.9632,127.3681,126.6965,126.8072,128.9385,132.5165,131.1828,132.5954,135.8362,143.0363,149.8111,163.106,172.5712,181.3438,194.7992,201.2308,208.8932,211.4698,211.6704,215.6138,217.9261,215.6065,218.6451,216.9057,219.5358,217.3109,214.1564,216.6438,215.8482,211.9044,210.4792,208.9662,203.9759,204.8127,204.5462,205.5459,204.4773,207.4014,209.4803,212.5906,213.6029,216.2939,216.5133,218.8045,219.598,216.5365,219.4926,219.6708,220.1145,216.279,216.4067,217.1856,218.3682,219.6793,218.5231,216.5557,218.0313,216.829,221.5852,219.2309,216.4176,218.5713,217.094,213.6142,219.0728,217.1948,218.9229,214.9827,213.1644,207.0775,208.4581,201.0109,193.5564,180.6656,174.1456,160.7669,151.2434,143.0731,140.5679,133.9899,132.5324,130.8568
METER_013,2026-01-02,35.8214,34.3203,34.6913,34.2005,32.1626,32.5843,31.8543,31.447,30.6957,29.4345,29.54,30.8142,29.638,29.9966,29.329,31.612,32.8185,32.9741,33.1815,34.8361,36.4548,37.6773,42.2223,40.6455,45.2935,48.0917,48.4161,51.1663,53.3762,54.7286,54.6038,52.6662,54.1168,51.5968,49.0436,47.7106,45.2904,40.3149,39.529,37.4234,36.2535,33.8777,32.3897,32.5659,32.0873,31.6146,30.2434,30.6417,29.4198,30.2294,31.9104,31.4794,33.1188,29.9981,30.6289,30.9523,32.0565,32.8894,32.8822,34.8661,36.296,38.0915,39.5414,41.1911,45.607,47.6916,50.6042,54.9376,58.6938,61.9616,64.5058,68.9273,72.6445,76.1324,79.5441,79.974,83.0405,84.3764,82.6821,83.6753,82.7884,81.9614,78.4215,75.2789,71.978,70.6622,66.2204,62.7961,57.2866,55.5508,52.1697,48.548,45.1137,42.2335,41.2622,39.2624
METER_014,2026-01-02,56.3476,54.2388,56.2347,55.5204,56.8131,56.5574,56.7116,54.5842,55.8031,56.5045,55.5469,55.5549,56.5972,57.3071,55.9211,56.3864,55.1865,54.6818,55.7154,56.9447,57.5093,55.582,56.4261,56.548,58.6746,58.904,65.1237,67.1953,72.6328,79.2715,91.2407,101.9869,114.5228,123.5865,134.1687,139.6772,145.1533,149.0198,152.1664,151.6339,152.1358,154.3767,153.9398,156.3185,157.3592,155.8586,157.7441,159.8227,159.6578,159.037,160.3859,160.1042,160.064,161.9968,161.3888,161.5648,159.4834,160.6236,160.0405,158.9658,159.6868,159.5542,159.411,156.0252,154.7685,155.0555,152.4217,149.0909,145.9884,141.1485,134.4657,127.1595,115.7146,101.278,90.9284,81.7854,73.5287,68.5391,62.8198,60.5885,59.7872,58.8016,56.681,55.9867,58.0461,54.3059,54.9005,55.8634,55.9547,54.8442,57.3031,56.237,55.4977,55.8481,56.5322,55.0696
METER_015,2026-01-02,118.7728,118.9643,112.5577,112.1491,108.3182,107.2371,107.037,102.009,102.8963,103.7191,103.483,103.3069,101.0858,101.4446,99.2249,104.2592,102.6306,100.0859,101.5197,104.7576,101.7308,101.0913,102.456,102.1641,104.6301,104.0593,105.2658,107.7343,110.1377,109.3976,111.488,114.5501,117.5502,119.4877,121.0114,123.9581,125.6547,130.2246,130.1297,132.8464,136.4321,139.7446,140.4011,144.5114,148.0808,152.3903,152.6484,156.5632,156.3005,161.1176,166.3619,166.0194,167.568,167.5179,168.9875,173.282,171.6841,173.9437,175.4618,177.4395,177.2225,180.4583,180.4765,181.9242,183.0838,183.3067,186.1985,185.6016,187.3171,188.1422,188.8454,189.9779,184.0415,187.3471,186.6248,184.2911,184.0044,179.3667,179.3888,175.0506,173.882,171.1034,167.621,163.1127,160.3,156.8194,150.4771,146.8416,144.0291,138.9407,135.6835,132.3295,129.6899,126.9856,122.9648,119.1759
METER_016,2026-01-02,175.3222,170.5453,174.5449,174.3966,171.8781,178.531,174.1168,175.5706,174.6979,179.5888,179.4974,178.6576,177.6902,179.2378,176.3992,176.4941,176.0454,180.4854,178.2444,177.4536,185.9872,188.0577,192.0632,200.0511,210.1651,224.1544,241.5625,258.0539,270.9888,280.1794,288.9234,294.9738,299.5642,301.8226,303.8444,302.536,303.5129,301.6354,304.2454,303.8903,300.7421,302.2191,301.6653,295.9114,290.4977,289.7126,287.0457,285.3743,285.382,284.7055,287.8623,287.4342,293.3417,296.3531,300.3419,298.6158,302.6736,301.8073,304.7784,305.6769,306.2541,304.5014,303.9285,305.6549,303.7338,308.8951,306.4434,303.5843,305.2197,301.5167,303.8045,303.9207,308.0674,300.6286,302.6761,303.4732,304.6124,305.9981,306.783,306.3745,302.4123,298.0255,300.8467,295.5417,287.773,279.9554,270.3799,256.3881,242.8785,224.1931,214.4917,200.6089,195.0858,186.8649,181.5034,182.3007
METER_001,2026-01-03,44.0003,41.0304,39.8761,38.79,38.4124,38.8236,37.8955,35.8441,35.2076,35.9868,35.9401,35.2292,35.1122,35.7927,36.7963,37.2376,37.9809,38.0425,40.2561,41.2139,42.3845,44.9853,47.7287,51.2929,55.5302,57.0145,60.2757,63.6271,65.5317,65.2704,66.9323,66.2632,64.0811,63.0077,60.3923,58.3014,54.5208,51.0306,47.7475,45.9305,42.8038,40.9703,40.2555,37.6992,37.9313,36.7877,35.2984,36.1221,35.435,34.9198,35.9954,35.8749,34.9098,36.208,37.8891,38.645,38.4879,39.094,39.2048,40.4258,42.1278,44.4526,48.1494,50.5425,54.2212,57.9907,62.9506,67.9149,72.8265,76.6884,83.2394,86.2671,90.3049,95.1161,99.5741,100.9921,104.1399,104.6289,104.3567,105.2274,102.8633,101.0564,98.445,96.5379,90.4544,86.9931,81.6013,77.0778,69.698,66.937,64.6125,57.5445,54.7295,52.2001,48.5384,47.192
METER_002,2026-01-03,65.5893,66.9211,66.0136,67.3278,65.3934,66.9942,66.8882,65.7803,66.9536,65.2494,66.045,66.7391,66.7999,66.7848,67.0227,64.3168,66.8743,65.929,67.5235,65.4472,66.9081,68.2084,66.9204,66.89,65.8409,68.4897,69.9613,70.7012,74.8779,77.2752,82.2811,86.5009,92.0056,99.1915,101.8687,103.2257,107.3381,107.4448,109.2392,111.0611,110.7923,110.3545,111.9458,112.5447,111.015,111.6391,113.5524,112.6226,113.5848,114.4663,114.7537,113.549,113.1277,114.1024,113.7744,114.7117,113.4996,115.4441,113.6223,113.0817,112.7136,113.0523,113.4964,112.6918,110.4552,111.2465,109.7886,109.5747,107.4198,106.4996,102.8009,97.6165,93.8346,88.0826,81.8867,76.8733,75.2517,71.5848,68.8911,68.5537,68.4724,67.8464,67.2074,66.2632,65.9993,66.9406,65.1722,65.6521,66.7187,65.8866,66.248,67.2275,67.1673,67.7094,66.7738,66.7566
METER_003,2026-01-03,141.1161,138.095,138.0842,133.0766,130.9543,128.3998,127.5432,126.9751,124.3759,125.3072,122.8009,125.8193,121.4792,123.1696,121.6988,120.1763,119.0559,120.9613,121.5052,122.3716,121.61,124.2041,122.304,123.3085,124.9563,126.1066,128.0411,130.3147,131.9344,132.9395,134.5727,136.7394,141.8259,141.7082,146.2067,148.9729,151.3097,156.3295,158.7258,165.3797,169.0925,170.8419,173.3534,178.2635,180.8459,184.1768,187.6268,193.9922,196.2638,197.2107,202.0928,202.4647,205.2364,206.7565,210.0376,212.133,213.737,212.0226,218.46,217.9148,220.695,225.2078,224.716,227.0037,226.315,229.1278,230.4256,231.8064,231.1789,232.1319,232.8416,233.4635,233.791,231.5944,228.3342,228.7074,224.7524,223.2845,220.0141,217.9136,213.9993,208.8461,205.5291,201.3537,197.1536,188.6888,182.4817,179.9537,176.8657,169.6478,167.7584,161.9536,156.5525,151.5859,150.1331,143.9673
METER_004,2026-01-03,116.2379,115.3828,116.9325,114.3779,114.2044,114.4692,116.374,116.4421,115.6637,113.0668,117.3128,116.4287,114.0832,116.7207,115.6718,116.9463,116.6983,116.7543,117.8232,117.5226,119.8418,123.4638,124.8902,131.2969,135.1346,140.4395,152.1582,158.3754,164.4016,172.2982,176.4775,178.0727,182.8945,182.0455,185.8739,182.8777,184.8995,185.9081,182.6455,184.4456,184.9569,183.5597,180.9453,181.1227,180.4023,177.7048,174.6448,174.6013,172.8532,173.8428,173.9425,174.7749,178.6074,179.724,180.6145,182.9652,184.0377,183.6287,182.7238,185.675,185.9179,185.4841,183.2186,185.3184,184.0679,185.7763,184.371,185.6219,185.725,185.9136,184.8428,185.6567,183.6263,184.4628,183.0156,185.1764,184.6712,187.3539,185.8967,184.681,181.8678,183.6783,182.0282,180.6583,174.8067,173.3356,167.8558,159.2566,149.7149,141.4149,131.759,127.4097,126.5705,121.0645,119.2349,116.8536
METER_005,2026-01-03,34.0394,33.0205,32.0952,30.5414,30.0402,29.492,29.5646,28.5172,29.4463,28.1053,28.1613,28.7871,28.543,28.3723,29.0712,29.3631,29.1322,31.1372,31.7193,32.6649,34.2701,36.8322,40.2122,40.8309,44.1307,45.8036,48.4143,51.591,52.2078,52.5661,53.1391,51.7037,51.9447,49.5188,47.0653,44.5282,43.6595,40.0702,38.7054,35.0696,33.0619,32.2833,31.8753,31.216,29.0619,29.4671,27.9216,28.9092,28.4406,27.6717,28.2804,28.9118,28.0468,28.484,30.2752,29.874,28.0092,31.4564,31.8977,32.8488,35.3517,38.053,38.3161,40.3791,43.7926,47.159,51.0432,53.8705,57.0511,60.3026,64.0225,68.0893,71.79,74.9207,76.8486,79.855,81.7172,84.2742,82.8459,81.7507,82.3213,80.7145,78.2949,76.364,71.9453,69.0041,64.7935,60.6808,55.579,52.9359,51.2381,45.6055,43.9632,40.5114,39.1269,37.4388
METER_006,2026-01-03,50.9372,51.1909,51.2054,53.2745,51.4955,50.4036,52.8656,52.3578,51.1874,50.9561,51.4583,51.2132,50.6796,52.0241,51.0959,50.6642,51.3211,51.6531,51.9711,51.1334,51.1,51.9019,51.683,49.9652,53.0562,53.029,52.7816,55.5828,55.6716,60.0214,64.2787,66.7564,71.5187,75.1211,79.2262,80.2295,82.3396,83.5681,85.3167,85.9148,86.1327,86.9929,87.6472,86.4221,87.4282,87.2844,87.1264,89.0054,88.2342,87.8162,87.8645,87.8997,88.4153,87.3877,90.7089,89.1735,87.232,88.7002,87.457,89.8562,87.8461,87.2363,86.428,85.9947,86.0692,85.2549,85.6195,84.1905,82.3022,80.7004,78.7358,76.0961,72.2266,67.356,63.4877,62.0527,57.7178,54.681,55.4387,52.8,51.7825,51.0999,52.1666,52.7939,50.8153,52.9206,51.2653,52.0896,51.6581,51.8861,52.2171,50.3657,51.7386,52.9071,51.828,50.3571
METER_007,2026-01-03,109.8341,107.7333,104.589,101.8118,100.962,99.0586,97.0651,98.1113,97.2387,93.7146,91.9568,94.2488,93.0104,95.3792,93.2814,92.9699,94.0513,93.9507,92.8313,94.9015,94.2394,95.4438,95.3489,94.3214,95.4675,96.6781,96.5331,98.5772,100.0085,100.8334,103.4283,103.3574,107.4625,109.3817,110.465,114.2265,118.3483,119.4725,122.6061,126.1873,128.1831,130.8067,133.2024,137.5147,139.1231,144.5285,144.7922,145.786,149.4095,151.0794,153.7801,154.0898,158.7151,158.8894,160.9963,162.1922,163.1226,166.3717,165.6566,168.7395,169.0578,170.4793,172.2684,170.9596,172.0929,176.0649,176.2447,175.9894,176.2056,179.0632,178.9683,176.1732,178.3147,176.8516,176.0356,174.5378,176.3881,173.0392,170.5709,167.0282,162.9913,158.2388,157.9203,154.4918,149.1583,147.5962,142.0801,138.8146,135.6568,131.9647,127.2176,121.4385,119.0458,116.4439,113.3754,112.4928
METER_008,2026-01-03,161.8348,161.9195,162.0115,161.3108,160.9676,159.8845,158.9597,161.3281,162.7739,162.3719,160.2861,159.0921,160.9765,160.2987,160.7666,159.9764,160.1239,164.2835,167.731,167.5237,166.6879,170.2099,175.5011,179.8021,185.1475,196.4634,208.7874,220.4113,231.1141,238.1741,248.5548,251.1528,254.4512,255.2673,257.0366,259.1144,254.7733,254.374,256.8545,256.5304,255.8669,254.692,254.1604,248.9956,245.7725,244.6374,244.2568,240.2766,243.1517,239.7695,243.8102,243.4414,251.9837,254.1937,252.1211,257.2902,256.7534,258.399,252.4593,255.8301,255.6564,254.9815,258.8002,255.805,256.2507,257.3483,257.8584,258.5506,254.6706,259.5949,257.3699,256.009,257.9084,255.5981,257.5974,257.3831,257.9062,254.4874,256.3876,257.1007,255.6649,254.138,253.9714,250.0396,249.4329,239.1304,231.6775,220.0412,207.6538,200.8385,188.6251,181.1666,175.2968,169.0422,164.1968,165.0262
METER_009,2026-01-03,48.7456,46.6175,45.5433,43.5369,42.7364,41.9934,42.2522,42.7486,40.1892,40.7481,40.7234,39.5462,40.4318,40.0486,40.2767,41.3374,42.4944,42.7771,44.3027,44.7948,48.7321,50.4772,53.1453,55.2981,60.4931,63.7214,67.4664,70.0524,72.4123,72.8961,74.8522,73.059,72.3947,70.2345,67.9487,65.6731,60.2493,55.9512,54.5452,49.8362,47.8843,45.015,42.6594,43.8307,42.1773,40.6643,40.5922,39.6956,38.5571,39.3422,39.1347,39.9571,40.5008,42.8464,41.1692,40.1344,43.4109,43.0743,43.7223,46.196,48.8652,51.5904,53.9468,56.7345,62.1159,65.0831,71.122,74.6873,81.5188,85.2915,91.4756,96.966,102.6113,106.1815,108.7628,112.927,115.9826,116.7704,117.19,117.6878,116.835,112.4943,110.8832,104.8131,100.6865,96.5681,91.0414,86.6951,80.1912,75.2947,71.1453,65.359,59.9855,57.0147,53.0832,50.9505
METER_010,2026-01-03,72.6961,72.42,74.1256,72.8209,72.7177,72.615,72.0295,73.5517,73.4802,71.808,72.9898,72.9388,73.3517,74.6376,73.3859,73.815,73.1867,74.0182,71.7324,72.4841,73.1055,74.7056,74.2768,73.0186,72.7852,74.6038,75.9674,77.9954,81.2199,84.205,91.1946,94.5314,102.1739,107.0126,111.1228,115.9485,115.5706,118.3635,120.7156,122.7706,121.2238,122.3854,123.0069,123.4625,124.2846,123.4148,125.9074,122.9899,123.8656,124.5685,123.878,124.9734,123.9434,125.8641,125.126,124.8315,124.4707,125.481,125.6689,124.7417,125.3165,124.2809,124.6626,123.6355,122.4594,122.4899,120.9017,120.0259,118.5621,114.6427,112.5869,108.2522,102.6775,97.0486,89.9614,85.1308,82.2941,78.8952,74.5095,75.6902,75.8057,74.424,74.7468,75.0019,73.9972,73.9667,73.2807,74.307,73.9641,72.106,72.8938,74.655,72.8358,72.2133,74.0354,73.1553
METER_011,2026-01-03,86.8663,83.1289,80.7763,79.9043,78.1923,78.6525,76.4693,77.3618,75.1497,73.9689,73.8469,73.0695,73.4184,72.1488,71.5519,73.5946,72.2882,72.5065,71.9061,72.3365,72.2597,73.1472,73.1305,74.6704,75.4082,74.2877,77.315,77.4991,78.378,80.3447,80.8536,81.264,82.2433,85.497,87.687,89.5289,91.3392,93.2157,96.6683,98.3633,100.0959,101.9477,104.8587,107.2795,110.4398,111.388,112.6851,115.4973,118.1523,117.4914,121.4678,120.5216,123.5028,124.0105,126.231,127.2251,127.4369,128.5947,130.5792,130.2213,132.4376,134.7435,133.731,133.9226,135.3024,138.1967,136.8433,138.6017,138.8287,138.1046,138.7807,138.7835,139.9757,138.2475,137.9064,136.9704,136.4936,134.0821,131.712,131.2335,127.4893,125.3304,121.0152,121.1857,115.5896,113.583,111.1889,108.1702,104.2143,102.4042,99.459,97.9604,93.3313,90.4318,89.3343,88.7239
METER_012,2026-01-03,125.6107,125.9979,121.4074,124.0966,123.363,126.7529,123.7724,120.8897,123.2892,125.0073,125.4353,124.2926,126.5338,125.23,124.9392,123.8067,125.9483,127.081,127.1073,125.4585,127.3999,129.8014,135.1418,137.3396,143.3912,154.0562,162.6647,169.9122,178.4606,184.989,188.0381,191.0391,196.0143,194.7716,196.9401,199.609,195.6135,198.9485,197.608,198.6174,197.695,195.9825,195.9914,192.5962,193.4902,189.424,186.9789,183.8094,185.1532,186.3567,184.6986,187.8732,189.0653,190.9254,193.6833,196.7124,196.1603,197.8968,196.783,196.6048,196.6438,198.9723,196.9576,197.9296,197.8772,197.4691,196.23,195.6774,196.7002,196.1536,197.782,197.815,199.531,202.186,197.0104,197.7285,195.0724,194.5619,200.8737,197.8832,196.852,195.2828,192.6158,191.041,189.792,186.1802,178.2322,171.3647,161.606,153.4133,143.3967,134.3485,131.1539,129.4085,128.2794,125.8479
METER_013,2026-01-03,36.9202,35.4088,34.7883,32.6744,31.9451,31.7688,30.8646,31.5356,31.2283,30.8513,28.5154,31.0579,29.8109,29.5864,29.8075,30.8335,31.1429,32.6208,33.7782,35.2799,35.6571,37.9124,40.4089,40.9111,44.3899,49.1318,50.9905,53.2559,54.5372,57.2651,55.3317,56.7896,55.9241,52.089,50.0843,49.0715,45.1485,43.2017,41.3664,38.7579,35.7374,34.4985,32.9899,32.3611,30.8447,31.432,30.1537,29.5401,30.3646,29.1133,29.6759,30.2773,29.1825,32.0779,30.111,31.4082,32.8096,32.3921,33.9099,34.9601,36.2095,39.476,40.025,43.9243,46.6739,50.0315,52.8274,57.2375,60.3742,63.8053,70.7118,72.9915,76.3211,79.76,82.6524,85.6203,87.0574,89.3513,89.392,87.7709,86.6031,86.3674,84.4534,79.4161,76.5983,74.2925,67.7059,65.201,61.3103,55.9969,54.1522,49.0283,46.1372,43.4168,42.1714,38.9707
METER_014,2026-01-03,57.1235,56.1667,54.7498,54.6497,55.6121,56.5804,55.8625,55.6366,55.6787,56.9017,55.26,55.6439,55.7204,55.2948,55.6721,56.7675,55.6797,56.3875,56.0151,55.6037,55.8903,57.0668,55.3538,56.1592,56.3339,56.9697,57.7756,60.0146,63.0131,64.7981,68.8026,73.555,78.7249,83.3758,86.5874,88.8486,90.2178,92.3577,91.8717,92.8853,94.3796,93.7578,95.5775,95.2413,96.9155,96.063,95.3563,94.7319,96.4795,96.4366,95.988,96.1333,96.9711,95.9291,98.4088,95.3251,97.3194,97.6973,96.4012,95.3324,95.8828,96.2575,96.3964,94.2468,95.1327,93.6627,94.1342,93.0944,92.0095,90.4543,86.9154,83.8149,78.383,75.3527,70.0236,65.8591,63.8348,59.9304,58.6938,58.2741,57.8052,56.863,56.6037,56.9356,57.082,56.5629,56.4113,56.9733,56.9519,55.4448,55.2386,56.0813,55.3849,56.2677,56.6012,57.664
METER_015,2026-01-03,122.5311,118.2369,117.4311,114.6131,114.8712,110.7857,109.2322,107.4338,107.0421,105.7153,105.6703,106.237,106.8777,104.9273,103.2725,104.3834,102.5096,104.8261,101.9799,104.9227,105.1976,104.8873,105.4793,104.9694,108.1183,108.4742,109.7986,110.702,111.9714,115.3683,114.6961,118.5551,121.6433,124.0307,127.0347,128.4929,128.9213,133.1815,135.6123,141.7651,146.4121,145.999,148.9244,153.2941,155.6215,161.3981,162.7217,165.2745,166.1691,170.0496,172.4531,173.5202,176.4903,178.3138,179.6367,183.8464,183.363,184.9223,187.3407,189.424,188.8777,191.4378,193.2526,194.1968,194.5533,196.0162,199.0,197.8698,197.266,202.0663,198.6108,200.2655,199.2598,198.6224,196.8531,196.4737,193.0183,191.8254,190.2057,187.3164,183.628,180.5415,175.8467,171.3827,166.1225,163.3569,156.5607,155.0313,150.9015,145.9479,143.2754,137.25,134.5161,131.0522,126.382,125.1769
METER_016,2026-01-03,177.9742,178.3731,179.4926,180.0896,179.3633,176.7826,182.5345,178.7166,183.146,180.2257,175.7649,182.2554,176.1692,176.8588,180.4601,180.0299,179.548,179.5316,181.7827,182.3098,186.1744,187.0737,192.3713,199.9091,209.416,217.3477,232.3281,248.5492,257.3141,266.2672,275.5521,278.6737,279.3425,282.4366,282.0808,282.4398,285.988,289.191,284.7846,283.2322,281.7721,282.2696,279.9986,278.111,275.8511,277.4056,263.6965,267.3128,264.0889,273.1463,269.8765,272.9718,275.2785,283.555,280.766,283.6553,283.2729,286.7088,280.8703,286.0929,287.1451,286.6122,283.6458,286.9123,287.1513,283.8248,284.5852,288.3717,283.9089,286.4625,283.7632,283.6233,288.8743,288.8912,287.21,291.6708,285.2667,286.2888,286.0333,284.7736,287.1606,284.5519,283.4587,273.8743,275.6531,265.9242,255.9614,243.318,230.4567,219.5209,205.8847,198.5424,194.123,183.1517,183.7124,180.1831
METER_001,2026-01-04,43.871,42.4591,42.1456,40.2437,39.0331,38.0273,37.4183,36.5528,38.1251,36.8906,36.0064,36.2803,35.381,34.6818,36.409,39.0658,37.6809,39.6468,40.0218,41.1607,43.9615,46.8238,48.3689,52.7628,54.7538,58.4995,61.3245,64.5353,66.3624,66.1165,67.621,68.1958,66.1258,63.8444,61.9767,59.1141,55.0834,52.532,48.6592,45.1662,44.4995,42.1979,40.5747,39.3365,37.5268,35.8718,36.0832,35.6774,37.1411,35.4209,37.4421,36.4351,36.7252,36.5291,37.2487,37.9333,37.2259,39.0605,41.8126,42.478,44.6432,45.8883,49.2029,51.9759,56.6169,60.2155,64.0474,69.0236,73.651,76.7807,82.8293,87.9868,90.2054,98.0667,100.268,103.1845,104.9151,105.74,106.7802,105.6268,107.2044,102.5561,100.8446,97.0233,93.5225,88.9415,81.8969,77.6087,72.0177,67.0239,62.3787,60.3315,54.648,53.1036,48.3954,46.1537
METER_002,2026-01-04,66.9393,68.2602,67.3747,68.9559,68.3097,67.6474,67.923,67.5114,66.7027,68.106,68.445,68.5774,68.3018,67.5293,68.7483,66.4862,67.7303,67.4653,67.6692,68.3672,67.6138,68.4648,68.4042,69.5511,68.3857,69.3198,71.0319,75.1117,74.0172,79.7007,83.8957,88.3754,96.3206,99.1736,103.4129,105.8176,109.2224,112.194,109.2252,112.6979,113.8008,113.2858,113.7339,114.5059,114.4191,114.9315,115.2405,115.073,116.3319,117.0603,115.2368,116.4173,115.392,116.1277,117.0391,115.1395,116.8859,118.1346,116.3317,116.9391,117.1208,114.5362,115.136,116.2124,115.0108,112.6276,113.3066,111.8698,111.2751,106.8043,105.228,100.1261,94.9192,89.0417,84.8228,80.3918,75.8197,72.9516,70.9885,70.7822,67.8587,68.8508,68.3577,68.6919,67.2739,68.058,68.0317,68.2622,69.8152,68.3225,67.9755,68.0116,66.9543,67.0306,68.0059,66.5345
METER_003,2026-01-04,142.1519,141.8775,136.4383,134.213,130.337,132.3331,130.5314,128.5674,124.6806,127.3693,123.3347,122.9768,123.1951,121.6183,122.1073,122.595,121.9499,121.659,123.3522,123.2748,122.6403,123.2946,124.0208,122.0273,125.897,126.4759,128.4565,130.514,134.3753,133.1552,135.4313,137.2575,141.3755,144.1447,145.6741,151.2663,153.3259,153.3518,160.1289,163.6471,168.2027,171.1472,175.0417,177.6595,184.3954,185.2742,188.3836,193.9262,195.63,198.32,200.433,206.8722,205.4622,209.9467,210.1801,212.6799,215.2948,217.2749,217.3877,220.4795,221.7604,224.2243,225.5199,226.5608,226.5135,228.2542,229.4289,232.8646,232.758,233.2086,233.2885,233.8824,232.9662,232.9663,231.2326,229.7129,227.3704,222.1607,222.9128,218.6348,214.8136,210.9727,205.5269,202.3258,194.7969,192.5646,187.5247,181.3426,177.6554,169.3201,166.7573,160.9151,158.4854,153.859,149.8879,145.3509
METER_004,2026-01-04,112.2159,111.799,113.6078,115.8582,115.4222,115.5705,117.5015,115.211,114.4141,114.3385,111.6804,112.386,115.1573,112.7872,115.7582,112.6631,115.7709,114.7779,115.1375,114.8314,116.912,118.0262,119.6733,127.8682,131.2224,138.1158,146.5127,156.264,165.2142,170.8409,171.2008,175.3746,182.1555,178.7716,179.4347,180.9014,181.456,180.6814,180.5108,182.7713,181.0308,179.6865,177.2123,176.3587,175.7868,172.7514,171.9877,170.6936,171.8754,170.1082,172.4883,174.9293,174.8483,175.8219,179.2368,182.1174,180.2898,181.0863,179.8394,180.7575,179.745,181.1368,182.7804,179.6578,181.5527,183.2516,182.4419,182.6963,180.4962,182.4821,180.9725,182.4888,179.5386,178.9995,182.4984,182.3097,179.1844,179.1238,179.4443,180.3941,182.1685,180.2562,179.5938,174.3949,172.5776,170.3898,162.8543,155.9661,148.6613,139.4644,130.8434,128.4685,123.5554,117.3867,118.2629,115.6797
METER_005,2026-01-04,33.6321,31.5112,31.7152,30.6673,29.4538,28.6569,28.2458,29.5962,28.1005,28.3336,28.1269,27.2182,26.146,27.9665,27.9751,27.4005,30.6018,29.5577,30.1093,32.6481,34.4939,36.5612,37.9512,39.2544,40.6703,44.3321,46.0381,48.1101,48.7182,51.6868,53.7578,50.6667,50.3074,47.7194,45.851,43.6749,42.3843,40.9164,37.3445,35.8283,33.32,30.8471,30.828,29.4879,27.0721,28.2302,27.7779,29.0929,26.8217,28.4268,28.0116,27.8937,27.2366,27.9035,28.7261,29.4123,31.461,29.3584,31.3466,32.6612,33.8032,35.9463,36.1751,41.1567,42.5128,45.5428,48.8293,52.4461,55.5864,59.618,63.2405,68.0224,70.5858,73.3286,75.5134,77.3755,80.3299,80.938,81.6071,82.9091,80.8615,78.2859,76.3733,74.0027,70.5236,66.4884,62.8562,60.4774,56.1616,53.2772,47.2672,45.9796,42.1757,40.4279,37.2543,35.5963
METER_006,2026-01-04,50.7153,51.5525,51.6923,50.6178,51.6025,52.3517,52.0792,51.6734,51.8102,51.2691,50.4266,50.282,50.4911,48.6268,50.0319,51.6724,51.3078,51.7499,51.5266,51.9076,50.9296,49.7289,51.2216,52.4747,50.354,52.5525,53.1445,55.2898,57.9429,58.9172,62.9123,68.0197,72.4816,75.6998,76.788,80.7128,82.2758,81.7298,83.8837,82.9757,85.4951,86.0553,86.0552,84.5732,86.8286,86.793,87.8362,85.625,87.644,87.8416,87.1369,88.05,88.8509,88.3476,88.0018,87.8968,89.121,87.9568,87.2586,87.4113,87.1072,85.7063,87.8601,86.6637,85.4505,84.7874,85.4809,83.8456,82.874,80.6221,79.505,76.2015,72.2491,67.3637,65.5369,60.228,56.8959,54.7961,53.5251,52.8301,52.1261,52.8529,52.0232,51.0835,51.6638,52.3878,50.5845,51.006,51.3398,51.3332,51.0924,50.9385,52.1505,50.6708,50.4297,50.2986
METER_007,2026-01-04,108.3852,109.3728,105.0059,104.1241,103.0105,102.5962,98.979,98.5348,96.297,97.2753,96.0033,95.0689,95.4953,94.7708,95.2755,94.2027,94.1873,94.1631,95.0829,94.9048,96.0569,94.2096,96.7312,96.8316,97.6793,99.64,100.1878,100.7735,101.9652,102.7818,104.876,105.3955,110.731,111.6906,113.0151,114.8196,118.7179,120.7597,124.7015,127.8829,129.69,133.8899,134.4513,137.6532,139.7829,145.0617,145.7773,150.8741,151.2256,153.5698,154.9443,157.1369,160.2964,161.1154,162.5442,165.1064,166.8013,168.1201,170.0571,169.5102,173.1774,172.606,174.5477,175.342,177.1247,178.4282,177.945,177.4794,181.4018,180.2703,179.6593,182.5007,179.7654,181.0306,179.0387,178.0775,175.3757,175.2106,170.0449,167.8046,164.3276,160.6693,159.9194,154.1598,154.6247,146.4646,144.0711,139.8025,135.4465,133.6838,126.3389,126.92,123.7145,120.4563,114.8881,113.0131
METER_008,2026-01-04,166.9592,167.2943,164.0358,170.3161,165.117,166.8959,165.562,162.0036,165.5116,165.6641,164.858,162.9753,166.6985,166.0766,164.517,166.3641,168.6594,167.6102,167.4278,171.0722,168.8626,171.7748,175.0958,182.2539,193.0274,200.707,214.1291,226.5974,239.925,244.3378,251.59,256.162,257.3852,258.1078,260.5529,261.0899,260.9145,260.1831,262.5812,263.1566,261.9034,262.1842,260.2211,257.0247,254.0941,249.7943,251.6655,244.6081,245.613,247.5209,249.6122,251.1883,253.2566,259.9349,257.2396,258.0555,261.0299,259.4485,261.6201,261.7774,264.1202,263.3239,264.1393,261.6091,263.8147,262.7112,262.5693,262.4791,262.5022,265.6567,265.445,258.6659,264.144,265.8101,263.1353,263.4674,264.1426,262.7858,264.9124,264.2314,263.1919,263.9823,258.6191,251.3166,247.1637,244.7852,239.8707,223.9642,213.4973,203.6613,190.3283,185.4582,178.7594,174.0013,170.1585,168.7386
METER_009,2026-01-04,48.7135,47.1441,44.0208,44.3959,42.6171,42.2465,42.3505,40.2539,40.8796,41.2066,39.2326,41.4901,40.8255,41.7252,41.0174,40.8186,42.2221,43.9711,44.4315,46.4286,49.4991,52.0014,53.734,57.5952,60.7482,63.5536,68.4172,70.7637,74.1964,74.9831,75.7805,72.522,72.0481,70.6249,68.1406,64.8856,60.6393,59.0722,54.275,51.4392,48.8935,46.3874,43.9284,43.0349,42.182,42.5259,40.3697,40.2985,39.7392,39.6975,40.0511,39.8407,42.1561,41.1903,41.7553,42.5215,42.425,44.8726,45.4284,45.9243,50.1354,50.8496,55.2155,58.4923,61.799,65.2205,72.7004,75.9685,79.9752,86.6489,91.9207,98.6796,101.5483,107.6922,112.5762,113.6771,118.3949,119.4857,119.1384,118.4856,116.4274,113.0812,111.0291,105.5449,101.9988,97.2431,92.3177,84.5991,81.1635,74.6781,70.212,66.178,61.2271,58.4169,55.5016,50.1347
METER_010,2026-01-04,70.8606,72.6436,71.1813,72.8637,71.1903,71.4436,71.021,71.7486,72.1539,71.4064,72.9281,72.7445,73.545,73.5274,72.371,73.3537,71.661,72.8216,73.1648,70.0176,72.1423,71.8038,72.2604,72.5608,74.6396,74.8285,75.1417,78.0806,80.9769,85.2961,89.1205,93.356,99.7908,105.1332,109.4825,112.4762,115.713,116.5431,117.6174,120.5938,120.0857,122.1419,120.8203,120.765,121.2453,122.3337,122.6866,122.8723,123.4351,123.586,123.392,123.6497,122.2109,122.4591,123.5305,124.2722,123.2388,124.489,124.3443,123.0912,121.9535,122.6391,122.4616,122.0941,120.9038,120.2275,118.4881,117.1053,116.3867,114.842,111.1465,104.6334,101.5588,94.7449,89.6214,83.616,81.3021,77.7171,76.2439,74.7876,74.3733,72.2429,73.2056,71.3419,72.7776,71.7926,72.4254,72.0414,73.0584,72.2203,71.77,71.6804,71.3508,71.4067,71.7358,71.4239
METER_011,2026-01-04,82.3582,81.8248,78.6457,78.7155,76.9908,76.3902,74.9756,72.3709,73.3069,72.2857,71.7963,72.1177,72.3834,72.643,70.7258,71.9355,71.1815,70.5929,70.6357,73.0807,69.9973,71.7798,73.3727,72.7948,74.5499,73.7097,73.714,76.3162,76.8907,77.9555,79.0026,81.2783,83.991,83.4925,85.4185,87.6628,88.5427,91.2319,94.052,95.7567,98.2195,99.1618,102.5878,103.8353,107.8092,108.8207,110.0787,112.2587,114.4428,115.6018,116.4116,119.8775,120.9975,123.589,122.6743,123.1445,126.0018,126.1343,126.1275,128.633,130.1478,130.9768,130.2244,132.8587,133.2158,134.6754,133.3724,133.8691,135.6094,134.9568,135.0728,136.8065,137.0576,134.9919,134.7338,132.1853,132.7492,132.2111,130.3308,128.6143,124.9825,123.836,120.0223,117.8716,114.1366,110.9815,106.987,106.6511,102.8654,99.0182,97.964,95.2994,92.846,89.7522,86.6653,83.9185
METER_012,2026-01-04,122.2854,123.3449,121.3462,122.3975,123.9139,122.9147,123.701,122.7444,125.2299,122.4498,122.26,119.428,122.2308,123.2894,125.1579,121.159,123.0684,126.849,123.3464,126.7131,128.2824,128.7799,129.5574,138.6624,143.1434,148.3973,160.3821,166.5998,175.8053,181.6562,189.5004,191.4537,194.4591,192.759,193.8892,192.6489,194.4972,196.2378,195.1026,196.2937,194.4721,192.5258,190.8764,190.2441,188.5685,184.1721,187.3386,182.237,182.9258,182.8954,183.6952,185.9988,189.251,189.9568,192.2507,193.453,195.9675,195.6798,195.1096,195.0912,196.6543,194.2331,195.5777,196.8014,192.4379,199.5025,196.0911,194.4018,198.1529,195.1844,194.4511,196.3892,196.1483,194.0176,194.9934,194.0673,197.4352,195.5421,195.7088,194.6995,192.4073,194.0754,190.5618,191.3781,184.6371,182.8467,178.1034,167.6524,161.2829,153.3289,142.8636,136.743,132.0975,128.3296,123.0589,126.7501
METER_013,2026-01-04,38.1144,36.1057,34.4042,34.0051,33.317,33.1703,31.2789,30.0846,31.3226,31.9978,31.1055,30.6097,30.1854,30.4751,30.7382,31.6318,33.2217,32.4309,33.9525,35.4846,35.8839,38.4304,40.4893,42.5671,46.121,49.1749,50.1347,53.5311,56.1246,57.7058,56.0836,56.4718,57.0879,53.1807,51.603,49.6398,46.4671,44.1782,40.5287,37.2241,37.182,34.687,34.4677,31.0947,31.5039,31.325,30.2817,30.1408,29.2253,30.772,30.5145,30.8782,31.5596,31.4991,30.7145,32.9295,32.7709,33.2603,35.2687,37.2577,37.2482,39.3258,41.8181,44.001,45.6502,49.1499,53.3336,58.5025,62.1261,65.4243,69.5492,74.0135,77.4938,81.2891,84.4111,86.2172,88.1231,88.6174,89.7861,89.9085,89.0079,86.7115,83.8707,80.7108,76.7679,74.4139,68.7046,64.826,60.4308,56.2245,51.213,49.8602,45.2436,43.4594,42.2372,40.0838
METER_014,2026-01-04,57.0017,56.6185,58.2109,58.2106,57.7784,57.1025,57.167,57.0748,56.9781,58.9818,57.0517,55.7941,57.8085,56.494,59.2759,55.0114,58.5319,57.9339,57.9371,58.4259,57.5717,57.9903,58.8034,58.092,58.2655,58.474,60.7995,61.4354,63.7203,66.6443,71.131,75.1122,80.4512,83.6939,87.1764,91.0729,94.1514,92.0421,95.5261,95.2106,95.4447,97.1431,98.8397,97.0492,95.7716,97.8322,98.4996,97.27,98.2834,97.0125,98.5656,100.5548,98.3365,99.4861,98.9141,98.4511,98.6578,98.778,100.0661,99.562,96.4318,99.6365,97.0018,96.4442,98.4541,96.3122,94.7004,95.3345,92.5168,90.6309,88.2871,84.7812,82.3408,76.3412,71.5352,67.6333,65.5027,62.3352,60.8457,60.5996,59.2237,57.6997,58.5409,56.86,57.4423,58.0851,57.1772,57.147,58.7039,57.5902,57.0758,56.3854,58.4915,57.1389,58.2277,56.8409
METER_015,2026-01-04,122.408,121.9279,118.9077,115.8247,114.0689,112.0253,113.2128,113.1838,108.7527,107.8397,105.7138,106.1333,108.2598,106.2134,105.3415,103.3307,106.1192,105.3393,107.3463,105.8658,107.9335,106.5121,110.1414,108.7411,107.6756,109.606,111.7706,114.1849,115.9706,116.3242,117.4659,119.0898,121.9387,122.2241,126.6887,129.8365,133.6963,135.9448,139.0486,141.8515,147.2481,147.4248,151.7192,156.8884,158.7038,160.8477,163.6508,168.2999,171.4261,173.5233,173.9708,179.4716,179.3187,178.3909,182.8991,185.6735,183.255,186.6137,189.6479,190.8703,192.567,191.4257,195.9416,195.839,196.8062,198.8315,199.9345,201.5772,204.182,202.3739,203.8333,201.1866,204.1826,201.795,196.4816,200.1594,198.3978,193.9452,193.579,188.8152,187.715,182.0952,180.4767,175.4109,169.7465,166.5808,162.1286,156.2798,153.8197,148.1646,144.5834,140.0905,138.8263,132.5756,130.7896,126.5344
METER_016,2026-01-04,178.2702,178.7473,180.4953,179.7036,177.6386,179.107,176.8132,178.6533,178.1321,179.952,178.4691,175.2771,178.2918,180.7153,175.2314,178.8294,177.2695,179.0841,181.934,184.5239,185.6303,184.2794,192.2871,203.0025,206.9769,217.3961,231.4798,246.9268,256.8125,267.2036,269.8727,273.0978,279.0437,280.556,278.5108,285.1358,287.465,285.7526,280.3408,283.4928,286.4565,280.8885,276.4062,276.9944,279.9692,271.0602,266.802,269.2903,258.8866,270.0429,273.7045,271.6409,272.6285,277.0179,285.1176,283.9359,281.4044,279.2157,285.0924,286.1474,284.2323,283.5344,280.6716,287.6083,283.1718,285.3587,285.8742,283.9681,281.1422,286.7069,283.128,286.6133,282.2479,283.7949,288.3591,284.1419,283.7377,283.3707,285.3558,283.7085,285.6334,276.3917,282.5071,272.7479,275.3183,265.5389,255.9477,243.6564,232.5772,220.2056,207.1501,195.2436,190.848,190.0419,184.5368,182.5535
METER_001,2026-01-05,45.3328,42.371,39.6415,39.0689,38.2184,38.8419,37.7072,38.0194,37.0901,37.9274,36.5797,36.8158,37.1373,36.5408,37.553,39.1287,39.2564,38.7515,40.8563,41.0237,43.6332,46.8532,50.4521,52.4323,54.9396,57.8984,60.542,62.7053,63.4593,65.6636,64.8324,64.6668,65.705,62.3604,60.0035,56.6124,55.0166,51.5299,48.644,45.788,44.1759,43.6175,41.1079,37.9437,38.0041,38.2353,36.6383,36.7609,37.4279,36.9462,36.8513,36.7546,38.3077,37.503,37.837,38.4666,37.9425,40.0709,41.3563,43.9648,45.0874,45.3292,48.8247,52.9853,54.0242,59.0461,61.3285,66.6465,71.5565,75.4317,79.8841,84.1682,88.7773,92.3347,96.9488,99.6637,100.9861,101.6047,102.7508,101.5135,101.0051,99.7747,95.9652,92.8111,90.0641,83.1059,80.0355,77.0494,70.8295,67.7666,62.4037,59.0,55.4747,52.2449,49.9326,47.2589
METER_002,2026-01-05,66.8499,68.7341,68.0953,67.8563,67.5199,67.8731,69.2221,67.5582,67.303,67.4106,68.6458,68.5831,68.3968,67.1697,67.3397,68.8959,68.2335,68.8597,69.0366,69.323,68.3818,69.7457,68.9922,71.3027,72.0235,73.3081,77.4649,81.3216,88.3376,96.6746,109.353,123.4388,141.0884,152.7538,163.7522,171.0433,177.6536,180.673,183.924,185.6172,188.6297,189.8655,190.1187,191.3724,191.1602,192.0462,193.8035,195.2632,195.1266,196.5517,197.2344,197.0457,198.3249,198.1754,196.8849,197.0295,198.0466,195.5842,196.4194,195.1269,195.6511,192.8516,193.023,193.3049,190.4078,187.7154,185.7272,183.9823,182.7138,174.0676,163.8112,154.4519,140.8319,126.9538,112.8025,98.6941,89.4988,81.8859,77.9984,75.019,72.7727,70.6248,69.1825,69.5479,69.2137,68.3662,68.5943,66.968,68.6386,69.0326,67.7503,67.8332,69.3044,68.6898,68.7537,67.8807
METER_003,2026-01-05,141.3671,138.589,134.3942,133.9214,128.1257,128.2473,126.9168,125.9986,123.3159,122.3541,121.9306,120.7652,121.6242,118.6701,121.7898,119.1772,120.2671,118.8015,120.6487,119.4245,119.5055,120.9444,119.7512,121.589,124.3174,125.7467,127.0335,127.1888,126.9289,128.9474,129.3528,133.0697,134.284,140.5068,144.0889,145.8768,148.0732,151.4051,155.6523,158.1155,162.3226,164.736,169.235,172.8598,173.7544,178.3559,182.2228,185.0465,191.557,187.9138,190.5109,195.8463,198.2195,202.1991,200.7094,205.3082,204.6981,205.1124,207.4608,209.9678,209.6554,211.696,215.0349,216.5716,218.1854,217.0382,218.3529,220.253,219.6622,220.413,222.1279,221.4063,222.9136,221.7097,220.9016,216.4613,214.7382,214.7405,212.1806,206.2877,202.1151,200.8558,196.3297,192.9713,188.5606,183.138,179.7196,171.5507,171.6435,166.1765,163.3744,157.9602,150.9146,149.6471,145.419,143.196
METER_004,2026-01-05,110.049,112.0188,112.9092,111.1398,110.3621,110.0929,111.5506,112.2747,112.4294,109.023,112.0742,114.4949,111.7615,111.7665,110.8016,112.578,112.0615,113.3109,114.5,113.7209,115.7252,116.429,123.3919,128.2942,134.0729,143.617,153.4119,163.2336,170.2304,175.208,181.948,187.7828,190.4701,189.359,192.4682,191.7072,192.3095,192.752,190.7435,191.2379,192.9834,191.178,187.0995,188.0295,184.4165,180.0726,181.381,180.8549,179.2296,177.8116,182.5009,183.5621,185.2865,187.5378,189.8288,188.8946,189.0969,193.2018,189.4762,194.3218,193.0443,192.4799,193.3694,192.2121,191.6554,191.9729,194.2587,192.713,193.4162,191.5939,190.938,191.7268,193.2743,192.1201,193.0797,189.7921,192.9285,194.6053,191.8956,191.2323,192.8484,190.3948,186.3139,190.3037,185.7788,176.6247,171.7598,162.8416,152.309,141.77,133.575,124.9968,119.3576,117.7705,114.5967,116.3541
METER_005,2026-01-05,32.9416,30.9043,30.0781,28.4809,29.3252,27.9186,28.8846,28.3717,26.4814,27.2637,27.073,28.0284,28.1832,27.2852,27.908,28.6601,29.3878,29.665,30.895,32.6809,32.493,34.4921,36.4142,38.1557,41.4746,43.6232,44.5586,45.9537,48.4971,48.6712,48.4256,48.9546,48.6743,45.9858,43.8055,42.9708,40.904,38.1026,36.0054,35.0445,32.1348,30.5374,30.2,28.793,27.0865,27.4156,26.9194,26.4894,27.7017,26.3885,26.0049,27.6065,29.2488,27.4151,28.6902,28.6752,28.8073,30.3177,31.4192,31.8048,32.3031,34.7603,36.0263,38.0067,41.2063,42.2781,45.8614,49.4681,52.5447,56.189,58.5714,63.8989,66.4817,69.3583,70.4898,73.3459,75.1099,75.3944,76.4887,76.0413,75.6211,72.8548,71.6402,68.4963,65.0385,63.7362,59.0811,56.876,52.6519,50.8284,47.5896,43.3201,39.9066,39.5355,35.4426,34.6466
METER_006,2026-01-05,51.9874,51.2144,51.3858,52.0575,49.8502,51.6202,52.3777,51.2191,51.5693,51.0081,50.6249,52.8273,50.7696,51.1612,50.9067,52.1807,51.7264,51.1406,51.3251,52.3691,52.3107,51.9346,52.5201,52.8774,54.2014,55.2732,58.0941,61.8759,67.7422,73.8348,83.6963,94.888,106.8733,116.4306,124.0067,130.8351,134.3164,137.5948,140.6948,142.4408,143.7636,144.7055,146.5631,146.8311,148.025,146.6703,146.1714,149.004,148.2736,147.2172,150.4753,149.0277,149.6288,148.8461,149.7621,147.9863,150.8727,149.2709,151.3585,149.5815,148.275,147.4856,147.9175,146.4744,146.0271,145.0309,142.8053,140.7504,135.3555,132.4465,125.9593,117.2212,108.249,94.7688,85.0812,77.053,68.0403,63.2035,58.8278,55.7805,54.2139,55.2684,53.3014,51.2444,52.6971,53.0369,51.9508,51.223,51.3172,52.2323,50.8654,52.5095,53.1835,52.7521,51.6058,52.7122
METER_007,2026-01-05,110.7521,110.2976,106.715,104.9264,104.2973,102.4344,101.3655,100.5726,99.708,95.4935,99.3835,96.4462,98.2041,98.6595,96.9067,95.9303,96.9882,92.6729,96.7997,96.2663,96.393,97.4165,96.1353,98.8881,99.6491,96.4562,99.5144,102.2708,104.6178,106.0461,104.6383,109.3621,110.655,113.1736,113.9945,114.6093,117.3659,123.3807,125.2418,127.8971,130.4929,132.3615,136.2195,136.815,138.8655,143.8973,145.9428,146.7547,150.3441,153.4043,153.7036,157.5542,156.5731,161.1477,161.1413,162.6,166.1485,165.2862,167.9549,168.733,169.6658,171.0242,170.5699,172.1611,173.4913,175.7463,175.3411,178.4332,178.3243,177.9075,179.7171,179.443,177.03,177.5394,176.0978,174.5672,172.9685,170.3071,170.3484,165.9111,164.2508,161.3529,158.0533,155.9466,150.4683,148.178,145.8122,137.4771,135.8011,133.5488,127.7107,128.4559,123.7573,120.4871,117.9383,115.0542
METER_008,2026-01-05,166.5632,164.7546,168.4962,167.7744,165.824,163.6001,168.5069,167.8714,164.9054,167.1448,167.5582,164.9944,166.7749,167.0843,167.8779,169.7699,167.9923,166.7818,167.0078,171.0613,174.5008,176.2299,182.4703,192.3131,199.777,214.4507,224.5188,240.074,257.6797,267.1526,277.2376,280.217,283.6911,285.7542,285.0968,289.8863,287.069,286.404,287.185,285.6195,285.9385,286.7632,282.7805,284.2315,280.7982,274.5531,270.3722,268.3666,263.0883,270.1901,271.3319,276.4002,278.7227,278.3422,282.9486,280.2371,285.5646,286.4959,285.3353,291.341,287.5091,288.5652,288.2645,286.2194,288.4738,284.3489,288.0096,287.081,288.7642,286.3815,286.8233,288.096,288.363,287.8479,287.5,286.184,288.8122,284.7274,283.7465,289.0254,286.8527,283.3615,282.9791,278.7319,273.4616,266.3649,255.2088,247.0425,229.2046,209.861,199.4692,190.9016,179.9881,174.8225,169.9228,167.491
METER_009,2026-01-05,48.0921,47.9605,44.7807,42.9035,44.2166,41.8684,40.4746,40.423,40.7425,39.8037,41.0615,42.02,39.9284,39.3483,39.6313,41.9174,41.1512,41.4838,41.7986,44.7405,47.7558,49.8609,52.705,54.7388,58.7855,60.6411,64.629,66.1887,69.3,71.8554,70.3545,70.9397,70.4102,66.7096,64.9428,60.8554,57.6125,54.8274,51.353,49.9971,47.8256,47.2523,43.1213,41.4848,40.6546,41.3209,40.7325,39.4062,39.8584,40.1652,39.3282,40.0029,41.0128,39.6069,41.4416,41.9375,42.7086,42.4957,45.5661,46.5218,48.5337,49.7992,52.8736,56.6548,58.862,62.8917,67.6822,71.8703,77.1923,82.0713,85.5238,92.1933,95.2825,100.6726,103.5216,107.8792,109.3553,108.2946,110.1145,110.2741,108.1169,106.8999,103.5912,101.365,95.1378,90.8754,88.105,81.315,76.8014,71.1072,67.9017,63.181,59.5547,56.2891,53.9011,49.7358
METER_010,2026-01-05,70.1703,70.4605,69.9736,70.0583,70.4166,71.7958,69.3785,70.5651,70.0282,69.2493,70.9684,70.9985,68.6157,69.7864,70.9131,71.1215,70.8937,71.3788,71.2816,70.9856,71.2809,71.9085,72.8528,73.6385,75.2748,77.1668,79.7598,85.3537,91.9842,102.7192,114.3073,129.3022,145.5802,156.7237,168.6592,177.1334,182.9545,188.9579,189.2243,194.434,195.4563,195.6693,196.3145,199.8017,198.5666,200.2984,201.4363,202.6443,202.017,200.9706,203.4678,203.1292,203.9227,204.0256,202.4307,203.4994,204.5363,203.487,203.7911,200.4581,199.9813,202.0642,199.9826,199.5589,197.4411,196.7728,194.6605,191.1869,185.4552,180.8471,170.4952,160.4497,147.642,130.5086,118.0987,103.9237,94.0573,85.3385,79.9549,77.8825,73.9386,73.0961,73.848,72.6543,72.051,72.406,69.8832,70.7895,68.6871,71.215,70.334,70.0497,72.0193,71.3751,71.4139,70.9831
METER_011,2026-01-05,81.7104,79.2561,77.3066,77.0643,75.7834,75.3462,74.2938,74.5094,72.2814,72.7549,71.3552,69.9452,71.0921,70.2553,70.6882,70.2081,71.5664,69.062,69.6855,70.3974,72.4666,71.5225,71.6076,71.5361,73.6452,72.4064,73.313,74.9337,74.377,77.3301,76.4958,78.6154,81.5675,82.1944,82.5808,84.5424,88.3323,86.9553,91.0231,93.0773,95.005,97.3922,97.7589,100.6263,102.386,105.3847,107.2523,109.0105,108.264,110.1804,112.3098,112.769,114.4793,116.6849,117.5506,118.5004,118.5878,119.7466,121.1802,122.3183,122.66,125.0956,126.5127,125.3477,125.3435,127.9686,128.5498,128.3045,128.8978,131.302,129.7742,129.9111,129.2473,128.0136,129.2135,127.6247,125.861,126.8232,123.1622,122.1588,120.0789,117.5705,114.7121,112.0393,110.5823,106.6274,104.8902,102.3821,99.3613,96.6085,94.221,91.1561,88.2567,87.4342,86.5,83.9848
METER_012,2026-01-05,123.2981,123.4494,124.4416,122.6864,123.4624,122.7972,124.7469,124.5245,124.6411,124.0639,125.993,122.175,123.4769,124.0584,121.6876,125.1611,123.0341,125.2142,124.6383,126.76,128.8748,131.1652,136.3939,138.4296,147.9956,155.5941,168.9752,179.3029,187.5311,199.122,203.7633,203.397,210.0254,211.8769,209.3001,211.5163,214.126,213.8637,210.7935,214.3405,210.2619,207.9112,207.4143,208.3933,204.3207,203.142,200.5656,197.2124,200.3316,199.1352,198.5332,198.9546,201.4736,207.3552,205.5501,209.345,210.3153,215.1518,213.9811,213.8734,214.0611,213.1373,213.5296,213.4957,212.8715,213.6216,212.9471,214.5789,211.6889,210.8256,214.4314,211.6148,213.8257,212.7992,213.7445,215.834,211.6658,211.5557,212.0725,212.9749,212.0994,211.7421,209.2773,207.8611,203.1001,197.6949,189.5698,178.6046,170.0264,159.0627,150.416,139.2175,132.5367,125.9599,127.1188,126.6848
METER_013,2026-01-05,38.1521,36.6658,34.5232,34.839,33.7687,31.501,30.8342,30.0137,30.9626,31.7643,30.9481,32.3731,31.3808,29.2908,32.5023,31.7235,31.7696,33.4904,33.1366,35.8664,35.7271,38.0941,40.9846,42.8301,44.8034,48.5221,51.2335,51.6774,54.1003,55.0534,55.4362,54.6815,54.5389,52.1467,49.9911,48.3193,46.0952,43.3382,40.9777,38.7488,38.0368,35.3679,33.3268,33.5939,32.7078,31.7092,30.7525,30.4366,31.1653,29.9635,30.4437,30.7938,30.8348,33.0391,31.9239,31.34,33.0978,34.4648,34.9513,35.7725,37.0292,38.4814,42.5801,43.3649,46.1846,49.4267,52.6637,54.6414,59.1019,64.255,67.2345,71.0948,75.2091,77.1268,81.1908,83.1988,85.6041,84.826,87.1229,86.496,84.4661,81.8826,80.8069,79.1949,74.7281,71.5691,68.028,63.167,59.8451,55.1593,52.9209,47.7414,46.5099,44.575,42.4659,38.254
METER_014,2026-01-05,59.5218,58.6287,58.1269,59.3664,58.8867,59.4422,59.1605,60.0735,57.7264,58.9936,57.8065,58.3792,57.9638,58.5765,59.1794,59.4302,59.3768,58.4696,57.9077,58.9538,58.2906,59.6501,59.7904,60.2414,62.5764,63.3065,66.1079,70.2862,75.0154,82.7851,94.4185,106.1989,119.0635,131.6695,139.4484,147.8865,153.0769,155.9629,158.2863,158.2393,161.9739,162.4709,164.4117,164.5556,163.7288,165.1341,166.2514,165.8818,165.9947,167.646,167.4452,169.9363,167.343,169.2828,168.7836,168.3384,168.9894,168.2324,169.1034,166.4746,168.101,166.7021,167.3618,164.0285,163.9829,163.1476,161.0338,159.022,153.4543,149.3479,141.2033,132.9356,122.3706,109.1136,97.2166,84.1656,77.7145,71.3701,67.7544,63.7117,61.6759,59.9767,61.6774,58.888,59.1703,59.7374,58.727,58.4356,58.5725,58.8425,58.9494,58.5806,59.5967,58.0788,57.7532,58.9776
METER_015,2026-01-05,120.0325,120.6302,117.2063,113.9369,115.0498,111.7,111.615,109.4765,107.1879,107.0596,105.5661,106.6096,106.3702,105.9082,105.829,104.0395,106.5597,103.6836,104.9467,106.8539,106.1347,104.9001,105.3596,107.7892,108.415,109.3208,108.1954,112.0614,112.2294,114.7222,114.3889,119.1949,119.7879,122.4029,124.0946,125.0226,128.7349,131.8321,135.8831,139.7811,142.4436,146.7925,148.5746,153.1349,155.1265,156.1415,157.4598,159.1225,162.7134,166.9393,169.458,171.4111,174.585,176.4949,175.2266,178.0948,180.1428,181.1917,180.8772,182.5874,184.2192,185.0909,186.7004,187.7328,189.4521,191.5734,194.1027,191.5263,194.9388,195.9621,194.6274,192.4717,196.4377,193.9904,192.152,190.9871,189.2384,185.947,185.6777,183.5323,181.0313,174.5876,172.9027,170.4339,163.6969,161.8286,159.2664,151.4572,148.3116,142.4529,141.7031,140.198,132.752,132.5996,127.3197,125.5465
METER_016,2026-01-05,176.8529,179.0753,174.4672,179.9818,173.4038,173.369,179.2015,175.7429,176.5972,174.0804,174.5176,177.0776,176.8954,176.656,173.0457,178.8357,176.3549,175.7918,175.132,179.5794,180.4494,183.9175,188.9553,201.47,209.9075,223.3831,236.1021,253.397,266.9127,281.3706,287.8725,290.9782,293.6423,296.5991,298.6636,302.859,301.52,299.9783,305.1888,299.8941,299.7937,299.1119,296.517,295.0237,286.9292,284.4676,282.1824,281.8432,282.7254,280.0725,283.1575,289.7744,288.483,296.5722,295.3165,298.4352,298.1016,299.3191,299.8036,303.0594,299.5559,301.4486,302.2264,300.8471,301.7321,304.7425,299.8797,302.8851,299.8933,300.4558,304.4091,297.8334,299.198,301.9744,301.2485,295.3527,303.9315,298.8984,303.5672,297.8138,299.8349,298.0635,293.9769,291.8904,289.2004,275.6486,269.9718,252.5169,238.8309,223.8915,208.3479,197.7925,193.0614,186.5312,183.3327,178.9888
METER_001,2026-01-06,44.5232,40.3114,41.7569,41.8444,40.4107,39.012,37.9289,36.7802,38.6427,36.9041,37.4312,38.364,37.9147,36.9913,38.8421,36.951,39.4714,41.587,40.5358,42.9063,43.2423,47.4442,49.4779,51.5502,55.2872,57.756,60.6286,64.1296,63.7528,64.9126,67.1958,64.488,64.3464,63.3293,61.5728,56.7749,55.9294,51.189,49.805,44.8472,44.9039,42.4027,40.7608,38.262,39.0784,38.7184,37.2518,37.5408,38.4975,37.8598,37.942,37.7144,37.0976,38.5054,38.4118,39.2089,40.2528,40.7928,42.0209,42.5524,44.9271,45.5825,48.151,52.7649,54.8399,58.5544,63.4575,67.1914,71.2396,76.2005,81.032,84.9669,89.7702,93.4102,96.7826,101.0067,103.0023,104.0736,102.7606,102.1168,103.114,100.7012,99.2716,93.5719,90.046,85.1947,81.2631,75.9733,72.938,69.0525,62.4954,59.9547,54.7482,51.2683,49.9129,46.298
METER_002,2026-01-06,66.3791,67.9383,67.8476,67.5159,68.3817,67.623,67.5728,69.502,67.6313,67.9623,66.6493,67.5654,68.1813,67.2369,67.3817,67.2725,68.6016,68.3471,67.9699,68.8034,67.2034,67.0901,67.6005,69.6006,71.5879,73.7929,76.2446,80.049,87.8422,96.3364,109.3503,121.931,138.9478,150.8673,160.8173,169.8399,174.8018,179.0994,183.0267,184.6769,185.6739,187.724,186.4387,189.2348,189.8847,192.3191,192.5526,191.0675,193.6967,193.9566,194.1871,193.8024,194.3014,194.1995,195.463,194.2288,193.4904,193.7097,194.3181,194.3121,192.0573,191.9983,191.8833,190.5343,187.5763,188.2101,184.5487,182.6364,176.9523,172.8396,163.3094,151.9297,139.1636,124.0729,111.9136,99.1714,89.4958,81.6355,78.0436,71.9647,71.456,69.8742,68.6487,69.6697,67.5759,67.0602,68.9115,68.2627,68.1396,67.9112,66.9014,67.2537,68.655,67.1286,67.9954,67.1056
METER_003,2026-01-06,135.7811,137.0315,131.2842,128.3359,127.0465,127.3903,123.8815,122.5065,121.7818,121.5748,120.1763,120.2677,118.5298,119.9097,117.0098,117.088,116.4684,116.7606,117.1146,117.6088,119.5772,117.8073,117.96,119.0615,121.4685,121.0366,122.063,125.951,126.0083,130.1703,129.5449,130.3159,134.0732,137.9384,137.0847,142.7336,146.7242,149.3452,153.1282,155.0834,159.5601,163.3155,162.9231,169.2348,172.3605,174.6596,179.0553,181.0858,182.9844,185.8245,190.8855,191.5828,194.3436,195.9363,198.531,197.2647,201.6536,202.1888,205.1521,206.0426,206.7228,207.5159,208.0068,212.4294,212.012,212.5794,213.9827,213.9202,217.2594,218.1936,215.7531,218.0703,215.0466,216.8367,213.0744,215.7154,208.9134,208.176,206.9343,206.5792,200.6161,198.9258,191.6822,188.8346,184.061,179.4864,175.8762,169.1447,167.5503,162.8356,159.2051,151.3952,149.6008,147.237,144.1055,138.4901
METER_004,2026-01-06,111.2168,110.4243,109.9458,109.4325,109.6933,110.7331,112.7385,111.6736,113.1259,112.2382,110.1158,111.8008,110.5074,114.4873,111.4444,110.4742,112.9958,110.4159,110.4975,112.6428,111.2293,118.9759,120.1789,127.6002,133.464,142.0695,150.86,160.1022,170.23,174.5857,180.7958,182.2127,186.4406,188.1404,189.1374,190.9957,190.8234,190.0385,188.9359,189.6958,187.7185,188.4536,185.8872,186.568,184.6936,180.0117,180.4713,178.4626,179.2496,178.4583,177.02,181.6999,185.2642,184.1671,188.1668,190.4964,189.7846,188.8352,192.605,189.818,193.0261,190.9692,189.5025,190.9788,189.6785,190.4857,191.1745,189.4608,194.3014,192.0377,187.8617,191.6929,188.7119,191.0607,192.9559,192.2284,191.5487,191.0622,189.0341,189.0439,188.6677,186.4352,185.9658,185.319,182.6208,177.9114,167.6086,161.5798,152.5765,143.1474,133.2721,125.6988,121.8398,116.6679,114.1942,113.8504
METER_005,2026-01-06,32.7882,33.1905,31.9293,29.3827,29.976,28.9918,31.0902,28.6492,27.1691,29.1769,27.3036,27.1072,29.0771,26.1178,28.7691,29.3288,29.0536,30.2022,29.8916,30.5472,34.3499,34.474,37.4171,39.8425,41.7244,43.7781,44.1588,46.7788,48.5447,50.0314,49.7856,49.6547,49.5695,47.2753,44.225,44.7486,40.5581,40.2991,36.8983,35.9877,32.9488,30.083,29.6178,31.2129,29.3217,28.1934,28.1124,28.4548,27.7136,27.1187,26.9218,26.5521,27.4677,29.6797,28.189,29.8513,30.2302,30.8483,30.9136,31.7365,34.0596,35.2782,36.9241,39.2856,42.0314,44.7677,48.2291,49.5055,51.8842,57.2815,59.3786,64.1541,66.6723,70.2881,73.0931,74.0762,75.0553,77.0838,76.4826,77.2942,75.2774,74.4235,72.9067,68.7225,65.8634,62.6564,60.3854,56.2671,52.913,50.5088,47.113,44.7389,42.1555,38.9009,35.5407,35.3049
METER_006,2026-01-06,52.4267,52.2711,52.1335,52.1535,52.468,52.0135,54.1236,53.1,52.9676,52.8511,53.4742,54.5852,53.2646,52.297,53.2742,52.8695,53.2514,53.2534,52.7273,54.2302,53.522,54.889,53.9596,55.0503,57.0866,56.8942,61.3621,64.3699,69.5836,75.5999,86.7213,95.1799,108.1702,118.1232,127.6257,133.386,137.0941,140.0843,143.6913,146.5234,146.153,147.4529,148.5788,149.8602,150.7495,150.782,151.897,151.4385,152.4528,153.1616,151.7624,152.5145,152.1501,152.0061,153.9091,154.6192,152.2537,151.4193,152.479,151.8937,152.9371,150.8401,150.7823,150.5002,148.1061,147.1453,145.0262,142.7648,140.5529,134.877,130.188,120.8044,109.5457,98.6911,86.4146,76.6315,70.1091,65.0627,60.5747,57.9413,56.0229,54.0193,54.8212,54.5569,54.0688,52.8366,53.6703,53.2742,53.1576,54.0824,52.4814,52.9439,53.7162,52.8966,52.1971,50.8197
METER_007,2026-01-06,112.9704,112.9456,107.931,107.9032,105.9433,103.5898,102.8225,102.0535,100.104,100.2026,98.4118,98.8522,97.6508,98.9603,97.8552,98.414,98.5056,95.9542,99.7069,97.6409,100.6926,97.2238,99.3094,99.3808,100.532,101.1215,101.2129,106.3003,106.0394,106.1032,107.5656,108.6545,110.9957,113.885,116.5207,118.5767,121.3235,124.2622,126.0706,129.7483,132.7591,133.8359,136.9179,141.1208,142.623,145.648,149.744,150.3621,154.2078,155.0414,155.7489,158.0542,161.1293,160.4462,165.7815,165.2033,165.9346,168.2087,170.1222,169.6248,172.1058,172.2955,174.3179,176.3804,176.4599,178.1197,178.8386,178.8074,180.7942,181.1711,180.4982,180.8645,180.0678,180.3049,178.3811,177.8273,176.7843,174.7442,171.0271,169.5802,168.064,161.2464,161.3584,157.1314,152.7672,150.1484,146.9694,141.1145,139.2817,134.5259,129.7013,128.5823,124.4102,121.1987,116.6126,113.6397
METER_008,2026-01-06,166.7635,165.0884,169.6775,166.4589,166.3361,164.0756,165.8295,167.2309,167.2066,166.0386,163.9649,164.5463,166.2345,166.1676,163.7014,168.0371,164.4205,166.191,165.1475,170.676,172.5254,173.859,181.0828,185.399,197.9379,210.8746,227.4414,241.7788,251.4592,267.5597,272.9448,279.3626,279.7331,283.7887,285.927,282.1932,288.6745,284.7917,286.5209,285.171,285.3549,285.43,284.7935,278.088,272.8832,269.7663,270.5761,261.4666,265.934,263.5038,266.268,269.8883,276.5554,278.6675,282.3566,283.9406,285.5252,284.817,285.9461,285.7286,288.891,281.8189,289.1707,286.6342,285.5252,288.0005,281.8572,285.5968,283.3072,286.1031,284.3534,286.637,285.5241,283.0345,288.2142,284.3358,282.1546,285.834,286.2608,285.5846,282.1282,284.4623,276.3325,276.0742,268.2786,265.0527,249.7587,242.5494,225.3952,212.0875,198.3605,187.653,179.505,173.1667,169.055,168.8987
METER_009,2026-01-06,47.3726,46.1083,43.3809,43.1238,41.4519,41.1328,41.0483,39.9027,39.2722,39.0303,39.1448,40.1454,37.908,40.4076,41.4001,39.8029,41.2951,42.621,43.5037,43.6431,45.6619,47.603,50.736,54.3885,57.0637,61.6394,63.2704,66.5465,68.4641,68.4911,70.8164,69.6491,68.7267,66.1972,64.2213,60.3307,56.351,54.3472,51.3034,47.8884,46.3784,45.1861,43.4741,41.8344,40.1346,41.4161,40.4249,39.7821,37.4279,39.4537,39.2611,40.2529,39.3328,41.5139,39.5618,41.3495,41.2989,41.9636,44.0648,44.7508,46.1035,49.317,50.4303,54.3357,57.8051,60.4523,65.8866,70.0515,75.5966,79.7626,84.2074,90.1707,92.7116,97.8152,101.9503,104.3044,106.4511,107.6805,109.0288,107.9166,107.0159,103.2836,100.8134,97.1612,93.3236,89.6407,85.5362,79.4278,75.0068,69.918,66.5812,62.7881,57.5157,54.7616,52.3258,49.674
METER_010,2026-01-06,68.905,70.483,70.7095,69.4287,71.041,70.3718,69.4104,67.6621,70.6184,70.1501,68.7872,69.701,68.8005,69.4302,70.6007,70.3531,69.7443,68.5398,70.0829,70.4872,68.8746,70.8686,71.9558,72.4643,72.4994,74.5009,76.7477,82.484,89.928,101.036,113.1709,126.676,142.8493,154.3978,166.2136,175.1648,179.9003,185.2995,188.5444,189.8858,190.8376,193.5684,194.7078,195.3002,196.5701,197.1051,198.8091,198.0689,199.6023,199.384,199.5383,200.0419,202.1714,200.7515,201.4326,201.8377,200.0909,200.231,199.8942,199.5512,198.6031,197.8297,198.1444,196.3639,195.4162,192.4067,192.6016,187.7744,183.7007,177.7713,167.433,157.4568,143.6685,130.4666,114.7138,101.9672,90.4479,84.307,78.3945,76.369,73.7738,72.7531,71.0338,71.1649,70.5523,70.215,68.8569,69.4701,70.4343,69.999,68.7671,70.1391,69.7009,68.8303,68.9836,69.2
METER_011,2026-01-06,81.7879,81.3434,79.2245,77.2831,75.8982,75.2142,73.5775,73.085,72.1075,72.6993,71.0882,71.6638,70.8784,69.8474,70.4791,70.8147,69.4795,70.8765,69.6421,71.4093,70.2794,70.3951,71.0567,72.0842,71.7977,74.4065,74.4038,76.0159,74.7573,76.2559,76.3934,78.4276,81.3748,83.9599,84.753,84.8679,87.7735,87.5977,91.3571,91.4626,94.0187,97.8987,98.9282,100.2344,103.1944,103.0299,107.9939,108.0939,111.1079,112.3832,114.7308,115.288,116.6354,117.2407,118.4671,119.9442,121.188,120.3013,121.2391,121.938,125.2711,124.6552,124.883,127.0525,127.4325,127.6982,128.9227,129.8177,129.5205,131.2813,129.0155,129.1584,128.9587,129.6968,130.0959,127.1537,126.9286,126.0829,126.0906,122.4222,120.597,119.253,114.9463,113.827,109.8419,108.3341,105.4911,103.0531,97.9764,97.1504,93.8662,91.5926,89.8572,87.1099,83.6713,84.7822
METER_012,2026-01-06,125.8498,125.8719,126.5175,125.3525,125.6391,125.6843,125.9766,126.2343,128.7384,125.7951,125.4406,126.5513,126.3069,130.0756,126.9205,126.7079,126.3084,127.3354,127.7821,128.7116,134.877,134.0186,135.3566,143.9213,152.5226,164.164,172.5321,184.1717,194.6065,201.2773,207.2843,213.8794,210.3596,216.2279,216.55,219.0627,214.9027,217.0781,219.0101,216.6828,218.1756,215.1843,214.7579,212.1288,208.1458,208.6215,200.75,203.9615,202.7396,204.0059,203.7659,206.9802,210.5026,212.9599,211.5297,215.6246,214.3662,217.7083,219.3075,218.7115,218.9733,219.8391,217.0485,219.9339,215.343,217.9838,219.4062,219.1466,214.8088,220.0753,217.1699,217.6707,215.8191,218.0477,219.9633,214.968,218.4939,218.6224,216.0968,215.9347,213.7934,215.5587,211.1577,214.078,204.3205,201.2098,192.1263,181.8864,173.9037,162.7428,153.2483,142.4443,135.8026,132.2105,130.1529,127.8593
METER_013,2026-01-06,36.9524,35.223,34.193,34.3696,32.7825,32.2035,34.4183,31.283,32.0981,31.8922,31.2674,31.2745,31.6509,31.0943,32.2692,33.4817,32.8733,33.9095,36.4627,36.1172,38.0533,39.6925,41.1505,43.5226,46.8637,49.265,51.4211,53.5345,55.7438,56.5229,55.0548,56.2743,55.3541,53.7935,51.4092,47.3577,46.7445,44.996,39.9563,40.4393,39.2565,36.1776,33.0905,33.6936,31.3822,31.4156,33.0928,31.5553,31.2958,31.1718,32.1674,31.5596,30.9557,33.3021,32.2557,32.7561,33.4031,34.4066,35.3076,37.4444,39.6223,39.4557,41.7149,43.9356,47.9139,50.9287,53.9666,57.842,61.4627,65.5386,67.6354,72.5348,76.3764,79.3605,82.1889,85.6958,85.7768,86.9894,89.1717,87.5661,86.7048,84.3076,81.758,78.7322,76.6125,71.5945,68.2353,64.6352,61.0017,55.5679,54.5657,50.9109,46.9687,45.5343,41.6884,40.0275
METER_014,2026-01-06,57.5361,57.2221,59.0916,57.9708,59.3751,59.4264,58.9456,58.0587,59.1817,57.2879,59.0928,58.5369,57.7906,57.5522,57.8299,58.4983,58.5634,58.9206,58.9706,59.1623,57.7352,57.8798,59.2352,59.0535,60.6998,63.9521,64.7651,68.4326,75.578,83.7369,95.2295,105.5888,118.9989,130.9144,138.5174,145.9449,152.935,154.6902,157.5851,158.3915,162.6512,162.1815,163.7867,163.8117,165.6054,167.8923,166.4769,166.426,168.1586,168.7555,168.2363,168.9358,169.3872,168.5501,168.737,169.55,168.9446,168.5131,168.8584,166.8053,167.6596,164.8109,165.6328,164.4013,164.6274,162.1537,160.3322,158.4426,153.139,150.0497,142.2409,131.9897,121.9068,108.9353,96.9003,85.906,77.8695,71.1907,65.3293,63.1967,61.7543,60.9636,60.2522,59.7589,60.071,59.2794,58.3107,59.8825,59.2415,58.2772,58.8288,59.5796,58.3816,58.9807,57.7362,58.1267
METER_015,2026-01-06,122.6606,116.7498,116.5546,112.1309,110.6205,108.1229,105.3939,107.4251,106.7625,108.1292,102.9157,105.8269,105.0398,101.8973,105.0066,102.8079,102.5495,105.1917,103.7839,103.0462,102.1377,104.1831,104.708,106.5142,108.0406,108.0572,109.5871,110.5641,108.3824,112.8513,113.0898,115.5581,119.6293,121.3975,123.3882,124.2144,128.3961,132.5455,130.8694,137.3471,139.7305,143.8519,145.4258,148.9157,150.6463,156.5986,155.5386,158.078,161.8347,160.9516,164.3083,170.1519,170.8063,172.8047,172.8906,174.8912,175.2169,175.2993,179.0164,179.7183,183.0495,183.3844,183.6616,186.3035,187.7819,188.5205,188.5957,190.565,191.3174,191.6512,190.1964,192.1945,190.3689,191.3254,188.9254,188.7281,186.737,184.4561,182.5614,178.1203,176.4439,170.8977,170.8726,166.8202,163.5504,157.5369,153.634,147.8332,146.6227,142.0015,139.1425,135.7682,131.9991,129.1923,124.5553,121.0948
METER_016,2026-01-06,169.1622,166.4233,171.8482,171.039,169.7838,169.7479,172.7875,166.6065,174.3015,176.1197,175.4244,176.0548,168.9909,173.0435,174.7856,169.2312,174.2817,170.311,174.657,174.7704,175.8802,181.3012,189.1179,194.0822,206.3466,224.7496,229.5647,247.6359,264.4482,273.9791,280.7904,285.7046,289.1784,297.0315,294.6463,293.4186,295.6366,296.6641,297.9881,295.4248,291.0822,293.5464,287.998,287.9217,286.8219,282.6884,280.6552,277.6405,274.7612,276.7322,279.4426,280.9334,284.59,290.4049,290.1667,292.13,294.3652,294.9315,295.5736,300.1583,295.7751,297.8563,297.6983,298.4318,296.7577,300.2599,293.092,298.7818,294.9726,297.4358,297.9708,299.9724,294.6143,294.2382,296.171,296.0191,297.0599,296.7501,300.4996,294.3762,295.5165,293.8383,290.5156,293.4996,279.5199,274.7759,263.8894,252.449,233.7564,219.1323,207.3378,194.2549,186.1477,180.4909,176.1716,173.2378
METER_001,2026-01-07,44.7422,43.4904,42.6475,40.1988,38.2342,38.1885,39.2481,38.916,36.6628,36.9388,37.4282,36.5432,36.949,36.1101,36.829,37.2505,37.6322,40.0696,40.2559,41.8775,44.4292,46.9563,48.3056,52.2084,54.9652,56.8044,61.0872,63.1321,63.3748,66.3076,65.8201,64.9147,63.7121,63.0931,59.6564,55.7649,55.7091,50.802,48.4158,46.4422,42.5247,42.1571,39.0412,39.4908,38.5864,36.3058,37.6046,36.7192,37.1994,37.6501,36.6719,37.5101,38.0376,37.9658,37.8193,37.9418,38.2879,40.1167,41.0648,43.5443,44.3832,47.148,49.0218,51.8263,55.9386,57.4078,61.9155,65.8601,71.1375,75.6564,79.8465,85.3494,90.1555,93.0864,94.9941,98.4669,100.3187,102.6217,102.6521,101.7946,101.2955,99.4249,94.299,93.556,87.9272,86.6301,80.5093,76.0542,70.6226,67.1465,62.8354,58.0259,56.1305,51.6798,49.4178,48.014
METER_002,2026-01-07,64.7035,67.3051,65.0918,65.3022,65.9437,65.0299,67.6093,66.1089,64.0274,66.2087,64.3677,65.0925,64.9822,67.4579,65.3973,66.2123,66.8126,66.1619,67.946,66.5007,65.4487,66.7399,66.2583,68.9313,68.7128,70.3977,74.3057,78.3721,85.1472,97.066,105.9033,120.576,135.0767,146.9977,159.3056,165.3175,170.9444,176.8165,179.2778,180.638,181.8357,183.7407,183.2951,184.3089,186.1909,185.65,186.9322,189.5039,190.3682,189.045,189.0317,191.0596,190.7174,191.5534,190.0663,191.2818,190.1463,188.9264,190.0128,189.0032,189.6156,187.12,186.5289,187.9311,185.6667,182.9822,182.4295,178.949,173.527,167.9811,160.115,148.7197,137.5667,122.0946,109.344,97.1336,88.1252,80.2824,74.4042,71.9718,70.711,70.4947,67.2836,67.2434,66.4229,68.4915,66.6149,66.12,66.9736,66.5089,66.2226,65.9714,67.5538,65.6193,66.3756,65.3703
METER_003,2026-01-07,136.8427,133.7271,132.0913,127.4761,126.5636,123.9774,122.3226,121.55,118.7056,119.333,115.9584,114.6398,119.8924,115.0067,114.9443,115.9189,115.8166,116.7337,117.1306,118.4472,119.9056,115.8297,114.9046,115.5627,120.1387,121.9887,121.3635,122.7082,124.4013,125.7966,125.0494,129.8239,133.777,135.4387,136.7325,138.7727,142.382,147.0934,148.5036,154.8316,157.0792,159.4108,164.2837,165.3484,170.8968,174.8192,176.4568,176.3428,183.075,185.9522,187.9104,185.8153,187.6629,194.3154,195.1576,196.7007,199.2337,198.8262,204.2141,203.016,202.7294,206.9147,208.6911,210.0202,209.2801,211.0003,212.7319,214.4481,215.575,217.0403,215.7571,214.8079,215.9112,214.3942,212.9532,210.3654,208.3048,208.3292,202.7405,201.5728,196.1506,194.5426,191.1732,185.8097,184.8724,178.0072,172.8635,169.9928,165.687,159.7823,156.6825,154.1379,148.0975,144.2593,140.2876,137.9877
METER_004,2026-01-07,109.6314,111.2627,111.8885,111.4267,111.3343,112.2939,109.2667,111.8913,111.514,108.9151,111.8595,112.474,112.3818,111.4417,112.5453,111.3076,114.35,112.5721,112.8089,112.6989,116.8817,116.044,120.5851,127.4463,132.6935,142.6998,150.7439,161.0052,169.7502,178.9469,183.0526,187.0974,189.1024,190.8477,190.6991,191.2388,190.9958,191.0005,193.7407,190.7344,190.8807,192.1576,188.0707,186.0643,185.4781,182.4812,181.1745,180.0837,177.5516,180.9444,180.7887,182.6004,183.7247,187.3603,189.588,190.7922,189.3557,192.0861,190.8889,193.4961,191.5294,190.6498,192.2543,193.4828,193.5065,190.8684,193.853,191.5165,192.0536,192.8288,188.2799,192.6665,194.3826,193.5433,192.3995,191.9013,193.9232,190.6625,190.3037,190.9733,193.358,188.4872,188.0989,188.2475,182.8987,179.1048,169.8998,160.6611,153.9508,141.8718,131.9865,124.5067,121.1459,119.0016,115.192,114.3492
METER_005,2026-01-07,34.9226,33.5973,32.3362,29.6807,31.6789,30.1204,29.8189,29.2025,30.3365,28.2788,28.7095,27.4822,28.7989,28.2557,30.1763,28.2172,28.3629,31.0274,31.8493,31.6854,32.9159,35.1879,37.9057,40.1574,40.8382,44.8738,45.8712,46.8572,49.4305,51.341,50.8849,50.4028,49.3608,48.0334,45.2782,43.9369,41.8737,39.1927,37.9895,35.8891,33.8317,32.1594,31.4243,30.3234,28.8095,29.3918,30.0587,28.8846,27.9183,28.4286,27.2834,29.4673,28.6856,29.5331,29.2008,30.9611,29.4867,31.1487,31.6906,31.7045,34.6434,35.159,35.6021,39.0669,43.3736,43.7767,48.7251,52.1406,54.2054,57.7136,61.935,63.1818,68.3349,71.9809,73.5652,75.9276,77.4416,78.2779,79.2922,79.0478,76.537,75.3342,74.6136,71.5568,68.5033,66.0913,60.3394,57.4872,54.4542,49.6798,48.5653,44.5161,42.3864,40.2181,37.3469,36.888
METER_006,2026-01-07,51.5001,53.8019,54.013,53.3922,53.4643,54.7503,53.4922,54.7701,53.3017,53.2466,51.9484,53.7577,52.5032,53.7241,54.3981,54.2139,55.6108,54.4642,53.9872,54.2419,55.6185,53.3464,55.5351,56.7672,57.071,58.3882,60.5357,64.9093,68.6854,77.2372,88.0238,97.2239,110.0175,119.9862,129.9164,134.7714,140.7709,143.9706,146.3012,147.6917,148.3716,148.7936,149.0985,151.2147,152.1091,152.2481,153.2628,153.1395,154.0261,155.4886,155.2586,155.1926,156.3766,155.3362,155.7373,155.5837,154.4126,156.4177,155.0428,154.9371,154.5443,154.017,151.5248,152.3487,151.1426,149.9715,148.1631,146.5904,143.2283,136.9243,132.2681,123.0388,111.2837,99.6273,87.2395,78.6572,69.9857,66.1328,59.7835,60.6732,58.3317,57.2584,56.0907,56.7899,54.6278,53.1625,55.6715,54.7,54.5099,54.5382,53.9576,54.2158,54.0358,54.8641,53.8852,54.3201
METER_007,2026-01-07,114.1532,112.8659,107.4414,106.8851,106.4911,102.3904,100.6151,102.209,100.3031,100.3925,100.0795,97.9068,98.3636,99.3943,98.762,93.8679,96.7602,97.1072,97.9027,95.9512,98.5948,98.3375,96.4497,99.5268,96.939,102.4067,102.4601,104.4297,103.553,104.7149,108.7403,109.4408,112.006,114.2856,117.2106,118.7962,122.1388,122.8579,124.9478,129.2627,130.1433,134.2836,137.0172,137.3434,143.7388,144.6352,146.4932,149.491,150.1655,155.8722,156.1631,155.9383,159.2044,162.5279,161.5009,164.1346,167.5426,166.7912,167.496,170.6886,170.3082,171.9822,174.3695,174.276,175.764,176.8106,179.2166,179.3425,180.2201,180.5895,181.1554,178.477,180.6668,179.8695,178.3743,177.6277,174.0377,171.3488,170.4973,168.5906,166.7509,161.7118,160.0144,154.3459,152.6749,145.5531,145.7605,139.9595,137.8579,133.575,131.248,127.7076,122.6882,119.8388,115.9384,113.941
METER_008,2026-01-07,163.8414,162.5311,165.3155,162.8733,160.2692,166.435,164.0318,164.5735,161.8269,161.3352,163.5149,162.1878,163.7105,164.8011,160.0198,163.7721,162.0794,163.6454,167.7662,168.7454,168.6795,169.4284,176.397,184.1692,194.7318,207.2828,221.2088,237.2948,250.4054,259.3954,263.1491,270.0093,277.9554,277.984,278.3792,278.2752,279.4228,278.8844,278.635,280.4234,281.1967,274.4931,274.663,272.8126,270.8049,268.0917,264.684,259.5467,257.6741,262.421,265.0094,268.5736,270.9595,269.1677,280.4086,277.7084,278.6486,279.0053,280.8108,278.5537,279.9342,279.4363,280.1212,282.1648,279.7462,278.6823,281.6215,282.6764,280.2444,278.5437,279.3573,280.7185,276.1374,282.404,281.25,279.7227,281.0936,276.9234,284.3365,281.9362,278.5724,278.5489,277.242,269.5335,267.0129,258.0707,245.9005,237.9203,221.9686,208.2561,196.7695,184.8281,175.7201,175.5683,167.6425,166.3285
METER_009,2026-01-07,45.3989,44.7047,43.2043,40.6478,41.4409,39.0024,39.1269,38.7293,39.1084,38.2541,38.7724,38.3011,39.5772,38.6616,38.061,38.6005,39.9351,40.8632,41.8477,45.7211,45.6188,47.0952,51.2011,53.7252,56.5015,60.0762,61.8703,66.0878,67.3842,68.7615,69.4758,68.5246,66.1156,64.8855,61.8126,58.9231,55.3044,53.0079,50.0508,47.6579,45.4092,43.7572,40.3019,40.9328,39.952,39.7462,37.9788,39.8895,38.6265,38.7223,37.82,37.3409,39.0185,39.6367,39.1788,39.3677,41.4825,41.8898,41.8746,44.4198,45.5345,48.6539,51.1723,54.0302,57.597,61.1424,64.5896,68.2761,74.706,79.2405,82.6353,88.9201,93.1308,95.9509,100.5119,102.7098,104.8743,106.7953,107.8893,106.7551,105.3646,101.9576,100.1151,97.0388,93.8139,87.4586,83.2792,78.3066,73.1328,70.0782,64.7969,62.5751,57.0436,54.4145,51.6329,48.5375
METER_010,2026-01-07,69.6789,69.7283,68.7877,70.5369,68.4848,69.3423,69.806,69.0779,70.3123,69.2777,69.9852,69.8773,68.4954,69.2704,69.1849,70.2362,70.1581,69.9783,68.4716,71.4509,69.9917,69.5169,71.8757,73.9612,73.6356,75.8213,78.6077,83.4796,89.8176,102.3287,113.5713,127.6296,142.9312,155.5985,169.0166,175.9274,182.3283,186.6422,188.8702,189.7669,193.6746,192.9593,194.0205,195.8689,196.9524,197.021,198.181,199.6526,200.8068,200.2485,202.482,201.5995,200.9719,200.2606,199.3864,200.7338,201.0914,202.9793,200.959,199.9984,200.1298,199.0508,198.3447,196.765,194.9239,194.6257,191.3062,188.0338,183.5694,177.126,168.8746,156.7556,144.5007,130.2235,114.2568,101.7292,91.6434,84.3218,79.9738,76.5559,73.7006,73.7166,72.8197,69.5303,70.2983,71.1057,70.3813,70.3994,70.8658,72.4303,70.1052,67.8938,68.2698,68.4571,71.0139,70.6093
METER_011,2026-01-07,83.944,82.4075,80.1616,80.4541,75.6217,77.6075,74.0608,73.8621,75.0683,72.9661,73.2771,72.3501,72.5808,72.8251,71.1844,71.2745,71.1445,73.0768,70.7495,72.2986,73.1427,72.544,73.5775,73.8751,75.1795,75.1207,73.7401,76.0804,77.2539,78.3752,79.7465,80.5093,82.1992,83.002,85.732,88.1506,89.2091,90.1848,93.4736,95.991,97.4146,99.1911,101.0052,102.919,106.15,106.9025,108.4567,110.2872,110.6161,115.1667,115.8354,117.0625,116.9886,120.517,121.124,121.1783,122.114,124.8562,124.1567,124.7257,125.8912,128.9724,126.961,128.9261,129.1057,130.7499,131.5368,132.6342,132.725,133.4204,132.1925,133.9253,133.1134,133.4993,130.6528,131.4294,128.6965,128.3683,126.5572,124.9777,123.5655,121.242,118.5908,116.7459,113.1689,108.9132,108.7951,104.7545,101.7613,98.5617,96.8252,94.6558,92.6137,86.9523,87.4649,84.6104
METER_012,2026-01-07,127.8559,127.1792,130.7682,131.2457,127.1863,130.0754,130.7766,131.3482,130.1006,127.6018,127.7538,126.5196,126.5602,126.8323,129.2072,131.0768,128.1843,132.1476,130.0111,130.874,133.5841,134.7442,140.8736,143.991,152.5672,164.7143,176.9686,188.5225,197.3884,204.3647,210.3462,218.3794,218.1297,219.4862,220.0133,220.3841,220.8556,222.0951,220.1429,223.9589,220.0302,221.0578,216.4849,215.4847,213.3507,212.6248,209.94,208.3901,203.9681,203.6271,207.8815,209.59,212.3636,217.7728,219.6287,219.2106,220.1428,223.3362,221.7008,221.9549,220.7199,226.4453,223.3806,224.3419,223.9201,222.7419,224.9868,221.5739,220.2067,220.7796,221.6693,218.2032,221.3722,222.2232,221.3445,220.5826,219.9696,219.0294,220.0722,220.9884,219.0927,219.6079,216.5559,213.3806,211.2453,206.4138,195.9977,185.9105,173.8251,162.6542,154.6713,145.9637,139.8209,134.9492,131.56,133.776
METER_013,2026-01-07,38.0018,35.968,34.8378,33.898,33.5385,33.8025,32.691,32.4885,32.7459,32.6016,30.8435,30.7928,32.2687,31.7019,32.2998,31.6158,33.6254,33.803,35.2012,35.7927,36.7104,39.4051,41.7113,44.7518,46.0462,49.595,52.1343,54.0525,54.8673,56.8151,56.6079,56.9706,54.8665,53.917,52.8851,48.0686,45.767,44.6804,40.1941,39.0261,38.9675,36.7537,36.344,33.8425,31.0612,31.0908,31.767,30.8017,31.3376,30.9836,32.6908,31.6937,31.5074,31.653,32.6867,33.424,33.3013,34.1219,35.2822,37.9046,37.8862,40.6513,41.8715,43.545,47.0928,50.1608,53.5189,57.1144,61.807,64.7072,69.0686,72.0863,76.4476,79.5772,82.1161,85.3707,84.9437,86.3466,88.1789,87.7596,87.6289,84.7585,82.2704,79.3947,75.1482,72.7971,69.0144,64.3336,59.6922,57.1914,53.7535,49.8285,47.223,43.1102,43.0188,40.4745
METER_014,2026-01-07,57.8281,57.1184,55.7622,56.4474,57.9742,56.0521,57.8202,56.8789,58.2162,56.327,57.2241,57.0024,56.786,58.2173,56.9978,57.1731,56.3103,57.6038,59.2552,57.6626,58.4379,57.5491,59.0839,58.022,59.1616,62.872,65.052,68.0577,75.525,82.1053,92.581,104.6439,116.7027,127.7304,139.3426,144.1673,149.2912,154.574,154.7855,158.6342,158.7243,159.9466,160.8377,161.9665,162.525,162.4716,163.5916,163.1304,163.822,164.0795,164.5261,165.7649,165.3048,164.5643,167.94,167.2582,165.9209,165.1168,164.9242,164.378,163.3156,162.8436,162.0645,163.1451,161.7475,159.1783,157.6654,155.3576,151.7881,146.8491,139.9669,130.2165,119.8702,105.5377,94.7083,82.7683,75.3871,69.7035,65.4071,63.4063,60.8479,61.1226,58.9429,58.5515,59.0065,59.3565,57.9947,57.5555,57.5311,56.611,59.5801,58.3559,57.4505,56.9657,58.7524,57.0271
METER_015,2026-01-07,118.6969,114.4091,114.0198,112.0774,107.6211,108.3249,105.5303,104.4519,104.6552,102.0612,103.9148,100.7304,100.9335,102.8468,102.3006,101.0284,103.6814,100.1467,99.7818,102.4103,102.2919,103.7022,102.2279,101.8405,104.3548,105.7856,106.4967,107.5319,110.4682,110.8012,113.663,113.9044,116.9747,117.8313,119.2759,124.2108,124.8096,128.9589,130.6602,133.2465,137.1504,139.0595,144.0385,143.846,148.5242,151.3773,152.6789,156.2358,159.276,160.8895,161.966,165.8169,165.5366,170.3627,171.0275,173.0944,173.6195,174.9349,176.8728,176.6395,179.504,179.3017,179.5994,183.2118,184.2989,186.016,184.6909,185.9552,188.2309,188.125,185.5874,188.0257,188.7901,185.4854,185.9865,184.7728,181.0051,182.0841,178.9127,174.9237,173.4461,170.1386,166.7793,161.4592,158.5976,153.777,151.2305,147.2089,145.1817,139.1917,138.6475,132.8599,128.1647,125.8887,123.8155,121.0568
METER_016,2026-01-07,171.9236,173.8579,173.1505,170.1167,167.3794,170.3616,172.7046,168.9295,169.5406,175.0153,174.6624,170.1664,170.9923,173.2469,169.9155,173.4246,171.3075,173.5084,174.8804,173.5933,175.2136,185.175,189.9609,194.9466,204.948,219.0977,233.8606,249.6586,263.7279,272.1836,277.031,287.7586,284.6968,290.4735,293.8392,289.5647,294.2834,293.0619,296.3119,292.635,293.7736,289.5374,291.3438,289.5752,285.152,282.3383,278.0686,274.5775,272.6267,274.5968,277.7263,281.6052,282.6721,290.3126,290.0377,291.6036,293.6351,294.4558,294.0884,293.9131,295.7103,294.3712,295.178,295.511,295.1113,296.8905,293.9113,293.957,293.5532,296.0794,292.9183,294.7134,292.2269,294.3285,295.5836,292.9408,296.442,294.09,293.8894,296.2513,291.0514,294.4949,290.9377,286.0736,280.6458,271.6028,256.9055,247.6814,229.3337,220.6196,203.872,190.9384,186.0103,180.6883,176.8189,173.8586
METER_001,2026-01-08,43.6386,41.305,41.2544,40.7561,38.1487,36.6327,37.4892,37.3631,37.0529,36.5515,37.0601,36.3526,36.9346,35.6397,38.2899,37.3041,36.5805,40.0175,39.9946,40.5034,43.1143,45.9441,48.5112,49.3141,54.7409,56.7489,58.8796,62.5253,64.1184,63.819,65.8416,63.9779,63.7205,60.7564,58.1459,55.7302,52.6713,51.1399,46.9331,45.092,42.6867,41.0062,40.5428,38.8169,38.6762,36.2698,38.0528,36.9776,36.5874,37.3649,36.5498,36.443,36.9468,36.257,37.6999,37.9112,39.1692,39.2086,41.2086,41.6097,44.4797,45.4914,47.9523,50.2009,54.0943,56.7885,60.6444,66.1312,69.1273,74.0846,78.7786,83.3556,86.6995,90.6074,94.4521,96.0957,98.4331,101.0185,100.1927,99.4625,99.3126,96.7473,94.3869,91.9066,87.519,84.099,79.3006,73.382,69.1056,65.3149,60.1664,58.2278,53.5472,51.9421,47.8946,43.939
METER_002,2026-01-08,65.2873,65.4706,66.0058,65.3038,65.1421,65.2811,64.5787,63.9218,66.9419,65.2685,64.061,64.4602,64.9417,64.9703,66.1746,63.1412,65.2022,65.6705,65.937,64.7143,65.7576,65.5176,65.5841,67.6879,69.8388,71.5122,75.189,78.451,84.9409,93.8805,106.2702,120.1436,132.6849,144.8627,155.2955,163.9646,170.1329,172.1437,176.3918,177.5748,180.9787,180.3542,182.4041,182.7478,183.1998,184.1673,185.8907,185.4482,187.0041,185.9599,186.3439,188.4793,186.7985,188.6527,188.8099,187.7618,187.5594,186.7158,187.6505,188.0273,186.5766,186.4524,184.9856,184.6618,183.0255,181.3707,178.0406,175.5838,173.3606,165.7209,158.6095,147.6571,135.709,120.8696,105.3483,95.4242,85.7196,79.5708,74.5553,71.9267,69.4215,67.9363,67.1905,65.9174,64.9465,64.9716,66.3199,66.4191,64.426,64.6843,65.2045,64.4465,65.5526,65.1514,64.6837,64.5983
METER_003,2026-01-08,137.8424,132.8077,130.7212,129.1119,127.1346,123.6161,124.4302,122.3194,121.0187,121.7071,119.1414,120.0517,118.2776,117.7409,117.037,117.7416,114.9882,118.5531,118.6309,118.3553,115.0365,119.0919,119.3246,118.8851,122.1403,122.9095,123.4693,123.3149,127.0431,126.5755,130.2829,132.7486,131.5949,138.8297,139.2407,142.2557,144.6388,147.3178,150.4403,153.7886,158.7146,161.3601,163.7573,167.5328,168.53,173.6137,178.9132,178.6204,183.0455,185.9917,189.0494,189.7087,193.0423,194.2699,196.4776,194.5998,201.4093,201.9552,202.6985,204.7513,203.8231,205.3059,208.9444,210.9968,210.2892,211.7284,215.7879,215.725,218.5829,215.5811,216.5325,215.9362,213.5049,216.9739,213.1587,214.9497,211.1146,209.9337,206.4782,203.68,199.8608,197.1254,194.9908,187.1048,186.6479,180.629,177.0899,171.2794,164.4324,161.1191,154.7897,153.2782,149.7468,146.239,140.3291,141.6921
METER_004,2026-01-08,114.9735,112.8563,112.8703,113.4132,113.5486,113.8594,115.4485,114.5701,112.9982,114.1707,111.9552,114.7532,113.5138,112.9262,115.5191,113.6765,115.7157,113.9107,114.3803,115.3575,119.3523,122.4006,123.8687,129.6466,137.6038,146.6084,155.8792,163.7694,174.1209,183.5681,187.9274,192.2213,191.8511,193.6367,196.3592,195.2914,194.427,194.9679,197.0656,196.295,195.4448,192.5486,194.7925,192.2953,189.951,188.005,186.275,181.6032,185.1429,182.4899,186.0695,187.8468,188.717,188.6388,194.0986,195.0217,194.1917,196.8861,197.4513,197.0293,196.9442,194.2304,198.3228,195.2644,197.4095,196.1588,196.1043,197.0602,195.3713,196.6963,197.3115,195.7655,196.2548,197.8788,194.6026,196.7857,197.2511,193.8766,195.7916,198.73,194.9741,196.1751,192.4235,189.2493,185.9669,180.7987,173.2926,166.8841,155.9547,145.7643,136.9286,129.4012,123.5849,120.8688,117.9584,116.7784
METER_005,2026-01-08,35.0876,33.9399,32.6197,32.4815,32.1269,31.1738,30.8393,30.6554,29.5406,28.3103,29.58,28.1579,29.7385,30.6456,28.4488,29.4033,29.5485,31.0833,32.1175,33.6509,33.5547,35.878,37.393,40.9521,42.4922,45.0601,48.0186,48.8699,48.2092,49.8587,51.6539,49.8938,50.0589,48.8234,47.0858,44.1723,42.7642,39.3392,36.6452,36.2019,34.8226,33.762,31.7434,31.818,29.6628,29.988,28.1753,30.17,27.6427,28.9602,29.5654,29.0576,28.4532,28.8358,30.8425,28.6192,30.2712,31.2074,31.8448,34.5406,34.553,38.1643,38.3387,39.4418,41.5181,45.6541,48.9704,52.5896,56.4093,60.2651,63.4429,64.7332,68.7597,71.1643,75.0538,76.6567,78.8463,80.6548,81.0972,80.1387,78.5164,77.161,74.6095,71.6177,69.561,66.1034,63.5594,59.6299,55.3206,52.4952,50.1901,45.238,42.6524,40.4293,37.2753,37.4694
METER_006,2026-01-08,53.1712,54.4721,53.4595,53.718,55.0735,54.8958,53.6136,53.1892,53.5222,53.4471,52.8171,53.1974,53.038,54.532,53.4145,54.7427,52.8406,55.1314,54.2082,55.0661,54.6055,53.9575,54.2715,56.0067,56.8063,59.2193,60.8485,63.9861,69.5329,76.4811,87.4982,97.205,111.1425,119.4235,128.2425,134.1834,140.9694,144.2503,144.9697,145.8008,147.5146,150.0098,150.8971,151.4717,150.5703,152.8904,152.6577,153.6235,152.8741,155.0337,155.0885,153.9433,154.1602,155.2269,154.9028,155.0974,155.3883,153.6006,154.3598,153.5016,153.5214,153.8833,152.4521,153.7817,150.1111,150.0405,147.9366,145.567,142.0388,137.2995,130.0843,122.0866,111.1734,99.1497,88.1049,77.3872,71.0909,64.5524,61.3694,58.451,58.6842,55.9255,54.3565,54.2491,54.3127,52.9312,53.4573,54.8743,54.6571,55.0027,53.7764,52.5444,53.3156,53.7538,55.4847,52.6797
METER_007,2026-01-08,109.9277,109.5714,106.5885,104.4329,103.8152,101.0199,100.6534,98.8874,97.1151,96.1689,98.1414,97.4542,96.5701,97.4774,95.3761,94.3192,95.9179,92.9947,94.3231,95.2118,94.1426,94.9869,97.2142,96.3928,95.2625,99.4269,99.8363,101.9828,104.2219,102.3888,104.646,105.622,107.6645,111.7563,113.3529,115.1977,118.1921,118.6215,122.2436,126.1743,127.2219,131.0191,133.1397,136.2142,139.2417,141.5138,146.6427,148.2507,149.1243,150.4854,153.8596,155.3021,156.0087,157.1052,159.3338,162.5777,161.9323,164.8535,165.8329,164.4636,167.7209,171.1891,171.33,172.5671,172.0968,174.1097,175.0575,175.5574,175.2012,175.8831,176.5529,178.4978,176.4257,175.0753,173.8854,172.2175,171.3441,171.2541,166.2769,166.288,162.6874,159.3363,156.8708,153.9114,150.7369,144.0508,141.2576,138.2999,136.1401,130.9466,127.4166,122.8879,122.7094,116.9702,113.3076,112.8469
METER_008,2026-01-08,158.2529,158.0849,160.6427,163.374,157.97,158.9572,161.3919,160.2962,160.1677,158.1566,159.5126,156.8763,158.5508,159.0915,159.0906,160.2949,161.1834,160.4624,165.1385,164.9174,162.3293,169.4063,173.7471,180.6372,192.995,207.5547,218.6447,233.6053,244.1237,253.7142,263.306,266.5147,268.3125,273.8467,270.8716,276.2848,275.8682,277.1703,275.8855,273.5971,269.835,275.5183,274.9085,270.5008,267.3956,261.76,258.6312,256.2505,258.2973,253.1875,256.66,264.2588,262.3947,270.0928,266.5447,271.7392,274.902,271.0463,278.3557,274.1994,273.409,272.261,277.7927,277.3538,279.8694,274.2328,276.5849,277.2513,274.0199,277.3837,274.9395,276.7907,273.3448,275.23,275.246,273.0697,276.0835,272.1389,276.361,275.9078,272.0547,272.2385,268.8982,268.2549,260.4821,257.7517,244.4479,232.8876,217.0267,200.1814,193.5325,179.7762,172.5647,170.0932,164.6428,163.5849
METER_009,2026-01-08,44.7658,43.8819,43.38,43.3412,41.6528,39.7489,40.3025,38.9385,39.0834,37.6723,37.4032,38.5874,38.8567,39.2893,39.2135,39.7154,40.092,42.0761,42.4208,43.7804,45.9642,47.2371,51.2492,52.8937,54.9702,60.8643,63.6794,63.5114,67.1188,69.0165,67.1484,68.4256,66.5009,64.9731,62.5526,59.424,56.3524,51.5985,50.0018,49.0596,45.3051,43.0251,42.5406,41.5489,39.3166,38.3557,38.9716,38.4559,39.4951,38.0327,39.1014,37.6971,38.1298,39.6866,39.3956,39.4188,41.4974,41.016,42.6793,45.3683,45.2565,48.0346,50.1449,53.4065,58.0192,62.6761,64.4691,70.7089,73.8923,78.625,84.7739,88.0937,93.3085,95.0015,98.5217,101.6398,105.1309,105.4036,107.0843,106.5205,105.3383,102.9565,99.4425,95.2969,92.7961,87.903,83.9023,78.5004,73.8514,69.2057,64.379,62.4053,58.6004,53.5363,51.0193,48.1918
METER_010,2026-01-08,71.2838,72.6013,71.826,70.9606,71.6293,70.9361,72.8094,72.0499,70.7593,71.3838,70.4954,69.7904,71.7318,70.4455,71.1248,69.5088,71.6036,71.3908,70.2069,71.5393,70.7967,71.5941,73.6783,72.9962,75.1418,76.8691,80.113,85.2311,93.0285,102.8578,115.5137,130.7574,145.9786,159.8678,170.2322,179.0304,184.6742,189.5638,192.7307,195.1498,195.2062,198.3095,198.9003,199.4059,200.3069,201.526,202.3245,203.2971,203.4704,203.1276,205.4993,204.5703,206.3724,205.1485,204.6296,205.2502,205.5367,206.1508,204.8476,203.4269,202.9175,203.2689,202.3707,201.0366,199.3433,198.6706,194.3711,192.6449,187.8977,180.2177,174.6468,161.1455,146.9938,130.0951,117.1663,104.6298,91.4293,84.4226,82.2223,77.9159,75.0082,73.5312,72.4306,73.4206,72.7334,70.8168,70.9513,72.4481,72.0403,72.6658,71.1854,71.5995,71.1654,71.5583,71.3165,70.5045
METER_011,2026-01-08,85.4686,84.1481,80.8347,80.069,79.5991,77.3209,77.0623,77.1745,77.0341,73.7489,74.7132,73.0415,73.4495,73.044,73.4661,74.8151,72.3537,73.7848,73.4239,73.7195,73.8396,74.1423,72.3276,75.4804,76.0181,75.5195,76.5311,78.8022,78.0332,78.6318,80.6179,83.2624,84.4208,87.5471,87.7569,88.9647,92.3898,93.7326,93.7724,96.1936,98.8338,100.737,103.7042,105.1987,106.9338,109.3343,111.8462,112.1137,114.3124,115.7977,117.9596,120.0308,121.6399,123.512,124.1111,124.1364,125.7626,126.4459,127.5664,129.1518,129.8327,128.8723,130.3502,132.049,132.1169,134.2174,134.2212,134.479,136.7168,135.9525,135.5863,135.694,135.213,134.5115,134.1999,135.0348,131.4457,133.0959,130.0428,127.4666,124.439,122.4135,121.6685,117.5656,114.0684,111.4447,109.5023,106.6245,104.2875,100.0125,99.0389,94.891,93.2141,91.7753,88.9867,85.7233
METER_012,2026-01-08,126.1066,129.4124,129.3634,130.4899,127.2164,130.6331,130.8692,127.0465,126.9609,127.3199,129.2318,129.6528,129.7721,127.7441,130.3223,132.8368,130.1654,132.6183,132.3458,132.0795,131.2889,137.3853,143.0135,146.2853,153.6381,166.0142,179.1383,185.4999,199.3151,205.32,213.0792,217.2223,215.9852,221.7165,218.6624,223.3834,220.0414,224.0858,219.9801,221.5423,220.8694,218.3025,221.0531,216.2776,208.7945,212.294,209.5613,205.6584,206.297,207.4838,209.4507,212.7996,214.7179,217.4885,218.4128,218.5295,222.1621,221.4128,224.2411,223.7043,221.9042,221.4129,223.2721,224.6436,221.9944,223.5523,224.4035,220.7421,224.8505,221.9632,222.3318,224.7784,224.0039,223.1764,225.2687,225.9777,222.0542,220.3974,221.4818,222.0283,219.7078,222.0131,216.9861,214.2133,210.1824,206.6805,196.6956,186.8277,173.3798,164.6247,154.8693,147.4688,142.0252,138.6826,131.707,130.0238
METER_013,2026-01-08,37.3364,37.1109,34.446,34.0312,32.6018,32.9687,32.8618,32.7456,30.4636,32.165,31.9911,32.5501,31.2762,30.5788,32.6364,32.02,33.121,34.5812,34.5978,34.1542,36.7205,38.743,41.6672,43.327,45.7615,49.2652,50.7149,51.3442,53.7458,54.9475,54.3975,56.3275,53.2345,53.3865,51.0095,48.0482,45.5048,42.3205,41.0035,38.8025,37.3031,36.0281,35.2393,34.2678,33.0102,31.1033,31.8258,33.2299,31.5423,30.3178,31.7987,31.6707,31.79,32.081,32.4136,32.9983,32.2518,33.9643,35.0609,36.3394,37.7946,39.9829,42.4042,43.5748,47.5316,48.2292,53.2261,57.4403,58.8517,63.9883,68.2751,70.0627,76.1079,78.8372,81.5535,84.1931,84.2656,86.2228,85.5665,87.1513,85.2852,82.4343,81.1849,78.8617,74.0406,72.1902,68.4373,63.0461,59.7674,55.143,51.675,48.4865,46.5919,42.5911,41.1525,38.8301
METER_014,2026-01-08,56.8565,55.5571,56.8734,56.2049,56.9859,56.0167,55.5195,56.251,55.6224,57.1284,56.8181,57.1931,58.3269,55.9359,56.7196,56.6618,56.641,56.5279,56.693,57.3729,56.2083,56.8684,56.8985,58.1898,57.966,61.8127,62.5496,66.382,73.2456,80.7875,91.8766,102.6283,115.1821,125.6664,134.1846,140.9542,147.6469,149.7407,152.7359,153.1851,156.0911,156.5851,157.5442,158.9333,158.7735,159.8675,160.2464,160.6543,161.6353,163.0644,163.9095,161.1655,163.5095,162.0098,162.9286,162.1125,161.5364,164.5727,162.4044,161.1726,159.9574,160.5343,160.2961,159.245,158.23,157.4403,155.0101,153.5605,148.678,143.7019,135.7516,128.482,116.5019,105.175,93.0533,83.5866,73.7911,68.2662,66.6478,60.6447,61.1208,58.5649,58.2194,57.909,56.9309,56.3574,56.9128,59.0755,57.0539,55.2534,56.3454,55.7591,57.4684,55.3769,57.5813,54.2745
METER_015,2026-01-08,117.8768,113.5889,112.6413,108.883,109.2955,107.424,107.9611,104.6697,103.6429,104.201,103.3259,102.8615,100.9901,103.1256,100.8487,101.4586,99.3011,99.8591,102.1665,99.6051,101.8376,102.1332,103.0667,102.3495,103.8204,104.773,105.7358,109.9567,110.5471,110.5082,111.7858,115.8062,115.5761,117.3272,118.9308,121.7157,127.3667,127.1752,129.7984,132.7097,136.4224,137.9407,142.5437,144.8827,147.3073,151.8322,153.8368,155.6995,160.3269,161.4265,161.8145,164.7046,163.666,167.7529,168.1884,168.7715,170.6498,174.1836,176.8084,177.4493,180.6956,179.4281,181.7752,182.8341,183.4907,182.1617,184.8598,183.7043,186.9953,186.5077,188.6322,184.769,187.1326,185.3033,184.367,184.6216,181.5535,178.2584,178.0314,177.1161,172.949,167.4701,164.5302,163.3667,159.6963,155.9207,150.0114,147.1818,144.079,137.9405,134.2628,131.5434,127.7634,126.7492,123.0755,119.1053
METER_016,2026-01-08,174.9452,174.6008,176.2817,171.2811,175.1045,176.7878,171.1311,176.7447,172.7661,173.7507,175.9287,178.601,171.4187,174.5936,173.8208,176.5706,175.8864,173.829,175.2681,178.2896,178.1346,185.635,187.2497,200.5084,209.6193,218.8217,238.3535,251.2731,267.6951,275.2009,282.8125,289.4337,289.1408,296.0511,298.3188,299.8917,297.8258,297.2418,299.0466,296.873,296.0382,293.3033,296.5475,288.0982,286.2987,284.5244,281.0525,279.7398,278.7404,276.7486,274.372,286.9615,286.8158,290.0795,292.2723,301.0308,296.0845,301.6275,296.8562,299.5962,298.2889,297.9408,295.8823,298.4705,300.5286,301.074,299.4529,297.3827,296.4229,297.1101,301.0109,295.9713,299.8831,296.5059,298.2799,297.6658,298.539,298.8851,297.3301,295.219,296.9253,294.9914,295.5741,286.8005,286.872,277.9345,268.4232,252.1422,233.7371,220.2807,207.2754,193.3656,187.7064,183.8971,180.0078,175.9712
METER_001,2026-01-09,44.0886,40.969,38.9381,39.3994,36.527,37.4275,36.6137,37.3582,35.8634,35.7822,34.1313,35.3773,37.0233,35.8162,36.4207,38.3207,38.6001,38.3141,40.0706,40.6978,41.6489,42.9636,45.0253,49.9321,53.1319,54.0875,57.8856,59.6755,63.099,62.5127,63.1702,63.4238,62.4761,60.1693,58.4298,55.8368,52.56,49.9979,47.088,44.9145,42.6331,39.9412,38.5832,38.1095,36.4662,36.7736,36.0491,36.08,34.8084,37.3189,37.4424,35.9942,35.2528,35.6213,37.7368,36.4343,36.4354,38.7415,38.2851,42.4237,43.2198,45.4785,47.0847,49.7227,53.6508,56.7852,59.9746,64.9282,68.7816,73.1263,78.0488,82.2394,86.7734,89.6594,92.9167,94.3277,97.1236,98.0826,99.3326,98.2084,96.1851,94.2198,93.2662,88.8269,87.9219,81.7454,76.1153,73.7336,68.5655,63.5311,60.4424,56.7241,53.7619,49.6524,47.958,46.1257
METER_002,2026-01-09,65.9308,65.1278,64.522,64.5624,64.8433,65.9013,66.5047,66.0389,65.6386,65.2504,65.017,63.5074,65.3258,64.7419,66.8525,66.8989,64.9354,65.2435,64.9077,64.7429,66.6828,67.4985,66.9226,67.7632,70.3044,70.9367,75.0321,77.8187,85.3953,94.7545,105.3209,119.7076,133.5992,146.4688,155.1498,163.288,170.0867,173.0138,177.2167,179.8382,180.7541,182.7729,183.1649,185.1449,184.6193,186.0139,185.4682,188.8383,188.3327,187.305,188.9857,187.6888,188.9659,188.3574,188.6431,190.1294,187.5413,189.972,188.1523,187.9869,188.0567,186.9568,186.6759,183.2861,182.7268,183.047,180.2147,176.061,172.4583,167.8129,158.6592,148.1754,135.6443,122.3351,107.0137,94.5963,86.6164,79.4633,73.5012,72.536,70.2438,68.2625,66.5164,66.764,65.7692,66.3898,65.1983,64.9174,65.3798,66.6852,66.8938,66.8157,65.4539,65.8625,66.6444,64.8112
METER_003,2026-01-09,135.6722,136.7672,132.0774,130.6026,127.1465,129.6552,125.9048,120.7442,123.8334,120.2697,120.1113,119.9698,120.8495,120.4575,119.5757,119.2993,118.6185,121.357,120.2196,120.8175,120.9148,121.5991,121.7073,119.7238,121.7029,122.0088,127.1261,128.9142,126.7057,129.1714,133.1946,134.5767,136.8104,141.2848,142.2079,145.0842,148.0197,150.948,153.7802,158.5336,161.5554,163.4184,171.2689,172.1203,175.2039,178.1636,182.0319,184.1404,185.7804,186.8682,189.2315,196.4655,196.9977,199.2458,199.4465,202.8201,204.8196,204.6138,207.942,206.9741,212.3589,210.5729,213.0049,213.7232,213.2684,218.9438,217.3796,218.7985,222.684,221.2242,219.1453,221.6017,218.4514,218.4097,216.6965,218.5455,213.816,213.5661,211.1553,208.3992,201.8985,198.265,196.673,190.4799,186.4494,184.3809,178.4819,173.484,168.4054,162.6568,161.4807,157.2262,151.9637,150.6191,145.6567,139.1775
METER_004,2026-01-09,118.0046,113.7613,116.4762,116.6659,113.7506,115.4981,114.3142,114.5218,116.6297,116.356,117.0216,119.2122,118.2302,114.9813,114.8417,116.5927,116.6837,118.1355,116.9705,120.9476,119.2146,121.6015,126.0061,130.1423,138.5956,145.587,160.4634,169.2427,176.1679,184.3326,190.3958,194.3302,196.948,197.7241,199.4311,201.6046,196.1059,200.9736,198.7429,201.3003,201.0649,198.678,198.5456,196.5966,192.5345,191.7646,188.4202,187.0593,184.2636,184.9162,186.4249,194.0629,192.1335,195.4844,196.465,196.0688,198.2043,200.0862,200.1157,199.9961,201.3071,199.6872,199.6702,197.8087,198.6393,199.2494,200.0088,202.0684,198.8859,199.7925,202.0287,200.5091,200.2183,201.0224,200.3187,200.2087,200.0112,199.8506,198.8266,199.4372,199.2423,195.6151,197.5198,193.0124,189.2234,184.8946,178.0794,167.8521,161.227,149.7101,137.9623,130.1721,126.6066,123.7404,118.8147,118.0738
METER_005,2026-01-09,34.7311,34.1187,32.0687,29.4034,29.3304,29.7282,30.8583,29.4729,28.3175,29.668,28.056,28.7294,28.3378,28.8114,28.1851,28.8295,31.0042,31.8844,31.3566,33.4551,34.4966,37.2814,38.2605,41.8551,43.7775,45.0216,46.8427,49.9282,50.952,51.6596,50.7984,51.788,50.6055,48.1143,46.2129,45.1695,42.9118,39.7121,38.2136,35.6715,33.6932,33.3802,30.4141,30.7478,28.901,29.2887,28.8202,29.1125,28.3483,29.8779,28.2478,30.0633,28.4063,28.112,30.4134,30.6702,30.1641,31.3789,31.9109,32.8006,34.7866,35.4933,38.3288,39.8075,42.3505,45.7309,48.5528,51.7038,55.5309,59.1475,63.1769,66.0642,69.4238,72.2884,76.0315,77.2815,78.7517,80.018,80.1781,77.4836,78.5274,77.8583,74.4691,72.5561,70.043,67.2864,62.6652,58.123,54.6369,52.2668,47.7381,46.3079,43.3435,39.0344,37.5186,36.3543
METER_006,2026-01-09,53.8635,52.5195,51.9283,53.024,52.3397,52.5871,51.2228,53.3891,52.6047,52.3973,51.827,52.3119,52.7043,51.2748,53.1685,52.2001,52.4696,51.6889,53.4452,53.1826,52.3512,53.5121,54.1424,52.9376,55.9588,57.5581,59.722,63.6397,69.317,78.2737,85.6202,96.084,107.6293,117.9224,126.5806,133.359,138.9417,140.9366,143.1386,145.4815,146.0611,147.2709,147.1576,149.7866,149.0071,148.6021,150.6582,150.3989,150.6275,152.3676,151.9125,151.7635,153.2718,153.7209,152.705,152.6931,153.2523,150.9036,152.0658,152.5285,150.2262,149.9435,150.004,148.5139,150.5297,147.0403,146.1601,142.4353,139.6232,135.4004,129.2018,119.6789,108.5178,97.5126,87.441,77.317,68.7958,65.2981,59.4334,57.5955,56.7131,56.1378,54.6066,54.2992,53.2269,53.5857,51.8824,52.3819,52.6442,53.128,52.8491,53.7885,51.9899,52.4329,53.3705,51.7932
METER_007,2026-01-09,110.8507,105.5162,104.3008,105.0774,99.5346,100.5673,100.7912,97.8224,98.3067,96.3498,95.9574,94.0899,94.371,92.8088,94.5883,93.3843,95.2665,93.7122,95.0342,93.4726,94.1197,95.0987,96.6318,97.8968,95.1269,95.9037,97.6221,97.9824,99.1259,103.0086,104.8151,105.1253,106.9936,109.6433,110.2187,113.798,114.9039,118.3614,121.2324,123.6372,126.2982,128.3612,131.1998,135.5573,137.1769,138.6731,143.0361,143.3588,148.0786,148.5363,150.2887,152.2599,154.6165,155.942,155.8155,157.8007,159.7906,162.4372,161.8562,165.0604,164.5585,165.6793,166.1069,167.0792,171.4096,169.0844,169.5212,170.4449,174.6654,173.6763,176.1593,172.5363,172.3036,172.4565,171.2163,168.0239,170.13,168.5349,166.504,162.4383,160.8258,157.3088,153.3107,151.2289,147.064,143.7174,140.5007,137.4038,133.2319,128.951,128.542,122.0194,121.2238,114.3938,115.0825,111.5865
METER_008,2026-01-09,155.9311,156.3705,161.5107,159.0556,160.0327,160.4892,163.3577,159.201,158.9396,156.3851,158.7891,162.155,159.3714,158.8647,158.1352,160.7576,162.6762,160.967,165.0598,162.0251,163.5247,167.1442,174.4151,176.4072,190.1822,202.7385,215.2494,230.9957,246.2068,253.8223,262.6457,265.8826,269.2215,272.3249,274.2182,272.5484,275.2805,271.5551,271.3274,274.2206,274.9824,270.9869,268.4939,267.0316,264.5019,260.0239,258.3942,257.5333,258.253,256.5155,257.0142,258.922,263.9649,266.7481,269.8807,270.6498,274.0895,273.2747,279.1573,277.9326,272.6462,275.0119,274.801,272.897,274.8112,274.8583,275.0574,276.4376,274.9345,278.4785,276.7008,274.8836,275.6812,278.2442,274.396,276.1039,273.9005,275.705,272.9384,274.554,275.9024,275.6326,271.1487,268.5031,262.2111,252.061,242.0705,229.389,219.4815,205.8246,189.4886,177.0077,171.5902,172.1559,168.2324,165.8819
METER_009,2026-01-09,46.5114,44.7192,45.3678,44.4974,42.3016,40.2181,39.6764,40.3279,39.2464,38.9968,39.8623,40.2508,38.6225,40.2356,39.6747,38.801,41.6012,41.2577,43.1902,44.3877,46.3226,50.0989,51.162,54.8051,57.1802,61.0386,63.4678,65.3339,69.3895,69.7009,69.649,67.9707,69.3455,66.1261,64.8426,60.1994,59.0094,55.1407,51.8007,48.674,47.8246,44.2841,42.7505,41.7589,41.1004,40.2485,38.241,38.6929,39.2687,39.95,39.1291,38.8064,39.5363,38.4437,41.1593,42.4479,42.441,41.9454,43.9353,46.2591,48.108,50.5746,52.8238,54.8101,58.9193,62.9648,67.783,71.736,77.0139,80.797,87.106,88.6692,93.5035,98.0993,103.3963,104.6393,107.0829,108.1267,108.8381,108.014,106.8778,104.6526,102.1929,98.1593,94.3686,88.8719,83.7342,79.7205,76.1451,70.4532,66.1409,61.392,58.9392,54.533,51.8151,49.9844
METER_010,2026-01-09,73.5064,73.2244,74.6241,72.8512,72.6712,72.1896,71.4912,73.2465,72.0487,71.8375,72.8565,72.5557,72.4563,73.6277,73.6419,73.0999,73.3687,72.0809,72.4529,73.4494,73.5724,73.0316,75.2775,73.9644,76.4309,77.5219,82.2414,88.1777,93.4802,105.1176,118.3149,133.4944,147.8817,162.8597,174.259,183.0432,189.4611,194.6187,195.6933,199.1241,199.8521,201.6412,202.3364,205.6163,205.6201,204.6507,205.5252,207.7333,208.7753,208.5284,208.7575,210.2813,209.3209,208.5839,209.4722,209.7222,210.1564,209.9565,208.237,208.6853,208.2302,206.493,205.4651,205.9137,202.044,202.0483,200.8051,195.8216,190.3009,185.8227,176.4664,165.1291,150.0677,134.4137,120.2169,106.0495,95.1487,88.0713,81.332,78.4296,77.3904,76.1853,74.7193,74.0974,73.4034,74.7048,73.7225,73.0465,73.2452,73.2664,72.5642,71.2697,72.3047,73.2501,73.4747,72.1479
METER_011,2026-01-09,86.0416,82.6138,80.8467,81.1898,81.1116,79.4606,79.6025,76.9841,76.3656,76.0928,76.7486,75.1237,73.8824,74.6526,73.9483,74.3769,75.2167,73.5255,74.5846,74.151,75.2583,74.5138,74.2633,75.1843,75.0221,75.4715,76.5975,79.3031,78.5415,79.9297,80.9642,83.8296,83.9153,85.639,88.4824,88.5804,91.8919,93.3401,96.044,98.9266,99.8254,102.6806,104.7473,105.7969,108.1364,109.5606,111.1714,113.8377,115.3641,117.6715,119.5103,120.3099,121.2041,122.745,123.3163,123.6073,127.1909,126.4885,126.4614,127.9492,130.764,130.9829,132.6273,134.4341,134.6177,133.9503,136.7434,135.5777,136.6435,136.7199,136.2715,137.3945,138.0822,135.4656,134.4853,133.8444,133.7259,130.9185,130.2884,128.453,125.8555,124.7376,120.3507,119.053,116.7409,113.032,109.3714,108.9681,103.0144,101.8094,98.2121,95.6626,94.2046,92.5431,88.4595,87.2218
METER_012,2026-01-09,128.4521,126.7161,129.3824,127.7519,128.0733,130.0176,127.6368,128.5423,129.4432,126.3516,127.4241,127.5096,126.6321,126.3677,127.2913,131.3786,128.2979,127.0387,129.3912,133.0857,129.1793,136.2218,137.6022,142.806,152.0669,160.8426,173.2893,185.8864,195.7601,203.2504,210.0058,214.2545,217.5282,219.837,218.637,219.8064,220.7373,218.7221,218.484,220.4115,220.6402,215.0617,217.1028,212.4143,213.0681,209.0335,204.9517,206.2391,203.4073,205.2529,206.8514,209.6324,211.474,214.2823,217.425,218.2381,216.7534,218.7302,220.3383,222.9,220.7294,221.5493,219.6246,218.0096,219.2514,220.137,219.4074,220.0468,219.6123,217.5139,220.284,221.1101,219.7157,221.6966,222.0589,221.4093,218.1489,219.9289,220.6098,219.0758,218.7809,216.2902,216.6402,214.1194,206.3205,201.0066,197.7809,187.0282,173.09,160.7261,153.2615,145.2083,139.2121,134.9659,130.8791,131.1454
METER_013,2026-01-09,36.6454,34.2077,34.7673,32.7083,33.7162,29.7984,31.7204,30.1855,30.8585,31.5535,29.0956,28.9601,31.4082,28.1017,30.0176,30.213,31.9674,32.1979,33.0626,35.393,36.5454,38.2927,40.0866,41.8744,45.1385,47.8741,51.9906,50.4898,54.6434,54.8176,55.663,53.7151,55.3095,52.296,50.8545,47.6343,46.1997,42.8123,39.4411,37.6217,36.5244,34.8923,33.6776,31.9357,30.6707,31.3806,29.5993,31.9322,30.9737,31.1545,30.7693,29.7449,32.5468,30.413,32.0494,31.6203,31.4764,32.3422,33.2718,35.2705,35.8414,38.6621,40.4999,41.7749,46.7702,48.187,51.8509,55.2385,60.1764,62.4222,66.4817,70.5084,72.877,75.8084,80.1581,80.6837,84.2522,83.5995,83.6807,85.1195,82.8875,81.354,78.6418,75.7934,72.8112,69.2608,66.2293,63.556,59.9386,55.663,50.7901,49.3739,44.9869,43.1501,40.8945,38.0981
METER_014,2026-01-09,55.213,56.0981,55.4595,55.457,55.5271,56.3659,55.8834,55.1246,55.6496,55.8111,55.2201,55.5171,55.7416,55.7673,56.6438,56.3041,56.9312,56.4605,54.7024,55.9033,56.0601,55.8084,56.5123,58.1017,57.6057,62.1138,63.2781,67.6316,72.6349,80.833,91.4376,103.7148,113.9206,126.0569,134.2498,140.29,144.7539,148.4468,150.9462,153.2672,154.6572,154.8361,155.2185,156.4132,158.0619,158.5161,161.311,160.053,160.0537,161.5282,160.8727,161.4443,161.3418,161.1567,160.8921,161.464,160.7022,160.6021,160.3678,160.8149,160.8206,159.9555,158.5468,158.6681,156.0896,155.5392,152.4048,151.4064,148.27,141.7491,135.2358,127.3186,116.1089,103.319,92.0747,81.1661,73.3976,67.7684,65.1554,60.8868,60.0416,57.8483,57.0082,56.9952,55.5449,56.7293,54.893,56.2867,55.792,55.4667,56.0298,55.6844,55.9983,56.0484,56.9483,56.937
METER_015,2026-01-09,118.7047,115.5468,115.0861,110.7962,112.0213,106.5897,108.1649,106.8394,108.722,104.679,102.0573,104.9199,104.8756,102.6099,102.7844,102.7081,100.8539,101.3357,101.2085,101.3299,103.5755,107.6486,104.2958,104.03,105.7776,107.7847,107.1735,108.9655,112.0257,112.0779,113.6758,114.2587,118.1824,119.4438,122.3947,124.1539,126.5063,129.4078,130.9552,136.7512,136.8753,141.8846,144.3583,147.2935,148.9759,150.2178,155.5546,156.8546,160.3645,163.1952,164.1201,164.1644,167.8713,169.6821,172.9082,171.0673,171.5029,176.9154,173.9614,176.0588,180.0145,182.3258,183.5017,183.9731,185.2705,187.4624,186.2557,186.9854,189.6133,190.1927,187.9877,189.4504,189.0639,188.0497,187.0326,186.4938,183.5353,182.8701,180.0469,178.0515,174.7516,172.1724,167.5035,165.9608,161.8444,157.8986,152.8188,149.9271,144.6954,140.3345,137.7191,134.0734,129.4421,126.1619,123.7427,120.3069
METER_016,2026-01-09,176.0956,179.054,180.1726,176.9521,174.7363,178.1017,177.5412,178.6369,176.9645,177.4329,182.2584,177.9269,171.9269,177.7412,177.8211,177.9553,182.0757,178.0159,180.5698,182.8323,178.5801,188.0424,193.0496,200.9294,214.4945,226.7128,242.5358,255.5853,273.1181,281.5328,290.9483,298.638,299.812,298.4194,304.1646,300.6085,304.1089,303.3686,306.1333,309.1637,306.4255,305.5512,300.7029,296.5949,296.3784,291.6241,287.8887,286.3699,282.5896,283.7408,287.6035,294.5206,290.5421,295.9026,305.7213,302.7181,303.6194,308.3966,307.4629,306.9536,306.1343,310.9832,304.588,305.5752,306.2959,306.2697,309.2448,305.1187,308.2928,305.1745,306.1455,308.9243,305.6498,309.1418,305.8822,308.224,306.1791,307.5877,302.949,304.4534,305.0046,304.4308,300.4296,297.0344,286.7844,282.4629,269.2288,258.081,237.4422,225.4539,209.486,199.4274,198.2491,183.127,184.4872,183.2912
METER_001,2026-01-10,45.9932,42.0004,39.9783,39.9797,38.4073,38.3055,36.7487,36.939,35.3567,37.7592,36.0034,35.8519,37.2405,35.6697,35.9414,37.0763,36.8488,37.3442,38.2925,40.35,43.5364,45.5276,48.936,52.0908,55.5759,57.2494,61.0016,63.8209,66.0008,66.4007,66.8615,66.4299,65.1261,63.8486,59.3167,57.9638,53.342,51.0375,48.3116,44.3988,42.7325,41.8943,37.4163,37.8617,39.0656,37.8101,35.6098,36.2622,35.3913,35.2843,36.3739,35.8363,36.4039,37.4085,37.7589,38.0843,38.6173,39.442,39.907,40.7499,43.5418,45.0304,49.1408,50.8658,54.863,59.3932,63.6985,67.6979,72.4484,77.348,82.3471,85.6626,92.5544,95.458,99.24,101.4128,103.3604,105.3376,104.9348,104.6945,101.9943,100.5606,99.41,95.7097,89.8715,85.9404,81.8217,76.3489,72.0312,65.8561,62.8063,59.3061,54.455,52.1379,50.2468,45.4139
METER_002,2026-01-10,68.1917,66.2375,66.1077,66.9494,66.8453,64.5588,67.1487,67.9107,66.2869,66.1698,67.0989,65.8268,66.9173,67.3921,66.2856,66.7691,65.7581,66.9597,68.2677,66.4451,68.2846,66.7798,66.841,67.6711,66.6994,67.8899,70.1323,70.6684,72.9127,76.9735,82.2039,87.8743,93.2602,96.9926,102.4258,106.1548,107.9753,110.1903,109.3149,111.4579,109.9608,111.881,113.2169,112.5321,112.7408,112.8521,113.5526,112.8498,113.3229,114.661,115.1479,113.9903,114.7144,115.38,114.735,113.9033,113.6326,112.7404,114.0745,113.3827,112.6051,112.9573,113.7255,113.7972,112.7413,111.2279,112.1056,111.8272,107.3451,105.7607,102.734,98.9275,95.2112,89.3625,81.9989,79.293,74.3546,72.0115,71.4508,70.1897,69.3921,68.5095,67.7744,67.9286,67.1651,68.0992,68.6565,65.9915,66.9726,66.9428,67.0522,67.5115,67.063,67.0196,66.3498,66.5739
METER_003,2026-01-10,143.4602,140.2249,136.5995,136.6884,133.993,129.3678,129.9228,126.537,126.275,123.7688,128.04,120.7179,122.2581,120.5393,122.742,124.0495,121.5811,120.6201,122.6859,124.1902,123.1954,121.8378,123.4389,125.235,126.3647,126.7141,130.3902,131.447,132.3845,131.6789,135.0654,135.1896,141.5489,143.9277,147.2008,151.8981,152.6367,156.3935,159.48,166.5919,168.0127,171.7759,175.7889,179.3502,182.6126,186.1681,190.6034,193.3694,195.0121,200.8954,200.7907,204.4334,205.6239,207.3665,211.5341,212.5539,214.4033,216.6202,220.2029,218.2931,220.3282,223.1708,221.0082,227.3482,230.0988,231.9896,230.7698,230.5501,232.5353,231.9569,234.3444,232.9811,233.5668,230.7662,232.0919,230.6124,228.0804,224.8243,221.871,213.5967,217.1185,210.8098,204.9234,202.269,196.2713,191.1817,186.7088,183.5692,177.3107,172.1849,166.9536,162.2852,157.4963,156.5405,148.4332,142.9393
METER_004,2026-01-10,116.3038,119.0363,115.0069,118.1981,116.4827,115.013,114.0719,118.0109,116.4339,117.484,117.5446,116.3651,116.6252,115.7298,116.9313,118.1483,114.7084,116.0149,116.1823,117.3409,120.5293,120.7332,126.1774,128.6066,134.8863,143.7055,153.1937,158.4195,167.1659,172.3631,178.1902,180.8834,181.4299,182.4428,183.8991,183.9112,185.1437,184.3091,184.3521,187.1639,185.2452,184.2496,182.3672,179.5295,177.1589,177.1447,173.0472,174.3174,171.2009,172.2691,175.858,179.255,180.2696,180.1666,180.2756,184.6179,184.1435,185.7324,186.1856,185.0298,185.5135,185.6005,184.9192,184.7369,185.9112,184.5067,186.0736,184.4218,188.1437,185.5471,184.4984,183.2735,187.5072,186.389,185.9829,186.8915,187.0101,185.7852,185.6986,183.801,183.6988,182.7053,182.9763,181.3082,179.3481,171.4383,167.2373,159.225,151.7253,139.4368,134.8849,128.2773,123.3844,122.6079,118.5365,117.0969
METER_005,2026-01-10,34.1161,34.2572,32.6843,31.4582,31.1475,29.5098,29.8309,28.7654,27.9546,27.3384,28.7453,29.3124,28.6968,28.9593,28.6727,29.679,30.9097,30.8642,31.1229,33.3341,34.8884,35.6431,38.5289,40.3763,42.7083,46.6331,48.3619,50.2211,52.272,52.525,52.7646,53.2952,50.6754,50.6915,47.7313,45.9885,42.2647,39.6651,38.0808,37.2338,35.4959,32.6156,32.5871,28.929,29.8533,28.7003,28.709,29.9385,27.6796,28.3619,28.9634,28.2113,27.6987,28.7711,28.0311,28.7945,30.401,30.8986,30.8831,32.9362,33.5949,35.8933,38.5701,39.8271,44.1374,45.8861,51.8579,55.3604,58.4728,60.3972,65.3748,69.4475,71.9753,74.1443,79.0564,81.3234,83.3781,83.49,83.2855,84.4922,81.4508,81.5543,77.5355,76.5132,72.1773,67.78,64.0474,61.0854,57.5784,53.6265,50.4667,46.0894,43.8823,42.0085,37.6335,36.1393
METER_006,2026-01-10,51.8859,50.6609,50.4659,50.3583,50.6831,52.1571,52.9724,52.35,51.8507,51.3429,51.4907,51.1271,52.2484,52.179,52.7746,50.622,50.5335,53.2243,50.5195,52.5753,51.3406,52.4314,54.1744,52.8081,52.7387,51.7954,55.5223,56.2286,57.1493,60.7349,64.0259,68.9812,73.2526,77.66,78.8742,81.771,82.6031,84.1741,85.1205,86.6483,85.0236,87.4443,87.4734,88.1637,87.3025,87.0072,87.9374,88.5551,88.7196,88.1272,90.1221,88.7571,89.5049,90.9654,89.3165,88.3558,88.6834,89.6098,89.1996,87.6924,89.4393,86.6307,88.2742,88.7195,85.7927,86.951,86.5144,85.8283,84.4256,81.1073,81.604,77.7328,72.3849,68.705,63.8654,61.4322,58.3806,56.2208,55.1202,52.9562,53.6278,52.2536,52.7542,51.0649,51.0169,52.1212,52.5539,51.5411,51.958,53.2229,51.9469,51.7063,51.3324,51.7897,51.9948,51.3369
METER_007,2026-01-10,108.636,107.3987,104.2951,104.3623,102.6245,99.7146,100.1564,97.9347,98.1911,93.1392,93.8734,95.4203,95.829,94.1119,93.0592,93.2226,96.034,94.072,93.8519,93.3101,96.4061,93.3374,96.678,95.2886,98.4998,96.9458,97.1626,99.1823,101.1667,103.1448,104.0991,104.5388,109.253,110.3102,112.8886,113.6064,117.3465,120.3027,122.149,126.313,128.6732,130.3613,135.532,138.0486,140.4691,142.317,143.2344,148.4605,149.6676,152.8749,153.9847,157.1101,159.4785,159.4566,161.7899,164.7261,163.2783,166.0241,166.4439,167.3846,168.3968,170.943,173.0809,173.267,175.0523,177.4455,177.3541,178.1292,179.4366,178.1852,179.2654,178.3311,178.9398,182.1823,177.589,175.451,172.5459,174.0787,169.8202,167.5001,167.1958,160.0688,159.8276,154.9181,148.8435,149.0823,142.9294,138.7435,136.8666,130.0673,127.6932,124.4697,119.6096,119.7127,115.1003,113.0859
METER_008,2026-01-10,166.4453,160.1684,162.9235,165.1732,161.7598,165.0113,161.4773,163.0281,159.4534,161.2973,161.1254,163.5574,162.3761,161.8467,163.779,165.9817,162.13,163.0969,163.9764,166.8036,169.0668,172.9561,175.625,181.0373,184.8563,199.3751,213.6776,222.3809,234.1799,241.4287,245.9602,252.1488,253.6105,255.8819,256.2714,259.1644,258.7377,256.5012,255.3432,254.9413,257.216,257.5287,252.6468,251.1292,248.3892,242.4345,246.5036,244.2662,241.9497,240.0908,245.2226,249.5347,247.7231,252.8855,255.1681,253.6496,258.7814,256.7167,259.3889,256.2749,259.1652,256.4983,260.2119,258.1452,255.577,253.8516,259.8995,258.6948,260.4083,258.9457,261.9164,255.8617,254.8062,256.6356,254.7593,259.5169,258.2735,256.8214,256.5362,256.6919,256.9502,254.9908,256.2732,251.3941,246.5006,243.4584,232.7026,220.7535,209.5997,199.3975,189.0291,179.7418,173.9533,168.3062,165.5195,165.209
METER_009,2026-01-10,49.0665,48.1673,45.5716,44.8982,42.4381,43.2507,41.5211,39.2285,41.5046,38.9071,42.0684,39.7451,40.6199,40.6367,42.0267,39.1693,41.1814,42.1449,43.9339,45.048,48.6071,50.8979,55.5082,57.7659,61.9993,63.4595,68.3697,70.3008,73.3896,74.4008,75.3215,74.5002,72.6276,71.629,67.9013,64.9761,59.7222,57.0459,55.3302,51.5249,48.8879,46.3514,43.1397,43.0173,43.4729,40.2623,39.1695,40.7311,40.5925,38.9188,40.7097,39.8941,40.1978,40.4883,42.8237,42.3215,42.7033,43.7696,45.8493,47.8962,48.6636,51.4989,53.6395,56.8455,60.2924,65.2725,69.4715,75.2317,81.1243,86.7468,91.4657,96.8768,100.8352,106.5734,111.2154,114.9924,115.788,116.9424,120.2702,116.6383,115.8506,115.1198,111.2419,106.2417,101.8567,96.3487,92.7872,85.804,80.5218,75.6366,71.1475,66.1628,61.4727,57.528,53.6205,50.9832
METER_010,2026-01-10,73.0345,74.7264,73.0573,72.6955,71.6119,74.1084,73.3102,73.4666,72.9954,73.1928,73.8763,73.3652,72.0598,72.6767,73.4335,74.4038,72.6298,72.8204,72.2085,72.76,73.6337,72.5816,74.8115,74.8597,71.7366,75.6833,75.3149,80.3051,82.3961,85.7667,90.0054,95.1586,101.5379,106.1608,112.6291,115.3085,116.7793,119.7892,122.0488,121.8697,123.0069,123.0456,122.7174,123.2535,121.6217,124.3245,124.3709,124.9695,126.3254,125.3941,124.3725,126.3164,124.7292,125.912,126.0702,127.1877,125.0809,125.9595,125.6921,125.0918,125.6767,125.6012,125.079,123.7103,123.8194,122.4745,121.5949,119.7984,119.3284,117.8407,112.8299,108.39,103.4534,97.443,92.3137,86.5981,82.0773,80.2604,77.6057,75.7822,75.729,75.6809,74.0891,75.0947,74.2421,72.5035,71.9075,73.2497,73.1055,73.1291,71.7238,72.7772,73.5042,72.2307,73.636,72.0386
METER_011,2026-01-10,85.5943,84.8656,83.2283,79.7635,79.1146,78.9068,78.232,74.3784,76.0391,73.2046,74.995,73.1194,72.1601,72.2207,73.5623,72.0953,72.7702,74.5962,72.8098,73.9035,74.7304,74.4417,73.1203,75.0555,75.8752,77.1735,76.6901,77.2252,77.6767,80.8265,81.0437,82.2637,85.1782,85.3987,87.731,89.4954,91.5207,95.7819,97.4109,99.1585,99.8045,102.8124,105.3399,107.4264,110.2686,111.5532,113.3015,113.2321,117.5058,118.0276,121.3047,121.816,123.8408,123.7584,125.9671,127.6022,129.1142,128.8883,129.9986,132.5938,133.299,133.357,135.3518,135.4711,134.9494,138.8155,139.9361,139.2321,140.6587,139.7766,141.3581,140.4796,140.7422,140.4762,139.217,135.6894,135.3459,136.3173,134.3848,131.4976,128.7143,126.3793,124.3637,119.9844,117.2165,114.2012,112.379,109.1482,105.0422,102.1795,100.1336,96.7514,95.3868,91.7221,89.7681,87.4969
METER_012,2026-01-10,125.3628,122.8179,128.859,125.1226,124.834,125.2347,123.6455,124.4864,126.1756,124.7491,122.4965,124.7486,124.8181,122.6554,125.2283,127.855,125.078,127.293,125.8852,129.4279,127.8287,131.6477,133.5331,139.5103,144.1781,151.8307,162.7106,169.8965,178.2106,183.6892,190.8039,194.6601,197.9271,199.0606,198.719,196.0594,197.3875,197.8852,201.0284,196.1425,197.4761,198.8979,195.8481,192.211,192.1375,190.8895,190.7501,186.0612,186.4352,185.7339,187.2019,188.6407,192.4426,194.8601,193.9957,196.3454,193.9239,198.6147,199.8181,197.6907,200.1318,197.5192,196.8445,201.0102,198.2539,199.7145,201.4261,201.604,199.9606,200.8041,198.9915,201.0329,198.0589,198.6547,197.9047,199.8007,197.3493,198.6166,201.0126,196.2733,197.8636,198.455,196.2034,192.7099,192.7703,181.7374,178.5464,172.346,164.2874,151.1721,146.1703,139.5655,134.1223,130.9215,131.5514,126.6013
METER_013,2026-01-10,36.0476,35.491,35.1459,34.1826,32.0329,30.2182,32.2116,30.2325,31.5839,29.7004,29.7676,30.2828,29.9947,30.3636,29.7983,31.261,32.2146,32.5182,35.1122,34.6326,35.5366,37.7557,39.3248,43.4749,47.2907,47.9325,51.0638,52.9974,54.1074,55.0192,57.1401,56.6768,54.2635,54.3844,50.716,47.8798,47.0266,43.1002,40.2705,37.6048,36.1342,32.9616,33.8994,31.854,31.4652,32.0421,31.5899,32.0235,30.1927,30.344,29.5581,30.7997,30.8227,30.7945,31.5851,33.907,32.2845,33.3333,34.4056,35.7662,37.958,38.1328,41.9342,42.4432,46.1765,51.3626,53.3577,56.9539,61.1324,65.5477,71.166,73.4017,76.0294,80.4462,83.214,86.4116,87.8591,89.5785,89.9308,88.6994,87.8272,86.0858,82.4638,80.3527,76.7259,73.1235,68.6273,65.7996,61.6181,57.4439,53.7946,49.5815,47.6126,43.5886,40.7073,38.067
METER_014,2026-01-10,56.4312,57.9091,58.296,56.3063,54.7577,56.9967,56.7297,57.0337,57.4818,57.0166,55.1503,56.5585,56.4891,57.7232,56.9275,56.5935,56.0543,56.5523,56.6778,58.01,56.8256,56.5072,56.469,57.3577,57.5839,57.4214,59.0077,61.0505,64.3059,64.4525,70.2196,76.1177,78.9998,83.8215,86.9659,87.3569,91.5144,93.1841,93.6809,94.312,95.4746,93.5956,95.1187,94.6376,95.386,96.5516,95.2808,96.2106,95.8334,96.5864,96.7537,96.9388,96.919,96.7282,95.7489,96.5248,97.0387,96.544,97.026,94.8699,96.3474,97.9465,97.0291,96.5518,95.4202,92.5436,92.9893,93.2922,91.5151,87.8694,87.5231,82.3275,79.0129,74.6938,70.4308,65.7936,63.3763,61.1527,58.5415,59.4324,59.0144,57.8409,56.2914,57.3829,57.3635,56.3319,55.619,56.9831,57.5368,58.3572,56.0063,57.5079,56.0582,55.578,56.561,57.0495
METER_015,2026-01-10,125.3124,120.3494,121.6086,115.223,114.2469,110.4468,109.5686,108.7593,106.8441,108.0522,106.5575,104.8122,105.4077,105.638,106.2987,104.9517,105.6822,105.8908,104.4324,106.7006,106.8423,105.3332,106.1029,108.1558,110.1589,109.5452,111.2678,110.4104,113.0015,115.6422,117.0784,118.2721,121.2429,124.0451,125.808,128.7044,133.1652,133.9723,137.3501,142.2346,144.8975,147.9962,151.3976,157.5306,158.3549,158.0969,162.9273,165.2654,167.5799,173.0558,173.1091,175.7757,179.6951,179.0178,179.4799,181.5969,186.0473,186.4277,187.0916,189.6173,189.0825,193.8086,194.2825,195.6213,194.6116,197.0739,200.8976,199.3878,201.1982,201.2408,200.2178,202.0742,200.3414,198.5416,198.9604,197.8844,196.6221,194.5698,189.7431,188.781,185.1604,182.7818,178.7325,174.4997,172.4094,165.2336,161.8797,156.9787,151.0758,150.721,142.5048,139.2942,135.929,132.3125,128.2274,126.2052
METER_016,2026-01-10,179.5474,181.4137,178.7045,178.5632,179.2493,185.7907,181.9419,181.9524,180.1727,182.617,178.4275,179.7069,180.8446,177.1352,181.1813,181.3125,180.2863,183.9633,180.8912,186.8454,183.9102,187.5339,193.6398,200.9134,210.0055,218.7427,231.631,246.1754,262.0982,265.8137,274.7434,278.434,281.3326,288.4478,285.9014,285.1182,285.4513,287.2129,288.4616,288.3871,288.4081,283.2897,279.7647,279.5071,276.3166,273.7873,272.5677,270.7892,271.6658,269.0718,271.4564,272.9813,278.214,280.7141,282.9927,287.4838,281.0238,284.7664,287.6716,284.7409,288.5131,285.6023,281.7635,285.2153,288.7306,285.7822,287.5536,288.5941,285.6983,287.8696,289.6846,289.924,286.7837,285.4027,290.9023,284.189,289.0941,283.07,285.5494,285.2945,282.3522,284.7642,281.8526,278.7161,271.3538,268.1408,256.2173,246.5173,237.5287,218.2298,207.4087,199.4838,195.0634,189.2937,183.5405,181.8919
METER_001,2026-01-11,44.8505,41.6015,39.9511,40.0706,39.7509,39.1074,38.0851,36.5976,37.7094,36.4118,37.0313,35.7209,36.0892,36.9822,37.0378,37.2556,38.8705,38.2811,39.0344,41.0391,43.5451,46.958,49.8167,52.6905,53.9035,58.7432,60.7953,64.4129,66.6542,67.0692,67.8082,67.9809,66.0596,65.3847,60.1461,58.4643,55.8498,51.933,49.6857,47.5774,44.0152,42.5313,40.4849,39.1787,38.2551,36.376,38.3375,38.2005,36.2083,36.4829,36.4174,36.6057,37.6693,38.2409,37.2716,38.3735,40.0072,40.2175,41.5708,42.2198,44.0845,45.4729,50.0421,52.4124,55.4392,59.6915,65.1179,68.3427,73.4349,77.4121,83.3382,87.6332,91.4442,97.1575,100.2878,102.821,106.7931,107.0425,107.148,107.9764,106.8512,102.9176,101.7111,96.7958,92.0263,88.7374,83.1814,79.3691,73.6304,67.4801,63.6455,60.9644,56.3913,52.2762,48.4365,46.2338
METER_002,2026-01-11,67.8891,67.8591,68.5516,68.3662,68.7287,68.9295,68.4524,67.8703,68.9545,67.4413,66.6315,67.9661,68.6867,68.4524,67.6203,67.3998,67.7797,67.3209,68.2771,67.7256,69.3522,68.305,67.8569,69.1084,70.1467,69.83,70.568,73.3133,76.8295,78.4754,84.4135,90.0554,95.7452,99.0476,103.126,108.4714,109.7148,112.0866,112.951,112.8423,114.3744,114.4055,113.4633,114.4641,116.2085,114.5774,114.6397,115.5953,115.1995,117.6824,116.5505,116.7509,117.9174,116.5317,116.8933,118.1919,116.7387,117.4472,115.1806,116.7277,115.8762,115.1231,115.3664,115.4805,113.7399,112.6538,113.4474,111.534,111.756,108.7304,106.1101,99.1309,95.3965,90.3119,84.979,80.5372,77.4121,74.9018,72.0021,71.5298,69.4577,69.9403,69.3925,67.8312,67.8832,68.3012,66.9099,68.6166,67.4215,68.4876,66.7425,65.6144,68.9474,68.739,69.0231,69.069
METER_003,2026-01-11,143.6807,137.3772,141.9945,135.0097,133.3687,131.8314,130.3759,129.3047,128.2227,126.7867,124.542,125.726,123.7001,121.5359,125.9676,124.4655,120.7179,119.9754,122.4849,121.3721,123.8759,124.5594,122.9491,124.7814,124.2098,129.4052,128.8034,128.4722,131.6381,132.7329,136.3569,140.6828,141.0412,143.2731,145.4997,149.206,154.4207,160.5151,159.4487,164.4903,168.1271,175.1939,174.3222,179.6104,183.5231,187.6164,191.0464,190.5901,197.4501,197.9907,203.9242,205.206,208.8036,210.698,213.1037,211.5082,217.7686,218.0923,218.681,222.5106,224.4814,226.9663,226.5658,227.4245,226.9633,227.8672,231.044,232.5358,234.761,234.3257,234.624,235.0028,235.5487,233.5177,232.7322,228.1811,230.6003,222.7775,221.1353,219.5339,215.4864,213.854,208.5596,200.7706,196.9594,193.4344,189.4957,182.6734,175.6529,174.192,169.565,164.0206,160.4271,154.2657,151.7853,148.3146
METER_004,2026-01-11,116.0711,115.5507,116.9456,115.3371,114.6957,113.6715,110.1023,115.5515,114.1552,116.3833,114.1482,115.1252,113.336,115.1188,117.1392,114.3018,115.6819,117.4543,115.3066,116.5456,117.8308,120.408,126.0318,126.6972,135.5185,138.8606,149.7839,158.3074,164.0965,169.2619,174.5088,178.5496,179.8188,179.3794,183.2755,180.4735,181.1337,181.4232,184.2207,182.0411,180.7949,179.2107,179.8087,179.0088,173.5209,173.3009,172.673,170.9091,171.4914,170.2521,175.3612,172.2841,176.9151,177.024,181.817,183.7112,182.6844,181.8041,180.3915,182.276,183.5186,184.9389,184.6618,183.32,184.0647,181.5382,184.0368,183.2627,181.6945,181.014,185.2356,182.5591,181.7364,183.1973,180.4745,184.0176,182.1137,180.1008,183.5679,181.8257,180.6185,182.5191,178.8974,178.6266,175.4162,170.5966,165.2202,159.0886,147.3863,139.7462,132.0493,127.4024,122.5389,120.1459,119.542,116.5353
METER_005,2026-01-11,35.355,33.0513,31.544,31.0205,29.9958,29.08,28.4111,28.4263,27.5643,28.5301,28.4259,27.7307,28.1899,27.6693,29.3613,28.1386,28.4906,28.6767,30.8118,32.7494,34.2837,34.9858,38.5986,39.6568,41.9101,44.2537,46.491,49.8065,50.5631,51.388,52.4978,51.7375,50.008,48.9769,47.3968,44.5229,44.3473,39.6505,38.2305,35.1926,32.6153,30.5499,31.7374,32.3989,29.3211,27.7607,29.4129,27.9432,28.0282,27.3401,28.2768,28.9156,29.493,28.5404,30.0065,30.4652,29.7331,30.7632,30.7403,31.6929,33.0411,36.3854,37.0447,39.0979,42.4735,46.2846,48.226,53.1085,55.9301,59.1421,62.4651,68.3206,71.7694,74.1803,77.2836,80.7027,81.2603,81.9663,82.9468,81.3518,79.8777,78.3483,75.1393,74.1566,71.5813,66.5034,63.6664,60.3603,57.2373,53.1024,50.0265,46.0522,43.3998,40.0841,38.9569,36.0334
METER_006,2026-01-11,52.6907,53.2655,52.0709,50.8251,51.5564,49.6209,52.6249,51.4104,53.5327,52.0965,51.8772,51.9655,52.0618,51.3069,52.3786,53.2062,51.9967,52.5051,51.5299,52.3619,51.2613,51.5671,52.482,51.4263,52.2604,53.0244,53.1311,55.0908,55.7439,59.449,64.3936,68.1214,71.5849,75.5478,78.7102,80.5924,82.8109,84.9786,85.8499,86.6441,86.2986,86.7858,86.7789,86.7143,88.9147,87.574,88.6073,87.2398,87.8061,90.3837,89.9746,88.1291,88.0481,88.4872,87.6102,88.7086,89.4923,89.0844,88.7438,87.3067,87.0899,87.4493,86.434,86.2436,87.465,86.7559,84.8708,84.291,84.317,82.8649,79.2887,75.5835,72.5621,67.2603,63.6935,60.7265,59.0512,55.1428,53.5427,52.0401,53.627,53.6776,53.4929,52.4262,51.0544,51.1817,53.1138,52.0348,50.9496,52.1737,52.911,51.462,51.844,51.3469,51.3388,50.6928
METER_007,2026-01-11,110.4617,105.9848,104.2297,103.4523,102.1989,100.2621,100.6423,100.2242,97.6333,97.4035,98.488,95.7641,95.1401,95.8543,95.9107,95.5227,96.4771,93.3501,93.6743,94.9812,95.6911,98.2861,95.4921,94.6578,98.2053,97.7448,101.1447,101.9448,101.4438,105.3162,104.7261,109.1632,108.7277,111.9846,114.3247,115.1674,118.1598,123.0537,124.0952,127.0942,131.2339,133.3006,137.8494,140.7716,143.4917,147.1858,147.401,151.5471,152.1502,153.6675,157.5855,157.2975,160.485,162.3385,162.9931,165.2899,167.4501,166.7408,167.6042,171.1123,175.0064,172.7031,173.6588,175.2967,176.3374,179.7718,177.7902,179.6289,180.5495,182.9336,181.4918,182.0367,180.8225,179.4545,180.5745,177.5337,176.6443,175.8279,172.0663,168.2876,167.3135,162.0445,161.1932,156.964,153.2583,149.4278,144.6304,142.2616,138.6147,134.8717,131.0282,126.0891,123.4611,118.9148,115.1024,114.5415
METER_008,2026-01-11,165.4089,163.3716,167.4354,163.8995,164.8343,166.432,163.9256,162.9908,167.0257,165.7131,167.4083,168.7181,166.0701,166.3079,163.8237,163.0297,167.8992,165.1027,170.9128,170.1939,170.0732,170.7504,177.2007,183.1648,192.9241,202.0267,213.0259,226.7695,235.2284,246.1159,250.4169,256.3674,261.8189,262.1893,261.9341,263.7403,266.9977,263.5488,264.8029,263.2043,262.6435,260.7504,259.7805,257.5144,260.2993,251.6541,253.433,245.7127,246.6748,247.7883,253.7909,254.0751,256.0833,257.1277,259.0346,261.3965,264.9935,264.6015,265.4322,264.0909,261.8941,265.796,267.7289,265.4223,265.6298,267.1726,264.9737,265.0672,264.6375,264.996,261.6689,264.2882,261.35,261.5801,265.6803,265.8988,262.3971,264.3929,263.6617,260.0749,261.4986,257.0226,261.3217,254.2189,255.2675,248.9076,236.4405,227.3728,218.2844,203.0341,194.4561,184.6176,178.5428,171.1132,170.8764,167.4184
METER_009,2026-01-11,49.4158,48.3962,45.3786,45.7502,43.8553,41.7798,41.8907,40.4948,40.7715,40.806,41.6491,40.3316,40.0593,40.4507,40.3388,40.6765,42.6163,42.978,45.115,46.1323,49.4221,51.3651,53.3937,59.9104,61.8099,64.4866,69.6281,70.6563,75.1711,74.8417,75.0248,76.134,73.3642,71.3886,68.642,66.0864,61.0346,56.9216,54.3934,52.0732,49.0415,46.2004,45.2285,42.6985,42.4258,42.9711,40.8901,41.177,40.9603,40.0601,41.2834,40.1119,40.41,40.7989,42.1882,43.3358,41.9711,44.9978,46.2333,48.9664,49.6768,51.5288,54.5061,58.7415,63.1465,65.3207,71.2674,76.249,80.4705,87.9121,93.7347,98.8248,102.38,108.8165,111.1885,114.4206,118.5837,119.7605,119.9641,118.1143,118.2847,115.2978,112.4891,107.3708,103.7169,98.3142,92.5161,86.0286,81.7815,75.0729,72.2014,67.2443,62.642,59.2145,54.225,54.1906
METER_010,2026-01-11,72.4371,73.4673,72.3761,71.106,71.9519,71.8048,71.7537,71.7361,72.5975,70.7592,71.7711,71.7816,73.5179,72.4791,73.1409,74.2494,71.6987,71.8948,72.3774,73.9972,72.5992,73.4657,73.6538,74.1303,72.2942,75.3564,76.0999,77.0362,80.9923,84.7007,89.016,95.5346,101.2466,106.9981,109.5084,116.0657,116.5302,119.3291,119.2301,120.9402,120.1322,121.6468,121.1632,121.9963,123.4709,122.6561,123.7358,123.4633,123.324,124.7022,125.1219,123.6359,124.8526,123.6,123.5424,124.0456,124.7967,122.7352,124.0477,123.6712,123.1244,123.0839,123.6886,122.8665,123.5338,121.0543,121.1277,118.8508,116.4271,115.3534,111.9393,107.2437,102.4038,96.9921,90.1461,84.4411,82.9806,77.7544,75.2535,76.4441,73.1484,73.3949,73.0389,73.7291,74.6271,73.0724,72.0395,70.9621,73.3009,72.0895,73.7072,72.2557,73.2555,70.6681,71.6669,72.2852
METER_011,2026-01-11,83.861,81.7362,81.3188,79.3085,78.8089,76.6155,75.5312,75.0796,73.6816,72.4686,72.8318,71.5196,71.8414,71.6241,69.936,71.9113,72.5907,70.7654,71.097,71.4283,71.9527,71.7809,73.2713,73.232,72.604,74.5234,76.5844,76.1666,77.8931,78.2846,78.7413,80.0959,82.1647,83.6695,86.9522,85.5482,89.6677,89.6833,96.0984,96.5872,98.2032,101.0551,101.6204,106.0963,107.8056,110.8847,111.0657,111.2342,115.9588,116.9509,119.0128,120.0657,120.2883,121.9524,125.1364,124.4775,125.4134,127.6013,127.7199,128.9884,129.9087,132.4308,132.7564,133.9737,133.7932,134.8955,134.7774,136.3034,135.9963,138.0958,136.2483,136.7179,136.7013,134.3208,134.837,134.4594,134.0037,133.9056,130.8592,128.1352,126.1582,123.1935,120.2427,117.6058,113.9029,111.5828,109.0356,107.8092,102.4798,100.8904,97.6735,94.8907,93.1839,88.6151,88.9583,85.4885
METER_012,2026-01-11,123.6667,121.6308,122.8643,124.1664,124.3272,124.1327,124.982,123.7763,122.6382,125.9503,120.9151,122.4548,124.0127,124.9731,122.997,123.9408,120.8133,124.3747,124.8823,122.6192,125.5622,129.3249,132.9182,137.4885,141.9323,149.6355,158.9895,172.5267,176.5546,182.324,186.8754,189.8812,191.7649,195.6997,195.7171,196.0259,192.4405,198.7423,195.6146,197.0602,195.6626,195.6952,192.7946,190.9836,190.0838,188.4006,186.0764,184.5312,183.5804,186.07,183.6618,186.588,190.7909,194.2496,193.3664,195.9753,196.2219,195.3007,196.8553,194.8305,197.2448,194.439,197.5128,196.8957,195.7967,197.2585,197.9383,197.3019,197.6168,194.5993,199.864,195.8576,196.5018,195.4858,196.5533,198.2659,198.6079,194.7994,196.6016,196.654,197.3332,197.2466,193.7217,191.6773,185.6163,183.973,175.8534,170.0617,161.7706,150.9502,144.1248,138.8142,132.0708,129.7128,125.4981,126.3962
METER_013,2026-01-11,36.4956,36.8718,34.1042,33.8954,32.8094,32.0116,31.6157,30.0016,32.2074,30.2814,30.9501,31.6355,30.625,29.4085,30.4218,30.9624,30.4579,31.025,32.4076,33.2552,36.2673,38.0418,41.2607,43.3074,46.8969,49.862,52.5568,54.4277,55.7867,57.5105,58.4811,56.699,55.9742,52.8122,50.7038,48.5006,45.0866,44.2774,41.531,38.8499,37.8602,35.6587,34.1779,32.6174,31.4076,31.2072,29.879,30.2613,29.3381,30.1481,30.4564,31.0872,32.1781,31.6028,30.2996,32.4725,34.2848,35.3448,33.8872,34.1553,37.3867,39.001,40.2633,43.5141,47.9015,49.8271,54.2199,56.8378,61.6229,65.4393,69.6575,74.7144,78.5242,81.3733,83.9293,86.4704,88.8822,89.0695,90.7093,89.9271,89.178,86.3244,83.9034,79.6074,76.4983,72.6379,69.902,65.1247,61.3657,57.1359,53.0285,51.6289,47.739,44.5933,40.4761,39.901
METER_014,2026-01-11,57.1401,57.4174,58.0439,56.4136,57.2155,57.7214,58.104,57.1173,58.2193,59.0581,58.1805,57.7642,57.3197,58.1856,56.4889,58.6444,57.407,56.9369,57.9662,57.4547,58.8545,58.2485,58.1528,60.2723,59.2801,59.7771,59.9372,62.384,63.7735,68.492,71.0586,76.2436,80.3978,84.1847,89.4817,90.9236,93.2605,93.8038,96.1248,95.7991,97.4201,96.7,96.369,96.6786,97.3079,97.5364,98.9664,98.4981,98.8707,98.8226,100.3587,99.3397,99.809,99.504,100.6971,100.4782,99.3484,99.4869,99.668,99.5722,97.567,99.7806,98.4634,98.6549,98.6397,96.9201,95.9245,94.885,93.3939,92.5193,87.8363,85.9174,80.8073,76.3589,73.099,68.2229,65.6982,62.6596,59.6807,60.3495,59.3246,58.1168,58.8149,58.3573,59.1241,57.8511,58.6405,56.0209,57.2819,57.8693,58.7125,58.4899,59.7527,57.4328,56.1916,58.9515
METER_015,2026-01-11,124.2766,122.4718,119.8174,116.038,114.2291,114.0507,113.3168,113.1543,111.1354,110.0819,108.9915,108.1769,108.3527,108.8091,105.8633,106.5772,104.2194,107.3763,106.0642,105.7984,105.148,107.8282,108.4089,109.8403,109.8992,112.4838,111.3311,114.8784,115.1164,116.3639,119.6683,120.8991,123.0281,126.3438,129.1111,131.0567,133.8689,138.7504,139.3088,144.4139,147.3692,149.8906,155.0272,157.9751,157.2269,164.8579,167.6798,169.5075,173.0728,176.0963,175.4026,179.4165,181.0983,181.9816,184.6768,185.3659,185.9901,188.9522,189.5076,191.2484,193.2051,195.3718,195.5985,197.6812,198.7061,199.8321,204.7801,201.4311,201.4821,204.4513,204.1633,203.8094,205.3756,201.3129,203.1802,200.1099,200.5287,197.4079,194.4594,190.2621,188.0189,184.7438,179.5995,176.3843,171.7335,167.9436,164.8885,158.311,153.8347,149.7957,145.7494,140.8607,137.0965,132.608,127.3502,130.9909
METER_016,2026-01-11,178.2137,178.5403,178.3788,175.8353,178.1318,185.4271,177.1552,182.3086,178.7746,175.5539,181.5419,179.69,182.1061,175.3502,178.1567,181.6852,179.2486,180.126,181.6818,178.5834,185.693,186.2355,191.222,200.7045,204.8528,219.0687,236.2737,245.1147,256.8753,267.8437,272.2951,278.1541,278.611,282.3496,281.8563,282.8459,285.9842,287.6317,286.6355,285.3472,288.9658,283.8237,281.6193,278.4112,274.4665,274.1346,269.0162,269.3793,265.2158,265.2639,273.6347,269.3509,275.4445,276.975,279.3913,287.8187,285.5039,284.8342,289.8024,286.2698,288.5371,284.666,285.6115,286.9602,287.6712,286.0292,287.1256,287.0828,285.0819,284.7839,284.7671,284.462,285.2792,284.9675,286.3804,285.2983,286.6814,287.2592,282.88,284.7411,282.5296,284.8614,283.3523,276.0109,270.7459,267.4616,255.5903,246.8068,234.0686,217.4915,206.9714,197.5555,193.6071,189.4222,188.7934,181.8121
METER_001,2026-01-12,45.3451,43.43,41.7468,42.061,39.6569,37.7769,38.6384,37.2879,37.3526,37.4561,36.7663,36.1885,37.1778,37.4001,37.5809,38.4073,40.0208,38.3261,39.5631,41.7871,45.5849,45.4004,49.6728,51.391,54.4663,57.4775,60.8946,62.8768,64.4564,67.3704,66.3163,66.4567,65.5304,61.6212,59.5896,57.4819,54.6089,51.4287,48.3873,44.7407,42.1559,41.7009,40.8644,40.1995,40.1056,37.7831,37.8158,37.5187,38.1,37.5246,37.3538,37.1264,36.5861,36.7876,38.4928,38.9053,39.4944,41.5301,42.3425,44.6017,44.9499,47.3223,49.4362,52.8143,55.3451,59.7794,62.8546,67.5469,71.8423,75.8732,81.3845,83.9824,88.6524,92.1347,98.3618,99.4764,101.5872,103.6747,104.4107,103.029,101.8903,100.5387,95.6872,93.6319,89.3512,85.3386,79.0175,76.1082,71.358,67.2112,63.2707,58.1001,54.5965,52.2785,50.3994,47.2693
METER_002,2026-01-12,67.2426,68.5125,68.0384,68.4287,68.5851,68.5926,68.4149,68.4368,69.9376,69.0985,68.125,68.6534,69.6949,68.3143,69.6694,67.8933,69.188,68.2162,69.5889,69.1749,69.2749,69.1256,71.0366,70.4087,71.8342,73.1646,77.8426,82.4714,89.2443,99.0998,111.3204,125.8153,139.2065,153.2629,163.3365,174.0589,178.43,182.2746,184.564,186.8004,189.0266,190.3364,193.15,192.5517,194.404,193.3796,195.4088,195.3568,195.2892,195.2851,197.2659,198.5986,198.1164,197.7649,198.6548,196.783,196.9264,198.444,196.6196,195.347,196.9116,195.037,193.9248,194.7435,193.3991,192.0135,189.0856,184.6006,181.5616,174.0461,166.4441,155.3056,141.5305,127.0588,115.0897,100.0358,89.3763,84.0477,78.0843,75.2801,73.566,71.6946,71.9043,71.0472,71.0938,68.5501,70.2657,69.3858,68.2897,67.2124,69.4097,68.6111,68.8588,68.4836,67.6335,67.2949
METER_003,2026-01-12,138.6581,136.1731,137.1292,132.654,132.822,128.145,127.2676,124.5034,125.9884,124.768,124.8148,121.3254,120.7519,122.5229,121.985,118.5694,121.8695,121.1385,119.3766,121.6423,121.8521,121.6725,124.8688,124.1052,123.6977,126.0551,125.5467,130.0021,130.8986,130.9451,129.2708,135.6,138.1382,141.1107,145.0877,144.9247,152.9021,151.8647,155.3042,160.4857,160.2707,166.4244,169.3873,173.9482,178.3829,181.0392,182.8158,185.3072,189.1814,193.3451,192.3891,198.8434,199.8564,199.5799,204.4224,201.2725,204.7236,207.4676,210.2041,208.2364,212.7832,213.8501,214.7896,216.6952,217.4033,220.2588,220.0543,223.7147,223.4069,224.7608,223.1457,221.988,225.3276,223.4422,220.1455,219.0482,217.9202,214.7057,212.3847,207.6554,205.4984,199.8209,197.8737,197.0536,191.7,185.6418,177.7405,175.8476,172.4439,166.5586,163.6238,160.8255,154.5575,150.9372,146.9434,144.9887
METER_004,2026-01-12,112.7304,110.2125,112.5858,112.2315,114.5358,111.399,114.1639,112.1556,113.9531,113.1059,111.4889,112.8037,112.2244,112.0741,112.2337,114.3176,110.5983,114.186,114.8466,113.6004,114.9584,117.9532,122.1686,126.3664,135.1115,145.3251,152.8104,161.5321,173.3026,177.9921,183.8395,188.0123,190.2896,192.2985,193.5776,192.4743,193.5599,193.8338,192.8976,192.2499,191.6321,191.95,189.5285,189.567,186.898,184.1745,180.5745,180.6969,179.0502,181.3821,181.1764,183.7474,185.9163,188.0504,190.2705,189.7135,191.5732,193.3115,194.8184,193.9256,193.5572,192.5193,192.3027,194.9516,194.4424,194.29,193.336,194.9125,194.0494,193.4663,192.255,191.7739,194.1566,194.2684,196.4307,193.689,193.8941,193.9677,194.4166,193.8479,192.5105,190.4935,190.0254,185.9954,180.7069,178.5537,172.4733,163.583,152.7578,142.5328,133.612,127.6276,118.4626,115.8448,117.2949,113.9898
METER_005,2026-01-12,32.7381,32.5001,31.8422,29.8774,29.1035,27.88,28.3972,28.3448,27.7983,28.268,29.7749,28.0031,26.6891,26.3874,28.9402,28.2865,29.8434,29.0374,30.4283,31.4273,32.6117,33.5718,34.9453,38.6811,41.2884,41.7504,45.0191,46.5958,48.3237,49.3197,49.3611,50.0861,48.1166,47.8593,44.9503,43.0095,41.0928,38.3752,36.9457,35.9091,33.4283,33.0595,30.0215,29.8895,29.7833,29.0923,27.8552,27.663,25.9747,27.1387,27.406,27.4923,26.9611,28.0077,27.1466,28.2021,29.4688,31.9795,31.775,32.1268,33.2271,36.9594,37.1184,38.5121,40.3189,45.5381,46.9144,50.7744,52.7495,55.3851,60.1061,63.2847,64.5291,69.7602,71.2019,72.8406,76.5438,75.8119,76.6445,77.058,76.4089,73.6042,70.9316,68.9615,66.1285,64.337,60.1757,57.7866,52.7449,49.2344,46.5919,44.106,40.2757,39.9523,36.2057,33.2852
METER_006,2026-01-12,51.7449,52.9463,52.9694,51.2419,50.9977,52.7954,51.5791,51.1826,52.3745,52.1212,52.5789,52.5933,53.5591,52.586,51.4028,52.8043,52.7595,51.7411,53.3259,54.1488,52.7226,53.4719,53.7857,54.2016,55.7264,56.5301,57.5973,63.0521,68.2483,75.2361,85.0734,95.7372,107.3983,116.0254,126.0433,130.5937,135.5617,138.8003,141.397,143.0447,145.0011,146.5463,146.0271,148.2096,145.6203,147.4221,149.393,150.4663,148.7013,149.0467,150.1378,149.899,149.9426,150.8288,149.5619,150.0092,150.1041,149.9996,150.8762,148.721,149.1301,148.049,148.157,148.1101,145.8469,145.9733,144.075,139.3305,137.8179,132.8606,125.866,117.9258,106.2481,96.6815,86.3463,76.2449,69.9504,63.8361,58.8655,57.33,55.9779,53.5756,54.1186,52.1241,53.1395,53.8552,51.3983,52.6292,51.5425,52.4614,52.2655,52.4546,51.3964,54.6314,52.0537,51.1901
METER_007,2026-01-12,111.9086,110.4295,109.2799,106.0504,105.3757,102.8697,102.5095,99.4461,99.5625,98.5466,97.4745,99.2198,97.8275,96.2002,96.9737,98.5973,98.2966,96.3666,98.6592,97.3856,97.8405,96.3243,96.8383,97.2867,102.2513,101.2128,100.414,102.2767,103.7481,104.0619,107.7291,106.6589,111.3008,114.3373,113.1674,121.2303,119.3202,121.9926,126.7141,127.035,130.1907,133.1945,137.0709,138.6098,142.1568,144.3233,146.1449,147.5973,151.6978,153.9006,155.5511,157.0378,159.1352,160.2305,161.3205,163.0529,164.8206,165.5208,169.2277,169.5398,171.5535,171.6968,173.2342,172.9459,175.2974,175.2392,175.3089,177.9276,178.1187,179.1311,178.7919,180.1572,178.3218,178.1706,179.0054,174.8479,174.7538,173.3028,169.2504,168.6899,164.5344,163.0228,160.1005,152.8222,153.1242,149.0621,143.5307,139.5516,138.8739,134.7217,131.2193,125.4646,121.6778,121.9219,116.7407,113.8944
METER_008,2026-01-12,164.2772,167.7024,166.5224,168.4344,170.6187,167.8992,173.5794,171.7586,163.3416,166.3495,165.7382,167.932,170.9265,170.427,172.1234,166.8824,171.1164,166.2201,169.1688,170.7531,176.0549,178.7048,180.7678,192.1839,198.4436,211.8662,225.4615,246.6158,254.5277,266.2658,274.6469,281.1159,283.2126,285.6942,286.2328,290.9582,287.4588,292.0061,285.1586,289.4713,287.4936,290.6159,284.2971,280.0874,279.1934,276.7949,273.0719,268.94,267.0693,271.886,273.186,272.774,277.7745,283.3866,284.4619,288.0509,286.5286,290.1362,289.3764,291.3623,286.6392,288.7568,287.1059,288.5232,289.9346,289.3211,290.0325,285.8242,286.7914,290.2763,288.5665,289.0982,289.1507,288.3784,292.1338,287.8538,287.0916,287.1279,287.9313,288.5045,287.7785,285.1066,286.7124,279.6112,275.5971,266.0221,256.7813,244.3243,228.9574,217.2112,199.5165,189.5016,180.9228,173.7553,173.8403,167.936
METER_009,2026-01-12,48.1241,45.4006,44.9675,43.4243,40.8652,41.5214,40.1056,39.9432,40.2394,41.3565,38.9605,38.8745,39.9577,40.6321,40.3379,42.0962,42.561,43.1072,44.34,46.2181,48.7627,49.3328,52.7355,55.966,57.5166,61.4431,67.0716,68.3368,70.0675,72.7755,71.8764,70.4814,69.3211,69.7375,65.292,61.9308,59.7992,56.6038,52.629,49.7409,48.9696,45.7563,44.0239,44.1534,42.5056,41.5374,40.0437,41.1757,39.5365,39.2743,40.8912,41.284,39.1379,40.0843,39.5619,41.6326,42.8328,43.4223,44.7134,46.4386,48.6613,50.2931,52.2478,56.4887,58.868,63.4075,67.4026,72.147,77.8126,82.2725,87.8551,92.28,96.3515,100.7694,104.3643,107.3517,109.2982,112.6545,111.6328,110.4736,107.938,107.0657,103.5016,99.7767,97.0435,91.3463,87.6157,82.7773,76.8415,73.8169,68.7614,63.1885,61.7546,55.557,52.8127,49.9467
METER_010,2026-01-12,70.1257,70.9079,70.53,70.2977,70.7598,70.6016,71.4448,71.9186,70.8263,71.0896,70.5877,70.4698,69.4974,70.2323,71.0356,70.9598,71.0348,71.9783,72.4968,70.6793,72.4558,71.997,72.3862,71.7639,74.1633,77.3719,80.5559,85.1691,91.3105,103.2326,114.5547,128.8401,145.0051,158.2321,168.7325,179.3007,183.9554,189.7146,192.6074,194.5649,195.8679,196.2004,198.9381,197.6571,198.5575,200.7919,200.1588,203.4423,203.9257,203.9805,204.5489,203.6123,205.2367,205.1736,204.1352,204.5122,204.0927,203.4065,203.5382,204.9054,204.7092,201.8675,201.7778,202.877,199.4217,197.2003,195.3623,192.3651,187.4716,181.9771,172.9839,161.5734,146.3706,132.2304,117.9516,103.3989,92.9371,84.7578,81.1438,78.029,75.4545,75.2592,73.1385,72.6994,70.8138,71.8504,71.399,70.981,72.4879,71.039,70.5086,70.7876,71.9874,71.9604,70.1458,69.1904
METER_011,2026-01-12,80.4963,79.6592,78.3042,77.8594,75.6271,76.2718,74.7656,72.4213,72.5646,72.7092,73.2305,71.8473,71.0049,70.568,70.3571,71.6145,71.5553,69.2384,70.9774,69.5536,72.2211,70.236,71.5969,71.5906,71.864,73.9911,72.3831,75.6266,76.8327,75.7787,77.6286,78.7501,80.2742,83.5781,83.2999,85.8949,86.5079,89.3969,90.8446,92.5384,96.0979,96.8238,101.1742,100.5091,102.8206,105.1571,106.7799,109.3847,110.0153,112.156,112.988,114.1646,118.0035,115.6132,117.5635,119.2661,120.3857,121.9251,121.0733,121.8381,123.4459,125.0323,126.0915,126.4809,128.6454,126.9744,128.6965,128.5144,130.4739,129.26,130.7147,131.3588,129.363,129.0998,127.1026,127.0118,128.2022,126.7865,124.1798,121.8798,119.6554,120.2373,115.9794,112.7594,111.7492,108.2067,105.6463,101.0975,99.8268,96.7152,95.5373,92.7217,89.1574,87.9676,84.8908,84.5546
METER_012,2026-01-12,123.9758,122.9271,126.2113,122.8036,124.4993,124.1705,126.605,125.2979,123.0318,122.7274,123.6015,126.1026,123.9359,124.6094,123.6589,124.5558,125.1675,125.2449,127.2112,127.0506,128.0527,131.3119,134.4465,139.4659,146.6971,161.3323,169.5321,180.1076,189.8128,199.018,206.372,204.0467,212.2576,211.3834,213.6735,216.2071,213.8433,210.9848,213.1471,216.1931,214.0486,213.0096,210.4051,211.5728,207.4885,204.7654,205.0718,198.3563,199.0805,199.4634,203.1416,204.8405,205.309,210.276,209.6592,213.367,214.0334,211.0547,213.4443,213.5969,216.8264,213.7422,217.402,217.0773,213.9674,214.8003,216.8279,215.2731,213.5438,213.8255,215.82,214.7842,212.6547,217.1421,217.4341,214.8323,212.8642,215.0928,212.7907,214.735,214.9655,211.5802,209.5103,209.0765,202.2162,195.3454,188.3642,182.196,169.0426,159.3214,147.3237,142.273,134.5577,128.9391,129.1298,124.8486
METER_013,2026-01-12,36.5305,36.3647,34.7917,34.8792,34.2274,31.5761,31.5888,33.4444,31.731,32.8378,31.0647,32.258,31.559,31.0363,32.8403,30.8669,32.8964,33.8426,34.1561,36.0056,37.9785,36.9441,41.5008,42.5075,44.0104,49.674,52.0305,53.6997,54.3339,54.6755,55.4009,55.9638,54.566,52.4252,51.9599,47.4763,47.1919,44.2747,40.7778,39.2352,38.1528,34.0533,34.2575,33.1067,32.0769,31.902,31.3613,31.8112,31.345,32.4046,31.0707,32.4922,31.4711,32.0722,31.9065,32.8548,32.2055,33.2682,35.5982,36.7115,37.1811,40.1497,41.2222,44.2093,45.8827,50.1147,53.2273,56.1335,61.0551,65.3533,67.5339,71.0473,73.7382,78.1731,81.0986,84.7173,85.1103,85.3822,86.417,85.4474,86.0568,83.3403,80.7938,77.6971,74.5361,70.0843,69.0512,64.3444,60.0572,57.7334,53.9834,49.4103,47.0597,44.0208,41.2925,39.8212
METER_014,2026-01-12,58.3673,59.2283,57.8893,58.9665,58.8558,59.6274,57.6662,58.4457,58.4729,58.1057,59.414,59.2697,58.8336,57.5333,59.0419,58.2031,57.7063,60.162,58.5615,60.5106,60.0933,59.1854,59.7229,60.2072,62.4268,62.9348,66.4217,69.4279,76.6214,83.3447,95.1138,108.2385,119.9914,131.8022,140.7772,148.0858,153.6232,156.2913,160.2186,161.5384,162.5599,164.8737,162.4782,165.4951,164.661,167.2897,166.5752,169.2469,167.7824,168.1412,168.39,168.7531,169.1736,170.3742,168.8782,170.59,169.5596,168.9604,170.6509,168.7199,169.0409,167.693,166.5889,165.9664,166.4771,162.8783,161.9078,159.4645,155.8067,149.0449,142.4334,134.8282,121.2632,108.1487,96.3542,86.3544,77.3023,73.1682,67.6498,63.7002,63.0647,61.0747,62.0288,59.4218,59.6484,60.2678,58.3883,58.4061,59.6509,59.9647,58.8364,60.444,58.8644,58.9332,59.2823,58.5794
METER_015,2026-01-12,123.4764,121.76,119.694,116.9445,114.7925,113.5758,112.4623,110.0283,111.0558,109.7452,109.3645,107.3945,106.3966,105.9615,106.1684,106.3192,105.4256,107.9679,105.7666,105.8303,107.039,107.4439,109.8957,107.4299,110.8009,107.6337,109.3192,112.7825,113.3994,112.7123,118.0119,119.5636,119.6291,123.1927,124.5851,126.8095,130.9809,134.5379,138.1426,140.1817,143.4269,146.1845,149.5792,154.0464,155.1599,156.0815,161.4292,161.5819,167.641,167.701,171.0537,171.7868,174.402,178.0446,179.7941,180.3926,180.5114,184.0226,184.182,183.7205,188.4173,188.7005,188.4576,189.0479,192.0997,191.6358,192.0256,195.4739,198.5484,197.7847,195.2342,197.3758,197.9457,193.7557,194.0275,192.4771,192.091,187.6819,185.9679,183.234,178.9137,173.6953,175.1787,172.03,165.457,163.2785,159.1695,154.3264,149.438,146.6583,144.5974,139.7475,134.0966,131.2946,128.4585,123.7575
METER_016,2026-01-12,176.4308,178.2134,176.2004,174.5378,174.1456,173.5563,176.2305,175.849,171.4404,175.6382,177.8081,175.6999,175.4819,174.96,173.8519,176.8441,176.4364,180.4732,179.5143,178.5905,181.9005,185.8207,191.6377,197.5318,207.1319,223.0858,237.9222,254.4397,267.1408,280.1766,288.3357,290.5537,298.1779,296.0535,298.7992,301.6041,300.8664,303.8059,306.0578,303.3246,306.0809,302.453,300.9588,294.4669,293.9047,281.1633,284.7058,284.7095,283.8479,282.0512,283.4508,286.1645,294.2932,293.6201,295.0952,303.4663,303.1559,302.0443,301.8871,302.7846,304.3988,298.4017,298.6641,307.9992,298.8813,303.4378,302.0848,305.4789,302.4262,305.6448,308.1938,301.6893,304.0254,299.3256,304.1708,304.0089,298.8858,302.1293,303.3607,303.8892,300.0365,302.9728,295.0994,292.3543,289.4646,281.7276,271.4844,252.0872,240.3421,221.3124,211.1107,198.4496,190.5747,181.0331,181.8581,178.2493
METER_001,2026-01-13,45.713,42.5803,42.7629,40.9576,40.1284,40.1595,38.9581,38.0744,39.461,38.2423,37.8366,37.1184,37.2028,38.2528,36.7434,39.2773,39.1308,40.2447,40.4818,41.5096,43.773,47.1324,48.2767,52.5538,55.886,58.6643,61.5921,64.3988,65.309,68.6206,66.0761,66.4579,66.2746,63.7133,61.6542,60.3347,55.8061,51.9929,49.9792,47.2955,44.7243,43.6618,42.0543,38.5388,39.4175,38.7011,38.7601,36.3365,38.431,35.903,37.3929,38.1348,39.1839,38.5144,38.2889,39.4715,40.5634,40.663,42.0447,44.5561,45.2005,48.0934,49.3166,52.1757,56.8326,59.0728,65.1598,67.3864,70.8204,77.5652,82.5019,86.8637,89.8043,94.4239,97.5037,100.8809,101.7497,103.8552,103.3722,104.5688,101.653,99.72,97.5569,93.746,91.4995,84.9049,81.4462,75.7113,71.6404,67.7874,65.1212,59.5132,55.9574,53.7289,49.3362,48.3613
METER_002,2026-01-13,67.1168,67.7984,67.1296,68.3821,67.3061,67.629,68.0126,66.6277,68.2305,67.3903,68.2333,68.0478,67.5522,67.7204,68.1676,69.0247,68.8658,67.0809,68.091,68.7857,68.9254,69.965,68.7147,69.5307,70.8465,73.3518,75.8768,81.7757,88.3046,97.429,109.2403,124.6426,139.3759,151.7663,161.7996,169.2884,176.5664,181.5476,181.8838,185.234,186.7693,188.9278,189.2982,189.5576,191.0514,192.0211,192.8233,193.1541,194.1483,195.8355,194.0997,195.1464,195.4985,195.2019,195.8568,194.3446,197.251,195.548,196.0069,194.0144,192.866,192.9892,191.3877,190.3493,190.9439,188.4994,186.7931,181.6555,178.3124,174.8212,166.2794,154.3328,139.3947,125.3722,111.7008,99.0897,89.5216,82.2266,78.7159,74.0181,73.2308,71.4785,69.1532,70.4975,68.088,67.7503,68.3013,67.9478,68.4618,67.6907,68.0336,68.0204,66.7559,68.5119,66.9088,67.8454
METER_003,2026-01-13,136.5549,135.6014,132.4758,130.9505,126.9536,127.4496,122.5316,121.9422,121.6433,119.6489,119.9673,118.2358,118.3405,116.8351,117.1667,117.5293,118.5961,117.3717,118.631,120.2109,120.2135,119.4775,119.9482,120.6474,122.6506,121.6769,123.1508,126.8074,125.7791,129.9611,133.2539,132.1728,135.3454,138.0071,139.1363,143.3882,147.5149,147.72,154.5571,158.5068,158.7595,163.305,167.7411,170.3037,175.5484,177.0578,180.4922,180.6648,181.3559,189.8915,191.013,190.9367,196.079,197.8729,196.7373,197.7237,200.5431,204.4303,205.7119,205.1197,208.9784,209.2399,209.9269,210.5493,214.7963,214.9458,215.816,217.1433,214.164,217.8918,220.3531,220.1416,217.5427,216.8302,217.6724,217.0071,212.8857,211.3138,208.0153,203.3214,201.2592,199.1877,194.1856,190.1743,185.6581,178.595,174.7332,172.6353,168.4202,164.291,158.3362,156.1198,148.4907,146.8978,143.6383,138.7529
METER_004,2026-01-13,112.0069,111.3789,110.7547,111.2518,111.2382,110.9413,108.9536,111.3819,107.6431,109.214,110.265,108.6274,111.1167,112.631,111.8764,112.5021,113.1379,111.6285,112.8158,114.1786,114.3683,117.7696,120.9258,126.8556,133.181,140.7707,149.041,159.8971,172.8376,178.0177,184.3825,185.1836,187.9984,187.4345,191.4448,189.5299,192.8651,190.2967,191.8005,191.8428,189.2562,190.7656,188.0029,185.9361,182.9559,181.1857,179.4742,178.6417,180.8194,176.6882,179.8199,181.097,183.7308,187.9408,187.5523,191.2796,189.0231,190.0659,194.2388,192.9927,191.6337,190.5551,191.8289,191.4028,192.6151,192.6544,190.7528,194.1593,191.2385,191.7691,192.0295,191.1915,189.7805,194.119,191.3174,192.0472,191.8848,190.5953,191.3143,189.6881,190.5307,188.3713,190.4167,187.3164,182.2494,175.5259,170.3739,162.7573,151.4037,141.4868,136.3831,126.6495,121.1204,114.3344,116.4087,112.691
METER_005,2026-01-13,33.6024,32.3209,30.8969,29.7773,30.3927,28.9592,28.7333,30.4178,28.3446,28.548,27.5879,28.8998,28.283,28.3438,28.5517,28.7365,30.0797,28.4132,29.0618,32.5412,32.3795,34.8774,37.3629,38.583,40.2878,43.4496,46.2569,48.5172,47.3904,49.6609,51.2627,49.6326,48.4081,47.1177,44.999,42.8041,41.7193,38.6116,37.3021,35.7066,32.3494,31.4704,31.5038,29.7767,29.4502,30.0764,30.8515,26.0849,28.2766,27.9805,28.3811,29.1564,29.2508,28.0417,28.7289,28.5404,29.9885,29.8026,31.2007,33.2388,32.3107,33.8309,37.2868,38.1242,40.7823,44.6831,47.2336,51.6469,53.4492,57.6633,60.6093,64.1883,69.2733,70.2877,72.202,73.5242,76.196,77.6495,77.3039,76.4293,75.6672,74.5375,71.4811,70.7702,65.7669,62.969,60.8965,57.782,54.0808,52.0336,46.1122,44.3566,41.2015,38.9014,36.6134,34.8941
METER_006,2026-01-13,52.8287,53.4833,52.2822,53.2347,52.6014,52.8039,52.8999,53.9968,52.9143,52.9092,53.1422,53.4396,52.8039,53.6204,53.5092,54.5998,54.1454,53.1354,53.7601,54.1865,54.6492,52.7897,54.6901,53.8787,56.1872,59.6559,60.1782,64.1977,70.4283,76.875,85.7286,97.0522,107.7324,120.4501,128.1418,133.6307,139.399,141.0857,144.7746,146.5582,146.7922,147.406,149.2262,148.2364,150.4001,152.7008,151.7037,152.569,152.5989,153.2105,153.2584,154.5091,153.5663,152.872,153.9458,154.8808,155.0526,153.1336,152.436,154.3684,151.0817,152.7503,152.0739,150.7238,149.4392,148.9488,146.5628,143.6641,143.1262,136.7122,130.9416,121.3837,110.0031,98.9619,87.3558,77.9409,71.8122,63.8451,61.9858,59.1252,57.4086,54.4821,55.0141,56.4768,53.4238,55.6121,54.598,52.9615,54.0476,53.2456,54.6954,53.7537,53.1781,52.8284,52.9545,53.6178
METER_007,2026-01-13,114.1677,113.8525,109.2511,105.4399,105.2204,106.0084,101.4539,102.8184,101.6728,101.646,100.3271,100.31,97.802,101.1767,99.1668,95.2423,99.7234,98.637,97.6172,97.9968,98.2024,97.272,98.3045,99.9203,101.1679,101.9264,102.5732,102.2111,105.8047,107.5396,108.4592,108.1094,113.7783,114.6443,116.9818,117.9113,118.827,123.1992,126.8738,129.0584,131.7758,134.4773,137.894,141.0323,143.4957,147.4456,146.8734,152.3413,152.5853,155.8549,157.415,158.3502,161.6981,161.2786,164.95,164.2067,168.6919,167.8073,170.9231,171.7423,172.8927,173.8553,175.0145,176.5039,176.5692,180.3683,179.2777,183.3057,181.3654,183.1041,180.3495,180.0152,181.6853,180.3253,178.4903,178.8834,178.1206,175.9659,172.5776,170.781,165.964,163.6657,160.687,157.9501,154.4368,149.1815,146.1199,141.6355,139.6022,133.9745,133.1746,126.4649,125.0893,121.6347,119.7308,116.3581
METER_008,2026-01-13,165.8056,165.2249,170.3593,167.7294,167.4712,164.835,167.4848,165.0035,166.3924,169.7272,164.7327,165.7091,165.6285,166.1236,168.9791,166.6385,167.8467,169.8711,167.9463,168.8217,174.0158,175.5189,183.0658,192.2966,198.6022,210.549,229.7703,241.1677,256.3694,262.583,271.4607,279.5442,286.1473,285.9738,286.2044,285.2924,288.3253,286.7014,289.0599,288.6957,285.9941,285.4816,284.3131,282.7293,277.5643,273.8213,266.8435,263.478,266.6832,267.9721,272.527,275.877,277.6304,281.5059,283.196,285.531,286.5238,286.8038,283.1652,289.2746,287.6076,286.3744,284.6588,290.0518,287.9506,285.2338,287.8536,286.7445,291.9459,289.5805,288.5955,286.9566,290.9564,291.386,286.9122,283.7642,289.3375,287.3915,285.4888,286.7543,285.7335,286.4827,283.8088,276.6833,275.8415,264.0272,255.581,239.1847,225.9733,213.5202,197.6356,190.8864,182.9086,176.958,170.8073,170.9369
METER_009,2026-01-13,48.5607,46.6313,43.8724,42.7124,42.7931,41.1461,38.869,38.0978,40.7141,40.7767,39.632,39.5174,39.5595,39.6374,38.5174,39.8218,40.6021,41.9252,42.9238,45.9121,47.2689,48.8747,51.2663,53.9597,57.7785,61.7811,64.3505,65.6168,67.5517,70.4786,72.1393,68.6648,68.0156,65.52,63.406,62.0729,58.5007,54.7785,50.6899,48.3411,47.786,46.4924,42.7879,39.8843,39.9544,39.7607,38.447,38.7197,36.9089,39.4257,39.8178,39.9414,38.3965,40.747,40.8243,39.9909,40.4101,42.5013,45.479,44.8208,46.847,49.5277,52.9842,55.8916,58.7886,63.3466,67.4331,70.406,75.5703,80.8848,84.9338,89.938,93.3825,97.8885,102.9048,104.2937,107.6235,108.4859,109.546,108.0738,107.1651,107.1052,104.248,98.2963,94.8285,90.5354,84.9585,79.7546,76.2098,71.3051,65.9472,61.9348,59.0096,56.559,52.0919,49.4319
METER_010,2026-01-13,70.1125,70.3906,70.3863,70.1606,69.2607,72.0045,71.0097,70.4359,69.9344,70.284,70.0205,69.2705,70.6864,69.0115,70.2612,69.1294,70.1401,70.3603,70.4919,69.6402,69.7548,70.1275,71.5571,71.4647,72.3127,76.4169,79.2981,84.8025,91.1152,101.5132,112.7356,128.7521,141.9011,156.7338,169.4933,176.3163,182.2963,186.3189,187.9897,192.8111,192.9607,193.8718,197.0076,196.8008,197.9339,196.8131,199.4252,199.5831,199.0171,201.663,200.6825,201.1971,201.1513,203.3654,201.0524,202.0635,201.9757,200.8127,200.2912,200.0752,199.6042,198.7603,198.1494,197.76,195.7549,194.7691,191.9268,189.2319,184.9542,178.5305,170.4441,158.5398,144.6479,129.6009,115.0098,102.4422,90.0582,85.0682,79.6044,75.2899,73.9924,72.5386,72.9373,70.4607,71.1157,72.372,70.4683,68.8569,71.1009,70.3434,70.9783,70.7582,69.8249,69.5793,69.9232,68.5522
METER_011,2026-01-13,81.9867,80.9015,78.6522,78.3556,76.8446,74.7738,75.2669,74.0591,73.0529,73.019,73.0855,70.645,70.3323,69.63,72.1117,71.5998,70.5171,71.9195,70.8308,70.2586,71.7597,70.9941,71.8889,73.8744,73.0354,74.9137,74.4422,73.9362,77.2586,77.1595,79.6505,79.876,82.0595,83.4516,84.8054,85.939,86.9834,89.7986,92.5756,92.7981,95.2154,97.3601,99.5625,101.7609,103.8556,106.5045,107.6208,109.6151,111.2094,113.265,114.8787,116.3706,115.6394,117.0911,118.3134,119.5962,119.7844,122.1487,122.4376,123.8452,124.6928,125.7869,126.4432,127.3787,128.0628,128.6542,129.0682,128.5419,129.813,130.9431,131.4715,130.9861,131.287,130.7603,130.2887,128.8487,126.9086,124.9204,123.9872,123.2423,120.5478,117.9032,115.5116,113.9519,110.0881,108.6356,104.8837,103.129,100.3813,98.6683,94.0863,90.7496,89.5583,87.0431,85.9758,84.1836
METER_012,2026-01-13,126.7169,126.9994,127.6259,126.7144,127.2197,128.7665,125.9752,126.3851,128.5613,126.9101,125.9671,125.765,125.7931,128.6049,127.9065,128.3505,125.9065,129.9357,129.413,128.3986,131.4109,136.3821,136.5019,144.2414,152.4343,162.7779,172.4941,183.5543,195.2338,202.7731,207.001,212.9935,213.0419,216.5765,216.5008,220.8073,216.857,218.9276,218.5128,218.0938,215.2002,217.1455,215.5086,213.9726,210.8269,211.1148,204.5488,202.3454,205.0379,205.7815,205.3126,209.2901,213.2918,215.1819,215.9379,220.2488,218.6133,220.7994,217.3461,216.8473,217.2243,222.4286,218.9205,220.4311,221.0862,218.0808,220.7505,220.4312,221.3323,221.9345,221.1617,218.837,216.6419,220.7926,220.0341,220.4242,220.8413,220.3496,218.8106,218.1847,215.7196,218.4655,216.847,210.2703,212.6312,202.3893,195.2599,184.9621,173.6073,163.0529,152.438,142.5043,137.5404,133.2512,135.0994,128.1076
METER_013,2026-01-13,37.3971,37.2032,34.5741,34.7761,33.2914,32.294,33.2307,32.3144,31.2888,31.6,31.2202,32.4958,31.443,32.1936,32.463,32.3306,32.2744,33.676,35.015,37.1567,38.7707,40.9325,42.0157,45.2607,46.2557,48.2646,51.5008,54.7563,56.927,56.744,57.481,55.8494,54.3621,52.8243,51.5485,48.7293,48.2435,44.6457,41.6863,39.4112,38.2009,35.8035,34.7897,34.2174,34.7188,33.245,32.4344,31.9531,33.0837,32.3817,31.8377,33.2225,33.1552,32.0528,32.2434,30.9862,32.477,34.9504,35.6241,37.5504,40.1465,38.2051,42.877,44.6997,47.9543,49.4064,52.8158,56.464,62.0035,64.4968,69.7157,72.6142,76.2649,79.2456,82.4636,84.7467,86.6186,89.5257,87.9897,86.0101,86.1079,84.5848,81.7797,79.6296,75.6364,71.5836,68.0718,63.9947,60.8757,57.403,54.5577,50.6062,47.0461,42.2652,41.894,39.9173
METER_014,2026-01-13,57.0874,58.6504,58.6323,59.1887,57.8095,58.8123,59.5217,57.7504,57.2084,58.8844,58.997,60.2347,58.0688,59.2556,59.3985,58.9457,58.2977,58.2252,57.7025,60.6334,60.1369,59.1819,59.3198,60.7904,60.1853,61.8346,65.8017,71.5144,75.4859,83.7549,95.9873,108.4161,120.8202,131.1855,139.7548,148.4555,154.4632,156.436,159.0309,159.9056,163.986,162.4508,163.8603,165.3627,166.3387,166.8948,166.6686,167.395,169.266,167.7501,169.6254,169.5089,168.1858,168.6645,169.377,169.9549,170.2673,170.2643,168.6003,167.8703,169.0405,167.7266,168.0768,164.6347,165.1505,163.1647,162.9296,158.9487,155.3552,150.2773,142.1891,133.1481,121.8725,109.1663,95.1134,86.0011,77.0149,69.8652,66.7928,64.4905,62.1293,62.7217,60.4418,58.7174,59.0961,60.1696,59.1544,58.8996,58.9898,58.6648,58.9354,59.0508,58.9207,59.4653,57.916,59.7677
METER_015,2026-01-13,119.4119,118.5353,116.3986,115.0787,112.4646,111.89,110.7754,107.5025,107.4616,107.8682,106.4624,107.8657,106.058,104.4186,102.7691,106.1551,103.6399,104.4928,105.0562,105.4619,105.5123,104.7353,104.2791,107.2148,107.9652,108.8646,109.2475,108.4177,112.5409,114.322,114.4977,116.9418,118.8475,120.1842,123.8124,127.8402,129.3968,132.9198,135.9115,137.9947,139.5254,141.8502,146.0681,150.7819,155.4272,154.5048,155.7855,160.3234,161.4618,165.3031,164.6406,168.489,170.4624,173.0345,174.5272,175.6447,177.9997,178.9203,178.8278,181.6328,182.8214,185.2657,187.8129,185.5387,188.9855,189.7634,190.5377,190.9176,192.7669,192.9188,190.9501,193.0864,190.5384,190.8243,188.3521,191.2303,188.329,186.5332,183.155,182.2072,178.0573,173.9017,169.8649,164.0867,161.6589,161.1763,155.7057,150.4991,144.8266,143.2128,138.5453,136.2483,130.4208,130.8903,125.7156,124.1612
METER_016,2026-01-13,174.4125,170.5726,172.0816,174.3112,172.6221,169.2178,173.7785,169.52,173.7595,168.1778,175.2341,172.8776,176.5321,172.8453,175.0031,172.1705,176.246,175.2966,175.6684,173.846,179.4173,179.6158,187.0461,193.6535,207.5926,220.9743,235.3596,251.7389,266.1337,275.1999,286.2578,289.0424,290.0216,294.0077,294.4949,298.6408,295.743,300.5575,298.3826,293.5698,295.8405,294.9809,293.2956,289.7309,286.0822,283.4228,279.0495,275.6878,277.0008,277.421,281.6641,283.9295,282.4492,290.9468,291.2039,295.0087,294.0045,295.3455,294.4493,296.5436,297.383,297.5696,297.9799,296.961,294.9282,293.8542,298.468,296.6653,296.563,295.2232,299.7852,296.3569,300.0234,299.1193,297.6073,297.3434,297.0404,296.1072,296.7753,296.6151,294.438,296.6594,290.241,287.0172,282.5388,273.6333,267.4245,249.638,238.3663,221.7447,200.6326,199.2644,188.2357,182.4526,175.5931,178.3427
METER_001,2026-01-14,44.6305,41.8815,41.4556,40.2454,39.4785,38.7435,38.4094,37.8824,36.777,37.1358,38.3441,36.5572,37.5689,37.8536,38.0519,38.9523,40.0785,39.4045,39.428,42.0044,43.1843,45.5458,48.2657,50.8656,54.3282,56.6589,61.2873,62.0923,65.2308,64.0317,67.4408,65.1891,63.9173,63.5412,59.5968,57.0124,54.504,51.0233,49.0568,44.6964,44.5434,40.9959,39.5022,39.2996,37.3551,38.1265,36.0673,36.8821,36.3701,36.5357,36.929,38.0192,37.1304,38.0403,38.9179,40.1801,39.5081,40.2655,41.9203,42.1178,46.0255,46.4023,48.1036,51.7134,55.2501,59.0503,63.4804,67.0399,70.9744,75.5565,80.1471,84.6332,88.2848,92.7711,95.7791,100.4925,100.6128,102.6731,103.1505,102.6321,101.3853,98.4672,97.2365,93.6466,89.3901,83.558,80.8968,75.6202,70.6561,66.5506,62.2443,58.5642,55.3532,52.2888,50.866,47.0627
METER_002,2026-01-14,66.3669,66.3793,67.3839,65.5977,64.6874,67.3277,67.322,67.3108,65.6398,65.534,66.8592,66.3204,66.2015,65.9521,67.6791,65.7665,65.6579,67.5154,67.5477,67.0457,66.7174,68.577,67.7079,67.8541,69.3037,72.2166,75.3809,77.7382,86.3662,95.5888,106.2905,121.1643,135.4681,146.7901,159.5353,166.4603,172.2318,176.0195,180.0193,180.1814,182.5539,183.9684,186.2475,187.391,187.6297,187.2476,187.9187,191.1512,189.7795,191.1625,191.6251,191.2394,190.7712,193.1487,190.9665,191.537,191.0168,191.2623,190.1017,189.9559,191.4582,188.4884,188.4404,187.2279,186.3371,185.0446,181.5406,178.6858,175.3226,170.0465,161.0122,149.7602,136.5294,122.8697,109.754,96.5335,89.2946,81.1092,76.5897,72.6044,70.3455,68.7569,69.4414,68.5589,65.8946,67.0524,67.7195,68.0274,65.9941,66.129,66.6575,66.8537,66.7737,65.4388,66.9899,66.659
METER_003,2026-01-14,135.8249,129.9364,128.9441,128.8865,125.2106,126.4229,123.5741,124.0373,120.3869,118.7422,118.6051,119.1202,117.2414,118.235,118.8906,113.4772,115.9842,116.7301,117.0999,117.6997,117.4543,116.0273,119.34,118.1088,120.8013,120.5759,122.7141,124.7022,127.0384,129.66,127.6693,131.1309,134.0,136.2718,140.3257,145.1575,143.6237,150.9305,152.3009,155.2064,158.8905,161.9085,164.6888,166.2769,171.3579,175.079,177.1598,179.9778,181.2476,184.9562,187.4054,189.4766,193.2317,196.9508,197.1101,197.3852,200.261,200.7168,201.2203,203.622,204.9556,207.85,208.6939,210.0136,211.8225,211.7508,212.612,212.0402,213.8485,214.9502,216.2482,216.5044,216.9244,213.7142,214.5515,212.3908,211.973,207.1524,208.1105,204.2596,199.0026,195.597,192.0375,186.6007,181.2683,179.5296,173.7249,171.9045,164.4673,161.3048,159.3235,151.6252,149.1799,145.677,140.6618,137.1476
METER_004,2026-01-14,112.9121,112.3792,113.1382,112.1559,111.3396,110.5954,108.7595,111.313,112.5501,114.3856,112.4018,112.2887,114.0019,112.5645,111.9421,113.1214,110.846,114.2196,115.1421,112.8425,116.8535,119.6059,122.459,125.3929,134.5215,141.9048,154.873,162.8342,170.9234,177.0616,181.779,184.2239,190.3485,191.4615,191.8246,194.2635,193.2135,192.9762,194.5488,190.2749,193.6055,190.651,190.1702,191.1631,186.1692,185.0291,183.1955,178.4476,179.8387,180.4195,178.5606,183.7382,186.4943,187.4613,192.1273,190.3305,190.6463,189.9335,194.2836,190.6584,192.8527,194.967,194.1808,193.5011,192.9581,191.0745,193.9433,193.8202,194.1921,197.8568,191.8323,194.1181,190.9013,193.4824,192.0294,192.9577,193.0632,193.359,193.1983,193.8061,191.8812,189.2527,189.7944,187.3044,181.3678,177.5332,172.705,163.5891,153.797,142.2516,135.9181,126.3679,119.4556,118.8054,116.2093,113.1434
METER_005,2026-01-14,34.3861,33.8386,32.9899,32.128,30.6675,29.5171,28.5711,29.7512,29.796,29.2414,29.0875,28.7777,29.3643,29.1938,29.7165,27.8296,30.626,29.8532,31.9085,32.1494,35.0484,34.3083,36.221,39.6558,42.8236,45.3312,46.5953,47.9121,50.251,51.0446,50.9557,51.0443,48.1929,47.8974,46.2375,44.7235,41.6949,39.9516,38.005,35.4384,33.6853,33.4177,30.1802,28.7101,29.6834,28.8639,28.9207,28.4909,28.2092,29.1048,29.6479,28.9549,28.558,30.5026,28.3294,30.5167,30.113,30.402,32.4634,33.223,34.6374,34.8436,39.4265,39.7504,42.0209,45.2936,48.6167,51.0235,54.7005,58.3637,62.2308,65.4057,69.3466,72.6136,73.8883,76.3033,77.8252,79.4203,78.2728,79.3598,78.0236,75.0295,75.6619,71.9916,68.8242,63.7003,61.9695,59.048,55.2672,50.8471,49.2033,44.9671,43.4568,39.8473,37.1647,36.1432
METER_006,2026-01-14,54.5033,53.8518,52.5533,53.4418,55.2853,52.3798,53.5527,53.5418,53.5703,54.899,53.5612,53.0419,54.4615,53.4302,55.3512,54.6784,54.4717,55.2178,54.8429,54.7809,54.936,54.4773,55.6611,56.4853,56.5249,59.5894,62.1546,64.5604,71.0538,78.1767,89.2459,99.2106,112.0885,122.4182,129.1525,136.1578,139.9234,143.8764,147.4972,147.8563,149.8351,149.8945,151.4455,151.3173,150.9523,154.1675,154.2374,154.6602,154.6729,156.113,156.593,155.0423,156.8686,156.4447,155.855,155.5883,156.2675,155.8635,155.1824,154.1707,154.9763,153.3325,153.1706,152.9365,151.2094,150.0358,149.8363,146.1499,142.5295,138.0669,132.1221,121.2243,112.9575,101.273,89.257,80.2003,69.6026,65.6143,61.1383,58.3687,57.7391,56.1029,56.0102,55.2542,55.4665,55.941,56.1189,53.8127,54.4665,53.8598,54.2976,55.2436,53.7135,53.7419,54.625,53.4458
METER_007,2026-01-14,114.4402,110.2234,112.2098,107.834,106.8434,101.7236,101.0647,101.188,103.1633,100.4365,99.0912,99.546,99.47,98.322,98.1856,97.5491,98.3628,98.6045,98.3705,98.7838,97.5224,97.8352,99.9539,99.8439,99.8902,100.8293,102.0199,102.2701,104.8039,105.6094,106.9142,108.8972,110.6346,115.2156,114.434,117.2503,121.9303,124.5658,127.2566,129.1929,130.9823,135.8551,138.6266,142.4663,142.2603,145.728,147.2224,150.811,151.7554,154.1832,156.1251,158.5185,161.6938,161.8653,163.4905,164.9915,166.6369,168.2477,169.3114,169.576,172.3517,173.7864,174.1196,176.667,176.3259,178.1566,177.6691,178.6657,178.3822,181.5859,181.9272,179.2078,179.797,179.477,177.2459,177.507,177.7571,173.9022,172.3134,170.388,166.6242,163.1087,160.2905,154.9161,153.3049,149.1931,143.6465,141.7252,136.7163,133.4634,132.1829,128.8958,124.354,122.943,119.2658,117.145
METER_008,2026-01-14,164.8978,165.3572,161.9314,162.19,161.6306,164.4386,165.9338,166.8101,161.683,166.0469,159.2744,162.9755,164.8743,161.8831,160.894,164.6989,164.658,165.8582,164.7345,168.1588,165.8132,172.9894,177.5993,183.2971,198.9221,211.2825,220.5871,237.6359,251.905,258.8619,264.2302,275.4419,274.0464,278.2145,283.1495,279.4337,281.3518,281.1151,283.1424,278.089,279.7059,277.8553,275.7638,273.8368,270.3318,266.9637,266.9219,263.4434,260.5077,263.309,267.9595,267.7715,273.5405,272.7415,276.1863,283.0393,280.2738,284.7407,277.1548,281.4892,281.3866,281.7151,282.19,280.6745,281.2165,277.7253,281.551,279.7872,281.3426,285.3222,281.3153,283.5379,275.0488,284.5958,281.9436,283.9942,279.0181,279.07,281.546,279.4146,281.6034,279.8193,276.3617,272.7427,270.1229,268.0438,248.9394,236.0415,223.8973,209.0731,192.864,189.2223,178.2416,172.7366,173.1296,167.2242
METER_009,2026-01-14,47.5886,45.5512,44.4108,41.9141,40.8251,41.5924,41.446,38.4597,37.4493,40.3639,39.1081,37.182,39.8021,37.6904,39.4332,38.4753,41.194,42.0329,41.3949,44.1853,46.3629,48.7818,51.9998,54.1734,57.1322,60.2518,62.1194,64.6253,66.1443,70.0923,68.4601,68.5949,67.0702,66.4818,63.2564,60.8191,56.7799,53.2077,51.1376,49.2581,47.5469,43.2779,42.1547,42.1177,40.4491,39.6067,39.2678,39.0989,39.5081,37.8204,40.3237,39.5961,38.3517,39.5884,39.3934,40.379,41.2241,41.9804,45.0088,45.4555,46.7992,49.7965,51.5457,53.545,57.7277,60.8804,66.0672,70.1633,75.4775,79.5471,83.3832,87.2277,93.4237,97.0604,100.0388,104.0243,103.9649,106.6414,108.0873,107.2328,105.9046,103.3245,101.5511,98.0476,92.7091,86.976,83.1622,77.2286,74.3611,69.4049,66.325,61.9318,58.6516,53.6212,51.4459,49.964
METER_010,2026-01-14,69.4122,69.1314,69.7266,71.0169,70.6514,69.304,71.381,70.926,68.4708,69.9217,70.0873,70.1486,70.3439,68.6816,67.8431,69.4293,69.9434,70.0491,70.5452,70.8323,70.9538,72.7368,71.1127,72.817,74.8111,76.6215,78.037,84.4243,91.3149,101.6974,113.5567,128.2969,142.4982,156.1927,167.9464,176.6882,182.9165,185.4599,190.0305,190.9596,193.5937,194.1836,195.9899,198.4647,197.9794,198.665,199.7112,200.5652,200.1588,200.3451,201.6482,202.3317,202.5268,202.3451,200.6549,202.3028,202.5366,201.6288,201.1166,201.0963,200.4476,201.7099,197.4687,197.6709,196.8572,194.9731,192.3728,189.3428,185.6032,179.9217,171.2292,158.3047,144.3736,128.7504,115.0316,102.5425,90.7605,85.9223,79.2847,75.841,74.7736,73.8824,70.8562,70.9443,71.1872,70.349,71.4472,72.0908,70.9364,70.9745,70.3683,70.298,69.7089,71.1929,70.6729,69.9209
METER_011,2026-01-14,83.765,81.6509,81.1213,78.1912,76.5551,76.5914,77.6845,74.7331,74.228,74.9954,74.5823,73.7163,71.9647,72.5331,70.8078,71.0891,70.0728,72.0276,73.2035,72.3124,73.1261,72.0735,74.035,72.7172,74.0082,74.8288,75.6609,76.9747,77.5652,78.3085,79.8881,81.2978,83.9303,83.5566,86.546,86.3015,89.5664,91.5918,95.0032,94.4997,97.5069,100.4849,102.8977,104.1409,106.5333,108.0212,109.6842,110.5742,113.0699,115.7241,116.8384,117.541,118.5041,120.6604,121.4215,122.5871,123.2562,123.6128,125.1568,126.649,127.9427,126.7864,130.8189,130.7202,129.5503,131.9952,133.1926,133.0094,132.3365,133.546,133.421,133.0083,133.3809,135.0214,133.3416,133.0309,130.4836,128.909,127.1084,124.9327,124.4043,121.8372,119.7704,113.6796,114.7123,109.339,107.8163,104.3322,103.0824,97.8747,97.7639,94.9957,92.9606,89.9556,87.8086,85.7421
METER_012,2026-01-14,130.7342,130.0344,132.485,130.7916,128.029,130.4672,128.7834,130.422,129.6942,131.1579,130.9567,131.0648,132.1769,131.5628,134.3864,130.8814,130.7416,129.3489,130.2016,130.4114,130.9237,138.0896,141.0671,148.6618,154.8377,165.8129,174.0714,187.7561,199.4077,206.2246,210.6843,213.0343,220.9664,220.4941,220.3495,222.8598,221.5083,224.8063,223.5112,224.5633,222.2279,218.8237,219.878,216.5786,214.4295,212.9737,212.3336,208.2932,208.2148,208.357,214.6526,211.8308,214.4323,217.9482,218.7594,218.8174,223.655,224.2235,224.8813,224.1521,222.1652,222.2238,222.3945,222.3303,223.368,221.9336,222.0166,223.4759,222.9463,222.8056,224.6486,222.7006,224.4749,221.7452,224.3256,225.064,221.2982,223.0261,223.1484,221.1097,223.6239,219.3507,217.1015,217.2261,211.9926,207.7917,197.3034,187.3794,176.1263,165.2078,156.1877,144.1726,142.7169,137.6197,134.5173,132.8017
METER_013,2026-01-14,38.285,38.4707,35.9746,33.7275,33.7182,32.2692,33.4269,32.9948,32.6874,31.3095,31.4312,32.5583,32.7744,33.6868,33.3043,31.8896,31.6864,33.8437,34.1092,35.7432,37.7539,39.6241,43.0626,43.6647,46.7591,49.1516,53.1998,51.2937,55.4412,56.0494,56.0746,56.3448,55.5272,55.4379,51.2032,48.7853,46.5828,44.9603,41.5659,39.6703,37.4059,37.127,34.6046,34.9072,33.0583,31.7043,31.5601,32.4229,32.767,29.909,31.854,32.3456,32.4403,31.2926,32.5015,34.9638,33.0989,34.3823,35.6423,35.6271,38.5721,41.3255,40.6732,44.9345,47.0492,49.8982,53.4199,57.4192,60.5765,65.2657,67.932,72.8699,75.6929,80.1765,81.8448,83.9396,86.5915,88.3378,89.4769,89.1353,86.2716,83.2658,81.1224,78.7143,76.4077,72.9121,68.6081,64.8225,60.5498,57.4092,53.4144,52.0234,49.214,44.4314,42.1708,38.9161
METER_014,2026-01-14,56.4485,58.963,58.892,56.5309,57.7433,58.28,57.3943,58.0058,57.5696,57.6293,57.8408,58.5111,57.9854,58.7842,57.7098,59.1158,58.0322,57.269,58.1134,57.0662,58.6985,58.4423,59.6075,59.8138,61.0821,62.3981,64.932,68.9719,76.942,82.7322,94.2156,104.1948,119.1,128.5665,138.8505,146.0453,150.6612,153.7326,157.3099,157.4119,160.186,161.3035,160.9679,162.828,163.1217,164.1172,164.3623,165.767,165.1168,164.4373,166.6377,167.5771,166.9573,166.9412,165.8194,167.0117,168.0468,165.5404,165.4615,166.1022,165.1417,162.8598,164.5907,162.4796,162.2782,161.2388,159.6823,155.8949,153.3665,148.2096,139.2924,130.8706,118.4669,106.0352,94.1043,84.9281,75.0016,70.7088,66.0459,63.6581,60.9538,60.9889,59.7897,58.9283,58.6933,58.7167,58.5296,59.6835,58.4777,57.4406,57.2721,59.43,59.9658,57.6108,58.4407,56.9658
METER_015,2026-01-14,118.8168,116.9838,111.7721,110.9389,111.0136,109.5052,109.4294,106.7602,105.1316,105.2491,102.0267,105.6254,104.2385,101.4042,103.168,101.8845,102.2597,99.3823,101.2899,101.3689,104.4976,103.3044,104.264,103.6313,104.8872,104.0378,106.038,110.2019,111.5863,111.3905,112.5223,116.6052,117.8853,119.5578,120.3869,124.2449,127.5051,127.4827,131.0444,136.7475,135.4021,141.4309,144.1461,146.5231,149.2441,152.5838,155.8013,156.1142,158.9297,160.9393,162.9172,166.0597,167.5702,171.3734,173.4062,174.9039,175.3395,177.004,178.4478,179.151,180.3115,181.5245,184.0588,185.0849,182.6601,187.1077,189.0587,186.8394,187.9245,188.6149,187.9675,188.4427,189.2133,187.5277,187.0879,185.5132,182.8348,183.1692,179.1276,177.0555,172.4582,169.8921,168.3624,163.9405,160.0528,156.5695,152.6798,148.8107,145.8654,140.8816,136.6945,133.4482,130.585,127.3374,125.3814,120.5494
METER_016,2026-01-14,176.6845,170.0598,168.6051,169.9633,170.1025,172.5803,175.0326,174.5501,172.8158,175.765,174.0435,170.4495,171.2786,169.7189,172.6925,173.4891,173.7741,170.1018,174.6821,173.0898,177.5236,181.1265,185.7271,197.9991,204.5888,224.9757,235.2948,248.992,259.8723,274.7048,282.1192,289.72,290.5901,296.4387,294.0795,297.275,298.4828,295.784,297.2902,299.149,293.3728,291.7326,287.2163,284.9701,286.2635,280.7424,280.1566,279.5528,277.7134,277.9568,280.8725,280.4748,285.1441,287.441,292.1504,289.7906,293.6588,295.9511,296.8148,297.1651,300.6594,297.0829,295.4627,296.6497,298.6374,297.8001,297.2455,292.4677,297.257,297.8678,296.0652,296.1619,299.2241,297.4457,297.4523,293.273,294.5932,295.0267,296.5258,291.6544,297.8703,296.3491,289.9175,288.7918,280.5483,275.2163,264.2699,251.9587,233.1349,216.4665,204.0298,194.3845,182.4351,182.6197,177.3444,176.6878
METER_001,2026-01-15,44.4441,42.7614,40.2159,39.713,37.9343,38.4695,37.6716,36.6358,36.2811,36.8327,35.8016,36.2016,35.3283,37.4716,36.7443,37.5427,37.6735,38.6422,38.886,40.8265,43.7345,45.3064,47.6982,51.2583,53.8205,57.1088,59.5814,61.7637,64.1614,64.8804,65.9807,63.8181,62.3132,61.7028,59.5699,57.8264,54.4091,50.8872,46.7118,43.9947,41.6908,40.6051,41.006,37.6724,38.5545,37.8067,37.5626,35.7941,36.2246,39.3149,37.6464,36.932,36.0905,36.6004,37.8463,38.4091,38.0391,39.7321,41.1634,44.196,43.0606,45.6868,48.9022,50.4226,53.8402,56.7498,62.3539,65.3451,70.0114,75.5581,79.9288,83.1602,85.9293,90.7004,94.9148,97.6608,98.8957,101.6127,100.9662,99.9488,97.388,97.6853,94.938,90.467,86.598,82.6413,79.3242,74.6863,67.7807,65.1386,60.103,57.3404,55.116,51.0806,49.4729,46.2236
METER_002,2026-01-15,63.9508,64.9995,64.8342,64.0198,65.9357,64.2473,65.703,65.3399,64.7744,64.5763,64.9058,66.0438,64.766,66.8412,66.1873,64.7703,65.7018,66.3696,67.7286,66.5098,65.8046,67.4576,67.8116,67.5894,68.2667,72.4909,74.0306,78.8038,85.6495,94.8236,105.6236,120.1035,133.0176,147.4288,156.5251,164.3879,170.7794,175.2977,177.5352,179.2934,179.8627,181.9283,183.4374,183.447,186.4342,183.7089,184.325,187.5594,187.5102,188.4324,186.9047,188.5944,189.1219,189.9356,189.0605,189.2884,188.3179,189.2413,189.2641,187.7501,188.1275,187.0282,186.6166,184.631,184.1279,182.2626,179.9374,177.3271,172.4502,167.4655,158.951,148.5492,135.3811,121.6191,107.754,95.7621,86.8821,80.4669,74.2109,70.8249,69.6715,68.5941,66.9133,65.2791,67.3113,66.6301,65.5629,67.095,66.9393,65.9196,66.0802,66.1752,65.4639,65.6082,65.2741,66.8253
METER_003,2026-01-15,136.2217,130.425,134.2789,129.4843,126.6711,127.0921,122.2959,123.9894,121.7332,120.1736,120.5138,118.7664,119.0161,115.4406,116.0932,120.6078,115.0033,119.4554,118.498,119.5336,120.2061,119.0377,121.6399,120.2444,122.8834,123.2054,120.7148,124.549,126.6158,127.41,129.4352,129.6796,132.7255,137.0549,141.3738,141.4689,147.1642,150.1643,151.0983,154.9815,157.5445,162.1056,167.0831,167.8608,171.0687,174.8498,179.7555,181.4902,187.9973,187.5161,190.5664,192.4609,192.9923,195.9606,197.315,196.6171,200.7291,203.4389,201.2555,209.2752,207.5888,210.0068,211.3028,209.9083,212.6706,211.8415,218.6678,217.0899,215.8277,216.0408,217.9797,216.7582,218.2805,218.2652,215.4932,214.8831,210.6355,208.6343,208.4348,204.7951,199.5287,198.1839,193.2221,188.5145,184.4011,180.253,174.3724,171.0246,170.1177,163.2447,156.8204,153.4076,151.2903,144.0647,140.5126,139.8497
METER_004,2026-01-15,115.2796,114.235,115.3764,114.2831,114.619,113.0011,115.7274,113.9177,115.9075,114.2728,114.36,113.1684,114.2921,114.3395,112.2198,115.1418,115.5905,117.248,116.6731,118.3676,119.5034,120.0168,124.0017,131.5492,137.6952,145.8983,154.3651,165.0898,174.211,183.5451,186.6945,190.8174,192.2443,198.7771,196.4554,194.4505,195.8693,197.7701,199.1464,196.5423,194.7672,195.7754,194.5262,191.6309,189.381,186.7768,186.5681,186.3879,185.0559,185.4291,184.6149,192.5438,190.1975,193.953,194.4109,196.2256,196.1225,197.2042,195.6334,198.1969,197.5009,198.1987,196.2151,197.5485,196.7781,196.7825,199.3614,195.2801,197.0308,196.0808,196.4893,197.2611,197.2834,194.194,197.9759,198.2329,197.3561,197.4513,199.8916,195.7885,197.0346,193.0989,191.6396,192.2226,186.9219,183.8158,173.7826,166.7973,154.699,145.2816,136.9068,127.51,128.0082,119.2368,121.5414,118.2129
METER_005,2026-01-15,36.168,33.5801,33.3323,31.8384,29.1544,30.7171,31.1678,29.9789,27.6972,27.8904,28.4326,29.6192,29.1764,29.2998,28.6313,29.1488,30.8407,30.5291,32.1269,34.3214,33.8001,35.462,37.2906,40.6985,43.3457,44.3794,48.2624,49.5137,50.4327,51.2206,50.5794,52.2497,51.044,49.5056,46.6345,44.2682,42.3754,40.8907,37.4809,35.0044,32.8528,34.2992,31.7256,30.3846,31.4079,28.7814,28.9069,29.249,29.5043,25.9367,29.6807,27.7634,29.1912,27.8174,31.16,30.5548,31.0522,31.6783,33.3736,32.7701,34.9182,37.3637,40.6732,41.5222,42.2925,46.3717,48.2518,52.2363,56.2404,59.5888,62.5119,68.0534,69.9482,70.9624,75.8367,77.9572,78.3784,80.0527,80.0014,80.8477,78.2745,78.3153,75.4234,72.4354,70.2393,67.4675,62.0851,59.8049,54.9,51.8082,50.6777,45.9844,43.3214,40.0592,39.6819,38.6932
METER_006,2026-01-15,54.3496,54.5446,52.5947,56.1838,54.2657,52.9237,53.0436,54.4442,54.8248,55.025,54.6224,55.0651,53.4685,54.0116,55.5111,55.7142,53.3519,54.1266,53.4532,54.5307,54.0987,55.6418,55.094,56.3062,57.3661,59.5991,61.562,64.4079,69.2388,78.625,87.6518,97.8052,108.9566,120.9809,129.6501,136.1661,142.3544,144.2653,145.9089,150.3178,150.0532,151.4596,151.1559,151.9818,152.1206,154.5911,153.9397,154.5891,155.7545,154.1901,154.9545,155.2003,155.3256,154.3452,156.6809,156.2405,155.999,155.1226,155.427,156.0064,156.4523,154.3493,152.7475,152.0534,151.2033,150.7696,148.5194,146.0144,142.6692,137.7781,132.3202,122.4886,112.2152,101.0701,89.7512,78.8382,71.6156,65.646,63.3283,59.6028,57.418,58.2995,55.3526,56.2207,54.7968,55.1899,54.6882,53.3728,54.0319,53.7622,55.3401,55.0512,55.1827,53.0694,55.0485,53.9357
METER_007,2026-01-15,111.5155,109.2327,106.3775,106.3274,103.4279,103.5818,100.0553,98.7029,97.3902,97.117,95.8206,96.9902,96.521,95.169,96.4732,95.0788,96.7352,96.8231,96.8538,95.4712,95.545,94.5217,96.637,96.0273,99.2983,98.2737,99.9459,102.6563,103.0471,103.9372,106.983,105.9126,109.6091,111.0643,113.9532,115.2013,119.1791,120.8827,122.2207,127.6594,129.5388,132.5889,136.8316,136.9153,139.8642,142.9492,146.0709,146.6861,149.1545,152.629,153.5039,155.4211,159.8536,158.9926,161.6549,162.0639,162.3984,165.8359,166.4598,166.9252,169.3584,171.0361,171.8434,169.123,170.8011,174.3175,176.3639,178.7432,175.4199,178.3315,176.247,177.0005,175.8512,175.2704,175.6308,173.7322,170.2722,171.7203,169.4633,164.9819,163.8483,160.1061,156.6981,153.8605,149.2264,143.2502,144.492,138.8542,134.2697,130.0384,127.2937,124.7558,121.8238,120.1687,114.9589,113.4058
METER_008,2026-01-15,162.9838,159.1629,159.5382,158.6875,160.3807,159.8583,158.8812,160.4914,160.4931,163.4034,165.334,159.8052,159.3245,161.9273,161.5482,160.8134,160.4251,159.0102,162.1455,163.1525,164.484,169.2524,176.6275,181.779,192.3373,203.7278,219.5002,231.6162,242.547,255.0497,262.0647,268.0654,270.3703,270.0766,274.9812,277.5084,280.403,277.8387,274.6841,272.0304,277.9835,275.2348,269.1081,269.4071,269.5372,265.2925,260.3804,258.6505,260.3364,259.5861,259.8261,262.0363,263.292,268.1665,275.7154,277.2011,272.8241,275.782,275.663,274.7143,280.3081,276.1654,276.4436,280.9034,274.9621,279.2563,276.5508,277.2338,278.3087,280.2712,276.6667,277.7625,276.1453,278.4552,279.4774,276.9415,278.4914,274.3661,274.1908,274.2437,274.6723,276.5349,273.942,269.8001,260.7441,258.7437,242.8136,231.713,220.2243,202.6325,193.4101,183.9695,177.0214,167.9946,167.647,165.4508
METER_009,2026-01-15,45.6237,45.385,43.7223,43.4543,41.967,41.7674,40.742,39.2434,39.9003,38.0908,39.2247,37.6986,39.1644,38.7005,39.708,41.0787,39.4954,41.7736,43.0893,44.0776,46.5879,47.349,50.5992,53.9946,57.0513,60.4861,62.8049,65.7881,67.9151,69.1433,69.0606,70.0908,66.5951,65.136,62.492,60.6882,58.522,51.8982,50.6698,49.2057,46.1961,44.9325,42.0347,41.9939,40.6477,38.7674,37.6747,40.3917,39.0199,38.2106,39.2226,39.8432,38.7904,38.5515,39.9804,40.3409,42.134,41.4191,44.3027,46.2487,46.592,49.7708,52.7005,54.2521,57.39,61.6579,66.6319,70.7058,73.5676,77.8599,84.8441,89.1959,93.515,96.1183,100.9543,102.7048,105.9072,107.2743,108.9887,107.2647,105.7525,103.9809,100.0294,97.2145,93.5173,89.1906,83.5975,79.5321,72.9868,70.9527,65.1431,62.3021,56.8056,54.5878,52.0279,48.1422
METER_010,2026-01-15,71.0327,71.392,71.5867,71.4461,72.0038,72.1294,71.562,71.8274,71.4018,72.1415,71.099,72.2112,72.0057,70.6246,71.4055,71.7537,71.1102,71.9787,70.7958,72.4951,71.8508,73.5168,73.3016,73.1559,75.483,77.1437,81.8592,85.6106,92.6938,102.8997,115.3716,130.4483,146.6924,159.1261,170.6097,179.0638,186.1443,190.9815,193.9541,195.3267,197.2495,200.0435,200.1342,200.2164,203.4957,202.0246,204.8739,204.1599,203.9107,204.9716,208.2438,206.5089,207.719,206.9725,206.2945,206.8448,206.9207,205.3111,204.8352,205.4441,204.3256,204.3126,203.5006,200.3173,201.6669,199.0603,196.9084,194.6252,187.9724,180.8217,172.6371,160.9641,148.3713,133.3402,118.0605,103.2897,93.8746,86.986,82.5345,77.3878,76.8524,73.6431,73.2674,73.001,73.5171,73.3181,72.5217,71.7265,70.6645,70.8177,70.9856,72.3155,70.5737,71.3036,73.1403,71.7523
METER_011,2026-01-15,84.4812,82.8258,82.0052,80.7372,80.641,77.0298,77.4213,77.898,76.9013,77.2114,74.439,74.3272,73.0305,73.6497,74.2861,73.3597,71.5172,74.1492,74.1886,72.6352,72.1914,75.5965,74.6816,74.7404,77.6025,76.5777,78.3523,78.1176,79.8449,81.7488,81.5159,81.3591,83.5387,86.7972,85.9884,89.6288,90.4421,93.6855,94.9797,96.6908,99.7455,103.0346,102.5956,105.803,107.5856,108.6398,111.8003,115.577,116.5559,115.8822,119.4794,119.9822,122.3725,121.5009,124.8463,125.8444,127.7086,124.8572,127.359,127.4111,131.1679,131.0602,132.869,134.1561,132.915,134.4404,134.6841,135.2536,136.5,137.1363,138.3256,138.1568,135.6262,135.0868,136.1728,135.3335,132.2183,132.3505,129.534,127.1868,126.4366,123.7244,120.7795,116.7794,116.161,113.4814,110.9088,107.0243,104.4154,103.2813,99.389,96.7188,93.4902,91.7568,88.931,87.7507
METER_012,2026-01-15,127.8113,131.6866,130.909,128.4153,130.1419,132.0567,130.1505,129.5023,132.3842,130.4823,128.9175,130.1958,131.4296,130.2056,129.7062,131.7696,133.9622,133.8514,130.0121,133.7915,132.7702,137.832,144.618,147.2953,155.2455,165.8588,175.5672,187.9847,196.7808,209.693,215.0697,218.2526,220.2888,221.1411,221.8504,222.5875,225.2436,223.0475,223.6071,222.9437,223.9875,219.2852,222.8538,219.9831,212.6644,213.3988,212.4627,206.5382,209.2009,207.4335,212.5126,214.3248,212.5426,217.9781,221.2105,223.4209,219.7154,223.6593,225.3433,225.0904,223.0275,224.4376,225.3325,228.4329,225.7129,224.7516,223.853,223.5137,222.9231,222.6361,223.9049,223.1291,226.7683,224.7019,226.2721,223.8624,223.5087,225.2773,224.2696,222.2575,224.2927,224.1442,219.4895,215.5919,214.6323,208.6904,198.0777,190.4348,178.0219,165.9647,155.7493,147.2393,141.6356,136.292,134.5257,133.4973
METER_013,2026-01-15,37.8754,36.1077,34.6251,34.5731,33.5329,31.6629,32.9395,31.5067,32.6847,31.2813,31.9154,30.6895,31.4838,30.1449,32.4611,32.0155,32.1479,33.7038,34.3577,36.0506,37.5672,39.0966,42.3362,42.1391,46.0694,48.0714,50.2914,53.263,54.7992,55.4466,57.416,55.2366,55.3078,52.9427,51.1867,50.1576,45.1211,43.5982,41.263,37.9676,36.7485,35.9527,33.7743,33.3781,32.8922,32.891,30.9378,32.7088,29.8129,30.6644,31.539,30.5633,31.524,31.922,32.0438,31.8918,34.0104,35.0316,34.5825,36.4964,38.9381,38.7147,41.6443,44.1989,47.0083,49.8197,53.707,56.8174,59.5752,64.0166,68.1527,71.0456,75.368,78.3542,82.3279,83.2297,86.6004,86.4185,87.7059,85.2195,85.9618,82.6913,81.3571,78.0861,76.5249,71.2506,67.3643,63.5183,59.5191,56.6012,53.107,49.4288,47.4167,44.502,42.7659,40.613
METER_014,2026-01-15,57.129,56.97,55.4178,58.3015,56.5115,58.3101,55.5059,55.7937,56.2259,56.4223,55.5505,57.5367,55.2078,54.9118,55.3961,55.8659,56.6192,55.4149,56.4085,56.1819,57.7294,58.2762,57.2559,58.8279,58.6994,60.8495,63.4398,69.002,73.621,83.0593,93.8374,103.9801,115.8401,126.5693,136.1784,143.0493,148.5554,151.0617,152.7629,155.3431,156.4349,159.1504,159.2708,158.03,160.6388,161.1907,160.8219,160.6815,161.8324,161.9919,163.1352,162.1509,164.6277,162.5854,163.7852,163.218,164.6558,164.5121,164.2598,163.6673,162.9621,160.698,161.4107,160.0219,157.8889,156.7814,157.1652,153.6582,149.824,144.7443,137.4563,128.4526,116.9558,105.8763,93.0772,83.9676,74.4785,68.039,63.9606,62.5564,62.559,59.9819,58.744,57.6453,58.0145,58.7745,57.0817,57.3088,57.8086,57.5007,55.4021,56.6189,57.9142,57.2838,55.7191,57.3587
METER_015,2026-01-15,120.5509,116.7496,112.8475,111.5262,111.7238,108.6031,108.5727,105.8464,105.144,104.0172,102.7687,101.5559,101.0449,103.7158,103.115,101.9313,102.7829,102.8252,100.2612,101.2818,102.2617,103.0172,104.4187,105.7726,105.7753,107.139,105.8809,107.8869,107.0885,111.0069,113.5425,113.7119,116.7776,119.5741,120.6492,124.6292,125.6445,128.3166,131.81,134.2312,135.7284,141.8072,144.6571,146.6506,148.2543,151.814,154.494,154.7091,157.2413,161.6657,162.0977,163.7418,170.2511,169.2221,171.2116,173.7644,172.7592,175.2421,176.1341,178.3854,179.2956,178.0301,181.6991,181.7682,183.3702,185.1872,185.5227,186.8328,186.22,187.9548,189.0888,186.7609,185.9405,187.4929,186.3446,183.3324,183.3649,181.9411,180.5056,172.467,172.6105,170.6448,167.1156,164.7519,159.6767,155.011,151.5709,145.4565,144.1322,142.6011,137.9949,133.8493,130.7816,127.9903,122.8429,118.4736
METER_016,2026-01-15,174.5989,175.9105,171.983,173.8333,173.2164,177.2911,177.8358,173.0585,175.0072,175.1623,175.9573,175.8247,169.9489,175.3785,177.296,175.7648,175.8459,179.7686,176.655,178.8795,177.3772,179.4999,189.2718,196.3067,211.0264,222.459,243.0547,251.7913,269.0228,273.6073,287.4562,291.1888,294.6054,298.5166,301.4932,298.2391,296.68,301.6995,301.4728,300.6819,299.5861,297.0601,300.3147,291.9952,292.6124,285.2398,281.4629,278.9126,282.4825,280.2324,284.6773,285.4206,289.2363,295.214,294.0964,298.0528,301.8156,302.4089,304.8396,303.251,304.0223,298.3624,300.2102,298.4177,303.1973,301.0949,302.7171,303.5796,302.7904,302.2494,305.2967,300.5546,300.4729,297.8152,300.0031,297.5214,299.6534,296.4036,298.7411,299.7432,299.3131,300.1205,293.0774,288.9556,281.7796,276.1807,264.1078,251.4527,241.1999,222.876,207.0544,197.4592,194.1244,182.7313,185.9431,176.3628
METER_001,2026-01-16,42.9548,41.559,40.1846,38.6962,38.3628,36.807,38.3828,35.9913,36.5211,35.277,35.7686,34.0433,35.1159,35.2506,36.9585,36.5872,37.5877,36.4614,39.1178,40.6188,43.0697,43.972,46.5305,50.2458,53.6199,55.7332,58.1281,61.9316,62.0462,64.0501,63.9497,62.6578,63.825,60.9696,59.5595,56.4045,51.5542,49.6142,47.8956,44.3686,42.0416,41.3389,41.7558,38.4829,36.1672,37.6487,34.4662,36.3917,37.9146,36.3434,36.1582,36.5132,35.7329,37.7032,37.2892,37.7797,37.4573,37.4787,39.7936,42.3261,42.7396,45.1781,47.4453,48.9443,52.9151,56.2892,60.152,64.2332,68.8145,72.7689,77.9721,83.1474,85.8906,89.5972,94.8155,95.8826,97.4962,100.7803,99.2584,98.4867,99.0735,95.2399,94.415,91.9769,86.5649,82.7599,79.3493,74.4152,69.1868,64.0494,60.4589,55.7279,53.7627,52.0924,47.7098,44.9331
METER_002,2026-01-16,64.1892,67.2742,66.3845,66.5769,67.613,67.301,65.6651,65.6357,65.4323,65.3714,65.6422,65.4651,67.0141,65.5389,65.4732,67.3469,65.6428,67.4154,66.0273,67.3965,66.7487,67.8226,65.3008,69.4552,70.3999,73.5029,74.4444,78.5212,84.985,95.6034,106.5217,120.4173,134.3686,147.4327,157.9948,165.431,170.0574,174.4,179.0059,181.0988,182.8061,183.7279,185.2821,185.3594,185.8455,185.7753,188.0966,188.1137,189.1957,188.577,188.5992,188.3448,190.4416,189.9364,189.208,189.6777,191.6684,189.1522,187.924,188.6968,188.9584,186.4805,187.3348,185.1393,183.7565,182.59,180.4981,176.9983,173.4347,167.8181,159.1619,149.0569,136.8096,123.2971,107.8392,95.1006,87.5877,80.31,74.4926,71.5464,69.3198,68.6609,68.1354,67.2698,66.9171,66.135,66.0975,66.3704,67.2495,65.347,66.2752,65.8041,66.6621,66.6448,65.8407,67.1417
METER_003,2026-01-16,141.349,136.1378,135.3662,129.3214,129.7768,127.7279,126.2254,122.1771,124.6632,124.8031,124.6966,123.6686,118.6034,121.7122,119.4991,119.612,120.4615,122.6845,121.7019,121.8883,118.6405,122.2445,121.0397,123.8462,122.8622,124.5424,129.1905,125.3917,131.3622,129.3958,131.1228,134.7908,138.0362,140.1125,145.6775,145.1584,150.9632,150.6045,155.8254,160.1319,162.1024,168.698,169.5207,171.9517,176.2046,181.8544,183.4715,186.5973,186.3666,192.8697,192.8544,194.1629,197.239,199.3351,199.7523,204.4974,204.8473,206.613,207.3471,209.9577,211.0965,212.5594,213.8364,218.7213,219.606,217.6836,220.934,223.5043,223.048,222.0395,222.8077,221.5002,220.9453,217.6802,221.5973,218.5261,215.9515,213.8683,210.1819,206.3163,202.5202,202.314,196.1471,194.0797,187.2888,184.939,181.2128,176.352,169.3539,165.3019,161.5014,156.1094,156.6472,149.4189,148.841,141.7859
METER_004,2026-01-16,117.5917,118.3365,114.6399,115.2202,119.5844,118.9699,115.49,116.6768,116.816,117.8314,117.5428,117.5224,114.312,116.8084,118.3992,117.0224,117.5867,116.1585,118.5495,119.6362,121.3537,123.5401,126.2746,129.4167,139.6879,151.792,162.2685,171.0459,177.1272,185.2278,192.1407,194.7236,196.3912,196.3501,198.6639,201.6685,200.3943,202.3097,200.9452,201.868,202.1836,198.6528,199.4271,196.9267,195.3096,193.7748,189.0788,185.1809,189.3127,184.9117,187.6711,188.6864,193.9728,193.4848,197.8112,199.8878,198.9594,198.0805,199.0661,199.3035,201.0682,201.6164,200.7706,201.0703,200.4183,201.008,201.6757,203.7833,200.6121,202.9535,203.7088,201.9784,201.1635,202.6491,200.0364,199.9961,198.5499,203.031,198.7811,198.526,199.3661,199.8775,198.1559,193.5115,189.5781,186.5294,179.1186,169.7527,156.4248,147.7631,138.2703,131.4983,127.9653,124.8236,122.4495,122.3651
METER_005,2026-01-16,34.9481,34.5308,33.4117,32.8675,32.1192,31.7112,31.1086,29.7585,26.9574,28.4304,30.0833,30.4349,29.3935,29.8425,28.6518,29.51,31.0674,30.5638,31.2068,32.598,35.3361,36.8738,37.1952,39.6048,42.3638,45.7226,47.0635,48.8074,49.4766,51.897,51.4981,52.8964,49.3356,48.326,46.9074,44.7093,41.9927,40.6327,37.3439,35.6334,33.7157,33.2983,31.0789,30.4234,29.2778,29.4935,28.874,28.3929,28.9961,28.4129,30.2168,29.6585,28.9482,30.3465,30.1354,32.6713,31.1382,31.4224,31.6366,31.8987,35.5531,36.339,38.7846,40.3823,43.4684,46.3984,48.9818,53.1247,56.65,59.4566,63.1604,66.429,70.5586,71.6363,75.1728,78.3317,78.6442,80.6666,81.6938,79.8237,79.8476,77.49,75.2687,73.3359,68.1758,66.1999,63.0234,60.3663,56.0122,52.3862,48.8758,46.3243,43.6599,40.9479,37.2888,37.5435
METER_006,2026-01-16,54.2009,53.0243,53.3455,52.9822,53.4224,53.2141,52.73,53.3089,53.3972,53.0475,53.8956,52.5775,52.5976,52.5263,53.8916,52.6565,53.5094,54.2127,53.4485,54.0407,53.1558,53.6088,54.4469,55.2157,55.8081,57.9151,61.5058,64.702,68.7395,75.8106,86.4703,95.6651,109.3838,119.3003,126.3084,133.4417,139.6899,141.4701,144.0897,146.3211,146.672,147.2706,147.6374,150.1136,150.2358,151.0661,151.5083,152.0576,151.9562,152.2457,153.2934,152.3873,151.7274,153.1921,154.5687,153.1678,152.9851,152.43,153.2653,152.087,151.3901,152.8694,150.4201,151.51,148.0794,148.421,145.5613,145.8593,141.0525,136.7543,129.4695,121.4496,109.3059,99.4299,87.8977,78.3438,68.3467,64.2936,60.0139,57.0363,56.3886,56.4415,53.6514,53.674,55.1598,55.0577,55.1699,51.8923,53.7118,53.2873,53.8775,53.3917,54.0191,53.3404,52.476,52.2314
METER_007,2026-01-16,111.8831,107.2925,105.4962,104.2027,99.9329,100.8008,100.3386,98.2263,95.8961,96.3528,96.1346,95.3754,92.439,93.3515,96.0553,93.2159,96.2667,93.7444,96.4564,93.4607,93.7706,94.3443,94.9628,95.5789,96.5806,97.8558,100.2695,100.7161,102.651,102.0156,105.1856,105.5139,106.3832,109.1079,111.131,112.9556,115.9596,120.5767,122.0421,124.8771,128.0818,130.0879,130.7394,134.3708,137.7222,139.4873,142.0436,144.8564,146.0657,148.2789,151.9975,151.9216,155.5696,156.9759,158.3084,159.1385,159.7775,161.1993,163.8276,162.5684,166.8337,165.6482,164.7546,170.2619,169.6478,170.3276,174.0013,172.3044,173.6582,174.0587,172.057,176.1277,172.898,171.5713,170.6607,170.9327,169.6187,168.3077,166.9156,162.7761,159.4354,158.2895,152.9449,150.1817,147.5596,143.0905,137.9241,137.6461,133.8842,128.4669,125.8519,124.2983,118.4598,116.5039,113.3345,109.6707
METER_008,2026-01-16,160.7686,160.4227,160.9784,161.2874,157.7122,159.5219,161.9665,159.9275,159.3986,157.8263,162.4362,159.2648,161.4008,162.4513,163.1656,161.3898,160.9091,165.0048,161.1179,165.4597,167.0601,170.294,174.9944,182.8226,193.246,204.7068,220.8138,234.9651,244.4543,252.5494,268.2209,266.9812,268.8394,271.3021,272.9072,275.268,275.481,275.6328,275.421,275.8812,271.8156,274.7264,271.3534,270.3045,268.487,260.1985,261.0274,258.2496,256.9139,255.6404,263.1432,265.0416,269.194,270.0163,269.3301,272.1402,270.4279,279.4697,274.732,275.3342,278.56,277.7509,279.4459,276.3635,279.6865,277.6235,275.8411,278.2372,277.4709,276.7067,274.8538,275.6231,277.2769,275.0468,277.4401,278.2473,275.4471,274.0458,279.3873,277.6757,271.8921,274.0175,270.7713,267.2434,265.952,253.337,246.6701,231.7324,218.0618,209.34,190.5621,178.1176,174.6608,171.4313,167.9287,163.5362
METER_009,2026-01-16,47.5777,45.8925,42.7831,42.3596,40.055,41.7797,40.7207,40.0934,39.7067,38.7587,39.7039,38.9261,39.5298,39.7595,39.692,40.732,40.4341,40.9575,42.6538,44.9611,47.922,50.1723,52.4059,55.1916,58.4531,60.45,65.2138,67.0847,68.5458,70.5976,70.1225,69.6827,68.7183,66.7219,64.9343,61.0701,57.828,54.6425,52.9991,48.9343,46.9437,46.0993,43.5118,42.2483,42.9695,40.7489,40.6235,39.6983,39.2217,40.232,38.094,40.7771,41.1162,39.1846,38.8814,39.9191,42.4678,44.0434,44.3903,46.8077,47.7709,49.307,53.2994,56.1055,57.8997,61.3849,66.7569,71.2724,75.4782,82.1602,85.4588,89.8673,95.6337,99.9599,101.1379,104.5189,108.1199,109.0148,111.3312,108.9257,107.904,104.348,103.0646,98.2425,93.7974,90.3379,85.5955,79.5285,74.252,71.143,66.7458,62.0498,58.9358,55.5468,50.8778,49.4188
METER_010,2026-01-16,73.3201,71.7824,72.6147,73.7121,73.4526,72.8667,72.5218,71.7936,73.2669,73.1374,72.416,72.6799,72.2536,71.8022,72.9487,72.0697,73.1946,72.401,73.0649,73.5291,73.5043,73.4838,73.5735,73.8611,76.9752,78.4349,82.6499,87.6245,94.0819,106.7931,119.0465,133.4529,148.9441,161.5819,174.8456,183.3129,187.9119,194.5095,199.1359,199.4567,202.0816,201.9724,204.6459,204.9577,206.573,206.8086,206.0194,207.9337,209.7538,209.0065,209.001,210.0095,210.9463,210.6667,211.1992,211.3211,213.6348,209.6707,209.3523,209.0522,208.9277,207.8228,205.9489,206.6379,206.2151,202.6799,199.2797,197.0461,192.4245,185.9844,178.1354,165.8721,150.2053,134.6455,118.4891,107.1936,96.7558,87.9865,83.2027,80.2962,78.8096,76.1143,76.1518,74.5487,73.9929,75.1683,73.9267,73.3357,73.7634,72.9563,74.0734,73.5521,72.7491,71.9399,74.2325,74.1553
METER_011,2026-01-16,86.1046,85.2085,82.7682,80.6431,80.5078,80.1635,78.4495,78.3401,76.5972,77.57,75.8834,74.1024,74.1183,75.2932,73.1085,74.3846,73.9706,75.26,75.247,74.7637,73.5023,73.5867,75.8604,75.8281,75.753,77.2363,78.9418,79.9865,79.8382,80.5395,82.5087,84.0209,84.9769,86.5459,87.5357,90.8316,92.017,93.2932,95.5757,99.2872,100.3818,102.4029,105.9013,107.1658,109.6455,110.4011,112.0714,114.3278,116.7507,116.6593,119.5665,119.6766,122.2374,122.7025,125.4839,126.5941,126.7941,128.4302,130.034,128.7452,131.2107,131.6101,131.9151,133.4757,134.487,135.6231,137.0616,136.0202,137.1153,137.5321,136.9815,135.7694,136.5851,134.8013,136.1796,136.4221,133.0009,132.5735,131.1831,127.6738,126.6545,123.428,123.1049,119.4037,117.5614,113.2146,111.0112,107.6054,104.1349,102.046,99.9734,97.5218,94.6049,90.8992,89.6247,89.5888
METER_012,2026-01-16,127.0768,130.3777,129.0576,130.2752,127.528,128.8007,130.4968,129.5937,129.5888,127.8246,129.6519,126.7024,130.8457,128.988,127.6291,129.8415,128.2789,126.926,132.2165,131.3405,133.7914,133.5586,139.4251,146.5885,155.8091,164.2919,174.0885,185.866,196.1606,205.608,212.7964,212.8949,219.4341,218.1068,216.8034,220.3092,219.4066,217.7623,219.9952,220.8063,219.0735,221.8112,219.422,215.657,213.3187,208.9811,208.9289,207.3193,207.6386,205.9377,208.695,210.5754,212.5495,216.5386,214.9643,217.6434,220.7032,221.1028,219.3163,220.5715,221.8688,223.61,220.3701,219.3031,220.3107,219.3991,222.3014,221.4311,219.2413,220.9324,220.2773,221.7984,221.6039,219.5854,221.7588,218.6976,223.0721,221.3114,220.7992,220.412,219.1193,217.9745,215.882,214.1475,211.523,203.4681,194.496,184.2243,174.0101,163.8893,153.5439,142.9177,137.5976,133.9899,133.9299,129.3653
METER_013,2026-01-16,36.3605,35.7933,34.7395,33.118,32.2048,32.0932,32.0896,30.327,31.0215,29.7147,30.3111,30.5416,30.5169,31.6525,30.0485,30.958,31.3902,32.4067,33.4859,35.3491,35.889,37.4893,40.7554,43.8179,45.7389,45.1401,50.3141,51.0615,52.616,54.4344,55.3885,55.0822,53.6966,52.5994,50.8957,48.4976,45.7188,42.7932,40.0908,38.428,34.486,33.9343,34.0604,33.0496,30.8407,31.9305,30.2183,29.7603,30.5313,30.7258,28.5418,31.2845,32.0988,31.7712,31.1064,31.7875,32.9069,33.9872,33.2886,35.988,36.1194,38.8135,40.5319,42.9036,46.8668,47.9379,50.8407,55.8054,58.1849,63.7716,65.5664,70.8247,73.4993,77.543,78.9228,81.8768,83.5457,85.1194,83.2427,85.3256,82.9365,83.4527,79.6923,77.6033,75.0802,70.2581,66.2203,63.1604,59.3234,54.9322,51.078,47.9023,45.1042,43.0691,40.9836,38.5798
METER_014,2026-01-16,55.0785,56.7861,54.028,56.3561,56.2983,56.71,54.8167,56.4489,56.2623,57.6476,55.8088,57.112,56.3405,55.7904,56.2076,55.444,56.1132,56.1763,55.6125,57.2998,57.6742,56.9694,56.6988,58.4187,60.1397,61.9833,64.4958,67.997,72.6646,81.1107,90.1103,103.9021,115.5359,126.8006,135.1121,140.8648,144.9033,148.6967,152.1113,153.2673,154.5829,155.6491,156.6917,157.0427,160.1617,158.4472,159.5015,161.7381,160.6547,161.5105,161.708,162.2467,162.3689,162.9263,163.5818,161.6782,163.1076,162.1171,162.3678,161.8504,161.1125,160.5419,160.4996,158.6741,158.4194,156.284,153.4323,152.1403,147.7719,143.2538,137.3903,127.3654,117.0395,104.8094,92.7673,82.3785,75.697,67.8287,64.3884,61.5042,60.5428,58.4587,57.9144,58.5988,56.4787,56.7506,56.8969,56.7513,56.2937,56.2389,56.7949,55.2444,56.5131,56.0862,54.6149,57.0683
METER_015,2026-01-16,121.6642,114.8941,115.2993,113.3593,112.8087,110.1418,108.7658,104.7441,106.8188,106.7431,101.3515,105.0896,102.8407,105.6772,102.932,100.5889,102.747,104.7946,103.0171,102.0718,104.5154,105.0977,103.4192,105.6826,107.4292,105.2761,108.9707,107.3987,108.7898,111.9675,113.6625,117.4384,118.3033,119.4986,121.9862,125.4572,127.694,128.8491,132.781,134.3889,142.7941,141.4964,145.0463,146.9094,151.0325,152.0731,156.3393,158.6727,160.6133,164.5349,165.8967,165.7311,170.1562,170.6658,171.8538,174.3181,175.4519,178.3075,180.4844,179.0299,181.9078,182.1752,184.6405,184.1101,186.5643,186.5693,188.1265,192.0607,190.1709,190.9687,192.9551,190.4784,190.4178,190.3499,188.5567,186.3051,184.304,183.2751,179.6411,179.8725,175.871,173.8606,168.4217,165.394,159.5334,157.2639,152.7671,150.9287,145.6327,143.7159,135.9327,136.2727,131.207,128.7063,128.3344,122.5074
METER_016,2026-01-16,180.4888,180.228,179.9227,179.373,178.3503,180.1707,177.8589,180.1778,176.4877,180.8497,177.3957,181.0682,176.8443,175.0369,178.7567,180.8383,180.2775,180.3434,180.52,181.527,187.1955,186.0804,190.5216,204.15,213.955,228.1425,244.6261,260.336,274.6817,283.1722,292.4808,298.3255,297.706,303.3165,305.2264,305.1674,309.34,303.2357,306.0591,308.6366,307.2797,307.9181,302.0496,300.5547,296.6373,294.6221,291.565,286.0916,285.7569,285.7098,289.3037,292.5095,298.3361,298.1634,303.1071,304.6923,305.1449,307.1744,307.5521,308.8252,306.2165,306.8026,308.7505,310.3891,307.3968,308.5146,310.1425,305.4614,312.6112,308.5962,307.5794,306.5437,311.5906,308.4024,308.6658,309.0031,302.7949,307.5809,305.3658,307.9585,306.6129,303.6065,301.7314,295.9546,289.7895,284.1611,274.7466,253.9838,242.9222,225.2384,211.6283,204.5042,191.9253,188.8377,185.0724,182.9111
METER_001,2026-01-17,43.2021,41.6322,40.8244,39.3846,38.0079,38.7531,37.9594,36.6561,35.8484,36.5249,36.1539,37.1177,36.816,35.9864,37.8881,37.0281,38.2732,39.0111,39.869,42.4718,43.0604,46.0494,47.8222,51.1094,54.8334,57.5379,61.4893,62.6467,64.2977,67.2743,67.8825,66.8852,66.4649,64.2195,61.0493,57.5682,55.7377,50.7604,48.341,47.2572,42.8999,41.052,38.9747,38.246,38.0594,37.4004,35.6575,35.0376,36.909,35.9409,35.8815,36.493,35.7313,36.1896,36.4356,36.4839,37.6486,40.6748,40.5347,42.7618,45.1318,45.9178,48.2837,52.1948,57.3515,58.3996,62.2622,68.2931,72.9809,76.9984,84.4066,86.6221,90.8337,95.2762,99.1462,102.0416,104.0222,104.8592,106.1091,105.2081,103.7233,103.1353,99.2738,94.1721,90.2765,86.2383,81.5211,77.5368,71.5369,66.9132,63.1861,59.4627,56.6216,52.146,49.7325,46.0358
METER_002,2026-01-17,65.9635,67.2466,67.2222,66.7581,66.8864,66.7403,66.1638,67.5507,65.7224,68.41,67.2136,67.6231,68.1898,68.5443,68.1907,66.8477,67.2614,66.3817,68.0258,67.9948,66.3642,68.5572,67.5103,68.8461,68.6019,71.1368,68.7753,72.2169,75.1552,77.7897,82.7801,88.1309,92.4197,99.887,104.037,105.7623,107.8718,109.7628,111.3037,110.2276,113.299,111.7802,112.8369,114.3528,113.5293,114.6604,113.4177,115.7034,114.8217,113.5626,114.7064,114.8975,115.5937,114.8335,114.6634,114.5522,115.5945,115.8509,114.7774,114.8196,115.529,114.2924,113.927,113.3793,114.3729,112.1215,110.6379,109.7336,110.1105,106.7846,103.2596,98.5756,95.1361,89.5194,84.1191,80.1034,74.9209,73.2248,71.7654,69.0236,70.0455,69.1709,67.7352,68.4352,68.2255,66.9182,66.3649,67.5257,67.3399,67.4761,66.8759,68.1504,67.4552,68.0568,67.1779,66.2714
METER_003,2026-01-17,143.7225,139.9257,136.4213,135.7051,131.9107,130.4969,130.5517,128.8929,128.3981,127.8751,123.7815,123.6836,124.2645,124.6908,120.7412,122.3831,122.1895,122.5126,122.5909,125.5433,123.6571,125.1183,125.0346,123.6021,124.5202,125.4971,129.9778,130.7527,132.588,132.0901,135.3849,141.297,144.3964,144.0077,148.3509,150.4199,154.9224,155.5629,163.2162,166.2723,167.8081,171.4691,175.0596,181.4028,183.9244,189.088,190.5485,193.8563,195.9769,201.5274,203.1561,205.3241,208.2434,210.0169,212.631,212.5825,214.3253,219.5459,220.6922,222.5547,226.2233,224.8309,224.3577,227.4903,231.8735,229.2898,234.2235,232.0444,235.7412,237.6055,234.6699,235.7258,236.9543,235.7424,229.8743,232.1327,228.726,226.9462,222.8659,219.14,217.6399,209.0015,208.88,200.7617,197.0916,193.9638,190.9462,183.0058,178.5268,171.3871,166.8927,164.9371,161.3841,153.3025,151.8637,146.6329
METER_004,2026-01-17,115.4318,115.8008,115.5389,116.0119,113.3443,119.0418,117.141,118.1514,115.1116,118.2606,118.4411,116.2049,117.7428,119.5178,118.0926,117.2884,116.8205,117.201,118.0066,118.6917,121.8906,121.3381,126.6758,128.1721,135.7704,141.7404,149.7604,161.4126,167.4093,174.7243,178.7699,180.4005,182.4873,184.7132,184.4688,184.1989,186.224,187.7171,186.8209,185.4211,187.3462,182.6641,182.3452,180.7753,180.5172,179.6716,176.2218,174.2565,176.1901,175.176,178.5314,178.1566,179.9809,182.5204,183.5487,184.7135,185.7047,184.0324,186.3053,187.9331,185.4989,187.082,184.5602,187.23,185.2778,185.6556,186.1104,186.971,186.3523,186.6606,187.8509,185.8371,186.7962,187.4682,185.2799,187.823,183.9459,187.1964,187.49,188.7836,183.6493,184.6857,183.0303,181.6805,178.1498,174.7973,169.2751,158.2518,150.4065,143.1778,132.5994,131.1071,124.2638,120.6024,120.9952,117.0119
METER_005,2026-01-17,34.68,34.855,33.6022,31.1816,31.5955,29.3377,30.0777,28.5304,29.994,28.4743,28.6992,27.9452,27.5393,28.3823,28.6695,29.1283,28.3699,31.2426,31.2986,33.2816,35.1656,36.5258,38.4938,39.4931,43.7057,46.4391,48.0018,49.8947,51.2036,52.1838,53.152,53.7889,51.7024,48.3263,47.8487,47.068,43.8662,41.5129,38.1055,38.3464,34.1258,33.1832,32.4713,29.2985,29.0085,27.8994,29.8628,28.7705,29.6943,27.6137,28.0713,27.7019,29.825,28.706,29.3297,29.725,31.0493,31.2356,33.9766,33.7288,36.3746,36.6495,39.4309,41.0616,44.3572,47.0104,49.8746,53.571,56.6809,61.3514,64.6563,69.6821,71.78,75.5759,76.3426,81.7455,83.3395,84.1974,84.8855,84.6732,82.3846,81.7249,78.4335,75.6522,73.5079,69.1248,65.8945,61.9792,58.9495,54.1985,49.7187,47.394,43.5665,40.5715,38.5479,36.4101
METER_006,2026-01-17,52.353,51.3991,51.4633,51.006,51.9997,51.9559,51.4543,51.546,54.0206,52.5259,50.9215,52.0056,51.4892,51.7408,52.6051,52.3303,53.8553,52.0069,53.2813,52.4076,52.6304,52.2436,51.8248,53.2692,52.7845,53.8724,55.5061,57.09,58.3808,61.5108,67.0103,68.0938,72.5836,76.1616,80.8446,82.5041,82.5438,85.0052,85.7112,87.4672,87.5002,87.5371,87.6248,88.7425,89.3109,87.5111,89.3321,89.7177,89.6605,88.7093,87.87,91.1349,90.1262,89.8212,89.8726,88.4191,88.2384,88.819,88.6966,88.8118,89.4352,88.728,88.2147,88.5211,87.3976,88.0994,86.5255,85.2529,83.9038,82.7765,81.7758,77.2492,73.6346,69.3472,64.8361,60.9153,57.8473,55.5515,56.3784,53.8379,52.9831,53.3312,52.72,53.8764,52.8218,51.6132,53.0905,52.3223,52.8621,51.0249,51.1893,51.5636,51.7501,52.2207,51.3901,51.1902
METER_007,2026-01-17,108.8711,107.5841,105.881,104.055,101.6682,101.3271,99.4971,99.0678,95.1017,96.2848,95.8155,95.4284,94.413,92.9806,93.9754,92.4123,92.6586,93.7433,92.2165,94.7151,96.1264,94.6626,96.439,95.3714,97.7195,97.1505,96.9638,100.2746,99.9908,102.4386,104.5395,107.2396,108.9445,111.4819,113.766,115.8771,119.0632,121.0504,124.033,126.2235,127.8647,132.165,135.7004,138.0685,140.5824,143.3693,147.0293,146.6562,150.9666,152.6287,156.5812,158.1416,162.3739,159.1437,159.0545,164.8363,165.933,166.1084,166.4282,169.1544,170.3718,169.9737,171.7062,174.1792,176.7088,174.4203,176.8526,178.0114,179.2867,178.4982,181.5074,179.7992,180.9052,178.9868,179.9959,176.3281,175.2434,171.9306,167.0421,166.2123,165.878,161.717,157.7807,154.7322,150.3428,147.7261,143.6357,141.8424,137.9421,131.2801,125.8893,126.1151,121.0515,118.6678,116.0763,113.6752
METER_008,2026-01-17,162.4315,161.5407,164.1458,160.7177,164.3046,165.3321,162.9531,161.6255,162.8229,164.916,162.544,160.0664,158.6655,163.227,165.4852,167.9859,164.8215,162.8768,164.7752,164.0336,166.453,170.7886,174.6082,183.3752,186.3486,197.096,212.5597,224.7851,234.5528,246.9711,248.3487,252.1588,256.3773,262.1543,256.7697,260.716,259.1179,259.6523,260.7651,259.3696,257.2986,255.8838,256.05,249.9788,252.0841,248.7935,248.3502,242.6714,245.1132,245.7432,249.6087,247.5166,252.2794,254.1694,255.2835,256.5666,259.9696,257.2441,260.8804,260.432,260.3715,261.5951,257.7769,261.9142,259.7461,262.7234,261.5172,261.4562,258.8506,259.7612,260.9646,258.5622,260.1562,259.8747,259.8851,261.1688,258.3813,261.8011,260.0333,262.5318,258.2069,256.2593,254.6787,249.1723,250.3277,241.3409,234.8014,222.6178,213.2899,200.0362,190.0918,180.4684,171.6282,168.4247,169.8946,163.1751
METER_009,2026-01-17,49.1719,46.6044,45.804,44.9801,41.981,42.2613,42.3811,40.4202,40.241,40.0691,40.2747,41.5183,40.7543,40.2337,40.7429,42.3186,42.6286,42.0135,45.5022,45.7879,49.8764,50.7305,55.3822,58.9909,61.1135,64.6754,68.9026,70.79,73.3278,74.9366,75.9231,75.7976,73.146,70.8989,68.8257,66.0544,62.5004,58.5761,53.2376,51.3076,49.0158,46.8508,44.4653,43.6849,43.1526,40.8571,41.7637,39.9666,41.2336,40.6792,39.8577,40.127,40.4347,41.4611,41.7718,42.1953,42.8712,45.5172,46.0262,47.0512,51.1013,51.8075,54.5364,57.8297,61.2704,65.0004,70.463,75.8976,81.8076,88.0462,92.6334,97.3427,102.485,106.9563,111.553,114.918,117.114,119.5027,118.623,119.922,116.7592,113.9818,110.6462,107.638,103.1686,97.0592,93.3021,87.9287,82.1911,75.3013,71.0298,66.0316,61.0537,58.8456,54.2317,52.9138
METER_010,2026-01-17,72.308,73.1451,72.5245,73.2864,72.9734,72.6807,74.3291,75.1721,74.3454,73.6302,73.4592,73.1925,73.017,73.5394,74.2706,74.8447,74.2118,73.7549,73.8907,73.792,73.2363,74.064,72.1312,73.6727,76.8961,76.3472,76.2264,79.1267,80.9296,85.749,91.0903,98.6132,103.3475,106.4679,113.917,114.5321,117.8472,120.9094,120.0764,121.8943,122.2453,121.9446,123.6656,123.035,123.7691,123.8819,123.7891,125.0661,126.8118,127.2493,125.4619,127.265,126.867,127.0692,125.3283,127.0422,126.7913,124.703,126.3989,125.1451,124.0554,126.6001,124.7332,124.856,124.2743,121.9168,122.4166,120.6866,119.9912,115.7036,113.8418,108.6798,103.3268,97.6498,91.5461,86.1561,81.0916,80.5488,76.5406,76.0207,74.7051,74.6454,74.1878,74.0115,73.8049,72.672,71.4251,74.1282,72.9091,74.0561,72.4662,73.9993,73.3279,73.4945,73.7942,73.5192
METER_011,2026-01-17,84.4199,84.2224,82.5653,82.0788,80.4089,78.4268,76.6886,77.2901,77.3353,74.2281,75.6854,73.9215,74.3866,74.4968,73.3295,72.0204,74.1622,72.2523,73.08,75.2721,73.8955,74.4344,75.3907,75.4617,75.4245,76.2904,76.8144,78.061,79.4588,80.905,80.1401,84.0136,85.8883,86.7883,89.9763,89.0871,93.2519,94.2709,95.4087,98.3139,100.3202,104.844,105.1717,107.8649,109.031,113.111,112.7304,115.6198,116.3757,119.4466,122.8801,123.0792,122.4669,125.5968,127.3766,128.7479,128.2483,129.7415,130.5322,132.4481,133.7789,136.1403,134.8636,137.4425,137.5959,137.3375,137.0274,138.819,139.981,140.1712,140.9501,141.4011,141.4292,140.1982,138.5854,139.5858,136.2782,135.2931,135.1961,131.7123,129.9588,127.1815,124.2586,121.759,118.1573,115.154,111.9231,109.5491,104.3253,102.5686,99.5895,97.7762,96.7405,91.3763,91.794,89.5125
METER_012,2026-01-17,127.2883,123.4582,126.986,125.2195,127.5265,126.2862,126.9621,125.1015,124.146,127.6606,125.5967,127.26,126.293,126.9859,127.2864,126.3212,126.5233,127.6724,128.2386,126.756,129.4742,131.0554,134.0611,139.645,142.601,156.1566,163.7066,171.1604,182.2417,186.2485,191.8762,195.5821,197.907,198.1071,197.3901,196.9165,199.6868,201.5728,198.1009,201.2199,197.9504,198.695,195.7226,192.4255,194.8306,193.229,190.4272,186.1992,186.0212,188.5362,189.2931,191.0033,193.9567,195.6191,195.3579,200.2447,196.8109,197.94,203.0421,201.6672,199.2936,201.4168,198.5476,202.7433,198.9517,199.1805,197.8126,201.1694,201.8101,197.07,199.5862,198.7054,198.7282,201.6667,198.6679,200.9507,199.2932,201.1522,200.3052,199.7401,198.7519,196.1254,195.8356,194.8957,192.2597,187.5688,182.7703,173.3575,164.4587,154.3246,146.0229,139.4741,134.4656,133.5394,129.4737,127.9343
METER_013,2026-01-17,37.9937,35.8258,35.059,33.1407,31.531,32.4716,31.6961,31.0706,30.0719,30.9467,30.7979,31.3002,29.8098,30.5511,30.8012,32.3818,31.8358,33.2652,32.9261,35.0245,37.3335,37.7544,41.6231,45.1393,46.3232,49.9035,50.3031,53.7442,56.1139,54.7604,56.1643,55.0139,54.7006,53.6909,51.3534,49.3907,46.1041,42.7682,40.1858,37.4065,37.2728,35.2145,33.0056,32.2836,32.0981,31.0694,31.5578,31.2219,29.5772,29.7152,30.7181,31.2061,29.6957,31.7465,32.2748,30.9455,32.4791,32.6953,35.3211,36.2347,37.2674,38.0894,40.9669,44.9095,47.811,48.8388,53.1438,58.6727,61.589,65.2506,67.7111,74.1931,76.1852,80.3584,84.4016,86.4074,88.5782,89.8943,89.5233,90.1349,87.3769,86.0519,84.3122,80.3938,76.706,71.8068,68.6423,66.0211,61.1152,57.405,53.61,50.1958,46.7995,45.1488,40.0014,38.7036
METER_014,2026-01-17,56.3485,56.5156,56.7563,58.0155,55.5502,57.1861,55.8573,57.7866,57.7008,56.3131,56.6268,57.0069,58.439,56.9789,58.323,57.0392,58.9673,57.5503,56.3207,56.9568,57.0344,57.28,57.1975,59.6455,57.8525,57.5666,59.1352,62.3799,63.198,67.61,70.0384,74.279,80.3577,82.6214,86.5413,89.0171,91.76,93.6864,93.3152,94.5965,95.3958,95.6437,95.4388,95.1691,96.0164,95.7965,98.549,96.5899,95.7645,96.921,98.3614,97.8541,96.6478,97.77,96.3545,97.3751,97.3245,98.8466,95.9028,95.8022,96.9116,96.2885,98.0103,95.0867,96.1526,94.1316,93.497,92.9014,91.8981,90.1738,87.2795,83.9123,79.6234,74.9811,71.1393,65.7163,63.6065,60.7565,60.6373,58.3406,58.0791,58.3531,56.0536,57.8619,57.8903,56.4877,57.8578,57.3426,55.7552,58.1447,57.3381,57.6649,55.3963,57.7381,56.883,56.8502
METER_015,2026-01-17,123.2155,122.2427,119.6633,116.0113,113.9768,114.8076,112.5666,109.7694,107.2992,108.4433,107.5975,109.4732,105.9735,105.866,104.6606,105.5456,106.7212,105.119,105.9131,104.8771,106.9022,105.4741,108.7453,105.0915,107.9872,109.0069,109.5626,112.4269,113.3549,116.132,118.6362,120.1854,120.5824,125.6252,127.7605,129.4997,132.0166,134.8514,138.2096,144.2669,144.3362,146.981,150.5847,154.8824,158.2963,162.2083,164.6171,168.5782,167.8646,172.1476,172.871,176.7307,179.6091,180.002,183.2749,183.6366,184.665,187.9429,189.4782,188.7577,191.5717,193.8502,193.7702,195.1374,196.4056,197.7452,199.5531,200.9982,203.0867,200.7534,201.6633,202.5933,202.6406,199.7974,201.6528,197.9979,197.5944,194.8879,192.5804,192.2119,185.5439,180.7712,178.0954,173.042,169.8275,165.3532,162.168,156.3289,154.0133,150.282,144.3832,141.213,135.3393,131.6492,130.4862,128.3371
METER_016,2026-01-17,179.9492,179.6065,178.7835,181.5512,180.4054,179.3684,181.136,183.9888,181.4603,179.9511,184.1559,183.4314,181.0488,184.3269,184.2961,183.5952,179.7709,180.1654,183.4528,186.7054,184.0967,187.7808,199.3641,201.5239,209.629,219.7036,235.476,250.5648,258.3864,268.3164,275.4838,280.1523,279.9452,287.6211,285.9367,286.4003,288.2285,289.3663,286.7091,285.9388,286.6993,285.6528,284.8082,283.3539,276.195,275.3769,270.4895,272.4058,270.5712,269.1852,274.7821,274.6099,278.6594,283.9455,284.0961,284.2983,285.7135,284.104,290.6954,288.3917,291.3528,288.7636,286.7403,289.5169,291.0722,286.2928,289.1917,288.2527,285.2244,290.0828,288.4992,293.7617,289.2048,285.2182,286.3004,287.6944,290.5824,286.4206,287.3762,286.7535,287.715,286.5619,281.0434,282.3781,274.4769,268.065,261.0493,243.0525,233.4022,223.7674,209.8334,199.9756,190.0356,187.7263,189.6363,183.793
METER_001,2026-01-18,45.8247,42.7913,41.6788,40.3334,38.8862,37.9852,36.5858,37.3821,38.6734,37.2643,36.3072,37.806,38.4502,37.6555,36.9255,38.6866,36.8619,38.7052,39.9087,41.6537,43.7736,47.221,49.5758,52.0063,56.2338,58.9442,62.446,62.8459,66.7606,67.2944,67.483,67.7322,67.0685,64.1788,61.6933,59.0215,56.1888,52.3778,48.9295,47.2169,43.7301,41.9524,39.6385,39.2195,38.2563,36.852,35.8333,37.6151,36.5965,36.2432,36.44,37.099,36.2805,35.9696,36.7446,37.9968,38.9432,39.8822,41.4583,42.4936,45.7634,47.7404,49.5526,52.7299,57.6422,60.8481,64.4363,69.8716,73.5582,78.8986,83.1016,88.5628,93.2595,97.7565,101.8406,103.4827,105.8462,107.3926,107.9058,105.5506,105.7628,104.2792,101.8657,97.3313,92.2138,88.5751,84.0776,79.0029,72.7937,69.7572,64.6496,58.1063,55.7191,52.4469,51.4266,46.5519
METER_002,2026-01-18,68.4222,69.2187,68.8199,68.5123,69.4629,69.1335,69.3481,68.7849,68.5386,69.6794,68.5955,69.0671,70.3529,68.4983,66.9802,69.3686,69.1603,71.0305,68.1539,69.7429,67.7657,67.4207,69.6335,70.4898,69.719,70.3649,72.2143,73.4429,76.8285,79.8112,84.4045,90.6578,96.0325,99.9169,104.1392,106.6801,110.704,113.2158,113.7017,113.2565,115.1963,115.0759,115.5384,115.5792,116.7597,116.3849,117.3197,117.5516,116.3122,117.57,117.2148,117.7304,118.4734,118.6376,116.6452,119.5342,119.1413,117.6156,117.5063,116.7082,116.491,117.9633,116.62,116.8833,115.9622,113.9828,113.2935,113.5506,111.355,108.2048,107.6054,103.5753,97.6175,91.2898,85.3938,81.0902,77.3435,73.275,71.5821,71.6691,70.2935,70.0945,68.2207,67.1589,69.8262,67.9937,70.9854,68.6812,68.165,67.9539,67.8563,67.4196,68.3986,67.7767,67.7039,66.962
METER_003,2026-01-18,143.3372,141.0202,140.5105,138.0816,134.5959,132.7964,130.2906,133.195,126.8831,127.2074,125.2016,124.5315,123.4709,124.5304,122.8546,121.5363,123.1678,123.8312,122.0164,123.9542,125.5051,126.4475,125.3181,128.0826,127.5231,127.5487,131.8539,130.4154,133.328,134.4253,138.9705,138.6041,143.1157,142.1714,146.5513,150.2059,154.2275,160.7241,160.3958,166.4819,170.1341,171.366,177.6281,184.1323,184.5334,189.5025,194.6159,195.0868,196.3928,202.5006,201.7287,206.6242,207.0518,214.7259,214.6017,214.2668,218.787,219.3256,223.8682,222.3427,226.0279,224.5886,230.1162,228.7092,231.7197,229.7025,232.7066,231.4699,234.6068,236.4067,235.152,237.4184,236.306,235.3827,232.3168,233.9736,230.7699,227.4385,226.8155,221.3785,217.5097,210.8923,207.5557,203.2361,198.6359,194.469,188.7331,185.4127,178.7089,174.2282,170.2018,164.5726,162.2209,155.4358,153.1454,149.7631
METER_004,2026-01-18,116.3252,114.7584,115.0807,112.0438,116.7191,116.58,114.5487,115.7559,115.3331,116.3207,114.2263,116.9424,118.0546,116.8495,114.2788,117.7406,116.0209,117.5049,114.3261,118.8843,118.691,119.2323,122.3393,126.1181,135.2861,141.1656,148.4654,158.8788,164.8571,170.3608,177.6964,178.8572,181.1605,180.0863,179.3497,183.0322,182.6618,181.4435,181.4403,182.0055,183.3735,180.78,178.4922,178.5668,176.0877,173.3918,174.6151,172.4906,171.1842,172.2978,175.0355,176.4391,175.3201,176.3425,181.1151,183.1455,180.7897,183.7174,183.9605,183.9692,181.2319,182.7745,182.1974,182.6717,184.2432,183.4363,184.6061,184.4227,184.0558,185.5568,184.5654,181.9854,184.0336,183.2173,185.3351,184.4868,183.6621,183.9178,182.9392,183.4456,182.3725,180.8257,182.4519,179.3905,176.189,171.0687,163.9893,155.3037,151.735,140.5094,134.013,128.2096,123.766,119.7108,118.6557,115.5744
METER_005,2026-01-18,34.1107,34.3037,31.5053,31.2973,29.7131,30.3202,28.1982,27.8745,29.5244,28.2021,28.2634,28.0633,27.4889,28.71,27.8,27.3465,30.0229,29.8419,29.86,30.2829,35.1463,34.7969,38.398,40.6137,42.5642,45.0612,48.0465,48.9228,52.2276,52.2309,52.7826,52.7025,51.8501,48.2927,46.7431,45.5488,43.1337,40.6177,37.8442,36.5047,34.6129,32.2633,31.0155,30.4481,28.2634,28.9188,28.5089,27.8364,27.8019,28.8637,29.2739,27.8283,29.0808,29.4947,28.3763,29.4503,30.2785,31.1598,32.5932,33.0551,33.3323,36.4919,37.2667,41.904,41.9869,47.2487,49.3667,52.727,55.9784,60.0896,63.9363,67.8976,71.0464,73.5015,76.3391,79.5011,81.8614,81.7174,83.2529,82.7197,81.0754,80.367,77.4758,72.5729,71.6304,67.3042,64.5041,60.0117,55.4517,52.5833,48.8386,45.6279,42.6368,41.0159,38.3394,34.7171
METER_006,2026-01-18,52.0229,52.5941,51.622,51.3278,51.3375,51.367,53.1102,51.6851,50.5894,51.4762,51.4894,51.8322,51.9063,51.5112,53.0392,51.1586,50.804,51.7278,51.3731,52.2429,52.1666,52.3627,52.2073,53.1023,53.6611,52.2324,52.2066,56.6726,58.3167,60.1482,65.2127,69.0604,70.9607,75.9192,80.0789,83.139,84.5921,84.9648,83.8157,86.063,85.3817,86.8576,87.067,87.1958,87.3722,88.3129,88.5299,87.6088,88.5266,89.0704,90.274,89.4408,88.6094,88.2758,88.5373,88.6485,90.0575,89.2998,87.0082,90.0197,87.9804,88.4455,87.9883,87.2805,88.017,86.9398,86.8008,84.3905,83.7248,82.454,78.6223,77.39,73.5948,68.3773,63.5318,60.3546,57.4708,55.7156,53.7805,53.1915,53.3464,52.8122,54.2772,51.585,52.804,51.7016,50.9223,51.2616,51.9988,52.3419,53.0867,52.2786,52.3946,51.649,52.8831,51.9045
METER_007,2026-01-18,114.0697,110.309,105.654,103.5782,104.2242,103.3688,99.5515,100.1516,97.6284,98.6819,98.4358,96.6104,97.0015,94.2811,96.1159,97.1056,96.225,94.7422,94.5064,94.3569,97.5408,94.3466,94.899,96.9245,96.9083,98.3738,99.4006,101.5176,103.7253,102.515,107.3988,109.1824,109.3058,112.8919,115.4594,117.2954,118.4772,124.6114,124.5359,129.0621,129.2615,134.8097,135.992,140.049,143.5923,145.0231,148.6255,150.6359,151.8252,155.6723,158.5722,159.1927,160.9685,163.143,165.0309,165.7532,168.5021,168.3017,171.3546,170.7169,174.6731,173.6524,172.3933,177.5327,179.8522,179.6627,178.8181,182.7305,182.2309,183.5626,182.0957,183.8385,181.4748,181.8895,178.5275,179.6973,177.2609,175.5068,172.3404,169.0778,168.0045,163.3494,161.5322,158.4939,154.8768,151.3744,143.7926,143.0207,135.4019,133.9475,129.8757,126.2788,124.3672,119.9484,115.5905,113.626
METER_008,2026-01-18,164.9308,169.6857,165.3079,167.3324,167.8532,170.3098,164.5984,169.4959,166.3718,168.4935,166.5485,167.3419,165.6566,169.5526,167.0663,168.6945,165.7629,166.0938,166.7916,169.6792,167.3768,172.2965,178.2166,186.487,193.0607,205.919,214.8242,226.6666,236.3194,249.019,254.3964,257.9631,261.1427,260.0183,265.0489,262.5601,265.7407,267.1343,263.2213,264.985,264.8353,263.684,261.1323,260.0388,256.6573,253.1782,251.6429,249.9748,249.493,254.5475,250.7928,253.4277,260.9668,258.1776,265.8876,264.8523,264.796,267.1912,269.8829,265.4897,266.9771,266.6639,270.548,264.2019,267.8174,265.4923,266.9495,263.6405,261.0989,270.3805,268.4261,268.5356,265.793,265.5945,265.6679,267.4353,265.7043,265.4381,261.0333,263.9422,268.0186,263.2521,261.5751,257.2924,256.2771,250.2254,237.3819,231.5946,214.9237,204.9698,191.5192,182.4312,176.0996,174.5407,172.334,171.3437
METER_009,2026-01-18,50.393,47.3604,45.4364,44.0409,43.5949,42.2798,41.4179,42.4102,41.7039,40.6303,39.3683,40.1781,40.3607,40.6537,41.1449,41.4784,42.5464,43.5826,44.6477,47.5092,48.569,51.4592,55.6914,57.9854,62.5502,66.3586,68.0942,72.7241,73.2535,75.2055,75.9137,74.6956,74.2269,71.5123,68.2846,65.4146,61.7424,59.6702,55.0861,51.1867,48.6756,46.7156,45.6088,42.8393,40.8869,41.8854,42.1533,42.0168,40.478,40.9795,40.2783,40.2713,41.7125,41.7452,42.7629,42.9586,42.4407,45.2214,46.4044,48.6867,49.0109,50.9687,56.3328,59.4393,61.6254,66.8473,71.8443,77.8686,83.1664,88.0385,93.8124,98.7124,103.379,109.0097,111.9819,114.3259,118.3787,119.4327,120.1101,120.6206,118.0386,115.5975,111.5428,108.2501,103.7305,97.8263,93.6656,87.3978,82.6863,77.1558,72.9795,66.3348,63.2837,58.9965,55.666,53.0466
METER_010,2026-01-18,73.2699,72.7631,74.0538,72.2127,72.2655,74.0106,72.7329,72.2785,73.1362,73.2995,72.2579,73.5591,73.1656,72.0251,73.7919,72.1881,73.5192,72.0588,71.7792,72.6575,72.257,74.0361,73.0244,72.5134,73.5995,75.2489,76.553,78.425,80.8404,85.4852,90.205,94.9687,101.655,106.9775,112.1303,114.4113,117.6488,121.3362,120.672,120.6985,121.5901,120.3583,123.3489,123.8744,123.2993,125.8088,124.7191,122.9816,123.4226,123.8795,125.7656,125.4295,124.4127,124.3557,126.1196,125.1908,126.2127,126.0349,123.7578,123.8833,123.6928,125.0473,123.4881,124.7162,121.4649,122.3101,121.0074,119.481,117.5889,116.1562,112.279,108.1509,102.3168,95.6855,90.6423,84.3288,83.0339,78.9444,77.8617,75.5698,75.6008,73.4544,72.7028,73.2966,74.2226,72.0728,72.879,74.0196,72.6297,73.0489,72.0098,72.3276,72.4231,73.1713,71.6006,72.9736
METER_011,2026-01-18,84.1402,81.7787,82.4525,81.442,77.0418,78.2965,75.6088,73.4301,73.7572,74.4053,71.3341,73.1903,73.2575,72.4323,71.0034,71.4509,71.2976,71.6052,73.354,73.0487,73.9571,72.7527,72.2685,74.7235,74.332,76.4214,76.2403,76.2985,77.5571,80.0233,78.9039,82.7285,82.2353,84.6149,84.6348,88.1019,91.6552,90.9103,94.0085,97.517,98.8141,101.9169,105.194,105.9019,107.068,108.6489,111.4971,115.0918,116.754,116.763,118.0309,120.2633,120.7786,123.0094,124.0016,126.2307,125.0913,126.9901,128.6088,129.4956,129.3386,131.5982,133.3365,133.7984,135.3333,134.3797,135.6318,136.3108,136.1413,137.2507,139.1945,139.2067,137.606,137.8062,135.8908,135.5401,133.9236,134.7777,131.146,127.8558,127.095,123.0021,120.9755,117.8505,116.2359,112.5556,110.0096,106.8976,103.617,101.7274,98.4911,96.3324,92.692,89.9509,89.3845,85.2996
METER_012,2026-01-18,125.577,125.5798,123.121,120.7242,122.6195,123.2924,121.6203,125.5714,124.346,127.1003,122.9733,125.5092,123.3147,124.6202,122.9128,123.4644,123.3039,122.9985,126.7153,128.111,125.0778,127.7901,133.2011,136.3115,143.4913,153.5049,159.4293,170.2044,177.0584,185.4827,190.4716,192.3183,194.6591,197.1264,195.6485,198.5796,198.5982,197.4305,201.4815,198.9802,197.0751,195.4518,196.592,192.2632,191.3884,187.3931,186.4551,189.4461,184.5258,183.4588,184.8587,191.1225,190.291,190.8545,198.8707,196.2911,197.5765,197.2154,199.711,197.1968,198.0629,196.2818,197.6443,199.5444,197.1636,200.3489,201.0303,198.0539,196.9882,195.6375,199.9434,197.9694,198.1023,199.3719,198.8129,198.6874,200.499,198.76,194.5451,196.3711,197.5603,196.7122,199.2337,193.2336,189.4158,185.8365,178.4931,171.4647,160.7996,152.6082,146.0491,138.8999,133.0723,131.2006,129.0955,127.6886
METER_013,2026-01-18,37.6437,36.3778,33.4843,33.6163,33.3316,32.0687,30.4511,31.5705,31.3423,29.5322,29.7873,30.8159,30.9642,30.8731,30.441,32.2875,32.4944,33.2796,34.6352,34.1056,37.8682,37.3774,40.7364,45.1493,46.0898,50.1975,52.659,54.3519,55.4549,56.3084,56.8407,56.9392,56.0561,54.7965,51.252,49.4383,46.9518,44.3231,41.1494,38.4655,38.8681,33.7452,34.1189,32.8128,31.6355,30.2978,30.6909,30.4681,31.9594,31.0574,30.9364,29.6268,30.7571,32.4566,31.896,31.9208,33.3569,34.3352,34.8532,37.142,36.1916,38.724,41.1426,45.3802,45.9562,51.0082,53.9573,56.6642,61.6666,67.3839,70.1084,74.5592,77.4988,81.0455,84.4278,88.3939,88.4115,90.38,90.0925,89.0933,89.2571,86.127,84.1894,79.6982,76.7343,73.4491,70.4984,66.1595,61.5165,56.8494,52.9142,51.1264,46.5585,45.1343,41.1597,40.6606
METER_014,2026-01-18,58.4709,58.8449,57.137,58.0266,58.6996,58.5376,58.7833,58.3325,57.8151,57.899,57.7478,58.2397,58.191,58.1889,57.9285,56.9303,58.4144,58.4161,58.4749,58.2988,60.0951,59.0733,59.6713,57.5035,60.4519,60.4305,61.2733,62.4193,64.9731,68.636,72.1569,76.3351,79.8318,85.1985,87.776,92.2858,93.5147,94.8016,95.9065,96.7647,96.5144,98.634,97.4343,97.9276,99.7489,99.3637,98.3774,98.9767,101.5691,99.5931,98.5444,99.68,99.283,99.9408,99.6979,101.2202,99.3882,99.9327,99.949,99.9563,99.3015,99.1763,98.7761,98.588,99.5688,97.2567,97.2303,96.4484,93.5877,93.3354,89.9037,86.6977,81.7963,76.8403,72.8764,68.3601,65.8879,64.1587,61.0395,60.1074,59.0329,60.2979,58.4787,58.1805,59.0397,59.0134,57.5713,58.8831,59.0132,56.6681,58.861,57.922,58.2013,57.3186,59.567,58.6323
METER_015,2026-01-18,126.3622,123.8144,123.427,117.398,116.5211,115.6388,115.0576,113.4569,111.9504,108.5702,110.272,107.0899,107.0737,107.8731,108.4604,107.7932,106.3315,108.8169,105.4884,108.7452,109.2404,109.4734,110.5732,109.3104,111.6343,112.6769,113.0469,113.9798,117.1841,118.4318,116.8254,122.3849,124.5815,126.2425,129.1978,133.8093,133.2107,137.0701,140.5788,142.2183,149.7181,152.596,154.407,158.2179,159.0973,164.5301,167.801,169.8546,173.2327,174.2688,177.5058,178.1399,181.8571,183.706,185.6924,184.3259,189.2735,190.4219,190.7511,194.3641,195.625,195.6188,195.6272,198.8164,199.6935,201.2759,203.6146,203.5243,205.8638,204.5781,204.9627,206.3096,205.8901,203.4534,202.1808,201.9375,201.2966,198.787,195.1119,191.4093,189.8197,184.7626,178.8479,177.5494,172.9099,167.5399,162.6955,160.3054,154.7226,149.9659,146.5446,142.7526,139.9753,136.0663,132.8263,128.7234
METER_016,2026-01-18,181.2605,176.5424,182.4638,180.3329,182.7301,182.7072,178.6554,180.3869,177.5057,184.3298,181.2915,178.7612,184.3984,179.8008,180.9409,180.6273,180.1516,184.072,181.7637,183.0955,188.4849,185.8076,194.0736,198.9841,208.4151,218.4545,235.9038,245.6874,254.9906,267.7379,275.3707,278.3421,282.366,281.1605,283.7367,285.663,287.9747,287.9558,289.5018,288.0041,285.7796,284.787,280.5543,279.7852,277.549,271.3113,269.9778,271.5633,268.8259,271.6154,270.8617,273.4942,278.0904,279.7097,278.4097,283.8807,287.6234,285.7862,284.9591,287.9599,283.7254,288.507,285.1719,288.7705,287.7817,289.6751,286.7091,288.718,283.6191,287.6742,289.003,286.7987,284.8146,287.5401,284.5858,287.5389,285.1538,287.8697,286.2571,289.0686,284.3108,281.777,281.894,278.8504,276.877,267.33,258.2457,248.5439,232.3857,218.7368,209.6267,202.001,191.5525,184.3104,182.4717,179.0133
METER_001,2026-01-19,45.97,42.2161,43.1738,40.8869,40.1784,39.1044,38.2823,37.2931,37.5961,35.991,37.8179,37.5424,36.7961,36.9258,38.3134,38.1973,38.2429,37.9801,41.1438,42.8669,45.222,45.4651,49.8112,52.6924,54.2121,58.9983,60.1124,64.3703,64.1612,66.5424,66.7436,66.8473,65.1435,64.1183,59.6651,57.2061,56.1485,52.1118,49.6647,46.5174,43.7928,42.0762,40.7603,40.1457,38.5126,39.4382,39.9373,38.0871,36.1926,36.9802,36.4869,37.673,38.9658,37.5983,37.7848,39.3546,40.169,39.0714,42.3337,43.3535,44.2858,47.3438,48.4676,50.7217,55.3853,58.7905,64.272,68.2387,71.6475,75.7315,80.2653,85.8555,90.1823,93.8898,97.0877,99.5593,101.8191,103.5705,104.1807,103.8205,102.2626,100.8056,97.2594,93.9275,90.2323,85.5852,81.5388,77.4126,71.2868,68.1289,64.0804,59.7847,56.2831,54.8716,51.8013,46.9739
METER_002,2026-01-19,68.5735,70.1572,70.0363,71.5565,69.3958,69.7593,69.3908,67.3421,69.6276,70.6628,70.6399,69.4041,68.0167,69.1591,68.0289,68.4483,68.7156,70.3242,69.7698,70.5523,69.4179,70.3275,69.772,71.8298,72.7817,75.5835,77.9225,82.4356,90.2767,99.1747,110.4403,126.0285,141.1825,153.8772,163.6761,172.4726,179.451,184.5889,186.1135,187.7755,190.719,193.2445,194.2868,193.5385,194.0473,194.6576,197.3644,196.15,197.9758,197.3986,198.2018,198.2386,199.1638,198.1899,197.7896,199.8908,197.8304,200.1042,197.7909,197.6618,196.6734,196.4982,195.432,194.3629,193.3444,192.9194,189.9501,186.8441,183.2288,176.3995,167.0681,156.8234,142.6816,127.8763,114.5873,100.9207,91.304,83.9317,79.2442,75.3098,74.0532,72.6461,70.4106,71.2828,68.71,69.3476,68.914,70.5226,70.2876,68.1112,68.7997,69.2953,69.6895,70.555,68.5925,69.9704
METER_003,2026-01-19,138.4264,139.0536,136.329,133.4109,130.4741,130.6677,127.5452,126.4061,128.8766,125.6983,125.0442,123.4691,122.8537,118.4821,119.5891,123.2633,123.1919,123.9742,121.221,122.5221,121.2905,122.7303,122.736,123.2464,122.9764,126.8687,125.9309,127.3097,127.3277,133.2942,135.1737,135.5075,138.009,142.4968,145.454,148.1499,152.2629,153.5405,157.3592,157.7009,165.4931,166.302,170.0791,174.6459,178.2269,182.1749,182.8047,190.2086,190.7749,191.4098,194.5008,197.2881,200.3293,199.9036,204.7668,205.3283,208.2834,208.9257,210.3074,212.8589,216.0556,216.9301,216.0471,218.1182,220.7254,220.5894,223.8152,221.436,221.7146,225.9756,224.207,224.6656,224.5165,223.3581,223.1577,220.9684,219.9117,216.5792,215.9828,212.5777,207.4521,201.518,198.3197,197.1434,192.6902,186.0744,181.9363,177.0475,170.3825,168.3968,160.1774,158.2272,154.8441,152.8356,145.3236,146.7864
METER_004,2026-01-19,112.2657,113.5637,115.1373,113.6705,115.4365,109.8638,112.2481,112.4057,113.7138,113.8007,114.1572,113.5662,111.415,111.3702,111.905,111.2676,114.0967,115.2925,114.5098,114.4448,114.9763,120.8159,119.2199,125.9328,133.654,143.4134,155.1185,164.5796,173.3672,178.7552,184.9692,188.1368,188.3625,191.84,194.2046,192.9318,193.945,191.6503,194.6782,195.9469,193.0678,191.474,192.1526,192.4013,187.3002,184.6168,181.7389,181.2947,180.6829,179.1326,185.1693,184.8698,187.8652,188.594,191.3753,193.229,191.96,194.2371,192.8567,196.8829,194.3048,194.5604,193.8945,193.465,196.4757,194.3989,194.9999,192.2935,195.0181,193.5327,193.9503,194.8717,195.0797,194.3684,196.6852,192.8756,194.0848,195.4178,191.6817,192.0756,190.1816,193.3062,189.7087,186.7329,184.8493,179.2294,171.4062,164.563,154.0317,142.0599,136.1763,126.8525,124.0479,117.2713,120.0154,117.2744
METER_005,2026-01-19,33.8742,30.8502,31.8046,31.811,30.4016,28.865,29.2521,27.9921,27.994,29.4679,28.2115,28.5993,26.9757,28.0391,28.5085,29.202,29.0091,28.6179,30.3452,29.7275,32.6247,34.7868,37.3019,39.7577,42.0282,43.8612,44.4918,47.1127,48.7745,49.6239,48.9159,48.1614,49.0441,47.7833,43.521,42.988,40.6538,39.9219,36.7451,35.464,33.9725,31.5705,30.2804,30.0154,28.4138,26.4752,27.7406,26.5471,28.1807,27.3027,26.0703,28.1066,27.8825,28.8616,29.5313,28.2347,30.3345,29.2277,30.4638,32.7453,32.0804,35.1097,37.3282,38.0466,41.4028,43.3263,45.3668,50.2625,53.7592,56.9623,58.7919,63.1428,63.8053,67.9467,73.7897,75.2655,74.7048,76.4039,76.4946,76.3767,76.3449,73.5642,72.1077,70.7651,66.5919,63.3989,61.2767,57.4175,52.9401,50.7396,47.9377,44.4673,40.2106,39.2555,35.8856,35.242
METER_006,2026-01-19,51.1795,51.527,52.5953,52.2157,52.7465,52.9675,52.4221,51.7341,52.7876,53.2345,53.5058,54.007,52.1271,52.4768,53.0545,54.1836,53.5616,51.6151,53.4318,51.6518,54.211,54.2417,53.5816,54.4073,55.2103,56.9944,58.7829,62.496,68.5376,74.8484,85.4047,95.5578,107.107,117.0365,125.7948,131.4874,134.8147,141.8359,141.4049,144.2674,144.284,145.2131,146.8043,148.2309,148.7537,149.8867,148.4647,150.0315,151.5915,150.8006,151.9243,152.4005,152.6097,151.0871,152.49,150.6873,152.4581,151.1879,150.4936,150.5425,152.8091,149.8006,148.914,147.9303,148.2253,145.9427,145.4603,142.6454,138.7888,133.848,128.0858,121.5228,107.4605,97.3883,86.6075,76.5713,68.2948,62.8131,59.3827,57.7629,55.1493,55.5457,54.1407,53.6751,53.3527,53.9967,53.9405,54.3297,53.0336,51.9969,52.1446,52.2269,52.2372,51.2418,52.5966,52.8467
METER_007,2026-01-19,113.753,109.0363,109.9719,108.7385,104.3572,101.5543,102.1862,99.8761,101.0916,99.5715,99.3111,97.5609,99.7012,96.5471,96.1081,96.1583,98.4039,98.2354,98.5868,97.0396,99.8725,96.7805,98.1768,98.1506,99.8195,102.5701,103.3545,103.4336,106.2467,106.1093,109.2444,109.7487,112.0584,113.2785,116.4516,117.566,118.9686,123.7423,125.619,126.4285,131.3752,133.2671,138.6356,139.4384,142.9684,144.8239,148.3727,151.8494,152.793,153.6037,155.6385,157.6257,158.9871,159.7568,163.8795,163.745,167.2486,166.804,167.7693,171.0051,170.6812,172.2056,172.3318,176.2644,174.3357,176.7748,178.2552,177.6597,177.4913,179.2746,177.6131,180.9173,179.4403,178.4523,179.0716,179.0001,175.0567,173.7877,171.7123,167.6222,166.9094,162.1085,157.9717,158.4496,152.9374,149.305,146.8558,141.7196,139.0759,134.3959,130.5257,127.6063,122.2199,120.7793,116.0835,115.8209
METER_008,2026-01-19,166.0227,169.1086,170.0215,169.3549,167.9783,172.1103,167.2957,168.3894,170.8293,166.7327,170.707,166.6071,167.7286,169.953,172.3318,168.0664,171.0712,170.4324,169.1112,172.2308,173.6137,179.7708,182.4974,194.1541,202.8715,212.9911,228.6696,241.9536,258.3227,269.7268,276.7806,279.1699,288.7543,286.1014,292.0225,289.9986,292.5638,288.0519,293.1223,289.9419,288.309,291.4674,284.0113,283.4267,279.5856,277.6299,271.3799,273.0035,269.9918,271.5596,276.9901,274.4138,279.3997,284.1681,285.0356,288.9831,288.143,288.9017,291.0416,289.5647,291.2448,290.4173,290.3555,295.7783,291.0364,295.0277,292.1467,295.7679,293.2075,289.8078,289.1941,291.9019,289.1603,293.1232,289.0186,289.8422,290.8242,288.1628,290.9592,287.8181,289.4802,287.8893,283.6238,286.8717,277.1271,271.7357,260.437,243.2719,230.0953,213.6654,199.9087,193.0887,182.1527,180.6179,177.1141,173.3328
METER_009,2026-01-19,49.5136,46.8526,46.1894,44.0369,42.7978,42.9486,40.7797,42.2433,41.1635,40.9479,41.7042,39.6612,39.8873,40.6066,41.6178,41.1145,42.5245,42.7709,44.7928,45.2387,48.6676,49.9988,51.665,56.5617,58.871,62.6106,66.621,69.7738,69.6598,71.8529,72.1471,71.7752,70.1108,69.6685,64.3663,63.4402,59.9651,57.3861,53.6715,49.4886,48.5534,46.0042,44.0864,41.8408,42.7148,42.3301,40.2986,39.9738,39.0006,40.8956,42.365,42.003,39.731,40.7461,42.8311,42.1611,42.4606,43.4182,44.5455,45.5942,50.1681,50.2529,53.027,56.5497,59.9499,63.8275,70.0478,73.6811,77.7944,82.1116,88.6272,91.5517,98.1925,102.9136,106.3421,107.4715,108.8989,111.9659,111.6166,110.9578,109.7991,107.7412,106.5154,100.7421,97.6191,92.3659,86.6428,84.1346,77.5802,74.3399,69.701,65.1464,60.4065,55.8669,53.6002,50.9622
METER_010,2026-01-19,71.9569,70.4636,70.8956,69.1718,73.0063,70.6612,70.9419,70.7603,71.4472,72.6818,70.2898,72.9949,70.8321,70.4982,71.1062,69.5483,71.4614,71.511,71.0883,71.9166,72.3661,72.7341,73.2715,72.7829,76.1164,77.9732,80.651,86.1552,92.9334,103.9235,116.6191,130.5795,145.1412,160.7193,170.5379,179.738,185.0937,189.6711,194.4828,195.0226,196.6899,197.6285,199.0398,199.6496,200.6846,201.9136,203.4089,202.5959,204.0403,203.9396,204.7348,206.0628,205.9218,206.7102,205.8093,207.4784,206.0157,205.9653,205.1619,204.8631,203.5019,203.7906,201.9469,199.9966,199.0961,197.0362,197.2857,194.5315,188.4661,182.7081,173.4625,162.5359,148.4519,131.6509,116.8326,104.9815,93.4985,87.3195,81.9691,78.1535,75.1597,75.5132,74.3667,72.6387,72.1513,71.8925,71.3771,71.0215,72.2865,69.8837,71.2627,70.9841,71.3188,70.8561,70.8804,70.7103
METER_011,2026-01-19,82.9962,81.4754,79.7017,76.767,76.4859,76.3007,74.6972,74.2705,74.8836,72.4715,72.7352,71.7505,72.2366,71.9668,71.0436,70.6365,70.6803,70.5034,69.9094,71.2871,72.0582,70.4233,72.0202,73.5047,73.0035,73.5015,77.2325,75.7698,76.5991,77.1239,78.7884,79.6034,81.6107,82.218,83.6474,86.6072,88.4191,87.9952,91.3731,93.7437,94.1495,97.338,101.4024,100.9606,104.3046,106.1353,108.0298,108.66,111.0775,111.84,114.5931,114.144,116.2687,118.0217,119.6392,119.4637,121.8828,120.1633,122.6613,123.5062,123.4889,125.3724,127.8043,126.4059,129.5868,129.0293,130.06,131.8537,129.2656,132.1716,130.8486,130.6229,131.0393,130.632,130.1262,129.5275,127.834,127.2602,125.4804,122.3043,121.2248,118.3997,117.3776,112.5164,113.0774,107.9732,105.9105,102.888,100.2393,97.7991,96.1734,92.9771,88.8559,88.0932,86.0845,83.7021
METER_012,2026-01-19,123.8818,127.9292,127.3018,124.0946,126.1351,124.7054,127.8217,125.0531,124.3195,123.5717,124.8034,126.0444,125.6805,124.2474,125.6867,124.7533,123.5889,126.8169,128.2897,128.8883,132.3668,131.1152,135.7557,141.2267,151.1496,161.7251,168.6266,183.6933,191.3873,199.5866,205.3819,208.3762,214.1837,214.4712,215.1206,214.9286,212.216,216.294,216.1915,216.5137,218.7178,212.1966,208.831,209.5988,209.0028,205.6556,201.1579,200.4902,200.0146,200.634,201.5771,203.0769,209.2928,209.599,210.2733,214.7151,213.9863,217.8513,217.0009,214.9861,216.4775,215.6208,219.134,216.6061,215.7745,216.2413,217.1173,216.3283,217.6792,216.8204,216.5932,214.0481,216.8801,215.5431,217.1737,215.6913,214.5855,217.5522,215.9457,217.0358,211.1629,213.7094,212.524,209.783,205.2366,198.802,191.0244,179.5233,169.9399,159.6389,148.4138,143.2912,137.0866,135.589,128.8487,126.4175
METER_013,2026-01-19,39.3209,36.1205,35.5237,32.7862,33.3685,33.1338,33.212,30.8292,31.3893,30.7976,30.9906,31.4261,31.5631,32.217,31.7337,32.9231,30.955,34.3646,35.1057,36.4147,37.0212,38.9031,41.2422,43.4077,46.7983,49.9735,51.09,53.4774,53.8162,54.7927,55.8399,55.6207,54.3581,52.2449,50.4215,49.9306,46.9178,43.7536,39.8628,38.3941,37.1639,34.5949,34.9597,33.2321,32.5234,33.1746,31.8681,32.0463,32.8765,30.4932,31.6821,32.216,32.495,32.7552,33.0055,33.2883,32.9269,35.2125,34.6155,35.7759,38.7794,39.3688,43.6902,44.961,46.7893,49.2626,52.0849,56.5744,60.7113,64.8749,68.6273,72.1685,75.597,80.4634,81.0594,83.7074,86.5778,87.1043,88.6904,86.7857,85.1423,83.3537,82.5808,78.9009,75.3074,72.6959,67.0058,62.9724,60.5727,56.6847,54.0442,50.53,46.4032,44.509,42.5316,40.5798
METER_014,2026-01-19,59.4804,58.4261,59.6429,58.6133,57.5959,59.2956,58.5804,58.9487,60.8633,59.3137,59.5652,58.5738,58.5016,60.1838,58.8478,59.923,58.9295,58.3506,59.9646,59.8689,57.635,61.3064,61.8703,60.9039,62.2156,62.9356,66.0769,70.5537,77.0989,83.2403,96.3227,107.9904,123.6298,132.8484,141.8909,148.9621,153.731,156.9659,161.1591,162.3983,163.1148,165.2003,165.6148,165.668,165.6952,167.4085,169.2912,170.8026,170.4271,168.9887,170.3509,170.2557,171.5763,170.1376,169.6659,169.4602,171.9064,171.1519,169.6969,168.9395,168.705,169.0119,168.0421,167.9727,166.8063,164.0998,162.8912,159.9337,155.5604,150.6631,143.6209,134.3398,122.3358,108.1489,98.4988,87.0339,78.994,71.6592,67.2399,65.7878,61.668,60.1634,61.1771,58.66,59.7232,59.1737,60.4052,58.5152,58.7964,58.73,59.1293,60.1242,57.8479,57.2773,59.0379,57.7436
METER_015,2026-01-19,122.9639,121.3495,119.0536,115.729,115.216,113.3743,111.6956,110.0638,109.8789,108.6221,108.6865,109.0696,106.7334,106.6039,104.0446,109.6572,105.5653,107.2421,106.3875,107.2103,106.9718,109.8716,109.454,110.1765,108.2986,110.3735,111.6872,114.3014,114.6529,116.3295,118.041,120.3093,122.1952,124.0009,126.5279,130.3569,131.6871,135.11,135.7697,140.7129,144.2383,149.9114,150.5014,153.4575,156.1254,159.5907,162.3079,165.2857,167.2746,170.8626,171.4831,172.7341,174.1847,176.9607,178.6005,179.7538,180.7823,183.1004,184.4849,185.741,187.9917,189.7814,188.2675,191.7336,194.1356,193.1931,196.7198,196.7993,197.4708,197.0002,198.2427,195.5625,196.5147,197.3287,196.0561,193.1289,192.2644,189.6074,186.9862,184.6023,182.6855,177.476,175.2294,173.611,165.3865,164.8186,160.1027,154.5226,153.6083,148.3901,143.7838,139.8973,133.2067,129.7469,127.4142,125.4883
METER_016,2026-01-19,175.4395,179.3536,174.765,173.3667,176.9631,175.9744,175.9442,179.386,176.6295,178.175,173.3098,179.2276,177.9007,178.6884,176.5572,177.0524,179.964,180.7665,182.1563,180.6428,183.6718,185.7023,188.6823,201.2784,214.8729,226.0883,237.4133,256.6357,268.6762,286.9118,288.2758,294.2529,300.6573,303.2088,302.8156,302.9749,305.7395,303.1877,303.2936,305.2702,303.6172,301.9092,294.217,296.6878,294.5131,289.5768,286.4554,285.9388,282.6391,283.4955,288.5504,287.4077,290.0712,297.3311,296.6021,301.3674,302.5422,305.6919,306.0249,302.2666,301.3555,301.5576,303.1566,307.4204,301.9612,306.33,304.8745,308.0038,304.7881,302.7274,306.1182,306.4302,305.5793,304.0438,303.2777,303.7273,305.3126,306.9011,302.5382,304.1718,300.7212,298.514,299.0463,295.4722,289.6411,282.4394,270.516,256.8343,240.1348,225.9629,213.014,201.2013,192.4234,189.4871,187.3482,181.216
METER_001,2026-01-20,45.3317,44.5271,44.124,42.1877,38.8566,39.6559,40.5363,39.1165,37.8709,37.0769,37.2609,37.1862,38.3891,38.8735,39.578,37.792,38.3696,39.1305,41.6616,42.8858,45.3256,47.9739,51.4108,53.8309,55.9245,58.5905,61.5042,63.6633,65.6997,66.7784,67.0134,66.4404,66.2435,64.1553,62.4938,59.4863,55.1591,53.0333,49.5987,47.1892,45.9198,42.8075,41.2575,39.4868,39.8114,37.4634,37.2532,37.3856,37.4448,37.5172,37.4168,39.1349,37.6839,39.1923,39.6816,40.3397,40.9001,42.1618,43.3529,44.0939,46.3236,48.6471,49.9734,53.9848,55.4721,60.867,63.6194,66.5536,73.1597,75.6582,82.3158,84.8749,90.7556,94.4301,98.4087,100.998,102.6082,105.0711,105.4996,104.45,102.5957,101.037,98.3183,94.4665,92.2853,86.2141,82.3461,80.3949,72.6227,67.5782,62.8288,59.434,56.6874,52.6871,51.7298,47.4777
METER_002,2026-01-20,68.9363,67.6378,68.1184,67.3815,68.2186,67.7687,68.2172,69.244,68.6146,68.674,67.9732,67.1637,69.0544,69.3268,68.1759,66.679,67.6539,68.3698,68.321,69.7202,70.2334,69.3944,67.777,70.6669,73.9574,73.135,76.8095,80.9021,89.4845,97.8709,109.9477,124.9797,138.5776,151.7125,165.0435,172.42,177.2012,181.7688,184.0091,186.7071,188.7655,189.196,189.8428,190.241,191.9355,194.5178,194.5306,194.2869,196.8061,195.7002,195.0633,196.6661,196.2391,196.6302,197.559,197.3491,195.6073,197.6902,197.0294,196.0264,195.1565,192.5821,193.3854,192.5039,191.7001,188.6183,187.0782,183.7594,180.6648,173.4963,165.3718,155.9777,140.8866,126.6169,112.7007,99.8956,90.375,83.533,77.9033,73.9034,70.9261,71.1044,69.9674,67.43,69.0341,67.9218,68.2992,67.9136,69.7675,66.9774,68.6592,69.5235,66.5125,70.2027,67.669,68.3916
METER_003,2026-01-20,139.2648,133.585,132.492,129.9103,130.5097,128.2142,125.9612,122.6371,122.1196,119.9839,120.2978,121.3642,121.4958,119.512,117.4079,118.6152,117.7268,120.7666,117.4627,120.8797,118.4081,120.1363,119.5187,122.034,122.3535,124.454,122.5006,127.3818,126.4757,128.3809,130.2631,134.3931,137.8345,139.8523,143.0119,144.8026,146.7687,152.0584,156.3341,159.9317,161.2676,164.1024,169.2754,172.1529,176.05,178.3731,182.61,185.2526,186.4726,188.216,190.9256,195.1305,195.6713,197.7506,203.0546,201.0649,203.1604,204.9559,205.8716,205.0619,209.5091,214.4137,211.1669,214.0456,217.731,215.11,217.7724,218.3667,221.0494,220.7035,220.6543,218.5036,219.4282,219.6869,219.2215,217.6486,214.9842,213.3864,211.5225,207.7845,202.995,199.1786,193.7292,193.8742,185.4028,182.1548,177.4311,176.7342,167.1801,163.5148,159.3946,154.6914,153.0696,149.3158,144.135,142.1517
METER_004,2026-01-20,111.7502,114.3333,112.2773,110.0901,114.9461,111.1332,112.0605,113.4761,111.4237,112.2115,113.7052,112.6825,112.9423,113.007,112.35,111.8478,112.0393,115.3227,113.3224,113.8014,115.3452,115.1716,123.2135,126.1102,133.8147,142.3113,151.8646,162.4493,171.3198,178.0414,183.7987,185.2518,188.8596,191.2997,192.7981,193.4276,193.1796,192.661,191.9136,191.0748,193.0652,187.7787,189.1543,185.6804,185.1423,182.3918,181.4802,177.1704,179.136,179.46,180.6071,182.9161,184.4144,188.4067,191.8733,189.6187,191.2556,191.5228,191.8267,194.1878,192.9473,191.6152,195.7791,193.3505,192.3886,194.01,192.019,192.1342,192.7502,191.5704,192.5778,192.2927,193.5679,193.9229,193.7474,192.5995,194.5923,192.3555,192.6876,192.2252,189.4425,191.1179,189.5259,187.997,181.5052,177.1093,173.3558,162.8497,152.5037,140.3861,135.2393,129.0934,119.6482,118.0413,117.9073,113.6942
METER_005,2026-01-20,34.1697,32.7894,31.918,29.8844,30.2005,29.6294,28.5539,28.2887,29.0226,29.7925,27.183,26.9313,27.0815,28.0771,28.8508,27.1025,29.037,29.3481,30.2521,32.2301,33.8691,34.0838,36.6835,40.4956,42.503,44.6565,46.3608,48.2765,46.9592,49.4675,49.541,49.1121,49.3895,48.3586,47.731,43.7293,42.1546,37.3248,37.5539,35.1601,33.3077,32.5921,31.6824,29.4271,29.0713,29.6015,28.6491,29.2359,28.6694,28.1604,28.0025,28.4625,28.4249,29.6141,28.3656,29.398,31.4984,29.9984,32.272,32.7019,32.7718,34.6957,36.7175,40.5886,41.9669,44.3209,48.5911,50.3709,53.4355,58.2431,60.4731,64.5667,67.4917,69.6794,73.3254,75.1116,76.6044,78.4131,78.4749,76.2884,75.9348,76.3206,72.3354,70.174,67.7591,63.5978,60.4777,58.7894,56.058,50.5955,48.1701,45.619,41.487,39.0437,37.335,35.8251
METER_006,2026-01-20,52.7985,54.1137,54.7181,54.1641,53.1162,54.3156,53.8486,53.1608,54.4874,54.4465,53.6105,53.2791,53.4867,53.6949,55.2571,54.1043,53.4974,52.9719,54.0883,54.0804,53.2766,53.2952,54.9385,56.7261,57.2825,58.7191,60.3237,63.1668,68.5921,77.2596,87.3585,96.8817,109.8977,120.2708,128.132,133.679,140.5895,143.9293,146.2869,147.4804,148.7758,147.8613,149.27,149.7298,153.0395,150.854,153.8824,153.9062,155.1263,153.3119,153.8188,155.4614,154.9679,154.8336,155.6304,157.3737,155.2211,154.6695,156.1048,152.1642,154.3987,153.6002,152.8202,150.2756,150.6227,149.9034,147.1005,147.0423,142.4916,135.9669,130.2927,120.6767,111.8398,100.1474,89.2691,78.4899,70.6276,65.3739,61.837,58.6115,56.1645,56.487,54.8694,53.7327,55.768,53.4457,52.8749,53.9279,55.0449,52.9362,53.7407,54.6401,53.1993,55.059,54.3006,51.9605
METER_007,2026-01-20,115.3077,110.1271,108.8931,106.5359,106.9744,105.4456,102.2744,102.7253,103.0638,99.5034,101.1146,99.6854,98.1722,99.6546,96.9281,98.0588,98.3221,99.1387,99.7639,98.7526,99.0086,102.3968,100.4532,99.9521,101.0278,101.4007,104.4714,103.7905,105.3798,107.6119,109.3508,112.3682,112.9581,116.3055,118.3856,117.8685,122.009,123.7386,125.6813,129.8985,131.9443,135.4588,138.6207,141.7638,145.4862,149.2254,149.4651,151.4695,153.8017,159.0209,157.1128,160.2035,162.3262,161.6687,166.5075,166.6777,169.4686,168.5803,169.9058,173.4918,172.5518,174.0832,175.9698,177.4587,175.3065,179.3957,180.0376,180.241,181.1183,180.5723,183.4326,182.6194,180.022,181.0459,180.3719,178.4521,178.7655,178.2716,174.2683,171.6568,167.4608,164.1582,161.4935,157.5828,153.825,149.5008,146.8107,143.0342,140.8478,134.5623,134.5604,129.8933,124.1553,123.1944,117.4723,116.3468
METER_008,2026-01-20,169.8849,170.0272,166.1466,165.8871,167.2915,170.0268,168.401,165.6064,168.5653,166.7533,168.8435,166.6178,168.2962,170.0069,168.0977,165.0488,167.2065,169.7543,169.1747,169.454,174.2354,174.0633,184.1218,190.0633,197.8141,217.1433,229.2143,242.3136,253.4475,270.9018,277.1516,281.7171,283.5676,289.6689,286.4126,287.5318,287.807,289.0261,291.6885,290.8539,286.7472,286.1926,284.62,282.5549,278.0194,277.2327,275.0222,268.857,270.994,267.5826,271.6513,271.5378,277.667,281.997,282.3718,289.5862,284.4747,287.3151,288.5952,293.8469,288.1892,287.93,289.6285,286.552,292.3977,288.7856,288.8037,288.7611,288.9306,292.3019,291.2856,291.0888,285.5392,288.8634,286.1451,290.4432,291.587,287.9216,288.0344,287.997,283.0969,288.2608,282.6604,277.2958,270.8894,269.4913,259.3656,241.6978,226.7948,214.7255,200.977,191.1616,181.6385,177.8841,177.6531,169.9023
METER_009,2026-01-20,48.2089,47.032,44.9649,41.8125,41.5873,41.0595,40.6233,40.475,39.0471,39.2344,38.4652,40.0668,40.7889,39.3138,39.5782,41.7066,40.0785,41.9023,43.8298,45.0226,46.4178,50.2079,51.9896,54.2117,59.2552,62.1029,63.3383,65.4727,69.3134,69.8913,70.6505,70.6571,69.4327,66.2079,64.767,61.6632,58.5931,55.1546,52.241,50.2765,47.3249,45.7813,42.7282,42.4191,42.2386,40.487,39.7029,38.7101,38.8491,38.7767,40.2688,40.6956,40.115,39.539,40.1651,41.2048,41.0975,42.738,44.4808,47.1607,47.9669,50.5697,52.8487,54.786,59.6743,62.7351,66.9669,70.7323,75.391,82.337,85.7657,90.3723,94.684,100.0941,101.8634,107.3312,108.5335,107.3485,110.5743,108.6509,107.9498,105.6119,102.923,98.9006,95.7012,91.4055,85.7963,82.266,75.3245,70.5326,66.5656,62.8132,57.0726,55.9284,52.7959,50.4851
METER_010,2026-01-20,70.4857,70.4907,69.9711,70.3845,71.6082,69.6855,69.2213,70.8358,70.2389,69.6967,71.0986,69.6647,70.0534,68.5141,71.0626,70.0891,71.2939,70.8587,69.1258,71.7704,71.237,70.6335,71.6036,73.7149,74.2448,75.6795,80.039,83.6652,91.499,100.6523,114.2048,128.7616,141.6404,155.7092,167.9843,177.1971,184.1322,187.07,189.6042,191.2476,194.3364,193.7884,196.2734,195.963,198.549,200.5343,201.2384,201.6412,201.5733,201.9783,202.4236,202.3064,201.8202,203.1711,203.8973,202.8569,204.8112,201.3444,202.1634,201.7586,202.8258,199.9532,200.5739,197.6942,198.3146,195.2022,193.9052,189.4186,185.9325,180.4876,171.4881,158.585,144.6234,130.7196,116.4598,103.556,93.468,84.576,79.9376,75.7797,73.845,73.0804,71.9482,71.8873,70.7778,69.8398,70.8786,71.4861,69.3575,70.5719,68.7208,71.6529,71.9852,70.9442,70.5609,69.9731
METER_011,2026-01-20,83.8632,82.1636,78.113,79.7841,77.193,75.6892,73.4367,74.5566,72.911,74.2747,72.5731,69.8394,70.2092,71.0159,71.1609,71.9606,71.6562,72.1024,72.0352,70.9802,71.3576,71.575,72.3541,73.0357,74.0417,73.9625,75.1312,74.5056,77.3678,78.2202,78.5126,79.8166,81.6934,82.8749,85.301,86.0797,88.4439,92.0943,93.2209,93.1563,96.5503,99.5847,101.3694,100.9273,103.6865,106.8405,108.9449,109.5493,112.8406,112.6209,114.0309,114.7697,116.5769,118.8919,118.9358,121.1799,120.9024,122.7957,123.7561,123.7788,124.8029,126.9663,127.3557,127.8652,129.0777,129.4488,130.4082,131.2863,130.126,132.7269,133.1492,131.607,132.0835,132.6915,131.2648,129.8775,129.8047,128.2049,122.7233,122.7813,121.4338,119.4947,117.5776,114.1312,110.8348,109.3065,106.5781,103.8094,101.3992,98.5816,95.4448,91.719,91.5617,89.1006,87.8004,85.5332
METER_012,2026-01-20,128.7328,128.5793,127.2097,129.4821,125.3203,129.1266,125.8803,129.6989,127.4966,126.9994,126.2267,129.1508,126.4304,128.195,127.1278,128.4552,127.4363,129.1172,131.9615,132.0941,134.0341,135.1694,140.3954,144.7571,153.4237,163.172,174.919,186.8278,195.1999,204.9887,212.0693,211.7022,215.8618,218.8744,218.6964,219.0424,218.1464,220.7866,218.9245,218.2328,219.107,217.1736,216.5276,215.6238,212.3273,207.7745,207.3913,202.9387,203.4398,205.6098,206.0542,210.6222,211.8606,216.8592,217.9524,217.9693,218.4696,220.3641,222.2007,219.7754,224.8958,220.0812,220.3562,222.8815,218.4766,222.4777,222.5108,220.1141,220.9318,220.1666,222.3293,222.699,220.1537,220.217,220.8543,219.9247,220.3061,223.6254,222.1586,222.3418,217.6896,220.4117,215.6803,213.6735,212.7963,202.5479,196.0868,185.3859,172.1349,163.8224,153.2013,145.5184,142.9043,134.6618,131.6231,133.1573
METER_013,2026-01-20,37.7892,37.0254,35.8126,33.0311,33.603,32.644,33.1993,33.0114,31.2111,32.4294,32.1462,32.4896,33.1384,31.4627,30.6425,31.7236,34.0605,32.3405,34.6506,35.596,37.0837,40.3821,42.2734,45.2321,47.876,50.6069,52.2603,54.6452,55.1322,56.007,58.3391,57.1088,55.1367,54.3924,49.7271,49.1292,46.9108,45.1303,43.1899,40.2753,38.6547,36.5802,36.1329,33.0945,32.0771,32.6519,32.8898,32.4389,30.3283,32.966,31.4065,33.5806,32.8964,33.0351,32.4779,32.7402,32.5659,36.3653,35.4303,36.4761,40.6724,40.0392,42.4155,46.0191,48.6691,51.1648,53.2702,56.9418,61.3026,65.7815,68.0932,72.6846,77.3255,81.9617,83.1673,84.7339,85.4721,89.2955,88.9782,88.2555,86.3794,86.2845,82.7427,79.9437,77.4735,72.3826,69.066,64.5526,60.876,57.3448,54.6163,50.2454,47.433,45.4748,42.6355,39.5629
METER_014,2026-01-20,58.458,60.7606,60.4811,58.9133,58.1282,60.2609,59.0771,58.8325,59.4684,60.4753,59.5007,60.0385,58.3209,58.0223,59.9108,59.2498,57.3376,58.4155,59.8319,59.6719,58.9897,59.8083,62.2265,59.6243,61.828,63.9644,66.9451,71.2702,77.3068,85.0148,94.5887,109.2767,121.8068,133.3551,141.1252,148.3212,153.6987,156.8561,160.3462,162.4653,163.8852,163.7565,166.4301,165.2025,166.3877,167.199,168.7502,168.4814,168.6261,170.3718,170.1571,169.7945,169.9444,170.0516,170.1883,171.0593,170.5813,169.9404,169.1,168.6338,168.8445,168.0496,168.8255,168.0065,166.3849,164.9567,162.7206,161.3284,156.9776,151.4263,145.0327,134.6379,122.1277,110.6831,98.1345,86.2329,78.3459,71.8857,68.4728,64.8336,63.259,61.0179,62.0136,59.8372,60.0432,60.1626,59.4998,61.3951,60.5847,59.3269,59.5853,58.3604,58.7688,58.4318,59.6668,59.1428
METER_015,2026-01-20,119.5947,117.6538,115.6443,115.8368,113.0068,113.4979,112.3822,109.7701,106.6608,108.3537,106.1287,104.6409,105.1026,104.6241,105.3185,107.2377,106.7288,104.4553,105.5162,106.0424,105.4911,105.3143,107.7584,107.1658,106.8634,104.2054,105.7794,112.376,113.4105,114.0746,112.8043,117.3099,120.8976,121.3187,127.2945,125.8144,129.1559,136.3216,134.2355,137.1465,140.6478,145.6232,147.3181,150.0275,155.3256,156.2888,159.8878,161.5453,163.176,166.9255,166.6023,172.1841,171.278,174.5244,176.403,176.6345,180.0249,181.7777,182.6013,182.1814,184.6724,184.6753,184.2631,189.5938,188.9983,189.3096,191.744,192.6433,192.6302,192.2594,192.2725,191.1779,194.2681,193.7431,192.5531,192.8032,189.218,186.6715,187.4829,181.5571,178.4001,176.0839,169.8876,166.6896,163.9729,161.865,156.096,151.3414,148.6807,143.0859,142.2353,138.5578,135.5708,128.7788,126.7415,124.5296
METER_016,2026-01-20,175.3663,172.2717,180.5165,172.6586,174.2472,175.7322,177.8123,172.1978,173.5996,174.399,174.2438,173.0064,173.6295,173.6195,174.2894,175.7729,172.0006,174.9069,176.4477,179.5344,183.8548,180.8716,186.8138,193.2703,208.5711,219.0545,234.4477,250.9347,264.0764,274.1395,282.9686,292.373,292.7211,294.5601,298.1211,293.6146,296.9684,296.7628,298.7556,297.0882,291.4364,297.1785,292.396,291.3329,287.8096,281.41,278.7401,275.46,276.2392,275.7724,278.3443,283.6328,286.353,291.4269,292.3227,295.4046,297.3637,296.704,299.4396,298.4123,303.1573,296.7305,296.9644,302.1739,300.631,299.1255,298.3001,300.2208,300.6624,299.989,301.8982,298.8927,300.1774,299.5991,297.2418,300.3994,297.3294,296.7756,296.8571,300.1909,298.2276,295.4795,294.4766,290.0557,283.853,274.876,261.3384,250.8322,238.139,217.6389,206.9985,193.8749,188.2236,179.7721,179.8804,175.4511
METER_001,2026-01-21,45.1618,42.1529,41.1941,40.3151,39.7299,37.9799,39.8339,38.5173,37.4276,38.866,37.0199,35.8638,36.4606,37.4068,37.091,36.1666,39.3207,39.8604,42.1962,42.6743,44.378,44.9263,49.0195,50.9155,54.8094,58.0173,59.7543,63.1657,64.2179,65.3857,65.0859,68.3125,64.4606,63.5831,60.9204,57.0363,56.1494,52.5123,50.0754,47.4434,44.3497,43.046,42.7194,39.788,38.1008,39.0652,37.4667,37.5588,35.8646,37.4148,37.8769,36.9118,36.9894,39.1187,36.9997,37.9693,38.6274,38.1664,41.4982,42.285,45.3143,46.7055,49.8527,51.6434,54.8118,59.5981,62.8329,66.5018,71.2822,77.305,80.4463,85.6072,89.3189,94.3228,95.4529,99.2236,101.6881,103.7233,102.9576,101.9676,102.604,99.8024,96.5979,92.8064,92.3824,85.3127,82.5294,76.3016,71.0869,66.8369,62.078,60.897,56.9169,52.3798,50.5678,48.3467
METER_002,2026-01-21,66.8277,65.8977,68.3736,66.6606,66.9002,65.9505,65.7532,66.8568,64.902,67.1371,65.9743,66.1691,65.9945,67.3254,67.2626,65.2637,66.0105,67.2588,67.5772,67.4123,67.8528,67.6265,67.3971,68.9305,69.2678,72.5748,75.1765,81.5449,86.6212,97.3249,108.0972,121.6988,136.3521,148.2195,160.2279,167.568,174.9364,177.2651,180.5459,182.1044,183.0825,185.9937,186.5869,187.3954,189.3567,188.1762,190.3321,190.1724,190.7534,193.2577,192.0609,191.2825,194.1315,192.6341,191.3042,195.1006,192.4402,190.6725,192.4072,189.4252,190.2331,190.9044,189.5399,188.2904,186.5684,186.3448,184.8949,180.8486,175.6297,171.0078,161.2166,152.1416,139.7984,124.3052,110.2859,97.2584,87.6281,81.1687,75.9243,73.2097,69.233,70.4885,67.4699,69.1553,68.5263,67.0534,66.159,67.287,67.651,68.9212,67.3093,65.9625,66.0506,66.5265,67.351,68.674
METER_003,2026-01-21,135.9158,135.5611,129.7934,127.2618,127.7845,126.1142,124.3565,121.6803,121.5606,119.5492,119.2333,119.2008,117.436,117.3688,115.0594,116.5828,118.8614,118.5377,115.6187,119.6176,116.0489,119.7514,119.4562,118.9816,122.4613,121.0414,123.9746,124.5271,124.5958,127.258,132.1713,131.4472,135.5525,134.9048,139.6391,141.7779,147.8351,149.346,152.5814,156.2478,160.1889,163.6337,167.4886,171.9031,171.9432,173.29,179.8675,179.7476,181.895,185.9766,188.1365,189.5123,194.079,196.4896,198.082,200.0822,201.3564,203.2468,205.1845,206.6967,207.7386,207.4374,209.2811,214.5025,211.5961,212.6051,214.2789,216.063,216.1482,216.9997,219.2601,218.2951,218.2957,217.4279,215.6487,215.3843,211.8812,210.151,206.4737,203.7378,201.9253,197.2427,193.4455,191.1831,184.0869,179.8455,176.0059,169.2695,165.2288,162.3318,157.2388,152.5361,149.9497,147.2118,143.0843,140.5612
METER_004,2026-01-21,112.237,113.5848,113.6448,113.5797,111.3737,114.0392,114.2816,112.7,113.2408,110.0848,112.9803,113.0814,111.9089,116.6048,112.2852,115.106,110.7528,112.3908,112.2156,114.2118,115.9643,120.4474,121.4065,130.958,134.9435,144.5178,153.5578,165.2637,171.272,178.9086,182.4975,189.8093,190.9102,192.9478,196.2963,192.9558,193.8402,193.5132,197.9696,192.3678,194.3829,192.8508,192.2292,189.3294,186.9993,184.8618,182.3921,180.6144,181.2179,181.3747,182.7616,182.3539,186.2802,189.4978,186.9492,193.3653,193.4611,194.0399,192.7344,194.4905,197.4336,193.1157,193.9266,192.1579,192.8877,194.0027,193.1158,194.3699,194.5225,191.6868,190.6678,192.852,196.9861,193.949,192.6167,195.8692,196.1552,195.0331,194.1311,192.8178,191.5125,192.7038,193.6652,188.9414,184.6056,180.4764,173.8547,163.1255,153.3412,142.281,135.9295,126.8385,124.194,121.1676,117.3782,116.4889
METER_005,2026-01-21,34.7456,34.0612,31.3826,31.1459,30.1057,30.0984,28.7384,29.1455,29.5902,29.1794,28.5032,29.2305,28.7562,28.5679,29.1534,30.8309,30.954,30.403,31.7573,32.0316,33.7196,35.7181,38.5938,39.1045,42.4349,42.3292,47.208,47.4943,49.7438,51.0592,52.1489,51.0848,50.3421,48.6235,46.3145,44.9381,42.44,39.6348,37.5216,35.5709,33.8899,32.6309,31.6597,29.7015,29.1504,29.5955,28.2937,27.9379,29.0582,29.4551,28.8438,28.7046,28.7246,28.5174,28.9854,29.7842,31.765,30.2683,32.1765,32.4393,33.7426,36.7048,38.3801,40.3295,42.4772,44.0507,48.2246,52.1805,54.3815,59.6336,61.6901,65.7442,68.8632,71.1985,74.8371,77.5838,77.5294,79.8253,78.465,80.2737,78.5508,74.7418,74.8497,73.9625,69.3223,65.3232,62.2654,59.8078,56.0815,52.3326,49.1534,45.0038,41.6345,40.1426,38.7255,36.1186
METER_006,2026-01-21,54.5151,54.3794,55.0102,54.4271,53.3312,54.3923,56.0279,54.0303,54.2249,54.1159,54.688,55.1729,53.9079,52.9449,54.9343,53.9849,52.511,54.4564,54.0032,54.2437,56.0845,54.1693,56.3961,55.1117,56.7151,58.6821,61.8918,64.0627,71.6234,77.8931,88.0162,99.7389,112.7665,121.9952,132.0522,137.7945,141.382,145.9342,146.8878,149.0692,149.5326,151.4739,153.8567,153.6823,153.7201,154.6195,155.5289,154.254,156.7938,156.1102,158.2866,158.1675,158.2493,157.7197,158.1171,157.4812,157.5703,157.4872,157.2556,157.5908,155.3215,157.526,154.7484,153.2731,153.7646,152.6653,150.4045,149.465,145.4305,138.9841,132.8473,123.8081,112.5605,102.8114,91.3977,79.2079,71.687,66.7352,63.3412,60.7175,56.5312,56.3542,55.7658,55.7615,54.9357,55.2876,55.9774,55.8844,54.9373,54.5901,54.0114,53.8959,54.9954,54.6214,53.0694,53.9488
METER_007,2026-01-21,112.7048,111.3689,106.6742,108.0695,109.4222,104.8493,103.7572,102.5406,102.3221,100.9643,101.0414,98.4396,98.9588,97.0024,98.3795,100.0571,99.138,97.4881,100.6093,97.9322,98.9763,96.0551,101.4642,98.1843,101.7332,104.3168,102.7909,104.8736,105.5346,108.7528,108.5473,109.7108,110.9938,117.1635,117.6019,118.2837,121.4583,124.1184,126.4102,130.4989,133.4506,135.7794,140.0599,140.4906,145.2338,145.6481,148.3226,152.0108,152.9846,153.4376,160.0014,157.0091,162.2693,162.3413,163.3384,169.0677,169.6373,169.4172,170.7686,171.5499,172.8894,173.1326,173.4262,178.5113,177.9304,178.1697,179.8662,179.7953,178.8412,180.7553,180.5941,180.7466,180.9679,181.5092,178.4851,178.7399,178.4966,175.2392,174.765,169.811,164.6366,163.6453,163.2468,156.649,153.6637,149.6677,144.9733,142.3266,140.8931,136.5674,132.8298,128.1068,123.6463,122.9342,119.8305,116.3539
METER_008,2026-01-21,164.2486,165.4529,165.6881,166.038,168.0596,163.5343,165.6527,165.9218,161.4784,163.6243,165.7786,161.5525,165.0347,164.4795,164.2079,163.934,166.8782,167.4286,166.7308,163.5705,169.212,176.0051,184.0998,187.5005,195.6441,209.1957,223.5265,237.0169,249.7485,262.0633,267.8116,272.7746,282.3893,278.5888,282.558,282.5284,282.3899,283.6998,284.4301,283.4931,281.5844,281.7895,279.3753,272.0855,272.2178,270.49,267.0057,262.564,264.2918,263.045,270.0939,268.1036,274.7461,274.0991,280.4315,281.1921,280.4423,282.5464,282.2364,282.0322,284.9452,284.7233,287.3464,283.5993,284.7321,281.0651,283.743,286.804,286.1705,285.2995,282.7978,284.8145,282.7502,283.2223,283.1683,283.429,283.0113,282.2459,282.3019,282.2292,281.3767,280.399,278.4038,272.9353,270.0374,263.3089,248.4605,241.429,224.7029,211.1657,194.658,184.7096,179.5358,172.9357,170.5952,166.8844
METER_009,2026-01-21,45.672,45.1225,42.8601,42.2181,42.4845,40.7307,39.8868,39.1467,39.9038,39.2268,40.2162,38.5141,40.7971,39.2855,39.649,40.2756,40.8961,42.3719,43.5284,44.1249,47.2684,48.1159,50.8808,54.3676,57.5123,60.2436,64.1497,67.1058,67.7694,69.1499,70.0691,68.9514,69.0967,67.5892,64.1965,60.798,56.9071,54.6586,50.0307,48.5476,44.9747,42.6631,43.1551,41.7609,38.9727,39.5076,39.6523,40.4417,40.4976,38.8892,39.9788,38.7974,39.2265,39.0917,40.7108,41.3658,43.1077,42.488,44.1489,43.9776,47.6072,48.6885,52.3928,53.3154,57.237,62.8813,65.601,72.1524,75.3636,79.8212,84.5324,89.2553,94.8688,98.887,101.2397,103.9564,104.3126,108.068,108.4388,107.3732,106.0455,105.2274,99.7247,96.974,93.538,90.5148,84.7248,80.2552,73.3609,71.0211,67.2858,62.5799,57.1972,55.5043,50.9557,49.5613
METER_010,2026-01-21,70.3148,68.7074,70.2296,70.3252,70.8894,71.9008,70.4048,70.3989,70.8315,70.7151,70.4332,70.1932,69.9991,71.4944,69.2453,71.5732,70.6955,70.19,71.1981,71.5727,71.4926,70.6067,71.1645,72.4244,74.3443,76.2671,79.9046,84.5283,91.8646,100.5062,114.0063,128.522,142.7067,159.0872,168.559,176.7919,183.7452,188.5054,190.8156,192.9849,194.2112,196.3878,196.9705,199.0718,197.1501,199.2237,200.2396,200.6396,200.7904,202.4771,202.2474,203.3091,203.1404,202.8332,204.3424,203.1089,202.1928,203.7907,202.3971,203.1568,200.416,201.0143,200.437,199.0153,196.7237,195.5453,193.2517,190.796,186.7315,181.1474,171.6031,159.6377,146.7528,129.3451,117.2754,104.5533,92.8535,84.9572,81.3188,77.6046,74.6507,74.2146,72.0062,71.1686,72.1486,70.1231,70.5588,70.7739,70.8339,70.1943,72.6331,70.6536,70.8071,70.754,71.0176,68.5089
METER_011,2026-01-21,85.1192,82.6484,81.5315,79.6504,78.6066,77.6062,77.926,76.8848,74.9113,74.1389,74.4598,73.4022,73.5924,71.892,73.4145,72.8601,71.9346,70.6356,71.6404,72.8462,72.2651,74.0557,72.0438,73.7501,74.6417,76.8146,76.3754,77.5439,79.1505,78.9382,80.1683,84.2038,81.7493,84.0127,88.2317,87.552,89.7888,91.8308,94.2381,96.0754,98.1022,100.3617,101.7198,103.995,104.2197,107.8401,108.6365,110.4053,113.4319,116.6379,117.2223,117.4961,120.0398,120.5364,122.652,124.6346,124.3767,125.8035,126.0986,127.1966,127.8359,129.0918,130.0671,130.6034,132.4351,132.3798,134.2508,133.9593,133.1044,135.2762,134.1006,132.1843,134.1384,133.7972,132.9102,131.3336,129.6001,130.0281,126.4739,125.593,124.9555,121.3731,118.6133,117.798,113.9148,111.4316,108.6773,105.102,102.8602,101.0755,96.5802,94.7352,92.4652,91.5347,88.2002,86.7907
METER_012,2026-01-21,134.8638,130.5813,134.2401,133.1067,129.4208,129.7568,130.6642,129.13,126.0117,128.5599,128.3225,132.5409,127.2613,129.4788,131.502,132.8908,131.5747,133.3585,133.3956,133.1039,135.4652,135.1392,141.9821,148.1578,157.7371,165.773,174.7705,187.8374,199.2358,209.0253,213.866,216.8066,218.5491,222.5008,225.6686,224.0011,223.1702,226.8388,227.3989,224.702,224.8441,219.6944,216.5269,217.2199,216.852,211.9703,210.9998,207.0542,207.595,208.2829,210.0347,212.1396,218.4543,219.4188,218.6834,219.564,224.1108,224.7506,224.34,224.0943,227.4598,224.5978,225.5008,227.8737,225.2769,227.0977,227.3478,226.0515,226.5228,224.1604,225.1573,223.2588,224.8618,224.414,224.3784,226.4569,227.8526,225.9058,223.2213,223.2673,226.3708,222.3091,221.5082,220.03,213.3837,212.0413,197.2213,189.9369,178.8771,166.8071,153.2827,147.8601,143.5317,138.5223,139.5937,132.8523
METER_013,2026-01-21,37.2247,35.7805,35.1486,33.753,34.2002,33.3948,33.9236,32.1236,32.0263,30.9247,30.79,33.2161,30.9037,32.2297,32.4535,32.526,32.6837,34.7378,35.2803,37.2169,39.1847,37.8838,41.9348,44.6842,47.4429,50.6794,52.4773,53.5522,55.0918,55.5618,56.1883,56.9983,55.4072,53.9042,51.6085,50.6716,49.7354,44.2641,41.1435,38.2335,37.7482,38.1098,36.2814,34.5044,32.7961,33.0573,31.5564,32.4466,32.6156,33.2018,31.8711,32.7519,32.6597,32.6218,32.8131,32.9221,33.3359,35.3901,35.9016,37.0976,39.1655,40.9595,41.7853,44.6755,48.4223,50.0392,54.1054,59.6469,61.7127,66.873,69.2308,72.7283,77.7158,80.3189,82.3734,86.9237,87.494,88.3265,88.875,88.3393,86.9919,86.4589,83.014,80.2749,76.2221,73.5141,69.1647,64.6472,61.3667,57.2053,52.7785,50.3796,48.9336,44.0325,42.6359,41.9857
METER_014,2026-01-21,58.9839,56.5464,58.5745,57.2701,59.3215,57.0912,58.5357,59.4691,58.9871,58.7398,56.5396,59.3532,57.3966,58.4152,57.1905,57.4763,57.8023,57.4495,59.014,58.2039,59.0645,57.377,60.4404,59.4408,60.545,64.145,66.5749,70.3036,75.0624,82.9727,94.0128,106.1006,117.2963,131.3256,139.0376,146.7603,152.0386,154.545,156.727,158.9427,160.3039,161.711,162.9196,162.2907,165.2387,164.8667,166.6085,165.2989,166.7387,166.2308,166.9169,168.3418,166.4446,167.9173,168.5212,168.3305,169.0891,168.1483,167.5022,165.8781,165.9997,165.9226,164.937,163.5854,162.1976,160.5768,160.8093,157.0036,155.4522,148.5344,142.2941,131.7216,120.8974,106.0639,95.0647,84.5178,76.9431,70.8207,68.0106,63.9623,61.9467,59.6285,59.8906,58.7927,60.3217,58.139,58.4724,58.0244,56.7491,57.9068,58.3231,58.2982,60.0412,57.7329,58.6397,59.2311
METER_015,2026-01-21,120.2188,116.8351,114.5283,110.9296,112.1244,110.7919,109.1526,105.5621,107.3762,105.8289,105.5688,102.7511,103.2304,102.1278,103.1206,103.1876,105.4577,99.8738,104.7055,104.1556,103.1573,104.719,105.2136,103.8671,106.3713,107.0188,106.6515,110.451,107.27,111.6884,113.7313,115.6186,117.6219,120.6607,121.2014,124.0555,126.4414,130.3063,133.6814,135.1862,139.7761,142.6428,142.8099,146.5632,149.9703,155.3531,155.5975,158.0841,162.5887,162.2252,162.8455,168.0373,169.9945,171.9715,172.1055,174.8785,172.0975,175.807,179.4034,180.0961,181.2409,180.7341,182.2678,185.0868,184.9993,187.4414,186.1268,188.6819,189.8407,189.0146,190.3694,191.7861,189.2775,191.4706,188.2995,188.6533,188.1609,183.4244,182.2242,179.7809,176.5399,171.3592,166.9166,164.1739,159.278,158.5858,153.1027,149.0166,145.7277,141.2548,138.5053,132.3215,132.7374,126.7483,123.3,122.1079
METER_016,2026-01-21,171.1783,173.2286,173.9821,174.7232,167.6946,174.4778,169.4529,174.4994,171.1151,171.349,172.4759,173.1903,174.5369,172.9998,176.2575,171.0745,174.7142,172.539,175.4652,177.108,173.7612,187.7829,188.5073,198.194,204.0609,219.9033,235.5123,252.235,264.8452,276.2458,282.8304,290.2919,294.1261,294.1726,296.3076,296.5905,298.2212,300.6312,299.3,299.336,295.6364,293.263,291.6802,288.7118,289.3809,281.7759,279.8108,278.1882,273.4494,277.4551,282.7856,287.2426,285.0301,289.5022,291.3396,296.5952,298.3373,295.2004,297.3677,299.5144,297.4025,294.338,298.4245,298.4381,299.4949,298.2629,298.9437,301.2012,297.0251,301.5037,299.1894,295.7985,294.5625,298.0269,298.8089,297.0008,299.6328,300.8209,296.9163,292.7163,296.7613,294.4857,287.9211,286.4195,284.8554,275.6244,265.0428,251.1322,235.1136,222.3368,203.9946,194.9623,189.133,180.8127,180.658,174.7001
METER_001,2026-01-22,44.0899,42.087,41.8504,40.5598,39.6983,39.2125,37.5858,36.8627,38.5215,36.025,36.5063,37.5637,36.6086,37.5273,36.6015,36.157,38.3135,38.5781,40.3208,40.8107,43.1952,45.3789,48.2912,51.7235,52.1706,57.4566,60.7733,62.686,63.3401,64.9663,64.5329,64.9922,62.8094,61.5164,59.5837,57.613,53.7203,51.1946,48.0721,44.3031,43.8888,43.0794,39.5228,38.5709,37.6141,37.5316,38.1869,35.5069,35.7104,36.2203,37.1389,36.6902,37.9281,38.302,37.7137,38.4178,38.72,39.012,40.7772,40.8818,44.3002,45.9299,47.0578,50.088,54.6526,57.1365,62.1624,65.3327,69.3597,75.7526,78.7474,83.7895,87.8744,91.0724,94.5502,96.9324,99.6175,100.2035,102.1847,102.0294,98.5256,98.3186,97.4091,92.0013,87.2424,83.6466,80.3055,75.5442,69.9637,65.2934,61.0024,58.4784,54.5439,51.91,49.2488,47.106
METER_002,2026-01-22,65.2317,65.7337,66.0388,66.9917,65.6515,66.5835,65.6978,66.6547,65.7514,66.3256,67.3181,67.2538,65.3491,65.943,66.7348,66.1385,66.1218,66.0784,66.9873,65.5389,67.0308,66.3111,67.749,67.7028,71.5645,70.9511,75.162,78.5319,83.5824,95.3669,106.6268,119.715,134.8217,147.9175,158.775,165.0154,172.0457,175.2162,177.5643,181.4985,180.6845,183.1821,184.3902,184.6899,185.2295,186.2646,188.0774,187.5891,189.6534,188.3598,189.9941,189.3865,189.2914,190.455,189.768,191.0327,189.2571,190.1318,189.8811,189.5298,187.9394,188.346,186.5297,185.3406,186.0976,183.2457,182.1116,178.2509,175.1317,167.4147,159.0731,150.3993,136.8807,122.5653,108.2422,96.2649,88.1244,79.4381,76.9404,72.4318,70.2209,68.9729,67.0105,67.2505,66.0292,66.5236,66.0956,67.1085,67.1762,67.1338,67.103,67.3928,65.8803,65.2473,66.3736,67.665
METER_003,2026-01-22,137.7657,135.9913,133.4815,128.7358,129.0687,125.7526,125.2725,123.3622,123.3313,121.9688,122.8366,117.5853,120.3965,117.4385,117.9166,118.3353,117.452,116.8941,119.3163,119.649,118.2712,120.5235,120.1398,120.2567,121.5183,123.6734,125.655,125.481,129.1233,126.4792,130.0479,133.308,135.8694,138.1653,139.6721,141.5641,145.0348,150.4337,154.5539,157.1667,160.1381,162.9592,166.6955,170.8079,174.0793,179.889,179.4058,181.8515,186.6567,188.0946,190.6123,194.7654,196.2461,199.1651,198.6217,202.0489,202.8297,202.499,204.1054,207.3216,205.484,210.0344,214.0945,211.9758,213.6452,217.1329,217.9698,218.5418,219.8737,215.5987,219.4395,220.8155,220.1423,217.5011,216.9732,217.8339,214.1331,210.9225,210.4103,207.5886,201.0433,197.8749,194.4313,194.474,187.1131,181.1225,175.9717,172.1163,168.2259,161.62,157.3731,153.6758,149.7818,146.5456,144.02,139.7376
METER_004,2026-01-22,115.5356,118.1569,115.286,113.4633,115.497,116.3374,112.435,118.1394,117.6649,115.9101,116.2151,117.28,114.0363,117.4909,115.6199,115.1026,114.7309,116.3277,119.1815,117.702,118.1117,122.6784,125.4657,130.6819,135.4974,143.2914,157.1507,167.6792,171.4903,185.7995,191.8986,192.9479,193.7475,195.6404,194.5236,198.474,197.0983,198.6633,198.3501,199.0219,196.5777,196.7325,194.8414,194.1374,189.7422,186.7422,188.6487,185.619,184.7898,186.3363,187.6933,186.7591,193.5154,192.6866,194.9148,197.5637,199.7915,195.7494,201.0989,198.6664,199.4253,196.9082,199.6042,201.3137,197.8455,198.8369,199.8479,198.233,198.9907,195.7979,198.8005,198.1161,198.9927,199.4369,200.2391,195.704,199.4338,197.5893,197.1654,198.4432,197.6506,196.3304,193.0995,192.3789,193.6776,183.1689,178.242,165.2734,158.3324,144.9626,138.0225,130.2049,122.8065,121.7446,117.2125,120.4456
METER_005,2026-01-22,35.9086,33.5489,34.3234,32.5788,31.1159,31.342,30.7731,29.155,30.6641,29.7647,28.6351,28.74,28.8763,28.2286,29.2959,31.1109,29.3538,31.4614,32.324,34.119,34.9729,35.4426,40.303,41.0136,42.8207,45.5368,48.5213,50.2256,49.9685,53.0245,53.2861,51.6064,49.7207,49.1643,47.7612,44.3003,43.4164,41.2819,38.467,38.1685,33.5369,33.0651,33.8997,31.2613,30.511,28.1918,28.4091,28.8547,30.0962,30.7232,29.396,29.046,29.8559,31.2685,30.905,29.2555,30.9284,32.1525,33.2515,33.9419,34.6662,36.7332,39.4507,41.4279,43.3967,46.7875,50.3194,52.9566,55.9594,60.0283,63.6921,65.2773,69.6508,73.0375,75.4553,78.2579,80.8843,79.9475,82.0019,80.1298,79.9924,77.9515,76.3142,73.2794,70.8618,67.083,63.0383,58.823,56.8775,52.8189,49.9946,47.5228,43.2605,40.917,39.5189,38.3333
METER_006,2026-01-22,56.0053,54.2273,56.0751,54.9378,54.4942,54.3632,54.6986,54.3817,54.009,53.4151,53.8258,53.6829,54.0131,54.2164,55.4695,54.3916,55.6638,55.852,55.0703,54.8107,56.6404,55.5651,55.7579,56.3273,56.9715,58.2625,61.5182,64.3462,71.4425,78.7235,89.4931,99.3931,111.1024,123.2963,129.9067,138.3413,142.2257,145.4895,147.468,149.0077,150.3402,151.5056,152.8703,153.5133,154.0029,154.4325,154.6521,154.9389,156.8693,157.2187,157.7024,157.5296,156.5727,157.8588,157.0566,156.7256,156.4037,157.7111,155.9683,157.541,154.7649,156.5274,154.6232,154.39,152.0213,151.1584,149.008,148.6756,144.8533,138.7288,132.97,124.5877,112.4787,101.4108,89.16,80.4008,71.1366,66.9811,62.5091,60.455,58.9816,58.0153,56.2509,57.1631,55.4489,55.8586,55.0941,54.9193,54.8708,54.8471,54.8112,53.7901,53.4587,54.6367,55.4401,53.6194
METER_007,2026-01-22,112.5678,109.2331,107.3201,105.623,102.1862,100.9646,102.6468,100.9207,99.0216,99.3185,96.3131,97.3899,96.8323,95.9058,96.7131,96.9526,95.9612,97.8732,96.8029,96.7083,95.8624,99.7172,96.6835,100.4185,98.5705,99.9592,101.13,101.8036,102.7048,105.3415,106.4405,107.5035,109.4492,111.1869,114.1264,116.683,120.1769,121.1551,123.526,127.7419,129.4426,135.5713,136.529,138.869,139.5168,143.3824,145.3247,147.2911,150.8855,152.4014,155.4223,157.5613,158.0933,161.0912,160.8852,161.4212,165.8712,165.489,168.7134,168.8471,169.5974,169.7145,172.3276,173.858,173.6312,174.8442,176.912,176.1428,177.7339,178.0766,177.2386,177.8081,177.6622,179.2584,176.8342,175.4937,173.4668,172.2717,168.9611,165.2229,163.4407,160.8195,158.3587,154.7574,150.5437,147.8983,145.1549,141.3035,137.2506,133.3316,128.6569,125.6451,123.769,117.5957,116.9386,113.4227
METER_008,2026-01-22,159.3114,159.2439,163.9444,158.9804,160.9613,162.5009,159.5734,162.9364,161.1153,163.3958,161.2541,161.4771,162.4877,166.5176,160.7353,164.582,162.3191,166.0788,164.9722,164.4736,168.2118,172.2847,172.6873,181.8867,194.5734,206.0368,218.6243,233.4988,244.7842,258.6826,263.657,271.0729,271.8929,276.587,275.6001,277.0438,278.6083,276.7779,283.1616,277.0153,277.1035,274.9431,274.9947,269.176,267.2328,265.3782,259.5762,261.4695,261.9637,261.0296,260.0257,264.6845,267.4527,272.8877,274.8161,277.7345,279.8712,278.4496,281.9195,280.7586,282.0756,278.4593,280.4872,279.0274,282.7915,277.2687,274.955,277.7078,277.207,279.7475,278.3695,274.6406,279.3503,279.0834,278.953,277.114,278.1131,274.9166,277.1962,279.5582,276.4897,277.0239,275.9557,272.2823,265.8894,260.5272,250.3031,236.0931,218.1229,206.2695,192.177,182.6503,174.4147,174.3608,168.4557,162.2243
METER_009,2026-01-22,47.0761,45.2845,44.2835,41.2535,42.3818,41.1917,39.9932,39.5715,39.3177,40.0039,38.666,38.7069,39.3427,38.8359,38.7392,39.9884,41.0642,41.3945,42.6329,43.5996,47.0819,48.5011,51.3977,56.4517,56.8195,60.3993,62.66,65.9963,67.9951,69.8106,70.1241,69.756,67.2634,66.7864,62.695,60.9577,56.2756,54.3324,51.7952,46.2774,46.8458,44.4539,42.4424,41.1455,39.2923,41.9194,39.709,40.1668,38.8228,40.0039,40.0211,38.0914,38.5753,40.1007,39.9358,40.8021,41.6611,44.0949,43.7507,44.9179,46.4309,49.2511,52.9616,55.3686,57.8943,63.0024,66.3825,70.9664,75.6634,79.4971,85.6716,89.0847,93.5764,98.451,101.8667,104.917,106.3104,108.0844,109.0919,107.1037,106.0657,103.5954,102.7826,97.0112,93.3865,89.983,83.9738,79.9567,76.9684,68.4645,65.2497,63.135,57.8902,53.7482,53.6792,47.5006
METER_010,2026-01-22,70.7742,70.9436,70.4022,71.6991,73.023,72.4406,72.0442,71.5592,72.2998,71.9231,73.2682,73.5582,72.3243,71.6966,71.4524,72.0091,72.0767,72.3856,72.2616,72.8013,72.4034,72.6649,73.3991,74.5961,76.5843,77.2816,81.9179,85.6589,94.9824,103.1927,116.7245,130.1255,146.5885,159.557,171.6544,180.1472,185.5659,191.8143,195.1433,196.9892,198.7647,201.8079,201.0077,202.961,203.8179,205.3011,204.755,204.6024,205.5833,204.9588,206.6459,206.7044,207.5721,206.03,206.7213,207.8373,208.2796,208.1565,205.7887,205.9609,205.9754,205.6307,203.6388,202.3804,202.4592,199.7139,198.1438,195.2582,189.2897,183.161,172.2734,163.6741,147.968,134.6371,118.9526,105.8294,96.2145,86.9463,83.2217,77.378,75.6264,73.7534,74.2768,74.0329,73.8138,72.3833,73.0734,73.8879,73.2562,72.2524,71.3252,71.7249,71.3223,72.6236,69.5671,71.2181
METER_011,2026-01-22,85.0935,85.4217,82.7208,81.1682,80.0764,78.9947,78.951,77.2105,76.3665,75.4858,75.7138,76.1683,74.5749,75.4992,74.3191,73.4467,73.0216,74.3184,73.9402,74.0558,75.0779,75.396,76.4546,75.9243,76.8708,77.1529,78.1119,79.0283,78.9316,81.2677,82.7473,82.8877,84.9793,87.4482,88.9689,91.1799,92.146,95.2645,97.3044,96.5512,100.5246,102.2254,102.9782,106.1757,108.0575,111.9863,112.3243,115.2878,115.6184,118.4338,120.3741,119.7617,123.2918,122.2585,124.4823,126.4306,127.0289,126.4903,127.5055,128.48,129.6556,130.4824,132.7951,131.9833,134.4364,134.1797,135.8141,137.2604,135.1361,137.0172,138.9246,136.5982,138.397,136.5366,135.8288,134.7839,133.4817,131.1108,130.8421,128.8512,127.9164,123.4779,121.1598,118.7679,117.8954,113.5337,109.0417,108.0026,105.7215,101.4621,100.9687,97.1579,94.2444,89.814,90.1345,88.3988
METER_012,2026-01-22,131.4204,133.2385,129.7295,132.0862,129.5844,134.5063,131.1244,131.9425,132.1094,131.6071,127.5226,132.2552,130.6038,133.5019,131.2517,132.2449,131.5943,133.5295,133.6877,137.453,133.8371,137.8281,141.7431,147.3401,156.2595,168.9104,178.5539,192.3271,200.5341,210.4355,213.3995,218.2019,221.0989,220.7847,223.2377,226.4891,223.9559,225.8906,225.2348,225.4666,226.6871,220.582,221.7655,218.2907,216.2223,215.3461,212.4639,211.7456,210.5379,210.0191,209.4996,212.0748,216.9704,219.5427,222.5099,222.2088,225.4057,225.0076,226.4939,228.2209,225.6689,223.8282,224.8345,226.5174,222.5494,226.3546,225.8276,222.8677,226.2803,225.8689,227.7165,226.4288,224.7611,226.1829,226.2303,222.28,227.0466,225.6856,226.0392,223.381,225.0549,223.6913,222.6805,215.4685,213.3454,208.8147,198.0181,190.7462,179.8946,165.8072,157.4641,150.0211,141.3041,137.0429,135.0691,135.1617
METER_013,2026-01-22,38.6218,36.0353,35.2742,33.1728,32.4631,34.1351,31.6616,31.233,31.5341,31.1114,30.8514,30.4514,32.295,30.3437,32.345,33.3745,32.6876,33.2722,33.4679,35.8831,37.0464,38.0476,40.3029,43.3054,47.0952,48.5713,51.1167,52.7513,55.5117,55.4507,55.6816,57.2683,54.5932,51.8365,51.9371,48.9962,45.2826,44.563,43.5025,39.4166,36.5927,34.8762,33.4074,32.683,33.4916,32.4444,32.7084,31.3554,31.6031,31.1866,30.9991,31.6639,32.4045,30.6634,32.0646,33.4059,32.8533,34.8857,35.3711,36.7721,36.3451,40.283,42.0781,43.074,46.416,50.1745,53.5661,55.9348,61.5724,64.9947,69.5843,72.5096,75.9208,78.645,81.1786,84.5093,85.9109,86.5843,85.4959,86.0531,85.5605,83.7474,82.559,78.5243,77.0403,71.9476,68.3114,64.1099,60.1445,56.0959,53.0586,49.6849,45.6958,43.6177,42.1157,40.4072
METER_014,2026-01-22,57.4081,57.0673,56.6014,56.8516,56.9812,56.4689,56.9378,57.5263,56.5687,55.9908,57.2647,57.9282,56.9337,59.2216,55.3842,56.5994,56.5167,56.7267,58.4505,56.0317,56.6124,58.8601,57.348,58.5324,59.6329,62.1071,63.5744,67.9797,76.1128,81.612,91.6522,104.9073,116.2518,129.3688,136.7174,145.1825,148.1176,151.6748,153.5048,156.7165,158.1477,158.856,160.2719,159.4232,159.6193,161.2161,162.0938,162.7842,163.2818,164.4166,164.7586,165.0732,164.6,164.5457,163.6079,164.907,164.1197,165.997,163.37,164.1011,164.3349,163.3206,160.9094,161.0613,159.3665,158.8454,157.3469,153.7263,151.8717,145.1146,138.3949,128.3556,117.1244,106.2813,92.9479,83.2362,75.1464,70.6164,63.8194,61.9245,62.1449,59.0796,57.411,57.2492,56.2769,57.3536,57.7443,58.0484,57.5093,56.9492,56.584,57.8365,56.4614,57.2468,56.907,54.8614
METER_015,2026-01-22,118.4152,116.8778,112.6943,115.0984,111.9256,108.5729,109.6735,104.7567,104.1057,104.1357,104.3168,100.6629,100.2036,102.8871,102.4054,100.5394,101.6045,101.0789,100.7043,103.3595,104.0558,104.6613,103.3415,103.3363,106.509,107.3819,108.3867,108.0996,109.3066,110.8521,112.6745,115.4974,117.2783,119.8463,120.7278,121.3783,127.6868,132.2301,130.1158,135.2708,137.5222,142.0174,142.4514,147.8239,150.3801,153.5908,154.1598,159.4503,158.5871,162.1841,164.1222,165.9338,169.751,169.576,170.6033,172.8107,172.9622,177.619,177.4732,177.6041,179.1057,180.7043,184.1614,183.0075,183.9623,187.5776,185.8902,186.789,188.4027,188.4405,190.5444,186.1884,189.6156,188.6568,186.8074,186.3471,184.9195,182.7567,180.2508,177.8419,174.4804,169.8238,169.8028,162.9606,159.9759,156.8032,151.9721,149.4916,144.564,139.5656,136.6061,134.3293,129.2229,128.7991,124.263,122.3443
METER_016,2026-01-22,172.6656,176.3101,178.3254,176.7634,171.4054,177.1824,178.0296,175.5912,175.0962,171.4249,176.9059,173.5014,175.2942,176.1962,176.9723,174.9826,176.0927,176.816,175.0831,176.5549,180.0878,184.0379,191.8392,196.9689,207.4103,223.8668,236.945,253.9887,270.6353,278.0174,288.4932,288.3479,293.7552,300.7916,301.5606,302.9668,302.2764,299.7958,301.6221,301.7941,304.8113,297.6443,297.5681,294.4973,292.6656,285.7643,283.9313,280.5847,278.8118,280.1641,286.1209,289.017,295.1068,295.0124,300.5595,300.477,297.0579,303.2707,300.9229,302.4316,302.2386,300.785,301.8816,303.2049,303.8488,302.5384,300.0941,307.1743,306.2394,302.0153,305.4681,300.0191,305.9823,303.6427,301.232,300.8421,300.8069,302.44,298.4739,306.7,298.0082,296.4253,297.8478,295.1747,285.9762,275.9174,273.5689,257.665,240.8718,222.0691,212.9147,197.7253,191.681,185.2347,177.9224,180.6631
METER_001,2026-01-23,43.0585,42.7699,40.6397,38.4118,39.5132,36.8095,37.0416,36.0932,36.2285,36.5197,34.4114,36.7146,36.8664,38.359,35.4323,36.9155,38.7711,37.594,38.3852,42.0263,41.8357,45.4457,47.1948,49.8312,52.3803,56.4419,59.177,59.8536,62.6246,64.3715,64.5925,63.4452,64.1681,61.9058,60.1892,56.2415,51.5631,50.365,47.8759,46.0568,42.6385,42.0043,38.5844,39.0286,38.1133,36.3024,36.7341,35.7046,34.6086,34.911,35.4444,36.3932,35.3678,36.8684,38.127,37.4784,37.7044,39.7524,39.3402,41.2573,43.7106,46.0665,46.7353,52.239,53.7142,57.7372,60.6932,65.3333,69.3417,73.2888,76.9452,82.3282,87.5349,89.1467,93.022,97.5336,98.4274,99.8087,99.844,101.598,98.471,97.2985,93.0112,90.7838,86.0488,82.9827,77.8476,73.7056,68.3152,63.7236,61.1183,56.9068,53.3573,49.9677,47.1753,46.282
METER_002,2026-01-23,66.2761,66.8757,66.3299,67.3535,65.0872,66.307,66.424,66.4845,65.8267,67.2132,66.709,66.2362,67.2131,63.8354,66.6764,65.6627,66.0608,66.4999,65.7873,66.0866,67.1422,67.7163,68.6216,68.1891,70.4494,72.8339,74.4854,77.9337,87.2547,94.7972,108.8199,120.288,135.2821,147.8824,159.2007,165.7391,171.5241,176.107,179.6961,182.0705,182.8734,182.1756,186.32,186.0274,186.7888,187.3226,188.6582,189.0636,190.2375,189.2818,189.7029,191.6829,190.9498,191.8172,191.1227,189.5598,192.3027,190.4622,191.6403,189.6693,189.9812,189.8221,187.2458,187.7327,185.5257,185.9131,181.5431,180.1756,175.9205,167.8686,161.5233,152.4148,137.4136,123.482,108.559,96.2831,87.5957,80.4144,75.0732,74.5974,69.5331,69.0676,68.4347,66.3456,65.9749,65.5008,65.9607,67.1821,65.9422,65.439,66.5265,66.2226,66.3103,66.195,65.8126,66.2075
METER_003,2026-01-23,140.0663,136.4985,134.9293,134.7001,131.3911,129.7342,127.7103,127.7891,124.2401,123.7424,122.1473,123.076,122.6284,120.3643,120.7019,124.5289,119.9805,119.8009,119.2667,122.0667,120.5169,123.2422,121.061,123.9528,124.8672,126.3126,126.6121,127.0141,131.6013,130.2638,133.8143,135.6203,137.0472,142.342,143.6258,147.7345,150.2492,150.4903,157.0053,158.9392,164.3794,166.9759,172.8819,174.8664,177.7986,180.4362,185.6355,186.1847,189.6946,190.2215,193.0745,198.0077,199.2577,199.6715,203.351,205.8453,207.6155,208.3547,208.7666,212.4417,213.2211,214.0303,216.7571,218.7379,219.49,220.6038,222.9614,223.7929,223.8287,222.5869,227.4383,222.8594,223.8799,223.6234,223.3049,218.4915,217.9009,215.1385,212.3889,208.0986,203.8984,203.8617,200.3746,197.313,189.5072,185.2412,177.7594,175.5297,175.6794,167.6241,161.1975,159.2194,155.3563,151.6695,146.9026,143.5014
METER_004,2026-01-23,117.9289,114.7999,118.5112,119.29,119.1773,116.9969,118.4288,118.8305,118.0579,117.9284,119.4582,118.9491,115.8224,117.0968,119.8921,117.079,116.2552,118.6102,120.4383,121.9903,123.362,124.2732,127.97,131.575,139.968,150.1234,159.8785,172.3753,180.2184,187.8038,194.7949,194.7988,197.7486,201.2946,199.6335,200.5536,203.7947,202.8905,201.5339,199.3131,202.8765,200.9192,199.4984,198.2794,191.9703,191.1509,191.4832,187.7911,188.0697,188.2752,190.5756,190.6925,194.0376,195.4936,199.3923,200.7865,198.4357,199.6402,201.8895,201.7857,202.7212,201.8788,203.2419,202.5218,200.3705,203.8039,200.8928,201.0163,204.5516,201.6647,200.1026,202.5106,201.9597,202.862,201.877,203.6385,203.4276,202.7966,202.8051,201.4641,198.6361,200.3401,198.7797,195.6327,191.8908,186.1548,179.5493,169.1009,160.8269,149.1085,141.8885,131.3055,126.0409,127.2014,121.697,120.7018
METER_005,2026-01-23,36.599,33.5287,32.9793,30.1773,31.5778,30.0461,30.7764,30.0392,29.812,30.8878,27.9847,30.968,29.0643,29.4319,29.783,27.4681,29.9191,29.8367,31.632,34.3439,35.3,35.4584,39.7321,41.2015,43.1894,46.3578,47.8477,51.3062,52.2772,52.6776,52.1893,51.1542,50.7578,49.1103,49.145,46.1112,41.8211,40.1642,36.7324,37.0854,34.0475,33.3621,31.727,31.0074,30.1741,29.1171,28.5436,29.1914,27.7497,30.0387,29.6155,28.7159,30.965,29.026,30.681,30.5486,31.0805,33.0279,32.8266,32.1658,34.6791,37.3031,37.1179,41.2199,42.8209,46.5889,48.569,52.9454,56.1309,58.6096,63.9354,67.7915,69.739,74.1269,75.1099,77.2456,79.0142,79.1526,82.2532,80.6469,81.1755,78.8632,76.3428,74.8515,71.0258,65.7235,62.942,59.5525,55.5683,54.4105,47.8352,44.9715,41.8827,41.7441,37.7652,37.1777
METER_006,2026-01-23,52.5155,52.4349,55.0001,52.5672,53.9841,55.4683,53.3432,52.9694,52.1179,53.3204,53.2684,53.679,52.7791,53.2766,52.4176,53.7847,53.3702,52.431,52.2312,55.3606,54.4524,53.6499,54.8974,55.4293,57.3072,57.5758,61.0735,64.2351,70.6771,76.4542,87.2182,99.1873,108.8042,118.0839,126.706,134.2519,139.7443,142.2706,144.1665,147.1028,148.8282,149.0246,150.5041,149.713,149.3803,152.522,152.1065,152.8515,153.4632,154.0146,153.2645,153.1477,154.5407,154.0344,154.6741,153.9478,154.369,153.5441,154.6355,151.8765,152.1347,152.0878,151.9239,150.0893,149.173,149.7342,147.8499,145.482,141.4165,136.9183,129.878,121.8772,111.4959,98.4498,89.5954,77.6618,71.6745,65.1674,62.0876,58.5095,56.4607,54.9526,55.1548,55.1337,54.4326,53.0981,53.4588,54.8767,54.4595,53.1644,52.8037,54.4955,52.8981,54.0767,54.7607,54.4812
METER_007,2026-01-23,110.903,107.7293,105.2414,103.5921,102.9634,100.0323,98.2884,98.5859,98.6123,94.9678,96.1432,97.247,95.5427,94.9347,94.2116,93.9751,93.5795,91.8219,97.2788,95.6149,96.1055,96.7069,94.4639,96.7365,95.9476,97.6013,97.0341,99.8266,100.4195,102.8003,106.3897,106.3397,108.6993,109.8106,114.7873,114.7328,117.5675,119.9786,122.1874,124.957,128.7647,129.8925,131.1643,137.0265,137.1001,140.1746,143.2811,144.6431,146.9169,150.5176,151.4089,153.9643,155.9639,156.8314,159.3816,158.3431,161.6019,163.1634,163.2387,164.0942,166.0571,168.4351,168.1006,169.4384,170.9039,172.6374,173.5972,173.8809,173.8587,177.3637,174.5283,174.7842,172.9656,175.0271,173.7468,171.9201,172.3602,168.5784,164.6433,164.0823,163.7376,159.327,154.3352,151.5886,146.0644,143.7034,140.6113,136.5851,135.0846,129.8407,127.2052,122.7196,120.4815,116.454,114.1431,112.4428
METER_008,2026-01-23,167.1447,161.8078,160.3693,160.9855,160.4988,163.3418,160.7082,160.5736,162.845,163.5301,160.325,160.5296,158.9086,162.1302,161.574,166.0333,161.1895,161.5622,163.274,166.7813,167.4883,169.8783,175.5695,183.8786,192.5465,204.8823,221.5439,233.5561,246.4689,255.3508,261.4771,271.8752,269.6849,271.2166,275.1062,276.5508,280.1144,275.2333,278.8859,277.8433,276.1949,273.9006,273.4991,271.1073,263.8079,266.9907,261.6494,261.2949,258.8346,258.0893,260.9012,263.4867,263.3155,269.403,272.1162,274.2428,275.8908,276.8433,278.5081,280.8457,277.0652,277.3916,277.9357,277.6598,276.6229,278.0842,278.3725,280.8963,279.3455,277.9644,283.6534,280.6839,276.1046,279.9764,279.7001,276.2597,280.6619,278.8416,279.509,278.6639,280.8175,272.7151,271.6935,269.9409,263.6055,255.6143,248.6515,234.9551,221.0554,207.8781,193.6037,186.3403,176.6341,168.5486,168.7801,165.6857
METER_009,2026-01-23,49.0651,47.8294,44.2877,44.7609,41.7373,41.9539,40.4653,39.5532,42.3376,40.665,39.608,38.624,39.2441,39.2904,39.5321,39.3669,41.3528,42.9377,42.3274,44.1553,47.5226,49.6528,51.9803,54.8402,58.2918,62.5412,64.77,67.15,70.1342,71.3034,71.9332,72.3358,68.7658,66.3187,63.0654,60.8545,58.2205,55.8758,53.0611,50.8427,46.34,43.3038,43.1618,40.512,40.6895,41.3318,41.4976,40.3959,38.8083,39.8114,39.3838,39.6202,39.4446,41.2788,40.24,41.999,42.635,42.9843,45.6276,46.3543,47.6663,49.694,53.1038,55.1243,59.6771,62.5493,67.1022,72.2395,76.4961,80.2127,86.699,91.193,94.9537,98.8566,102.8768,107.3882,109.0142,109.9565,110.095,108.2881,108.812,107.2363,104.0543,99.159,95.2293,90.7511,86.0727,79.9692,75.1775,70.1354,66.8047,63.4656,59.2118,55.9735,53.3741,48.964
METER_010,2026-01-23,72.2283,72.4211,74.4744,72.863,72.7447,72.8499,72.9715,72.6018,73.4342,72.7358,73.2221,73.5408,72.8328,73.7965,73.0711,74.1593,72.1941,74.2278,73.6343,72.391,73.7253,74.2672,74.2148,74.9469,78.7862,78.8945,82.7162,89.2257,95.8985,104.9257,120.2341,133.9994,149.7271,164.1277,175.6212,185.4747,191.5727,195.1204,197.0018,201.733,201.7485,203.7297,206.7928,207.1435,207.713,207.4927,208.3442,208.581,210.1136,209.172,210.0448,211.0769,211.6555,211.6362,211.231,213.043,212.4019,211.7923,210.5603,210.6613,209.3624,208.7602,209.2852,207.0652,203.8556,206.2802,200.9914,199.0616,194.5109,186.57,179.3353,165.143,150.3346,136.41,119.8988,108.5674,96.2067,89.097,82.4297,80.025,79.5115,77.0294,75.9851,76.5041,75.8399,74.2866,73.6083,71.8468,75.1262,74.0917,74.7512,73.4724,75.1054,72.2296,71.5409,72.7251
METER_011,2026-01-23,86.6431,84.5963,83.568,82.2215,80.6846,78.579,78.6026,79.4469,77.5057,76.007,75.2983,76.405,75.6461,73.6943,74.5525,74.3437,73.5964,73.3337,75.1238,75.6965,74.8539,76.3778,76.309,78.0994,78.7823,77.2829,78.0118,77.6818,81.1391,81.3914,81.5817,84.5441,86.712,86.3997,88.57,90.444,93.1423,93.7522,96.6164,99.947,100.4824,103.1766,104.9242,108.3955,107.7804,111.7507,113.978,113.4964,116.8546,118.642,120.377,122.2524,123.3686,122.7171,124.8167,124.9127,128.0137,128.3295,127.1886,130.999,131.9556,131.841,132.8473,134.7681,135.3023,135.3597,136.2048,136.7937,138.0468,138.1259,138.3286,138.2848,137.9991,137.0464,136.8875,136.8672,133.3491,133.2071,131.4553,130.6644,126.8854,125.5341,121.8564,121.9295,117.6495,114.706,112.3152,109.4454,105.5253,103.1149,98.9031,97.1459,95.5863,92.3812,92.5354,89.3573
METER_012,2026-01-23,129.9525,127.6747,127.4967,130.8229,129.2748,131.9151,131.4126,131.1105,130.4508,128.3053,130.0753,129.3888,129.654,127.4668,131.3496,130.6599,127.5841,130.741,131.7517,131.4324,133.6822,135.0278,141.0541,145.9289,153.8362,163.2798,175.8207,186.953,200.0285,204.9832,212.3898,215.6122,219.5267,223.3979,218.3441,221.6767,220.6669,223.3527,219.9548,220.4348,221.1365,218.1971,220.286,218.0365,215.3375,211.2982,209.2139,205.5921,204.8831,207.2703,209.1217,212.2112,212.9173,217.5519,219.4332,220.586,220.1633,220.0397,221.9866,222.4745,222.0309,223.2005,226.2667,221.3027,225.4387,223.1546,222.4432,223.8799,220.9753,221.4708,224.0459,222.8331,225.4788,223.5126,223.0737,222.1422,227.8605,222.5098,219.8997,221.4979,220.0163,219.7189,219.4741,216.9828,212.6951,205.6753,197.3556,187.491,175.7213,162.9752,155.1793,148.6158,143.3915,138.5174,132.2591,134.0884
METER_013,2026-01-23,36.8796,36.6586,34.1851,35.0765,33.4073,33.2189,32.1866,30.6673,29.2303,31.2765,31.7007,31.0746,29.6519,30.5875,31.3484,31.2867,30.7315,33.2325,33.6678,36.4582,36.9014,38.6307,40.2644,42.5097,45.5464,48.1956,49.6421,52.281,53.075,53.5211,54.8531,53.0841,52.8282,52.2109,51.931,47.7938,45.5068,42.879,41.0389,38.4285,36.5554,35.0474,32.9103,32.4937,30.1243,31.9862,32.6488,31.4994,28.9937,30.9045,30.3118,30.1698,30.3767,29.9121,32.4852,33.3201,33.7534,34.4272,34.8813,35.9164,36.4217,39.8393,40.4357,42.3208,46.0131,48.9826,50.6458,54.6741,58.0716,62.768,66.0143,70.0137,73.3604,77.766,80.9913,82.9086,83.5648,85.9869,86.5805,83.6952,84.3275,83.077,80.4137,77.4754,73.8734,71.6729,67.2356,62.2523,59.094,55.5521,52.7353,49.2863,45.0803,44.4917,39.3166,37.7721
METER_014,2026-01-23,56.6416,57.4199,56.5664,55.0384,56.7582,57.2526,57.6662,56.4337,55.8853,57.1345,57.3866,57.9538,56.7757,55.548,57.3804,56.8603,57.593,56.8659,57.2148,56.2197,57.2098,56.1864,58.8992,57.0939,59.9508,60.7663,64.3029,67.7698,75.0763,81.8803,91.0474,104.0675,115.432,126.3523,135.2136,143.7223,147.1723,152.1472,153.3786,156.058,156.113,156.9092,157.2325,159.0071,158.8423,159.9033,159.0667,162.017,161.2016,162.4522,161.7632,163.2725,162.7313,163.4027,163.5167,163.2775,163.7014,162.359,161.2631,161.3641,162.7819,158.9981,160.7264,160.2116,158.2831,157.6401,157.859,152.6399,149.7211,145.3471,137.5388,128.3337,116.4317,105.0729,92.6543,83.5501,75.2546,68.2559,65.1859,61.8595,59.4135,57.7495,58.446,58.4134,58.0403,56.9945,58.704,58.3037,55.7553,57.3628,57.2999,57.2887,57.3165,54.8886,55.1428,56.0779
METER_015,2026-01-23,121.0193,119.1195,115.8435,111.9665,113.0055,109.9823,111.0324,108.3254,109.1144,107.7528,105.6154,103.4072,104.0744,105.5052,104.4812,104.8858,104.1458,104.954,102.5132,103.7024,104.8319,105.1445,105.286,105.2162,106.4141,109.5644,108.9061,108.988,110.7538,111.4694,114.586,116.7656,118.1222,122.1651,122.8827,125.0384,128.7313,129.4531,133.8387,136.9281,140.2519,142.6852,146.186,151.0539,152.7231,155.5767,158.4858,159.1702,160.1446,164.0741,167.716,170.5562,169.096,171.3204,173.3673,175.8136,177.1851,177.0975,178.8097,181.9854,184.0804,183.3597,184.9991,185.0374,186.7164,187.4945,191.8209,190.5791,193.4761,192.2615,190.0015,191.1101,193.5642,192.0737,189.2343,190.1127,186.0287,186.7715,183.129,180.4639,176.6166,173.3179,171.0387,165.1367,162.859,160.8784,155.1487,150.5561,147.3575,142.7151,138.7846,134.3035,129.9766,127.1872,124.7285,123.3107
METER_016,2026-01-23,178.4983,176.9774,183.7082,177.0461,178.3832,174.0942,180.3226,176.3257,180.5132,176.1605,179.8569,182.3884,179.3897,183.1493,180.8605,178.8064,184.0802,180.1815,176.5238,184.3384,184.2852,188.3686,197.8865,203.9516,217.0402,226.309,242.8156,259.3178,277.9876,289.793,294.9664,302.6642,304.2055,307.3051,306.8887,305.7882,309.1745,312.9186,305.1352,309.215,310.5082,304.3596,305.4832,303.224,302.0402,292.1454,292.9339,286.648,289.6336,288.9186,287.0864,291.992,295.184,303.9655,297.1725,310.3097,309.153,308.4537,311.2269,310.4436,306.7932,306.8391,312.9785,308.0226,312.362,310.6283,312.2388,311.654,309.846,310.3251,312.2165,311.8408,309.5574,308.614,308.432,311.3124,311.3907,307.931,305.0071,305.5322,306.7875,304.229,302.7437,301.4766,293.4866,289.8209,274.1379,261.8018,241.4969,229.0364,215.8619,199.8702,193.5043,191.9434,185.624,180.1481
METER_001,2026-01-24,44.8037,42.7419,42.2551,37.8161,38.5629,36.5424,37.1502,37.3739,36.4815,36.5778,35.9524,36.6272,36.0912,37.0147,36.2898,36.3705,38.2188,37.4365,41.0543,41.8872,43.5666,46.6652,47.9477,51.6573,56.1891,57.5169,62.1208,64.2794,65.988,66.7383,66.233,65.6671,65.0297,64.542,61.0861,56.39,54.9326,51.9395,48.5449,46.0151,43.4051,40.6067,39.4828,38.8386,37.6722,35.4954,37.3587,35.805,37.0897,36.2533,38.5191,35.1621,36.7951,35.7516,36.6321,37.413,39.9525,39.7636,39.399,41.8921,44.6568,46.8256,48.8725,51.9322,55.352,59.1756,63.6503,68.5665,72.2984,78.3593,82.5868,87.0601,91.8724,95.7354,100.0776,103.7787,104.5378,106.4385,108.7343,106.6442,105.3342,101.8764,100.1685,95.878,91.921,87.2829,82.8604,76.8483,73.5229,67.8916,64.9911,61.0069,54.8343,52.9078,49.8509,45.4715
METER_002,2026-01-24,67.2516,67.6073,66.7873,67.4715,67.9881,67.6749,66.9538,67.1613,67.3609,69.6097,67.2736,65.8642,66.7312,67.5096,66.7664,68.9012,67.5502,68.174,67.3023,66.3599,68.0393,68.1607,67.6332,66.5265,69.4635,69.1612,69.3665,71.6365,75.8734,78.0886,83.7843,89.6299,93.4781,99.7133,102.5879,105.8539,107.7563,111.0133,111.4132,112.4994,113.0912,114.6992,114.4257,112.0919,114.2683,115.2403,115.6713,115.3233,115.6374,115.4552,116.5058,115.0686,114.5275,116.5597,116.3319,115.6852,115.2309,115.6062,116.0715,116.0404,113.3199,115.3812,116.2426,114.4511,114.6728,111.9959,111.9635,111.2081,109.7655,106.9176,104.1521,99.9845,94.1761,89.5828,84.629,80.0941,75.6365,73.3453,71.3152,69.3349,70.2218,68.5284,68.1276,68.0789,67.656,68.4702,67.8734,67.3838,67.1908,66.7149,66.8586,67.8302,67.324,66.2108,66.7906,68.2701
METER_003,2026-01-24,142.9185,143.4534,138.9397,136.5284,132.9196,132.0287,132.0376,127.6775,129.1293,125.546,125.0112,123.7957,124.9528,124.6924,122.3101,122.7731,120.0855,122.3429,124.844,123.3671,124.3244,125.071,124.7769,126.2903,129.3026,125.1884,128.5065,130.1393,131.7211,134.6344,138.4563,140.565,141.8224,144.8503,145.2153,152.7892,156.055,159.1202,160.9666,166.3066,173.3629,174.5442,181.6553,181.9131,187.0345,189.9012,191.8832,197.2841,198.3767,202.1641,203.5759,207.9195,209.0748,212.0466,213.1736,213.8907,215.8896,218.4063,220.2272,222.1524,224.5163,228.2089,228.708,231.4384,232.8072,234.9401,234.4029,236.336,239.2151,239.0404,239.0068,235.3265,236.9572,237.9437,235.3854,232.2464,232.4914,226.8674,222.9852,222.6109,220.5197,212.5605,207.7005,202.043,201.185,193.2312,188.7763,186.0591,177.1511,173.2436,170.1324,164.8014,161.5396,155.7953,150.9874,149.042
METER_004,2026-01-24,118.1488,118.6542,117.0206,117.1991,117.7757,120.729,114.7849,118.7665,115.4719,117.2035,118.2801,115.1296,117.9029,118.7481,118.6559,119.4664,119.8652,118.4221,120.0197,117.9818,119.2129,120.2799,123.9196,130.0378,134.6718,143.3237,150.7774,161.6358,172.1681,176.0838,178.8896,182.3377,185.0505,185.236,186.3309,188.1389,187.42,187.5718,186.4607,187.7531,184.9115,185.1228,183.2186,182.6078,180.4365,178.1436,176.951,175.8848,174.0204,175.0185,176.557,180.2759,182.5599,185.0223,182.6965,185.4926,187.1903,187.2489,185.929,189.5349,187.9279,188.7171,186.9133,189.157,186.4754,188.2423,187.8542,186.7542,187.4811,186.7964,188.493,188.3671,184.4243,187.9334,185.589,187.2921,186.3798,186.128,187.2734,188.1739,183.6132,186.8869,183.5819,181.4319,179.7867,177.8168,169.0352,160.533,153.7903,145.1898,138.0195,129.563,125.032,123.6913,120.2759,116.3362
METER_005,2026-01-24,35.047,34.5131,32.3711,31.5255,31.312,29.9927,30.3627,28.7125,28.7886,28.4367,29.551,28.4455,29.2229,28.8967,28.6456,29.4193,31.1675,30.537,32.1399,33.7043,35.9979,37.586,39.7889,41.2958,43.6988,46.7081,49.2697,52.5458,51.899,53.588,53.8517,52.2985,52.4369,51.2449,50.0974,47.5636,44.3798,42.3255,37.6036,35.3077,33.7022,33.7546,31.3056,32.0128,29.9969,30.196,29.8647,27.9384,28.3833,28.4568,28.6388,30.4725,29.5453,29.9615,29.164,29.0087,32.2231,30.9141,31.9712,34.1487,34.5563,36.7379,39.6275,42.6683,43.9466,45.8871,50.5902,53.9401,58.7715,62.105,65.4403,68.9878,71.8668,77.8491,79.1762,81.0352,82.5322,85.5607,85.3002,83.1733,83.5073,81.8903,79.3584,76.9145,72.1296,67.9191,64.183,62.0643,58.8117,54.0932,50.4872,48.1466,42.896,41.402,38.9712,37.4824
METER_006,2026-01-24,51.0041,52.1728,52.553,51.9523,51.0282,52.6356,51.4833,52.2597,51.7912,52.8934,52.8406,52.0182,53.5667,52.7066,52.5042,52.8781,53.7604,52.2914,54.0656,51.1806,52.9782,53.464,52.1299,53.2599,52.9493,52.741,54.3842,56.6013,57.3352,62.3438,65.0633,68.5273,73.4276,76.4515,80.2537,83.7684,84.1886,85.2398,87.3834,85.7247,86.9334,88.1774,89.2032,89.5365,87.9803,91.2459,89.9334,89.9009,90.681,90.8651,90.6004,89.4881,92.2573,89.4186,90.8512,90.5789,89.7795,89.2232,90.4388,90.341,88.2266,90.0017,90.5182,90.176,88.5246,88.1628,86.8439,86.4018,84.7599,83.6599,81.3953,77.592,74.2659,70.0039,64.7999,62.2931,58.2628,58.2341,55.7222,54.8086,53.3136,52.9209,53.4403,53.2746,52.8648,52.1081,52.9004,53.7257,51.5951,51.8401,52.7702,51.8569,52.2369,51.8854,52.2485,52.2594
METER_007,2026-01-24,110.6982,108.7473,107.2488,104.8864,102.9405,101.8061,99.7869,99.03,96.0503,96.0911,97.251,95.0668,95.3246,95.0678,94.3931,95.6971,96.3545,93.3876,94.832,92.3063,96.2395,93.0714,95.8811,94.8507,97.0999,98.2906,98.7088,101.716,100.5367,103.1881,103.7735,108.063,108.7285,112.1185,112.5383,117.5799,117.7194,121.5678,124.2061,126.4374,129.8544,132.3208,134.4607,139.9253,140.4155,144.11,144.6122,150.28,152.3232,154.1166,157.2793,154.2127,160.9497,162.6049,161.4745,164.7705,165.9037,167.5698,168.0706,171.6862,169.3936,172.1897,173.7168,174.5486,175.7049,177.1386,176.0518,180.1927,181.1904,180.7477,179.4159,179.5446,180.7873,178.838,178.3924,178.0316,174.8369,174.9341,171.3082,168.0695,164.6169,163.3992,157.6424,154.599,153.023,148.8734,145.2378,140.1242,137.8367,132.4042,128.2789,126.4147,123.0836,120.0713,116.8086,112.4531
METER_008,2026-01-24,166.2726,160.7084,164.1771,160.8129,163.4964,164.6612,162.5482,164.3946,167.0687,161.6268,166.5609,166.0932,168.9522,161.1228,163.5693,165.9639,164.9942,163.4977,165.0851,165.8605,168.9537,174.0265,176.0325,183.1212,194.2512,200.6781,212.6532,226.2689,237.2447,245.4815,248.9119,253.5357,259.8658,262.8036,260.9097,260.8204,263.7543,263.0856,258.1264,262.3223,257.3693,259.7648,259.2381,255.5518,249.6577,250.0272,247.7755,243.3053,244.5616,246.2463,245.35,253.0982,249.4582,256.4708,252.6119,260.1593,261.8445,259.2312,263.0906,258.4946,262.901,260.6779,264.5708,262.4058,263.7657,260.9217,264.7858,262.427,265.6214,262.3919,261.4644,261.5408,260.9501,260.765,262.6563,258.5232,255.8234,261.1121,258.5072,261.0154,258.7489,258.8978,255.7792,253.0505,248.7169,243.7309,234.0553,221.1152,213.3651,200.3546,190.8136,182.305,176.0149,171.2832,166.0287,164.7774
METER_009,2026-01-24,49.5067,48.5483,47.1253,44.2825,42.7629,42.5649,41.1922,42.8837,42.3869,40.9464,42.755,39.9653,40.2857,39.5533,41.2375,41.6861,41.7105,42.3169,44.5549,48.6788,49.3802,51.8709,56.324,57.2567,61.0117,65.2716,67.349,72.424,74.462,74.2385,76.054,75.7269,73.3536,70.4297,69.9437,65.1592,62.8271,57.3672,54.3259,51.029,47.754,46.2911,44.0269,44.7572,42.5007,42.014,40.5156,40.2747,40.8712,40.4672,40.7435,39.9667,40.7282,40.4784,40.4248,42.6528,44.009,45.4955,46.947,46.6416,49.5999,51.216,56.2494,58.6497,62.8373,66.9742,71.0521,76.2105,81.3527,87.6324,92.3487,99.2545,102.4837,108.096,112.6481,116.708,119.1609,120.3756,120.9635,118.6573,117.5341,115.8306,113.5139,106.9547,102.9842,97.1953,93.8286,88.745,83.3566,77.8865,70.3039,66.9132,63.0479,60.2309,55.4926,52.0499
METER_010,2026-01-24,73.5954,75.2859,75.2396,73.3427,74.549,72.3642,74.8212,73.528,73.643,73.501,73.3814,73.6565,73.5496,73.5584,74.4455,74.7962,73.9016,72.5529,73.9114,75.4678,74.6575,74.0633,74.1913,75.1358,74.0609,77.7966,78.5856,79.7716,83.0454,85.4724,90.9714,98.0843,104.4373,107.8841,113.52,117.1366,118.1601,120.4884,121.8401,122.1724,122.9274,124.836,123.5844,125.4424,124.0038,125.0657,127.0598,125.4954,126.6207,127.6307,125.9151,126.7046,127.6801,127.0682,127.6382,127.1299,127.3583,126.3215,126.3598,126.2543,126.8909,126.2013,124.6298,126.6648,123.9927,124.3609,123.6626,122.0237,120.3012,118.0601,114.3821,107.9827,103.8356,98.4192,92.4192,87.354,82.6318,82.2648,78.0853,76.2184,73.9348,76.0281,75.0518,75.1471,74.5689,74.5636,73.2645,74.2099,74.2711,73.1799,75.1224,73.0314,72.0381,74.1993,73.6591,74.0897
METER_011,2026-01-24,86.5449,84.4618,81.728,80.8805,80.0055,77.9102,78.8597,76.7312,75.783,76.2566,74.1467,75.4865,73.6289,74.5051,75.3692,73.3523,74.0493,73.634,73.3641,73.7534,73.4048,75.8676,75.3361,75.6638,77.2708,75.594,77.3992,77.894,80.0088,80.0574,81.7716,83.2922,85.4614,87.636,89.5948,89.9085,93.7536,95.476,97.386,100.1915,101.0531,103.8449,107.0948,108.2729,108.8888,113.7131,114.8183,115.629,120.6207,120.7317,123.1361,122.8386,123.1485,128.4843,128.039,128.6117,130.3371,131.5977,131.8326,131.7865,135.4562,134.9642,137.4387,137.4271,139.1515,140.1269,139.1354,140.6837,140.404,144.0479,141.4725,140.1288,141.4752,140.6831,139.0464,138.8935,138.5114,136.0094,134.8809,131.4163,128.9893,128.8823,124.9077,123.1168,119.0479,116.656,113.103,111.0597,107.0404,103.649,101.851,97.7056,96.265,91.5076,88.9891,89.649
METER_012,2026-01-24,126.6643,123.4262,125.0984,126.4326,124.7342,126.1607,125.5355,126.5181,127.6986,127.2614,126.639,124.7043,128.951,128.0082,125.0963,128.848,126.0364,128.5213,126.6835,129.2653,130.3604,131.0984,137.065,142.1718,145.7321,153.5738,162.5526,174.0741,181.1881,188.7093,191.114,194.0036,199.1286,198.9256,199.5283,200.554,204.4206,202.3641,202.9142,201.3531,200.111,201.563,198.5517,197.2149,191.0986,191.3837,190.3069,185.8465,187.2325,189.5144,195.397,192.3754,195.3508,197.5405,196.1211,200.0219,203.4791,200.6618,199.6425,199.5884,201.2191,202.0539,202.0675,200.7213,200.7092,201.2823,201.189,202.1822,204.0371,201.5044,203.4862,202.4437,202.6907,204.385,203.9476,199.9518,200.6996,202.9522,199.4871,201.1816,200.127,199.1942,195.7576,197.4782,193.4242,188.9988,182.8761,171.8918,167.4311,155.7091,148.8145,139.616,138.5003,133.135,130.5743,127.7737
METER_013,2026-01-24,36.9781,34.0802,34.5003,31.9775,32.4026,32.1868,30.1566,30.6095,29.1039,30.4708,30.5046,32.0881,30.503,29.9976,31.5092,29.096,31.7262,32.5927,32.8782,36.7935,36.2023,38.8945,42.1501,42.7322,46.4047,49.8358,51.2812,54.6283,55.0471,56.9085,58.804,56.3507,55.5983,54.5413,51.7291,49.4455,46.7855,42.6481,41.9105,37.8925,35.7476,35.3825,33.9878,33.0643,31.9145,32.0947,31.182,32.8336,31.557,30.3799,30.9011,31.4716,30.2619,30.7258,31.4045,32.3919,32.9294,32.7236,35.3249,36.4495,37.992,40.0755,42.0374,43.3492,47.1724,50.9317,55.1319,58.0628,62.6468,64.6041,69.3795,72.0601,77.1133,81.9823,82.1309,86.1686,88.8437,88.7796,89.9914,88.6287,87.8338,87.122,82.0917,80.6973,77.1949,73.5707,70.136,65.4939,60.8778,58.4106,52.0018,49.2345,47.1376,43.097,41.4606,40.5588
METER_014,2026-01-24,57.4766,57.6791,58.1986,57.4728,57.1026,56.0731,57.896,58.8837,57.9446,56.1169,57.5365,58.0558,58.5229,57.3667,56.9829,58.921,57.8004,57.5963,59.2997,58.0256,58.3412,58.1281,55.7981,57.4377,58.9819,59.58,60.2123,62.3144,62.3299,67.7768,69.6521,73.9012,79.7773,84.6821,88.2881,89.1901,93.0106,92.8841,94.9461,94.1059,96.0601,96.3657,98.1168,96.7187,95.0674,98.5923,98.4175,97.7645,97.5243,97.299,98.8553,96.8528,99.1871,97.5785,98.0747,98.725,98.1325,98.6209,98.557,98.2274,98.3908,96.7868,95.339,95.6479,96.19,96.3835,95.8948,93.4397,93.1842,91.9899,88.6501,84.6527,80.2491,75.4782,70.7091,67.3076,65.1281,61.5699,59.6502,59.3072,57.5557,58.4736,58.3472,57.6027,57.5087,57.8789,58.1719,57.0461,58.4477,57.2201,55.4911,57.1813,57.4324,57.4011,58.0748,57.4473
METER_015,2026-01-24,123.2616,123.3713,118.5473,118.0578,113.1832,112.0552,109.9273,111.5056,110.7983,109.1955,108.7766,106.9634,107.7591,106.814,109.1786,105.6594,106.044,103.9924,105.2756,106.6029,108.6672,107.4794,108.8836,108.9466,109.2861,110.6361,111.5768,112.3125,115.4337,116.4077,120.4689,118.9854,122.6221,124.3123,128.9889,130.8657,134.1281,135.5921,140.5753,144.9846,147.2072,149.8194,153.7297,157.2915,159.6763,164.3566,164.8741,169.3259,172.3337,173.928,177.0342,177.6687,180.6602,180.7254,182.6165,185.8792,189.6566,189.0854,191.9895,191.2928,194.6343,194.2882,196.0149,197.8254,199.8048,202.7365,203.0713,200.5205,203.316,202.9363,204.0158,201.6918,204.3619,203.2532,201.2075,200.3776,199.7594,197.9455,192.4095,189.6986,188.1236,181.997,180.5413,175.8993,171.3682,168.3039,163.4771,157.9842,154.704,147.8201,144.905,139.633,138.873,133.1821,130.2635,127.493
METER_016,2026-01-24,179.6372,184.2312,180.4985,180.9797,181.9227,182.9638,179.4945,184.5906,183.8072,179.8216,183.639,179.681,184.1317,182.2018,179.3052,186.0173,181.456,182.2469,186.2067,187.2097,186.2489,193.8014,199.6744,205.0145,208.5804,225.5624,237.91,251.6662,264.7361,268.2309,280.146,282.5337,284.7276,287.6256,287.0181,289.9158,290.8891,289.377,293.3608,288.6979,287.3042,285.6546,281.7178,281.0281,283.8743,273.602,271.134,272.3315,272.6384,272.2267,270.8765,273.4029,277.9124,279.5981,286.9577,287.9646,292.8262,289.8563,287.23,292.0963,287.537,287.5081,291.5222,287.3053,287.2294,287.1149,289.7952,291.209,288.4147,289.8614,285.2956,286.3936,290.1006,292.1145,291.9194,290.2456,288.2002,291.5604,291.5039,288.1975,286.3497,284.4114,285.5863,281.4493,274.0943,269.4496,259.6908,247.917,236.9565,220.2464,211.5663,198.9512,193.6955,188.753,188.4672,186.9481
METER_001,2026-01-25,46.6401,43.7018,42.0524,39.7243,39.4082,39.534,37.5476,37.707,38.2152,38.5466,37.1848,37.9635,36.4385,36.2861,37.2902,36.9743,38.7622,39.7362,41.4658,43.3335,43.7866,47.0401,49.8104,53.3044,56.0011,58.0151,63.1529,64.1813,66.4928,69.3495,69.1984,66.7428,66.816,64.2782,61.9814,60.2285,56.928,51.7193,50.8886,47.2259,44.1697,45.1127,39.9087,39.8645,38.5858,37.5763,37.8307,37.3324,36.6093,36.3252,37.7994,37.2399,38.3996,36.8019,37.7041,39.2591,38.1146,39.1604,40.3315,43.5911,45.7858,48.8379,49.3387,53.264,55.6707,61.7344,66.5129,68.5431,75.6657,79.3846,82.935,90.1474,93.4383,98.4409,102.3195,104.6716,107.8648,108.1739,109.2671,107.9335,107.6499,104.5173,102.351,96.9348,94.8238,89.0415,84.0784,79.7941,74.5036,69.7668,64.7296,60.7688,57.2188,53.2801,49.8241,46.874
METER_002,2026-01-25,68.2618,70.3368,68.4769,69.4634,69.2902,67.8413,68.6894,68.1356,69.2581,68.5818,67.7249,69.329,69.6621,68.3893,68.6366,68.9006,68.7663,69.5565,70.1696,67.542,69.4127,68.6746,69.6329,69.8721,71.4559,70.4999,72.4973,72.6689,77.1659,80.479,85.0327,90.9828,95.5475,102.1007,106.405,108.5271,111.3086,111.744,114.4031,115.528,114.9647,116.6129,115.0491,115.8836,117.2962,117.729,117.806,117.3773,117.5105,117.6591,120.6728,118.3507,118.7765,118.7284,118.6725,118.3293,118.5145,118.2663,117.3302,116.7216,117.4177,116.2643,116.9578,116.8061,116.7889,115.6766,116.0605,113.7198,110.9974,109.6819,106.8376,101.7827,97.1158,91.0692,84.3151,82.7364,77.7802,73.7062,72.3131,71.4099,71.9069,70.994,70.7861,69.1267,69.7151,69.4261,68.338,68.1286,68.4453,69.1675,68.6276,70.3096,68.9697,69.6002,69.0619,68.5214
METER_003,2026-01-25,148.2711,142.7478,139.1642,138.9183,134.9593,131.6243,134.2775,130.2324,128.2338,128.4355,126.4807,123.8291,122.5778,124.0458,123.2222,123.2793,124.492,124.3529,125.0576,123.5547,123.3225,122.1033,123.7296,127.0444,130.478,127.6562,129.5798,132.4814,136.8151,136.41,137.3286,142.2337,143.63,147.7742,150.3552,155.1599,156.8311,161.1823,163.2136,168.1977,173.1032,174.2113,180.3214,184.1776,187.0284,188.9239,196.0846,195.2248,197.8985,204.6559,205.0048,205.6949,207.7189,214.0111,215.0009,217.7395,220.5425,222.0889,221.0704,223.6143,224.6334,227.7949,227.5804,231.3153,233.5233,234.0284,235.8674,237.1852,239.3342,239.9674,238.1639,236.9716,235.591,235.8321,233.9317,235.1253,232.0127,228.8141,227.3883,223.0837,220.9243,213.9632,210.8126,207.3586,200.4961,196.7164,190.7003,183.6362,180.2421,172.4094,170.0032,165.9645,159.5732,156.2543,152.8671,150.97
METER_004,2026-01-25,115.6776,114.5557,114.3228,113.43,116.9954,116.3788,114.92,113.6869,116.0864,118.3198,115.909,116.0821,114.5729,115.7399,117.2822,115.4179,115.3756,116.8549,114.114,116.7365,118.858,121.0404,123.6918,129.4876,133.4463,144.7055,149.9376,157.1859,165.0013,169.954,175.559,179.3505,181.3294,182.1312,182.2763,185.0774,183.2993,184.4599,183.9835,183.3162,185.2582,181.8084,177.2941,179.0526,176.5106,177.5771,174.4436,173.6986,173.5411,174.6482,175.1114,177.9888,176.7041,181.4063,181.499,182.5641,184.307,183.9045,184.2929,186.2948,185.6217,185.9133,182.3822,185.1532,185.3613,182.8772,183.0559,185.8476,184.3708,183.3327,183.7529,184.8149,184.2591,185.8073,187.2122,182.6352,182.1718,184.9944,182.4321,182.848,184.9551,184.0489,179.7891,180.9957,174.9712,173.7018,165.4433,157.729,152.9969,140.3158,131.7055,127.4988,125.7878,122.0647,118.6102,119.5226
METER_005,2026-01-25,34.6669,34.1105,30.9337,31.1073,31.2432,30.7049,27.8771,29.0565,28.5144,26.5424,29.9499,28.1487,29.0645,29.7982,28.0221,29.1379,30.5478,29.1676,32.6024,32.8252,34.415,35.5777,38.2326,41.1401,44.1624,45.3878,47.1096,48.9826,50.502,52.7619,53.1839,52.8415,50.3499,49.4321,47.3473,45.1908,42.4947,40.6374,38.29,36.0306,33.7963,30.9868,30.6734,30.6278,28.8783,27.8928,30.0572,28.4234,27.4062,28.6265,27.8707,30.6048,29.9318,27.9947,29.0552,28.8981,30.1468,31.3301,32.6858,31.2596,33.4375,35.6892,38.2428,40.3568,43.1091,46.1322,48.9354,53.2877,56.6005,60.5529,65.0047,66.9041,71.4728,74.8455,77.6498,79.1566,82.1228,82.9549,84.0533,84.8047,82.3989,79.9558,78.6393,74.0636,71.4402,68.0747,62.6274,61.1293,55.3003,51.8575,50.1059,46.9338,43.5643,39.9592,38.9237,35.9061
METER_006,2026-01-25,51.4988,51.9919,51.5419,54.0053,51.8026,52.8214,52.2738,50.6035,52.5353,52.2376,51.4625,52.2222,52.013,52.0033,51.7033,53.7532,51.722,51.4427,53.5573,51.6184,52.7694,52.9773,53.3116,51.7107,52.6852,54.7265,54.7373,57.0575,57.9548,59.7804,64.8368,67.7894,72.2421,75.0378,81.0179,81.6483,84.3463,85.5998,85.2486,86.6758,87.5108,86.6107,87.1735,86.6138,88.8476,87.1233,90.3863,89.6374,89.4989,89.8859,89.4897,88.7291,90.5276,88.6394,89.364,88.2474,89.663,89.8174,90.4685,88.9337,88.3822,89.2813,88.9682,87.5691,88.4287,88.9262,85.4011,85.4166,85.4093,82.9028,81.3031,78.2215,73.0747,70.1836,65.6664,60.722,57.9121,56.3452,55.682,53.354,54.5465,53.7787,52.0204,52.125,51.3251,53.6928,53.0754,51.6267,51.6018,53.0244,52.9522,52.3612,52.3935,54.1687,52.3771,51.4064
METER_007,2026-01-25,113.0038,108.7941,108.2096,107.264,102.1932,101.9077,100.8388,101.3481,97.4093,98.774,96.1408,98.3431,95.2127,95.6141,95.3383,93.377,95.3436,94.8609,98.0735,94.0679,95.4448,95.6995,97.4336,99.404,98.6153,99.113,100.6367,103.7206,103.3789,102.932,105.0865,108.5719,109.4018,113.2633,115.0375,117.834,118.7839,124.4638,126.2782,127.132,131.8032,136.1606,136.6938,141.7521,144.6089,146.0782,149.3459,148.8867,154.2592,156.1712,158.157,161.0443,163.0164,162.6879,167.3282,169.2621,168.3412,170.8739,172.4529,175.0508,175.4261,176.2478,176.5934,179.8694,179.3748,178.1683,182.075,180.7549,182.5462,181.7133,182.7371,183.06,182.2956,181.2645,182.5989,180.0168,178.9006,177.9171,176.057,170.9347,167.581,167.1161,162.9364,157.9051,154.0347,151.1891,146.7199,143.1822,140.1508,135.2482,130.2894,129.1199,124.9102,121.0569,117.4343,114.2106
METER_008,2026-01-25,165.2658,167.7104,169.1267,168.6848,172.2155,165.4311,169.4,169.7113,169.832,166.6789,168.1186,166.9733,169.9976,168.9753,164.9315,167.3282,168.4257,169.1493,171.6397,174.0723,172.8648,176.9776,182.3841,184.7215,197.4802,205.595,216.2943,229.826,242.4691,249.9923,256.0329,256.8012,265.888,267.1242,267.4418,266.9601,264.6423,268.9829,269.3161,266.7684,269.2098,262.2417,263.3023,257.6985,259.1255,253.8842,255.0114,250.7572,251.0768,253.5049,253.0871,253.4295,257.3449,262.2711,265.5929,267.2545,267.8248,264.096,269.1641,267.6279,269.5893,265.0559,268.6108,267.6902,267.5349,266.6619,270.3659,268.4978,268.6408,263.014,264.165,268.0221,265.8908,269.3018,267.3732,263.9436,270.2671,266.4449,266.177,268.3398,266.8822,263.9265,263.9807,257.7381,258.0863,251.9861,242.4567,227.8608,214.8088,206.3588,193.5414,186.9279,181.3004,176.6305,173.9032,170.6756
METER_009,2026-01-25,49.2054,48.1552,45.9837,44.8659,45.8456,43.461,42.9518,42.4736,41.2517,42.1866,39.9491,40.2313,40.9001,40.9061,42.2843,41.7417,41.4228,43.0318,44.1625,47.5182,49.6784,50.9494,56.3691,60.1267,61.3609,66.7946,69.8384,72.5987,75.3946,75.5681,76.1442,75.998,74.8292,72.3401,71.0654,66.3426,63.0435,57.7404,55.3106,51.7256,49.5141,47.4757,45.2905,43.6019,43.7736,41.657,39.9705,41.9668,40.6169,39.9135,39.7555,42.7872,42.1929,43.621,43.2275,43.5331,43.0497,45.2628,46.3113,47.0785,51.055,52.0263,54.8378,59.2746,64.1896,66.8696,72.9622,77.4453,83.5695,87.3496,95.2456,99.4096,104.6714,109.2404,112.8267,117.3528,118.5482,120.9021,121.7967,121.1319,119.3579,116.1709,113.6851,110.3384,103.4434,98.5411,93.8884,90.354,84.2018,75.6223,71.0757,66.7615,63.534,58.3313,56.6266,52.8091
METER_010,2026-01-25,72.972,73.4123,73.3425,74.0125,74.2364,73.5701,73.2715,72.1757,72.4197,73.1501,73.3917,72.1676,73.5266,72.6979,72.4743,72.9134,74.9998,72.8252,73.9836,74.8023,74.4422,73.6635,73.8584,74.5056,74.3443,75.8664,77.3927,79.7935,81.5306,84.5829,89.9279,96.4644,102.8118,107.1163,112.1785,114.561,118.1222,119.1214,118.9877,120.2027,121.0721,121.7255,124.8423,121.7127,122.0736,124.7944,123.736,124.0505,124.9743,124.8161,125.4141,125.2247,125.0813,126.382,125.5076,126.2508,126.3707,125.8633,122.9971,125.3729,124.8509,125.8463,124.745,122.1065,123.8838,124.0026,121.7064,121.6839,118.6755,115.5376,113.8138,108.8492,103.0081,98.1103,92.1065,86.2578,81.8853,78.9542,76.8961,77.1255,74.4028,74.517,74.6786,72.5883,72.1463,73.0474,72.9691,73.2174,73.0122,73.8028,72.938,72.3915,73.8438,73.142,72.3633,73.5348
METER_011,2026-01-25,85.0283,82.7773,82.8889,81.4814,79.496,77.4927,76.4967,75.6651,74.9258,74.1599,73.9757,73.3994,73.4674,72.5059,72.6604,70.4806,71.2048,71.7456,72.029,73.0362,73.3428,72.4502,74.673,74.6342,73.7577,76.5427,76.1825,76.4587,78.2165,79.5381,80.9321,82.176,82.7199,85.5244,85.7543,89.3227,91.0655,92.3893,96.8074,96.8674,99.5176,102.3237,105.4036,104.4027,109.2464,111.9953,114.446,114.1889,117.7034,118.9694,119.7497,121.2477,121.4748,125.6477,126.116,125.1097,126.8034,129.0361,130.2734,131.4364,132.4669,131.9096,133.1412,133.6117,134.7906,136.6653,136.3935,138.0219,138.9277,139.0189,138.7799,138.7765,139.4562,136.9316,137.1417,135.0796,134.601,133.5904,130.1399,129.6515,126.1608,126.4059,121.4897,119.5785,116.3988,113.4792,109.5247,108.1894,106.1269,100.5642,99.0487,95.9434,94.9824,89.9118,88.1725,85.5545
METER_012,2026-01-25,125.5938,124.8781,124.4497,124.7552,124.4831,125.9861,127.2037,126.714,125.8394,124.9293,125.0596,126.2484,124.4289,126.3156,124.1132,125.8841,124.2156,127.056,126.4172,128.1008,132.0046,134.484,132.0778,138.2468,145.7061,151.5212,162.2219,171.0675,183.6443,189.037,189.3654,194.1265,195.8059,196.1116,196.0672,199.8418,199.5302,199.6206,201.441,199.1297,196.0064,197.608,194.7422,194.1275,190.5724,189.4172,187.7762,186.1145,187.5377,187.2137,189.3045,189.0736,192.528,196.3723,195.009,199.2957,195.14,197.0872,198.3829,201.1126,202.6628,199.9552,200.4289,200.5184,199.9737,201.7253,198.1116,197.5269,198.3191,200.9296,199.9165,198.7845,198.5252,198.7714,199.1718,199.5263,201.6529,198.9729,197.4181,199.2656,196.7457,198.0151,195.7041,194.5023,188.8175,186.162,176.8546,170.8106,160.8864,153.5514,145.5355,140.1606,132.3656,129.9491,129.1677,126.4026
METER_013,2026-01-25,37.8513,36.7825,35.3789,34.2397,32.8323,31.1119,32.2067,32.117,31.4024,31.022,30.9503,32.2366,30.6758,30.2842,31.5294,32.7207,32.6471,32.6729,34.7074,36.1459,35.9793,39.5125,40.9564,43.9418,46.644,49.1659,52.0343,54.7192,57.0369,56.9691,57.8102,56.0508,56.3022,54.6992,51.7799,51.1075,46.0205,45.1968,40.8083,40.3202,37.4762,35.4905,35.9137,32.7814,30.9377,31.6156,32.6767,30.5432,30.2562,30.705,30.7857,31.0687,31.491,31.64,32.9281,32.3283,33.1796,34.488,36.8565,36.0159,37.0738,40.3871,42.7775,45.6073,48.2836,50.9116,54.8893,56.7375,62.6127,66.2051,69.9567,74.6393,77.5649,83.0725,86.998,87.6397,89.2911,89.2814,91.8781,90.1932,89.7859,88.8619,85.7645,83.0796,78.8328,74.5559,69.8714,65.8133,61.177,58.8622,53.9966,49.7577,48.4772,43.798,42.7958,39.3034
METER_014,2026-01-25,58.012,58.8716,58.3945,57.7904,59.0743,58.0735,57.7331,59.3225,58.1152,58.7851,58.5563,57.6736,58.3968,59.8131,58.7566,58.506,58.6737,59.3315,57.8104,59.2596,57.2975,58.37,57.7679,58.4249,59.9465,60.8059,61.0319,62.0326,66.2071,68.6544,71.8508,76.3689,82.0525,86.4666,89.2512,93.3322,94.4199,94.2874,96.8701,97.3159,98.244,97.9415,99.4799,98.8811,99.8905,99.4314,99.6149,100.7619,99.6848,99.2543,99.2767,99.6901,100.5498,99.8072,100.0136,98.7326,99.719,100.2645,101.4394,100.6729,99.6741,99.8609,99.3039,97.0821,97.9052,96.6058,96.6062,96.7841,94.4938,92.0066,89.887,86.6415,82.9539,76.8569,72.6743,67.1782,65.6127,63.4155,59.925,61.0562,59.5247,60.6407,58.7861,60.4766,58.608,59.3412,58.3354,56.5634,59.9809,58.9282,57.5675,58.0497,56.6807,59.1864,60.3755,57.5188
METER_015,2026-01-25,124.458,122.6948,121.1005,117.0209,117.5126,117.7104,113.9117,113.5914,110.3005,110.4629,109.8293,111.2575,108.6986,107.8397,109.9807,106.7606,110.0261,107.3675,107.3674,105.3278,108.0805,108.7604,110.6075,111.6078,110.8247,110.2143,113.995,114.5643,115.725,118.6979,120.0087,119.9299,121.1359,128.19,130.8819,130.9443,136.4046,139.4271,141.7383,146.1845,146.1313,153.1761,153.7236,159.3387,163.0102,167.5226,167.824,171.2649,172.4115,174.4622,180.455,183.6824,183.688,184.0693,186.1331,189.3566,188.9895,189.8315,194.232,195.9759,196.9617,200.0071,200.0801,201.5221,202.9644,204.6321,203.6218,204.9379,207.604,207.0101,205.7801,209.1612,204.3216,204.6422,202.76,202.1202,201.0015,198.0968,199.0559,195.304,189.9254,185.8574,183.3717,180.4639,175.872,168.5849,165.6035,160.6948,154.1871,151.1387,148.4025,144.2799,141.2198,136.7341,133.5578,131.6101
METER_016,2026-01-25,184.4778,182.8518,182.5638,181.8636,180.5347,177.612,179.9459,181.0568,178.1648,182.0248,181.8479,180.895,177.7244,182.601,182.7383,182.417,181.0166,185.0614,183.0648,185.4103,184.8537,187.4274,192.3478,202.1508,208.1184,221.1039,238.5697,246.2031,260.0437,266.9575,273.877,278.9457,279.7395,285.1647,287.0618,288.6079,287.0242,290.7217,288.3199,290.467,284.5878,282.9812,287.1641,280.4984,275.2842,274.9307,271.7215,271.6733,273.1613,271.5378,275.4449,273.6513,280.1905,280.5489,285.1294,283.9563,288.59,287.8423,288.2637,290.7052,289.8255,285.6281,287.4293,289.4171,290.4193,290.7961,293.4901,290.4172,289.9388,286.4984,289.1408,288.6142,288.4956,288.9922,285.1504,284.807,287.7635,289.8856,288.487,286.6611,290.4692,285.7734,280.6416,281.0914,275.8349,267.0433,260.0234,251.4481,234.5998,219.0302,206.8917,199.0984,191.4839,191.3446,185.5789,180.7999
METER_001,2026-01-26,46.713,44.9675,42.0314,41.8181,39.4827,39.5684,36.8695,39.1485,36.5267,36.1062,38.1395,37.4325,39.2015,38.0706,37.6043,37.328,39.0288,36.818,40.0327,41.776,44.1999,47.4184,48.9772,51.6818,56.0826,59.0132,62.5311,62.5828,66.1081,66.1648,65.9484,67.8975,65.2582,62.8922,61.0698,57.8012,56.3842,51.2934,48.3431,47.9949,44.0154,44.8596,41.1411,39.3203,38.6867,39.1479,37.2487,37.1293,37.6607,38.4355,37.5027,37.0551,38.3432,39.9507,38.3925,39.7985,41.2654,41.1998,42.9513,43.2047,44.3425,48.1829,49.1915,53.127,54.8004,58.7391,63.5722,66.9048,72.4703,77.619,82.7147,87.1839,89.5351,96.1552,96.7151,100.294,102.2855,103.5716,104.7956,103.3844,102.7366,100.0834,96.6783,95.2463,89.8152,86.1581,80.4002,75.5986,74.4401,66.9052,64.0563,59.9069,56.5307,52.0449,50.6225,48.6111
METER_002,2026-01-26,68.4892,69.7752,68.6533,69.6771,69.1421,68.9551,68.9997,69.2958,68.9562,68.5578,69.8635,70.0083,70.463,70.154,69.8738,69.7201,69.5007,69.1528,69.8018,68.2424,69.7973,69.848,70.8871,72.6625,71.5389,74.9571,78.4054,82.411,91.5758,99.9683,113.0021,126.3742,141.3364,156.3214,166.8696,174.8387,181.0269,184.5778,187.2659,188.4425,191.8592,192.9918,191.9335,194.5012,196.3431,196.8855,197.9508,197.4591,199.4765,197.8578,198.3959,199.3459,200.586,201.9379,199.1528,200.2263,201.0501,199.1781,199.3609,199.7137,198.7442,197.9819,196.5909,195.0667,193.1081,192.5793,191.0574,188.5653,184.4187,178.3016,168.6094,157.7929,141.1841,128.1803,114.1416,102.8208,90.2302,83.7897,80.0335,75.2908,73.5831,72.9165,70.9337,70.1893,71.0352,70.0913,69.6445,69.0772,68.6314,69.5376,68.6815,70.5708,68.7884,69.9266,68.7197,70.1358
METER_003,2026-01-26,140.8291,140.6005,139.4974,134.6485,134.7739,131.1533,128.2844,127.4503,126.3509,126.0952,125.5718,123.4563,122.6041,124.9784,122.9755,122.9431,122.5509,120.0577,122.3057,126.1688,121.6718,124.4009,123.9566,127.7599,128.4413,126.2827,128.8741,128.7787,131.4953,133.3471,132.2549,137.335,140.0316,144.006,146.0972,149.7831,151.909,155.7648,158.0913,160.6625,162.9008,166.6266,174.522,176.9961,180.0893,180.8719,186.7397,189.6535,193.362,194.1667,196.1344,199.6688,200.1807,204.2913,207.9304,208.7326,208.8382,210.399,210.9998,212.4889,217.4879,214.4482,218.903,223.213,222.14,221.6671,223.7643,225.2774,224.7541,226.6508,226.8912,225.732,223.7854,225.0025,223.2566,222.8195,219.6779,215.2687,214.8044,213.7094,208.4698,204.4419,198.2414,196.3843,191.7431,186.3569,182.4956,180.1659,172.4205,170.2587,163.5878,158.4854,156.0807,151.483,145.167,146.3881
METER_004,2026-01-26,112.075,114.859,113.0812,112.5639,115.3996,113.0265,113.6631,110.2813,110.3504,113.3655,114.334,112.6768,116.2707,114.4817,113.4342,114.0612,114.0435,114.728,112.7434,113.3841,119.274,121.6314,122.7544,126.1044,134.3159,143.2814,153.5632,160.2432,173.3287,179.3078,186.9343,189.8931,193.2981,193.017,194.7563,195.2667,195.1496,193.3125,194.6345,195.8593,192.5709,194.1791,192.25,188.8751,186.0415,184.4452,186.8301,180.3534,183.3087,181.7813,182.6477,187.6439,189.7713,191.729,191.3707,194.5417,196.6451,193.6332,194.8193,193.3455,194.4897,193.6509,194.6219,193.6171,194.6755,196.9163,193.8174,196.0854,196.9669,194.3444,197.3413,195.8159,196.0874,194.3809,194.8836,195.7659,193.5127,194.6427,194.9248,195.5194,196.1842,193.2859,190.3089,188.5454,187.0866,180.041,172.9537,163.8712,153.9153,146.2757,137.2946,127.4531,124.1271,118.9478,118.0011,114.5499
METER_005,2026-01-26,34.3891,31.8113,31.548,29.8251,30.2472,30.7072,30.2019,28.1675,29.0935,28.2856,27.381,28.136,29.1974,27.7279,28.6897,28.6781,29.6664,30.7233,30.1721,32.7393,31.8926,33.1427,36.5804,40.2526,40.4237,41.5625,45.4625,47.4851,47.9985,50.0994,50.1428,49.39,49.3928,45.6578,44.5272,44.1214,41.6797,39.8659,35.6014,34.4136,33.043,32.6277,30.9366,29.6394,28.3977,29.2115,29.0195,28.8936,27.7527,29.2383,26.6582,26.5273,28.1506,29.1281,30.3377,28.841,29.5247,30.9863,30.3491,33.6739,34.6034,34.2835,37.4742,39.418,41.1737,44.3274,47.6798,50.7103,53.4357,56.3234,61.6152,63.9422,67.5739,70.1616,71.9809,75.4853,76.5565,77.1229,77.8655,76.4487,76.4772,75.0371,72.0803,69.3854,67.831,63.6156,59.6218,54.7384,54.976,50.1895,48.7087,43.1866,42.9325,39.7447,36.3216,35.6716
METER_006,2026-01-26,52.8913,52.2675,53.7114,53.0597,53.1335,52.738,53.1479,53.7057,52.6795,54.2137,53.3548,52.7447,54.4025,52.3153,53.0365,52.7035,52.1303,53.2029,52.4178,54.9155,53.0153,55.0571,54.3183,54.8639,55.3241,58.3041,59.0411,62.4192,68.7023,76.7369,86.3017,97.1035,108.4279,116.6976,127.5816,132.9729,137.3285,141.8416,142.5629,145.1494,145.7147,145.7279,147.6668,146.4578,150.8814,149.3755,150.6669,150.6223,151.8825,151.9645,152.8909,153.2338,152.3512,153.0025,152.4413,153.614,152.8683,152.9092,152.1375,151.829,149.9393,151.2581,150.0705,149.3787,149.8087,146.6868,146.873,142.6044,139.525,135.7507,128.6574,119.2991,109.4996,98.5039,87.5485,77.837,71.8112,64.7198,61.7984,56.9472,56.9713,54.6604,54.5654,56.9008,53.5074,52.5,53.5849,52.9673,52.348,51.6273,54.2254,53.6701,53.1196,53.6941,52.0925,53.8637
METER_007,2026-01-26,112.954,111.6954,107.8917,107.678,104.7928,103.1816,100.9619,101.7121,98.7869,101.51,100.0736,100.0057,97.8004,100.363,99.7834,97.9,99.1002,98.5637,97.2893,96.9343,100.9018,98.6888,99.493,101.637,100.5879,102.1603,102.2472,105.4492,105.8155,105.0184,108.2174,110.1688,110.7295,111.6872,118.5121,117.843,122.9823,123.4026,126.4859,128.7383,130.9387,133.4865,138.6867,141.2439,143.1351,146.3218,148.1477,150.3961,152.6584,156.2718,155.3476,160.2193,159.6695,162.4606,162.5821,165.1832,167.8875,166.941,168.5234,170.966,172.7227,174.5904,173.3017,175.9472,174.4044,176.5455,177.3534,181.1205,181.787,180.0277,179.4813,181.5663,181.2471,179.7105,180.4801,179.9561,176.0812,175.3031,170.3492,169.8095,165.9137,162.0564,159.8886,158.1526,153.7325,148.3431,145.7517,140.2479,140.4315,135.1469,131.0934,126.2472,124.8735,121.5714,118.5532,116.8742
METER_008,2026-01-26,173.0307,170.3401,170.2011,172.6662,168.4487,173.5825,169.1752,168.3502,171.0517,165.4129,169.9664,170.1974,168.6214,171.8357,173.3629,170.7656,170.4014,172.5401,172.1916,174.6089,174.8921,184.4651,186.7729,192.4797,199.4504,217.2813,232.3047,247.4553,258.9316,268.0013,276.2331,286.5378,284.1916,287.9072,287.0054,293.9411,290.5391,291.7957,293.2056,292.9866,290.8592,291.2445,287.6207,286.261,283.9809,277.4852,276.0041,272.7538,270.114,273.9735,276.8668,278.4307,282.9207,285.5899,286.3146,289.2063,291.1263,295.6753,292.0693,294.7104,296.3765,291.2238,295.9742,292.5465,291.1611,291.3946,292.6715,293.046,294.4434,289.4201,292.8863,291.9369,294.2989,292.7827,293.8119,294.2897,293.2059,291.5733,292.2911,290.7447,289.9085,287.3916,284.902,282.7643,274.343,271.6945,262.128,243.6251,230.9837,215.016,200.0657,192.9394,181.269,179.6949,178.8452,174.8088
METER_009,2026-01-26,49.7098,47.3416,44.1135,45.378,43.5886,42.1151,43.566,42.4331,40.2641,40.2445,39.9552,40.3904,40.4565,39.9849,41.3309,40.738,41.9577,43.8308,44.3123,45.4351,48.4678,50.2632,54.2619,55.941,59.5352,63.1478,65.792,69.9644,69.4736,72.2346,73.5024,73.1211,69.715,68.8118,66.5559,62.8206,59.1669,56.6725,52.657,51.802,48.7827,46.7943,45.2771,43.0155,41.3303,42.0118,41.5187,41.537,40.1352,42.3309,42.0936,41.3042,41.2306,41.8866,43.1966,42.1648,42.6243,43.5831,45.5939,46.7723,49.0614,50.1271,54.5412,57.5273,61.2765,63.9495,67.8818,73.4269,77.1112,81.9051,88.6816,94.4218,97.7969,102.9149,105.9053,108.6129,112.133,112.7208,113.7106,113.0219,110.2342,107.2602,105.496,102.1166,97.7334,92.7272,87.6821,84.192,78.14,73.3657,69.7886,65.2294,61.1179,57.8681,53.0494,51.2415
METER_010,2026-01-26,71.3733,72.9819,71.2306,70.7182,71.7413,70.9009,70.8584,72.1656,71.4321,71.5403,72.9478,72.1854,71.8123,72.3535,70.7075,71.7802,72.8451,72.2847,71.4058,71.5827,71.886,73.4716,73.7203,73.4414,76.7469,78.7377,82.2701,86.4201,91.7906,104.3548,116.6362,129.848,145.6827,160.4867,171.6102,181.009,187.3554,190.2862,194.0717,196.4032,197.7205,199.4346,200.2229,201.8805,203.5218,203.5123,203.6329,204.6557,206.2365,205.5675,205.5773,206.635,207.3159,206.339,206.6219,207.7563,208.1879,205.7045,206.5821,206.8336,203.7705,202.9738,202.9248,202.2176,203.9951,199.7019,195.4965,194.7726,190.1366,182.1824,173.4985,162.8443,149.0162,133.0815,119.1322,105.129,93.9945,86.4057,82.7235,79.0447,75.8956,74.9604,73.6812,73.4192,72.051,73.3149,71.8631,71.684,72.0068,71.4631,73.2182,71.1273,70.2173,70.8283,72.2522,71.9926
METER_011,2026-01-26,82.9649,81.2393,78.0985,79.7533,77.577,74.764,75.8601,72.3126,75.3353,73.5864,71.8223,71.7355,71.2234,71.2255,71.5314,71.965,69.6953,71.4203,72.6343,71.0585,71.1711,73.9765,72.7177,72.1978,72.983,73.8146,75.0875,74.9045,76.6667,76.7734,78.8188,80.1263,81.7546,84.166,83.7991,87.167,89.4432,89.329,92.6188,93.7762,97.0474,98.3736,98.5475,101.8547,104.6099,105.3628,108.3627,108.1961,112.0158,113.9355,115.1631,115.8784,117.956,118.1742,118.8745,119.309,122.5918,122.593,123.0139,125.5833,125.4016,128.0036,126.4175,127.77,128.9365,129.4047,130.5152,132.4238,131.0832,130.9362,132.0165,132.7106,132.5241,132.0651,130.9745,129.1386,127.1313,128.022,125.8282,124.0645,120.2607,119.0895,118.2205,115.402,112.1462,108.0177,107.0275,103.6319,99.7842,98.2116,94.9769,94.6294,91.5222,89.4853,87.6437,83.441
METER_012,2026-01-26,127.5646,126.928,125.951,127.2279,123.4143,127.9579,126.3587,124.961,126.2711,127.6026,126.1214,126.8534,125.6315,125.2526,126.9723,125.8529,127.0183,126.4055,129.1396,129.3174,130.0864,132.5727,140.1999,141.7864,153.0142,160.789,172.2992,184.5044,192.9484,199.3979,207.5568,209.9876,212.7201,216.6216,216.3194,218.3193,220.3749,218.1398,218.629,214.8047,217.0819,214.0781,215.2318,208.9501,208.1066,207.2832,203.0848,200.3273,199.9036,201.9689,202.4849,205.7487,211.0148,211.7141,213.5144,215.8043,217.7625,217.8472,215.3943,216.7824,217.5601,218.2861,216.7692,217.841,214.4288,216.6133,217.6598,217.3832,217.8119,218.8249,216.6795,217.6718,216.9617,217.8554,218.7817,217.7644,217.9815,217.2065,216.5455,216.1877,216.4753,214.8296,210.6331,212.0468,206.7,201.0479,196.9556,184.4373,172.7277,159.6132,150.5879,143.0634,138.0263,136.5198,129.7741,130.4008
METER_013,2026-01-26,38.4432,35.6939,35.2568,33.7483,33.4907,31.3173,32.5119,29.8255,31.9476,30.7491,31.1084,31.2776,33.4811,31.6645,31.5253,32.1558,32.725,33.2047,35.8843,36.0025,37.4414,39.4667,42.7669,42.8173,45.6709,48.9042,52.0437,52.9771,54.4299,54.9091,55.4361,55.214,55.2683,53.7623,51.7199,47.8835,46.2517,43.4835,40.6914,38.354,38.326,35.3286,34.7048,34.2255,32.0535,32.2543,32.504,33.0892,31.1131,31.6007,31.1233,31.2251,32.3459,31.641,32.0625,32.6767,32.99,36.115,34.7913,36.4742,37.7363,39.795,41.4364,44.392,46.1375,50.4951,53.3659,56.658,60.1758,63.8556,67.4969,72.583,74.9418,78.1415,81.4073,84.7325,86.2227,86.7968,86.7909,85.883,86.3479,82.9522,82.9047,79.9399,74.3654,71.6019,69.024,65.0188,60.2924,56.1186,53.4164,50.1003,48.2353,44.1507,41.9148,39.5446
METER_014,2026-01-26,60.3302,59.9508,58.793,58.4009,58.5812,59.9835,59.4886,59.5698,58.5085,59.2787,58.8611,59.8846,58.9953,60.0256,58.8672,58.755,61.6689,59.9878,59.5768,58.7384,61.631,62.5032,60.3874,61.9635,63.3622,64.8239,66.0595,71.9629,77.8831,85.8389,96.1036,109.1999,120.7709,132.5345,142.2681,151.6069,154.3588,158.2975,161.0824,162.7395,163.8067,166.2076,165.7082,166.272,166.9721,168.5902,169.8059,169.1105,170.4118,169.9205,170.7234,171.2609,171.1214,171.8942,172.6035,171.5925,172.4934,170.5122,173.6873,170.8718,169.6214,170.0013,168.7273,168.3257,166.5378,163.9614,163.7021,161.5707,157.2224,152.7125,144.5722,134.2735,122.1504,109.7316,98.8506,87.5912,79.0534,72.5492,66.862,64.5619,64.0145,61.013,60.2338,59.6168,59.5392,60.8533,59.8059,60.7243,61.5113,59.6269,59.1431,60.0811,59.9311,58.1454,59.0833,58.6771
METER_015,2026-01-26,124.3942,123.0271,119.8016,118.0694,115.3031,115.4592,113.3478,113.6918,109.9218,109.731,109.0506,109.3766,107.7113,108.6575,109.0597,107.7462,106.4972,109.706,108.9702,106.1502,107.885,109.818,111.156,111.2603,112.1012,113.1339,111.4006,114.1493,114.9696,116.656,116.8433,121.2281,121.8907,126.7542,127.2503,132.2047,134.2083,136.7611,136.0235,142.0814,145.3032,148.5959,150.3747,155.8768,156.9528,160.876,161.9463,165.2655,168.1565,170.7889,171.7796,175.4766,176.9678,176.3769,179.1467,181.3033,183.8213,185.9267,186.0369,188.0929,189.6525,191.4243,191.1852,193.2867,192.0507,195.8184,194.3994,198.0009,197.157,197.4662,199.4941,196.8207,198.0149,197.754,198.9481,197.121,194.2319,191.2683,187.6913,187.2699,183.6214,180.167,177.254,172.0762,167.8356,165.2247,161.1045,156.0365,151.8041,148.8616,144.3447,140.2645,136.0367,132.2786,132.4003,127.6901
METER_016,2026-01-26,176.0411,174.1066,177.6841,179.5256,172.2784,177.0537,177.3855,176.6908,180.5151,176.2405,176.3844,177.6473,179.4081,175.417,178.7561,180.016,179.5935,177.5833,179.2086,180.4626,181.9399,182.0137,192.3505,202.5901,210.3704,225.572,241.7801,259.229,269.6626,283.2657,294.12,294.3622,299.3981,302.1314,303.6046,303.7679,306.3707,306.7933,304.3141,303.7395,303.6357,303.7589,299.7585,299.1887,294.9272,290.131,288.651,284.3853,282.8464,284.6938,285.3393,292.6647,294.9146,297.8433,297.6414,302.926,304.5572,300.1232,301.6531,303.0308,304.8652,308.8373,307.7709,304.4289,306.5615,302.1928,305.7378,306.5528,306.1357,308.3053,302.3181,307.6707,308.2036,306.6606,303.9546,301.4014,306.3505,307.4593,304.3985,304.9172,302.3482,303.6536,298.2891,297.899,291.8684,283.2645,273.4634,258.7651,239.0632,227.5135,209.4761,196.8949,193.2137,187.3956,183.2427,177.6136
METER_001,2026-01-27,43.5708,42.8846,42.6617,42.2296,40.967,39.4279,39.4682,39.5087,37.0034,37.0751,38.667,39.2739,37.6759,37.9163,38.766,39.1106,39.5624,39.4019,42.3145,41.8317,45.8568,46.7101,50.9931,53.5323,55.3843,58.3681,62.1094,63.767,65.2837,67.059,67.7924,67.689,65.7081,62.9147,59.9481,59.1222,55.6327,54.0129,48.6173,47.4742,44.8928,42.0873,41.608,37.7856,39.8322,38.7452,40.5171,38.3146,37.0069,37.6498,37.9257,36.1663,39.197,40.4295,38.988,38.6652,40.949,41.7249,42.7479,42.8497,44.8652,47.6635,50.1098,53.8165,57.3146,59.8403,63.4332,69.1932,72.8942,76.7663,81.8976,85.8088,90.5595,95.0653,98.6756,102.2192,103.758,103.9327,104.697,105.1197,103.3628,101.7874,98.2279,94.4739,91.4324,86.5535,81.0978,76.9296,72.266,67.036,62.426,61.4238,55.186,53.8227,50.0335,48.1907
METER_002,2026-01-27,67.1541,67.9576,68.155,68.8517,69.5651,68.326,67.8502,67.7436,67.2341,68.8099,67.9706,68.5327,67.352,67.4049,68.8575,67.896,69.1803,68.9209,69.6529,68.5581,68.6239,68.9975,69.2909,70.8644,72.4869,73.5578,77.7193,82.4976,88.0756,98.087,111.3321,125.2625,140.5472,154.1033,164.2185,171.8556,178.8787,183.4775,185.7803,188.8207,189.058,191.2424,190.6537,191.6673,193.4396,194.1166,195.5166,195.4456,196.0981,196.0971,197.3714,197.7921,197.7149,197.8857,199.0122,198.5654,196.6924,197.721,197.1326,195.8421,195.0303,196.6465,196.1152,193.4463,193.0244,191.1941,187.2477,185.4839,183.2577,174.9098,167.7599,155.1079,143.0818,127.515,113.3985,100.2913,91.103,82.1875,78.648,74.4321,73.2205,72.1337,68.8355,70.6314,69.8818,68.8598,68.497,69.507,69.9222,68.5116,67.5314,68.5119,69.675,68.4385,70.2502,69.4987
METER_003,2026-01-27,140.2508,138.7245,133.2473,134.5596,128.3081,126.3483,124.7761,122.7651,124.3572,119.1985,121.7563,123.7893,121.5,118.8653,119.808,120.3189,118.5353,119.5663,120.5991,117.3855,120.0734,121.1071,119.6527,123.2611,119.7495,124.6932,126.5586,129.0923,128.6625,129.6157,133.233,136.2727,138.6183,139.086,141.6346,144.6298,148.3747,150.1247,155.4107,158.1979,160.7921,165.9272,169.2571,175.4143,173.6145,178.5882,182.305,186.6399,191.2949,189.776,193.7701,191.8208,196.7688,200.9069,202.6636,204.5915,202.6803,204.8963,207.3916,209.9853,211.0428,212.0681,212.5546,215.3068,216.738,218.0731,217.5782,220.2342,221.0116,222.2656,222.7025,221.2491,224.5754,222.2823,219.4299,218.2601,216.5706,214.5555,210.5031,208.6065,202.5867,201.7867,194.7878,193.4224,187.7598,186.03,177.3414,176.5652,167.9278,164.7047,161.1084,155.9701,154.2825,149.9203,144.6352,142.3622
METER_004,2026-01-27,112.0458,111.2066,111.1224,112.2425,112.563,109.955,109.6302,110.8088,113.6493,112.6989,110.325,112.1837,109.6533,112.4966,109.5432,110.8535,112.6355,113.4532,114.3507,114.6757,115.8885,116.4522,122.5872,128.8802,134.4479,144.0653,152.9223,162.571,171.693,180.0175,182.2766,184.8691,190.1651,190.7801,192.2059,192.8856,191.2958,193.8823,193.4849,197.5099,191.3639,192.3298,189.2429,187.7944,186.8972,182.3894,181.0883,181.2536,179.9803,179.2795,181.1646,181.6854,186.2148,188.7437,189.4216,191.1076,191.4334,191.4982,192.1699,193.2695,194.0143,194.647,194.1712,192.3119,193.0217,192.1506,191.6021,193.9862,192.3539,194.2686,193.6226,195.4016,192.3474,196.5838,193.481,191.8065,193.1949,195.2453,192.581,192.5968,193.2014,192.8151,189.4548,187.8455,185.1679,179.1215,168.9908,164.6991,152.6335,143.2675,132.0894,128.7018,121.355,121.7606,114.7074,115.5332
METER_005,2026-01-27,34.0641,33.947,32.1501,29.6997,30.4917,28.7439,30.6768,29.2785,28.6967,28.6911,25.9753,28.0897,26.6387,28.2553,28.7093,28.2609,28.7249,29.6554,31.289,33.1795,33.3925,35.7939,38.2157,39.2215,41.3688,44.3112,45.8041,46.9743,49.1021,49.9066,51.2804,49.1771,48.8983,47.2167,44.7212,44.8963,43.5493,39.7697,38.2454,34.9768,33.2943,31.5074,30.132,30.1668,30.2416,29.7689,29.2918,28.6036,28.2968,28.3017,27.3101,29.0187,28.8986,28.4935,28.3788,30.8033,29.6085,31.908,32.7245,33.1745,33.2915,36.4177,37.3168,39.5733,42.1533,44.5432,47.3725,49.663,55.5948,58.7365,61.5102,65.4721,68.1716,69.8643,73.5182,75.1288,77.7544,79.3413,78.369,79.0629,77.2888,75.3341,72.6759,70.3705,67.2682,65.8278,61.2252,58.3865,54.5432,50.0496,48.0644,44.4491,39.7977,40.4281,36.631,34.6911
METER_006,2026-01-27,55.1949,53.0239,52.6281,55.3322,54.0467,54.249,53.5813,54.517,53.4566,53.9032,54.0893,53.9883,55.2462,54.1626,54.5378,54.2455,55.2678,53.1646,55.041,53.0764,55.8936,54.0668,56.1343,55.4872,56.1731,58.0116,60.0521,65.0225,72.3586,80.0513,89.0803,98.9805,110.7763,122.572,130.3642,136.4188,140.8941,143.8354,145.8572,147.6466,147.1326,149.6536,151.2078,152.7977,154.0939,152.7196,154.525,154.3253,154.6772,155.3096,155.8792,155.5941,157.2424,155.6975,157.6323,156.6421,156.8008,155.4612,155.4243,155.6718,154.4062,154.3578,153.0792,152.4208,151.5551,150.886,147.9837,145.5311,143.1498,137.2368,131.6168,122.9788,111.4647,100.881,89.412,78.9319,70.2754,64.9062,62.6246,58.2463,58.1815,55.7217,57.7402,54.7291,53.9199,53.5114,55.3439,55.765,53.7975,54.6587,53.4985,53.617,53.4513,53.4325,53.5758,54.0059
METER_007,2026-01-27,115.0776,112.7525,109.2639,108.1856,106.6349,105.6671,104.0939,102.3235,102.1488,102.2121,101.0665,98.2797,101.7854,98.4716,97.6492,95.9792,98.5455,99.9644,98.8901,99.0497,100.2528,99.278,101.2272,101.1561,102.3317,101.9828,102.0308,105.2134,107.9201,108.5992,110.3862,109.5745,112.5778,118.5906,118.2909,119.0073,121.8377,125.0418,129.12,133.2493,135.6041,137.1121,140.6789,143.4626,145.6775,148.7202,150.7053,151.9409,153.7208,158.1074,158.2681,160.869,163.8714,164.6189,166.4212,170.4585,167.4733,170.2097,172.8304,172.0538,171.94,175.8397,176.3552,176.4525,178.2195,179.3853,182.2546,182.3592,182.6617,181.6807,184.3132,182.3002,184.7623,182.5532,182.8123,180.1922,178.7134,176.2735,173.3791,171.4409,169.9346,163.1238,161.8984,156.8835,155.7167,150.073,148.8604,144.0969,142.3931,137.1895,132.5673,130.0473,125.2372,124.6258,118.3781,117.4013
METER_008,2026-01-27,167.958,170.5397,167.3234,170.535,173.5385,167.2884,168.4289,165.9215,167.3437,168.1256,169.8248,171.1569,168.5969,168.7729,169.2554,166.9132,169.0353,169.9182,171.1438,172.9486,175.1036,179.6295,178.4473,193.104,199.7261,210.5062,230.4866,247.8304,260.2828,267.7513,277.0408,282.9933,288.2847,288.1919,287.6726,288.4879,291.2019,288.5138,291.6932,291.1716,287.8487,288.8182,282.5154,282.028,277.1723,277.4761,274.0936,268.0932,267.9899,271.9602,273.0581,277.8519,279.7574,284.7924,283.2122,287.1439,290.4749,290.2419,291.5337,287.8725,291.5352,296.6822,289.1905,292.1124,295.3238,289.2854,292.3698,291.4722,293.1978,290.947,288.7135,293.0888,293.4206,290.1728,289.5176,290.7844,292.8036,293.435,289.8082,292.4121,285.1554,289.9992,281.799,285.5031,274.9801,271.3413,260.9594,242.8159,228.7863,213.1665,203.9175,191.9998,186.2961,177.0391,175.0528,175.4251
METER_009,2026-01-27,49.1051,44.5262,44.6649,43.0128,43.2292,42.8169,40.9047,40.7196,41.0089,38.6346,39.4705,39.7718,40.474,39.4191,40.536,41.0452,41.6269,42.1472,43.8922,45.4668,47.865,49.316,52.8214,56.8807,59.0388,62.7034,65.2511,67.8821,70.3752,72.2282,71.5814,71.7615,70.6823,67.5851,63.7097,62.306,58.6049,56.0108,52.6526,48.8199,48.8433,45.2833,43.0173,43.8666,41.4699,42.0194,41.5739,39.3105,39.8847,39.705,40.6763,40.3709,40.9539,39.7457,40.5662,41.2869,41.1155,44.0392,43.681,46.141,46.7183,50.4695,53.6341,55.6563,59.265,63.9719,66.9997,72.8611,76.5108,80.7746,88.3313,90.0617,96.3856,99.3375,102.1441,107.7191,108.6449,109.8043,111.3474,110.8963,108.3893,108.1376,102.5962,98.9757,95.872,92.8765,86.7809,80.79,76.1166,71.7732,68.2274,63.2416,61.4778,56.7446,53.0014,51.2506
METER_010,2026-01-27,70.568,71.1634,70.0305,69.2096,70.8924,69.9814,70.4304,70.8999,69.7261,71.5896,71.1732,71.0213,71.0561,71.15,70.55,70.2383,70.4411,72.3354,69.7267,72.5599,70.0772,70.9012,73.0629,72.1998,75.741,77.3359,79.5171,84.693,92.2568,101.6273,116.0572,128.5023,144.3483,158.0627,168.8648,179.1728,183.4613,187.7927,188.717,194.8938,195.0813,196.2421,195.7295,199.0217,198.9458,197.77,199.4409,200.7391,203.4583,202.0334,201.455,203.1634,202.8839,203.3443,203.7298,203.1158,203.3999,201.2247,202.5869,202.5599,201.9099,200.7809,200.2796,200.4921,198.6504,196.0635,195.3844,191.4372,186.9157,180.092,172.215,158.8685,146.7089,131.5394,116.3828,103.3985,92.5958,84.9875,81.3394,78.0236,75.7552,75.2646,73.8521,72.6255,71.9576,69.911,71.7361,71.936,70.1659,71.4823,72.0038,70.7188,70.9105,71.5285,69.7774,69.351
METER_011,2026-01-27,81.549,81.6325,79.7139,79.0594,76.6303,77.6872,74.8781,74.6793,73.7436,73.3588,72.3084,71.9401,71.1682,72.0138,72.4337,70.7963,71.0072,72.2736,71.6196,70.0085,72.0236,71.4433,71.5455,73.7426,74.4068,75.9717,74.1087,75.1162,75.4999,78.157,79.8489,80.7298,83.2705,83.4858,83.638,88.083,88.953,90.8851,92.4609,94.4234,96.7071,99.759,100.8502,102.8619,104.7544,105.1797,108.2338,109.2968,112.9791,114.1656,115.6116,117.4102,118.0692,118.9885,120.6597,120.8434,120.8996,122.592,124.3749,124.9366,125.8073,127.0431,129.4999,128.5029,128.974,129.6118,129.8805,133.5356,132.5259,132.5816,132.609,131.6844,132.2214,130.6579,131.7153,132.5746,128.5731,125.6742,124.773,124.9018,122.8588,120.2885,117.6027,114.9572,111.426,108.6262,106.7467,104.7354,101.3753,98.4843,95.7238,93.209,91.0635,88.9526,86.1983,85.5255
METER_012,2026-01-27,131.0036,130.1555,130.9244,129.7833,128.851,128.9381,129.0055,128.1652,129.9171,128.4531,126.9753,126.0064,128.2214,127.8123,130.0708,129.928,129.0289,129.4048,131.9553,130.8474,136.2761,135.5061,142.4629,144.8329,154.2852,166.2542,176.5483,189.0715,197.8556,205.2972,211.8563,216.6981,218.1369,223.3655,219.6419,222.3331,219.1959,222.1476,221.6288,222.4876,218.3092,220.4578,215.5397,217.1202,214.3605,210.0189,212.5811,203.496,207.1003,206.1604,210.6512,209.3973,213.7814,217.3073,218.6745,219.0566,221.0558,221.4699,221.6569,221.0526,220.789,222.7686,222.873,220.7345,218.1257,223.3371,219.0595,223.7544,222.3086,222.4121,220.1767,223.32,224.1031,224.8182,220.3018,222.7499,221.5331,222.9641,220.0937,222.6917,221.147,219.5443,218.935,213.1512,213.317,201.649,192.4496,190.7576,178.7447,163.8237,154.7358,147.3391,140.5442,136.4373,134.5165,130.5695
METER_013,2026-01-27,38.7019,36.5012,36.1627,35.1385,35.466,34.3872,34.3852,31.0218,31.745,33.1617,32.4268,31.7339,32.9,32.1393,30.9566,31.8883,32.5837,33.0069,35.246,35.8176,38.4605,40.2739,44.2102,45.3344,46.4739,48.6463,51.7659,54.9074,55.9251,56.8576,56.3323,58.197,54.8888,54.22,52.123,49.8756,46.9404,43.1628,41.4977,38.8836,38.4309,36.4882,36.2991,34.3698,33.5991,31.9117,32.5342,33.8082,32.4021,32.2949,33.3855,32.5046,32.2012,33.8282,32.2836,33.4035,34.8886,35.0288,35.118,37.7821,38.1435,40.9647,42.2776,44.7147,46.5994,50.1757,54.0733,57.7181,62.4205,65.0451,70.4488,72.4965,76.4347,79.4086,83.3927,84.8027,87.1505,90.1313,89.9592,90.0414,89.2619,86.3449,82.5464,80.2232,77.2612,74.2307,68.6182,63.4073,62.7019,57.1492,53.0625,51.7299,48.4752,44.2441,42.149,40.2215
METER_014,2026-01-27,57.9209,59.7194,59.607,59.2028,60.7652,59.1217,59.4768,60.4557,59.7736,59.4108,59.3865,59.2032,57.3771,59.1527,59.0154,60.6954,60.6163,58.9778,60.0726,59.6677,60.078,60.9165,60.9867,61.5065,63.878,65.7838,67.4557,71.2746,77.4856,85.3012,95.9654,108.3552,121.7381,132.3561,141.963,149.7739,156.1307,159.0973,160.8587,162.6603,165.5168,165.3422,165.5428,167.9553,167.3529,168.4368,169.8046,169.5171,171.0986,170.6441,170.7874,170.8694,171.2283,171.7592,171.381,172.3883,173.5296,171.4334,171.3488,170.0892,169.565,168.729,167.7492,167.6285,166.3226,165.2611,163.7499,161.858,156.9033,152.8042,143.8981,135.3924,124.1119,110.0038,97.47,87.4395,77.8888,74.2328,67.9984,64.8038,63.6316,62.2962,61.554,61.0777,61.2066,59.7587,60.5388,59.5777,58.7635,59.4737,60.3407,57.945,59.0103,59.1209,60.1388,58.2539
METER_015,2026-01-27,125.9838,118.5796,117.9375,114.2339,114.6315,114.0675,111.2259,109.5571,107.8348,107.9462,109.0611,106.5885,106.2059,104.9558,108.9468,106.2103,103.801,105.7969,103.8677,106.8966,105.2486,109.1054,106.7739,107.2176,109.3531,110.2373,110.2467,111.8373,111.9033,115.7655,116.2256,116.8041,121.5907,123.359,123.6828,127.3187,131.7815,133.573,136.1072,137.6839,140.6369,145.0375,147.7609,151.6071,156.9878,158.4412,159.374,164.2278,166.1832,167.2403,170.0096,172.1962,172.3423,176.4292,176.8535,180.2054,178.7821,183.2086,183.1877,184.7845,186.6112,185.9307,186.9889,188.6296,190.3743,190.6138,192.3564,193.4036,193.7108,194.2277,196.6809,196.0975,197.0887,193.0787,192.966,193.536,189.8136,188.815,185.0771,181.5993,177.4201,177.9386,174.0909,168.2384,167.5538,162.1998,159.015,153.7055,150.0324,147.3979,141.41,136.7838,134.6597,131.2021,127.2359,124.4988
METER_016,2026-01-27,172.4855,176.1263,175.6261,175.8679,173.5648,172.2303,176.6972,176.7262,175.5177,175.1133,178.3173,172.1152,177.7463,173.6155,176.1481,172.4179,174.9678,175.5354,178.1672,177.2598,179.5825,188.1378,188.6753,197.0568,209.8658,221.8288,234.3514,251.5794,264.2605,277.969,284.881,291.0365,293.1818,293.93,298.5589,298.9959,298.4591,300.4332,297.8982,297.7982,296.2978,296.1557,297.0503,293.7591,290.5986,287.4217,282.2191,282.5059,278.1429,278.1837,283.4215,288.8518,287.8444,290.9173,293.3972,302.6479,298.4197,299.6549,300.7334,301.024,297.7233,299.121,303.2067,301.7086,298.3099,301.528,300.3385,301.8976,300.0703,302.3718,301.6237,299.9228,297.1943,301.6796,300.6172,299.7074,301.292,297.4765,300.0319,299.4888,298.0481,297.9334,297.5143,291.1066,282.5017,277.2861,265.5753,253.9943,238.5759,224.0985,209.8404,198.14,190.5438,183.3541,180.3763,178.0856
METER_001,2026-01-28,45.7817,42.8326,44.7967,41.1088,40.4969,39.1592,38.4134,37.1137,39.2016,37.2819,36.1837,37.5867,37.3907,36.6379,37.1792,38.8977,38.2371,40.0577,40.5155,43.7649,43.5929,47.4664,47.859,51.9308,55.4766,58.733,62.165,63.1685,66.2084,67.5693,66.7868,67.2828,65.1229,63.3759,63.434,56.8568,54.2872,53.7719,50.5709,46.4538,44.44,43.5201,41.0315,40.4839,40.1617,39.0574,38.5233,37.1731,38.3244,36.6038,36.8196,37.052,38.4485,37.3805,39.2271,40.2275,39.3496,40.3596,41.6784,43.5281,45.1909,47.733,50.4319,53.6533,56.0662,59.0231,62.3851,68.7175,73.2443,75.9282,82.4552,85.3183,89.7308,93.1528,96.9916,101.1814,102.7392,103.3564,102.727,103.4916,103.3341,100.7505,96.858,94.6346,91.6412,86.1217,81.8174,75.929,72.7596,68.4386,63.3172,58.3275,55.6028,53.8759,49.6792,47.509
METER_002,2026-01-28,67.3458,66.4459,65.1476,65.3086,67.2844,67.1795,67.6296,66.8464,66.6157,67.0545,66.3761,65.7332,68.0646,69.6801,66.269,67.4001,66.4795,68.1967,67.0051,66.9243,66.1866,68.0463,68.7878,69.1447,71.1749,72.5542,75.1577,81.3869,87.1958,94.506,109.0985,123.4868,135.7414,151.9975,160.1944,169.4967,176.8102,177.9977,179.9735,185.0076,185.5936,186.2874,186.908,189.3416,188.7333,190.2481,191.2488,190.9861,192.4171,191.4345,194.1345,193.3258,194.2512,193.698,193.8457,192.6747,193.1024,193.0194,193.2951,190.676,192.4355,191.5583,190.8977,189.3204,187.907,187.6082,183.9743,182.1824,176.7026,171.5651,162.9977,150.4674,139.2922,125.3583,110.2701,97.3173,89.5448,81.2266,78.4916,73.1327,71.9734,70.3299,70.7047,68.8296,67.8317,67.8483,67.6189,67.3079,67.5839,68.1139,67.3384,67.851,64.4437,68.9277,66.6463,66.8141
METER_003,2026-01-28,136.7671,136.9704,132.8024,130.8652,127.0162,123.2752,124.2796,124.2593,122.7374,119.8111,121.61,118.2303,117.9845,118.7171,120.1558,117.0703,116.9886,119.4234,118.777,118.3032,120.7497,121.5149,121.1238,121.9661,120.2104,122.046,124.3488,124.3263,128.8314,128.6497,130.2437,133.5817,135.3083,137.5738,140.9149,143.5453,142.9053,148.892,151.16,155.1933,159.1699,161.4131,166.1184,169.3112,172.4972,179.8101,178.9167,183.5735,183.6266,189.3744,190.5005,192.6839,195.4764,196.5663,197.3447,202.1798,202.4875,205.8946,205.1535,209.199,208.4263,209.126,211.1569,213.0639,212.4825,214.4169,217.3687,216.5465,219.2848,219.821,219.0498,219.366,219.1478,218.0319,218.3928,214.54,211.7111,211.8212,210.6162,203.3547,202.1902,198.0524,192.0575,189.1384,186.0214,182.0605,175.5254,169.2922,169.4038,163.8993,159.6746,155.4698,151.6087,149.3288,144.1631,138.781
METER_004,2026-01-28,112.9739,113.7481,113.2465,114.6345,112.7604,113.1938,112.9231,112.9306,115.0537,111.1956,115.7866,113.8646,112.4025,110.6025,113.1666,112.7097,113.8624,113.5422,112.5915,117.1075,117.3573,117.483,122.8902,127.315,135.2235,142.7558,154.9613,164.0395,171.2396,182.4097,185.1226,189.9567,191.3556,195.378,192.5121,193.2021,194.1838,194.7857,195.949,195.6229,195.4074,191.7091,191.8446,192.915,188.9767,184.2954,184.9542,181.6652,183.2691,181.6747,185.188,186.0825,187.7464,192.585,191.5242,192.868,196.1474,195.1296,194.8007,194.9983,195.2462,194.4365,195.9284,194.5928,196.0312,195.6236,195.1518,195.3011,194.7705,196.3081,194.0822,193.5109,197.1374,194.394,194.8912,191.7974,193.4455,196.545,194.0601,195.7006,195.2123,192.5965,193.7038,188.7455,185.8768,180.9184,174.4027,164.2769,155.6452,144.167,134.6543,126.9047,123.1594,118.8936,116.492,115.6474
METER_005,2026-01-28,36.0162,32.9547,30.8437,31.5628,30.3276,29.8844,29.9395,29.9423,29.0573,29.4501,28.9056,29.7083,28.0553,28.3582,28.7114,28.9112,31.4644,30.5866,31.5124,32.1903,33.4936,36.3976,39.3638,41.5398,42.2931,45.8758,45.8839,48.0808,50.3932,52.226,50.9609,50.1587,49.5169,47.6469,47.902,44.3588,42.1235,41.1464,35.8783,35.6512,35.3275,33.2103,31.8246,31.3876,31.1327,29.2342,28.0618,27.3525,29.0354,29.2334,29.3501,29.2141,29.1098,29.0791,28.4537,30.2916,29.5221,30.5635,31.918,32.6402,34.8746,37.4997,37.8068,39.4241,43.2992,44.8901,49.5639,51.5534,55.6056,59.7805,62.083,67.5388,69.8396,73.0608,74.2096,76.3325,79.7376,77.1358,78.7364,79.9666,78.3731,77.1965,76.2881,71.5397,67.7406,65.3043,63.0399,56.8224,54.9417,51.1466,47.7746,45.902,43.1141,42.1316,38.5005,36.1171
METER_006,2026-01-28,53.2977,54.016,55.5083,54.6142,54.8166,55.455,55.8546,53.9535,55.1199,56.3502,56.3697,54.8814,54.3644,55.5379,56.4848,53.9109,55.7142,54.0349,55.6582,55.4428,56.198,55.2631,57.461,56.4406,57.5539,59.4829,60.9753,66.8387,70.8601,78.0695,88.9432,100.0452,111.5247,122.5488,131.1023,138.6939,142.5094,146.7848,148.6859,149.5929,152.4528,153.55,154.8955,153.7026,154.5833,155.6945,156.0047,156.1445,157.5235,157.9318,157.4007,159.9472,158.0215,158.3257,158.5445,158.4956,158.8274,157.4408,157.9657,157.8096,158.2716,156.8495,155.6967,154.8835,153.4886,152.4547,151.4412,147.3134,144.9561,141.3272,132.2846,124.3624,113.8202,102.7724,91.0095,79.9184,71.2362,69.0107,62.3816,60.5775,59.0681,56.7549,56.104,54.5128,55.2166,55.6175,55.0579,55.3894,55.4583,56.5755,54.888,55.3298,54.9305,53.9592,54.4366,54.5426
METER_007,2026-01-28,114.1731,112.1139,108.0905,109.2269,106.8534,104.7226,103.6635,103.1207,102.6874,101.6043,99.4183,98.898,99.3136,98.6802,98.2769,98.5942,98.807,98.9734,98.4498,97.9361,100.3674,99.7106,100.7051,100.5377,100.89,101.7862,103.1731,105.5528,103.7966,107.2105,111.9683,108.0957,112.7147,112.8713,117.5153,121.6013,121.1881,126.0131,125.3959,129.2525,134.1122,134.6572,138.6999,138.9796,144.3453,146.799,149.1052,151.5167,154.4622,155.8959,159.1806,159.5684,161.8985,163.6028,165.0218,167.3986,168.1386,170.4595,171.211,172.4374,173.4008,173.6889,175.8709,178.4181,178.0218,178.6368,180.6207,180.566,178.537,183.3287,181.5819,183.9785,181.6879,181.1939,180.7821,180.1798,177.7204,175.4144,172.2832,170.0318,168.6819,167.4409,161.0658,157.7984,155.9432,151.3858,147.981,144.8184,139.3531,137.4203,131.5967,128.1424,125.7761,124.0897,119.6957,115.8724
METER_008,2026-01-28,164.3835,163.5313,164.7021,165.8603,169.0154,164.3522,165.9194,165.31,166.4188,165.1846,166.1561,163.9514,165.9143,164.8726,167.646,162.516,164.6153,165.5583,166.8837,171.8872,169.6023,177.727,180.3503,185.069,196.1304,211.5216,222.5734,239.7791,248.5448,262.9164,274.5799,273.0766,276.6713,281.1694,282.5188,282.8125,283.2819,287.0397,280.8101,284.4003,281.2596,281.3429,280.5794,277.3441,274.9114,272.0345,266.9181,266.0979,266.1892,267.3094,269.76,268.3782,274.5348,275.7926,281.8843,284.2958,281.508,284.2979,284.4496,283.1785,285.6325,283.4261,281.9966,284.0878,283.7849,288.7221,283.5087,282.5604,286.1366,285.1862,286.0127,285.8348,287.4225,286.6292,285.8302,286.0951,282.2845,287.5019,285.6374,285.0277,282.2105,284.8597,281.9649,276.1841,271.3882,260.8074,256.3524,239.6187,223.5861,209.5,195.9265,188.159,181.5812,172.3066,172.6467,170.2194
METER_009,2026-01-28,49.0973,46.9759,43.445,43.205,41.2777,41.0115,40.2927,40.7845,38.9444,38.4955,38.9263,38.0031,39.1738,38.4212,40.5961,41.6914,41.5912,41.5397,42.1715,45.1628,46.3026,48.2809,52.7513,54.7881,58.2432,61.684,63.6437,65.7256,67.8586,68.8072,69.1036,68.4339,68.5008,65.2376,64.4655,59.9229,57.0419,53.4744,52.0681,48.3356,45.2117,45.5692,43.2453,42.1347,40.5988,40.5386,38.9293,40.701,39.8685,41.1781,39.0116,40.0918,39.4723,39.9303,42.231,42.3647,41.6196,42.772,43.2439,46.6341,48.6601,50.4331,52.0127,55.8251,58.8535,62.7094,66.8789,70.0231,75.2797,79.8702,85.6449,89.689,93.355,98.8287,102.2341,104.5285,108.8482,107.3715,107.676,108.2543,108.5438,104.0182,102.8825,99.1419,94.6045,91.0421,85.339,81.0436,76.0483,70.714,65.3988,61.6215,60.4668,54.4757,53.5637,48.6801
METER_010,2026-01-28,71.56,71.4827,70.5502,70.7336,71.1057,69.9689,70.9465,71.1279,71.7789,70.5723,71.0602,70.8589,71.0771,71.3569,71.973,71.214,70.8029,70.3951,70.3114,71.4388,71.5789,71.6766,72.9366,73.8279,73.5287,76.3128,79.9988,84.5785,91.8102,102.291,114.2331,129.7623,143.8056,157.1286,169.8775,178.6269,184.5474,189.1585,192.2664,193.2414,196.3607,198.3187,198.0837,199.4987,199.4555,200.9156,200.8009,201.2612,203.2646,202.3988,204.8483,203.4061,204.4275,204.1816,202.5672,204.9806,205.2543,203.1634,203.665,202.9078,202.9217,203.7575,200.6518,199.591,199.1987,196.542,195.036,190.6874,186.4935,181.3242,172.9104,160.3032,147.7447,130.8677,115.7337,103.6177,93.592,86.8633,81.8691,77.0045,74.5048,75.8512,72.8838,71.9618,73.595,70.1051,71.5161,71.1023,70.8545,71.7625,69.8162,71.562,71.3486,70.2613,71.264,68.7756
METER_011,2026-01-28,85.1931,83.8859,82.4071,80.6133,79.1641,79.4095,77.8932,75.4206,73.9778,75.1102,73.3202,73.6,73.3083,73.1893,72.1984,73.9222,72.2093,72.5182,72.0298,74.6441,73.1235,73.6544,73.9324,75.3261,75.6136,75.7593,77.452,77.6735,77.4432,79.4039,81.7479,82.011,83.9002,85.3748,87.8771,88.5886,92.0712,92.0497,94.1845,97.1745,101.2742,100.2483,104.7097,104.5301,107.1147,108.0618,111.1247,112.4038,113.9972,114.9744,116.8708,118.5697,121.2518,122.934,123.477,123.5174,124.7233,126.5301,126.7525,127.6617,127.8165,130.3161,131.544,131.0638,132.4427,133.4326,133.2478,133.8086,136.1101,135.292,135.9794,136.0381,136.1947,133.6013,132.6756,133.4734,132.0246,129.9693,129.5693,127.4816,124.7299,123.7496,119.9403,118.1526,115.3052,112.3186,110.2443,106.4198,102.1472,102.0633,99.2214,96.8448,93.7577,90.5542,88.874,86.8501
METER_012,2026-01-28,130.6045,133.6693,130.7336,129.0366,134.4597,132.7682,132.2945,133.6257,132.9729,130.9347,131.3239,132.0752,134.4048,134.8572,131.5331,131.4203,132.3518,134.3656,134.0223,135.3891,136.8103,139.7693,142.9065,149.0737,156.3017,167.3852,179.8849,193.5288,201.9611,210.9656,216.1966,218.2378,221.6522,224.2578,222.9095,224.5705,226.5938,225.0287,224.5682,226.1682,226.2475,224.6586,219.6133,220.7076,216.5643,214.3744,212.1523,209.537,209.066,211.4467,211.6687,214.9505,217.656,221.203,224.1226,224.3644,224.5686,225.1546,226.1106,227.561,225.9892,227.9404,224.1395,228.3848,229.1195,227.4833,226.1245,225.3186,227.8092,226.4124,230.7508,226.8759,226.6038,225.6332,225.3789,226.9044,229.0876,225.9099,226.0614,226.3725,227.5518,224.6853,221.2976,222.3724,215.8909,208.4501,199.2911,193.0226,178.9218,167.0394,157.4978,149.1474,142.2487,136.8175,136.4037,134.581
METER_013,2026-01-28,38.0406,37.4937,36.0327,35.2875,34.101,34.399,32.4516,33.4993,31.327,33.1035,31.9313,32.6089,31.8065,31.2931,34.1251,32.8792,33.0711,34.2764,34.4661,37.1925,38.8022,40.2758,41.5658,44.8573,45.7662,50.1883,52.5051,54.0408,55.0848,57.9526,57.1222,56.4067,56.9719,55.1523,52.518,50.7143,47.3149,44.9544,42.3052,39.9643,38.7495,36.1549,35.44,34.92,32.4086,32.7329,31.6127,32.9717,32.7331,31.3338,31.6625,31.9478,33.5242,33.7928,32.3506,33.7435,35.6246,34.7242,35.4531,37.8175,39.1719,41.2118,42.2504,45.0167,48.1134,51.1926,53.9223,57.9625,62.1349,65.5537,69.3663,74.2746,76.3722,81.3162,84.0892,85.5691,87.3599,88.9568,88.7602,88.9689,88.9931,86.8937,85.8797,79.8299,76.732,73.376,70.7517,64.8993,61.9183,57.6343,54.0387,49.763,48.9494,44.9296,42.5614,41.0564
METER_014,2026-01-28,60.3961,57.3389,59.0108,58.2625,59.5357,58.91,57.4112,58.3733,57.5196,59.1927,58.1448,58.0542,57.1224,59.0895,57.362,58.172,58.1133,59.268,58.4422,58.9204,59.5415,60.2185,60.0514,61.3084,59.9992,62.6586,67.1317,70.4648,76.5064,84.1277,94.094,106.8864,119.3902,131.9327,140.6707,147.0973,151.7695,156.1937,159.6017,160.6963,161.6225,162.1267,161.7108,164.6092,164.4412,165.7082,165.4898,166.8894,166.813,168.5723,168.3586,169.5382,169.8464,168.4572,167.9828,168.4048,169.096,168.2571,168.7534,167.8378,169.0906,166.7073,165.9361,165.0739,162.5366,162.037,160.2509,158.4143,156.5023,149.0208,142.8963,132.0269,121.9626,108.2713,96.1583,86.663,77.1565,70.7564,67.1699,63.162,61.4572,61.3747,59.3518,59.148,59.8644,59.9177,59.4628,59.6551,58.978,59.3808,57.4868,58.8929,57.8787,59.774,58.5988,57.406
METER_015,2026-01-28,117.3842,118.8073,112.96,113.2536,110.7869,110.4243,111.2312,108.2228,108.3111,106.6991,106.2357,107.0719,103.885,103.0778,102.4155,101.1451,101.3773,103.2011,101.7232,104.7997,102.8069,105.7273,104.5553,103.6205,107.804,107.758,108.4382,108.7333,111.1159,113.3837,113.4678,116.5564,116.4646,120.7996,124.7589,125.2818,127.068,130.9181,134.0259,136.6837,139.3225,140.9427,145.3846,149.1768,152.9854,155.0793,159.3482,158.5004,159.5898,164.2204,164.8964,169.9236,172.797,172.3052,173.9485,176.9662,175.6041,178.1466,179.0826,179.1069,184.2456,184.128,186.1755,185.5341,186.6005,188.0203,188.1964,191.2883,191.9801,189.2979,190.6747,192.84,190.7003,189.386,189.3794,186.579,184.7495,187.1113,183.1169,180.6614,177.8465,172.9869,170.4207,166.2861,163.8165,158.2458,155.3525,152.2486,147.4406,141.8781,138.9969,136.7632,130.8603,129.3912,123.5904,122.629
METER_016,2026-01-28,173.2845,174.2937,173.3653,175.1728,172.7058,173.8236,172.8641,175.5719,172.328,172.3137,173.6087,174.9022,171.1604,174.7979,175.4131,175.6569,173.2626,173.47,172.5677,179.2112,180.3651,183.6171,191.3697,194.5481,207.7014,220.728,234.5972,255.253,263.7584,278.0327,281.9994,290.4592,293.6,294.8994,297.5903,296.5242,296.2946,298.637,297.2362,299.9161,297.0402,294.903,292.5424,292.4677,290.4194,283.3452,281.9447,279.158,278.9892,275.9467,279.3807,282.6946,289.6119,290.3204,293.9505,293.8347,299.2941,291.9878,299.4976,297.6647,299.6035,299.7938,297.5654,301.9409,297.9521,301.5845,299.789,297.5643,302.5635,294.7974,302.5922,300.8534,299.5695,294.7655,297.4016,297.5036,298.2525,301.3602,297.4298,299.1542,299.8387,292.3198,293.5506,288.0246,285.3287,273.967,264.7398,253.2855,237.9,219.0088,209.7498,199.333,187.0612,180.6102,178.0925,176.9861
METER_001,2026-01-29,44.0336,42.4859,39.985,41.2948,39.4212,37.8626,37.9878,37.5095,37.5239,37.2831,38.309,36.425,36.5918,37.2085,36.0033,36.8443,38.6125,38.5509,40.469,40.5496,43.7036,45.9762,48.0281,51.3627,54.7728,56.3005,58.5581,63.6706,62.9312,64.5958,66.3258,64.506,66.5104,61.8794,59.1102,55.8912,53.6561,51.0801,48.9187,45.4231,42.7595,41.9923,40.8668,38.0455,37.6979,37.7252,37.2041,35.645,37.8087,36.4678,36.9115,36.2008,36.6856,37.8055,38.7815,38.198,39.214,40.5424,40.2963,42.4446,45.0846,45.9268,48.3965,51.4314,55.9108,58.1308,62.6545,66.7849,69.9092,74.2889,80.3094,83.4375,88.7603,92.5034,94.4963,97.8617,99.6061,100.1536,101.553,100.5638,98.5249,97.7659,97.0748,92.0973,89.5975,83.9875,82.9013,76.1726,69.2413,67.6562,62.8085,56.367,55.0366,51.2115,49.2123,47.5074
METER_002,2026-01-29,68.0726,66.0391,65.58,65.3246,64.1633,66.3963,67.5391,64.9567,65.6019,66.6111,66.9776,66.4547,67.0417,65.8156,67.5417,64.3424,67.1952,66.5526,66.0595,67.3832,67.8734,65.8869,66.2335,68.0381,70.375,72.4811,75.6566,79.9037,86.2847,95.7318,107.3929,120.0185,136.3255,148.1769,158.1217,165.6113,173.1119,176.4558,180.1058,182.0311,184.3178,183.4257,185.1183,185.9597,186.9158,188.1271,189.364,188.6614,188.1607,189.622,189.0796,191.6836,191.2652,190.0672,191.7011,191.4677,190.9571,191.9437,190.7069,190.0058,187.7597,189.2343,188.0775,186.7788,185.7362,184.1752,181.7709,178.6307,177.2995,169.1477,161.6314,149.1922,136.6472,122.1333,108.5089,97.5977,87.453,80.3226,76.1451,74.032,70.0662,67.8858,68.1154,68.8806,68.3985,67.6683,66.8787,65.814,66.4608,67.0338,67.1254,65.8528,67.2902,65.9656,67.0335,65.431
METER_003,2026-01-29,136.7017,132.1466,133.1501,132.2839,130.0682,127.8238,124.7573,124.4858,124.5417,121.9302,120.5788,120.5547,121.4755,120.5883,118.1298,115.2495,119.4517,120.4847,119.7094,119.5752,118.3697,121.5991,123.2842,120.2071,121.8376,123.9231,123.7623,124.9959,127.9301,129.4811,132.1528,137.108,133.7754,137.6209,141.2782,142.2424,147.6596,151.6968,153.7494,158.1424,160.0132,164.9408,167.1425,171.5188,175.9069,177.2016,181.8312,183.9963,184.9801,191.5658,192.4496,195.1186,195.9642,197.3618,199.317,201.1214,200.1856,202.4439,209.6281,207.7889,207.1643,212.8132,215.4564,214.9017,213.7906,218.4718,217.7672,219.2766,221.2239,219.4859,222.3568,221.2695,221.1545,220.0045,220.5455,216.6315,216.4401,213.3436,209.0459,206.3353,206.525,198.3861,196.4923,192.5253,189.1363,183.3263,180.3172,173.882,171.6347,163.5546,161.3847,157.933,152.0437,147.6609,143.1202,143.6184
METER_004,2026-01-29,114.3742,113.5757,117.3703,114.2428,117.2794,115.3449,116.582,115.7797,118.5367,115.4795,117.263,115.2761,115.4889,114.75,115.9712,114.1413,117.4654,117.3147,118.2435,118.421,120.3138,122.916,125.8126,133.3883,139.2563,146.9345,158.6239,167.9786,178.8884,186.5956,192.8376,192.069,196.7299,196.0066,197.3463,196.8304,200.5644,197.4002,199.4878,199.0599,198.9898,194.8481,195.2146,194.5625,194.0062,192.8542,186.9566,183.9004,185.2211,186.1766,188.1928,187.1014,189.8823,193.755,195.1273,197.9493,198.5634,196.5813,196.9909,198.2172,198.5625,200.5629,201.6028,200.4502,199.6668,197.7731,199.0413,202.0361,198.1656,199.0348,200.3348,198.6406,199.4918,199.7816,196.2976,200.353,197.8454,198.3056,199.3116,197.9073,195.2948,196.1631,194.2277,194.6908,190.8052,184.5789,175.5418,170.1815,159.2651,146.0475,139.352,130.9197,125.4755,120.7773,118.4946,118.7343
METER_005,2026-01-29,34.9046,33.9361,32.8822,32.014,31.1573,30.0209,29.4287,28.961,29.4015,28.7207,28.2101,28.4945,29.0176,29.5586,30.1129,29.819,30.965,31.2066,33.0852,34.8272,33.8005,37.1885,38.4683,41.9723,44.6626,46.3418,47.457,49.2051,51.7231,51.9018,52.1627,51.6159,50.5027,48.1896,47.7416,46.3578,42.6173,42.4023,38.1752,38.1622,35.0713,33.3972,32.9044,30.8793,31.6266,29.8138,27.3871,29.9325,30.4567,29.8272,29.1476,28.887,29.181,31.8669,30.4552,30.864,32.5946,31.2743,32.7008,34.2291,35.4778,37.7093,37.3154,40.6345,43.3056,46.9796,49.4128,53.0627,57.72,59.951,63.1954,67.9554,70.1365,73.6029,77.3314,78.4839,80.0463,80.997,81.8701,81.8047,79.7977,78.1001,74.4563,74.3489,71.4285,66.7328,64.3697,59.863,57.013,51.9434,49.9865,47.1142,43.6779,39.6294,39.3373,36.7778
METER_006,2026-01-29,54.1387,55.6192,54.7227,54.5983,52.7853,54.5737,54.6955,55.0135,54.1277,54.5573,55.4501,55.6527,54.421,55.5805,54.5982,56.1105,54.2674,54.7584,55.73,55.3109,55.9802,56.0779,55.205,56.509,57.1416,58.2401,62.3612,65.7298,69.4875,80.2575,89.1759,100.6838,111.6667,122.8981,133.0694,139.4843,142.6714,146.4451,147.6772,151.1256,151.7032,152.1196,152.9541,153.7143,154.1905,155.2405,155.8892,156.2082,155.2853,156.8417,156.0862,157.8282,157.437,157.1567,157.2014,158.9534,160.1394,158.4277,158.8345,157.7454,157.5405,156.4944,156.2762,154.7686,153.1315,152.8963,150.5171,149.6988,144.5099,139.2586,133.0906,124.7061,113.6378,102.181,89.4801,80.3851,72.4818,67.5528,62.5075,61.8825,58.9807,56.5268,56.4115,56.8928,54.6026,54.2135,54.4933,54.2932,54.8475,55.6379,53.4205,54.0564,54.3252,54.2035,55.3253,56.0424
METER_007,2026-01-29,112.7509,112.195,107.3261,106.3437,104.5681,102.4143,102.0961,100.7634,100.3936,99.4981,99.2337,98.6718,97.3062,98.2464,98.7133,96.0978,97.2689,96.3069,94.0452,99.1682,98.0326,96.1595,96.5748,98.4114,98.8332,102.6406,100.6435,101.5836,105.3279,104.5852,109.1309,108.7047,108.3592,112.5953,113.566,116.0123,119.4575,123.1868,126.8313,127.352,130.6535,134.0394,137.6854,139.6845,140.0421,142.8991,146.1657,149.7542,151.4052,152.9933,155.305,155.701,159.1006,158.6504,161.4818,162.3026,165.4257,167.2096,169.2085,169.8751,171.2133,169.844,171.2132,174.5905,173.5674,174.949,177.0553,179.4342,177.6861,177.2559,180.1073,178.2636,181.3475,177.1583,176.7736,176.39,173.027,173.6522,168.7001,166.7657,165.815,163.2361,158.312,153.9419,153.2179,147.7447,142.2646,140.9034,137.3412,132.3339,128.8135,127.4999,123.2774,119.1382,118.2164,116.7238
METER_008,2026-01-29,164.0817,162.2496,163.4383,166.7691,160.9274,162.9162,161.5782,162.8408,164.3218,161.3149,161.2095,158.6004,164.8478,162.3929,161.2656,161.9307,164.0154,163.3681,162.823,167.2661,167.3882,174.1257,175.6136,185.5396,194.8355,206.8266,221.1764,237.8719,247.7545,259.5529,266.1779,271.8002,274.324,275.8673,273.9616,280.3089,278.0057,281.1592,275.2745,278.9156,279.2503,279.2167,277.3119,275.2772,272.724,265.1044,265.6882,259.6689,258.8089,263.745,263.0124,263.475,271.4805,271.545,279.4424,276.8532,278.36,279.7752,282.5405,279.4454,281.1004,280.2565,278.4325,281.2099,275.2974,277.7477,278.6689,279.8277,283.7997,280.5842,280.0853,279.9523,278.4585,282.037,278.7283,282.3626,280.6927,282.1023,278.7412,276.5162,278.3563,277.3724,273.2445,269.6339,262.6219,258.6519,250.9187,232.3924,220.1609,208.2356,194.1347,185.7176,177.6473,169.6938,169.6636,171.0002
METER_009,2026-01-29,47.9296,44.1619,44.5141,43.4275,42.2551,40.725,41.7684,42.3632,40.843,39.1274,40.8183,40.1188,39.7907,41.0598,38.5055,41.1433,41.4333,40.4907,42.9008,44.0021,45.1643,49.5942,51.6914,53.8564,56.3253,59.91,62.7721,66.3555,68.1182,70.3752,70.3665,69.9726,68.394,66.3356,64.6993,60.712,59.1478,55.408,51.2429,49.1148,46.9348,45.1005,43.8606,40.8868,40.2054,40.4433,38.9909,39.549,39.1315,39.5534,38.2308,39.8136,38.5905,40.9503,39.808,41.8826,42.8423,42.304,43.2625,45.1147,47.3364,50.0645,52.7621,54.8941,58.6126,62.1421,67.2279,69.7508,76.032,79.8403,85.3232,91.1021,95.7572,99.7024,102.8759,104.0182,107.4708,108.8684,109.4337,109.0965,106.3077,105.4968,102.7353,99.4172,94.9867,88.7679,85.0295,79.8166,74.9348,69.436,67.4268,61.3103,57.8294,55.5659,52.405,50.1769
METER_010,2026-01-29,72.6603,73.2651,71.0415,73.1323,72.8261,72.3319,71.7459,73.3757,71.6763,71.8566,72.3845,72.6188,72.6461,71.4408,70.9419,72.0014,73.302,71.1421,72.9457,71.7056,73.5935,72.8257,73.6618,76.2211,76.2957,78.5909,80.6434,85.4295,93.9019,103.3011,116.5353,132.6311,148.0226,160.201,172.2099,181.7998,190.2137,192.1103,195.2459,197.494,199.3769,200.519,202.4598,201.461,203.8895,203.8236,205.5226,205.5044,206.847,206.3521,206.5714,208.4112,209.7141,207.2307,208.4901,207.0818,208.9445,206.7557,206.0792,207.1483,206.2975,205.1889,206.0112,205.5731,203.0694,200.7553,199.2592,195.297,189.8332,184.9691,176.0088,164.0514,149.2562,133.1855,118.9157,106.9451,96.5231,88.5358,84.06,78.294,77.0762,73.7364,73.6766,71.1995,73.512,73.3153,72.9431,71.8969,72.8553,73.9719,73.4859,72.2381,71.477,74.4476,73.0972,71.5798
METER_011,2026-01-29,86.7117,84.851,83.51,82.1178,81.0713,77.9223,78.3556,78.0494,77.2221,76.7613,75.7881,74.9529,74.9791,74.8383,75.5811,74.0681,74.0672,74.1518,74.8699,74.7137,75.616,76.3548,74.962,77.2355,77.4769,78.1708,77.6636,78.5451,80.6876,80.6936,82.4122,83.3233,85.3705,86.4458,89.0342,89.5298,92.2746,94.4704,96.1195,98.5819,101.2243,102.2058,106.268,105.8273,107.7584,111.6219,112.9139,115.2726,116.4042,118.2301,118.9453,121.2598,123.3967,124.9975,124.9265,125.5187,127.1277,129.0188,128.6358,131.0813,130.6654,133.0877,133.5006,134.0046,136.0757,135.5031,137.4548,137.2024,138.757,137.0047,138.6857,138.8446,139.357,137.8568,138.5356,136.008,134.8888,133.465,132.2679,128.7928,127.7491,125.8776,122.9682,120.726,118.0576,112.7743,111.2257,109.0424,106.1409,103.4493,99.506,97.9773,93.2979,92.6335,91.4746,87.7629
METER_012,2026-01-29,133.0739,133.143,132.9604,130.5568,132.3097,132.9521,129.2998,131.078,131.8263,131.6073,133.2516,130.6061,132.7438,132.7265,133.6046,131.5055,132.2212,135.2331,134.1801,132.2516,137.1232,138.6654,143.6471,148.1201,157.6304,168.1732,179.2211,191.2984,203.3006,208.3021,216.7111,221.1772,222.9703,221.9718,224.9336,225.7496,227.2961,227.9409,226.3625,228.4267,226.2891,224.6498,225.3662,219.5546,217.3365,213.9441,213.5166,211.6667,211.7931,209.7887,210.8968,213.224,219.164,222.2696,223.9609,223.044,229.044,227.0924,228.0057,227.5427,225.6552,228.7874,228.3318,226.1028,226.7697,228.6368,223.6078,229.4588,227.474,226.8017,231.3101,227.3541,228.688,227.4243,228.053,226.7615,229.3827,227.3212,224.5993,228.8998,228.0967,224.1999,221.5849,220.2898,216.8811,210.5311,202.5207,192.847,182.9819,169.3309,157.3769,151.0724,141.4141,140.4103,134.7259,133.1951
METER_013,2026-01-29,39.5371,37.3588,34.7716,34.1604,32.929,31.9099,32.7564,33.2818,33.582,32.0899,31.4556,31.1859,31.7679,31.1473,32.6127,32.8084,34.7172,32.9487,34.4398,35.4703,38.8048,39.3257,41.8863,44.0439,48.2798,48.6911,49.9032,54.1714,54.3294,56.5564,56.1808,56.1491,54.1445,54.0054,51.2191,49.2251,46.3783,43.6222,41.3689,39.0356,36.8278,36.4122,34.7528,32.4201,33.85,32.0111,31.5524,30.6485,32.2507,32.2688,32.7449,30.9365,31.6641,32.4352,31.6643,34.4654,34.2701,31.8132,35.316,36.3233,38.4932,40.2272,42.2959,45.0591,46.1492,49.5567,52.8911,56.9208,60.5761,63.7867,69.0534,72.8183,75.7641,80.4129,81.5494,83.782,84.7637,87.9748,87.8959,87.0823,85.5615,84.0762,81.8291,77.3188,75.4079,74.2556,68.2145,65.7783,61.6137,57.5107,53.5953,50.1473,48.1197,43.9141,41.5129,40.2288
METER_014,2026-01-29,56.7134,56.5364,56.8947,57.73,56.5024,58.459,57.044,58.1674,57.56,55.6021,57.1221,55.9611,58.0432,56.6055,59.0547,56.6237,56.8643,57.525,58.6757,58.8034,57.1732,58.1567,59.4849,59.7553,59.8415,62.4053,62.938,69.3064,73.8337,83.9976,92.3432,104.0041,117.8497,128.9212,138.3708,145.0782,148.3443,152.1607,154.2401,156.6884,159.3234,158.8092,160.7662,161.5137,162.7958,161.8369,165.4736,161.8523,165.2678,165.9332,164.1451,165.1371,166.5398,165.5518,165.5614,166.9238,164.2045,165.2081,165.46,163.8845,164.1696,162.5592,163.6853,163.4726,161.2262,157.8014,158.1652,155.7575,151.3812,146.3105,139.5123,129.4499,119.4641,105.4281,94.7507,83.0477,75.7918,69.5572,66.1426,64.1361,61.8696,60.8728,59.4771,57.9687,57.591,58.9335,56.7887,57.7366,58.6637,56.4728,56.6823,57.6347,58.3121,56.4656,57.1578,58.4577
METER_015,2026-01-29,118.1242,119.0635,113.8988,113.318,109.2156,109.6263,106.9608,106.9014,103.012,105.1315,105.9607,103.8067,105.5295,104.1905,103.2566,103.6342,101.6401,103.8872,103.591,103.3255,103.6813,107.6728,104.763,106.5051,108.3073,109.0979,110.0494,108.7705,111.6415,112.4525,113.8683,115.3033,118.3242,119.6846,124.3981,123.8534,126.9735,129.9416,134.3476,138.0674,138.296,141.3495,146.8148,147.2715,149.2047,154.2606,154.4237,158.5651,158.6444,162.1512,167.3594,169.1946,170.6442,171.2628,173.9472,178.4054,176.7381,177.3728,178.3681,180.2247,179.6517,184.2072,184.5299,185.4107,186.5427,185.6852,187.4923,187.9384,187.6434,188.8514,188.6616,191.3258,190.1678,191.7327,190.1408,186.9578,186.3843,184.4294,181.1254,177.2187,174.7767,172.9004,168.7861,165.0979,162.4352,157.4167,153.8917,147.7728,145.9955,141.9358,138.587,132.5722,130.2605,129.1919,124.1892,122.5464
METER_016,2026-01-29,172.8175,176.3348,177.091,176.8994,172.5106,174.2587,176.6876,172.3693,177.7823,177.3831,176.0276,174.2756,174.0991,174.902,174.8258,178.2844,177.9507,181.527,182.1065,177.7639,181.6306,188.478,192.3093,201.7085,209.5297,224.8471,237.8224,252.6639,266.1048,279.5424,290.596,293.9078,300.9658,300.334,305.2375,304.018,305.7468,307.4734,300.0503,302.5618,304.4529,300.3148,298.3402,295.6522,289.0655,287.3117,286.165,280.2615,282.4036,284.551,292.7017,288.9362,293.9382,296.802,298.0782,302.5261,300.4597,302.746,299.8086,303.3221,303.9233,303.6019,306.1612,303.6853,301.9565,305.5602,305.724,302.838,304.1834,303.9046,302.4282,304.7149,305.3042,303.4755,304.0958,302.4622,304.7963,306.9683,304.7146,301.8531,297.1381,297.7969,296.4365,293.2809,290.678,278.718,272.1548,261.3008,237.7699,221.4347,208.6328,197.6364,195.1973,186.0737,184.3777,180.625
METER_001,2026-01-30,43.6674,41.2514,40.8354,40.2232,39.3629,36.8352,35.7803,37.8393,36.6323,35.1298,35.8954,35.2292,35.8689,34.8244,35.0077,36.0772,38.3075,40.0581,40.0741,41.1387,42.7119,44.507,47.8165,49.5902,53.415,55.1868,58.5005,60.2609,62.3164,64.693,65.0068,64.2749,62.4327,61.617,59.3411,55.7379,52.8068,50.1033,47.6217,45.5565,44.0876,41.9209,37.7544,38.701,38.3149,36.7406,34.5866,36.738,37.1127,35.9754,37.3783,35.8765,36.2284,36.4699,37.2164,37.7141,37.6663,40.2835,40.242,42.4682,44.0247,45.4023,49.279,50.2684,53.8127,56.6906,61.7142,64.5443,68.3433,74.8412,78.4466,82.0832,86.724,90.4469,94.1496,95.9091,99.9722,99.5203,99.609,100.1715,98.5367,97.6698,94.5573,92.4107,87.46,83.0688,79.0932,74.0981,68.6986,64.7203,60.4169,58.5052,53.8438,50.6889,48.0981,46.0097
METER_002,2026-01-30,66.2136,66.9473,66.1029,66.3936,66.1957,65.4374,66.1328,66.2949,64.6587,65.9861,68.706,66.3081,69.1354,66.9471,67.4569,67.7063,67.154,67.6876,66.3678,67.006,66.169,67.1286,67.0114,68.6246,70.7964,74.3307,74.5453,80.3296,88.1324,94.9698,108.0971,120.6607,135.1592,147.6475,159.9424,167.1845,173.1644,178.3789,180.9595,181.4977,183.0619,184.5484,186.8295,186.4677,187.1607,187.6213,189.7539,189.7538,189.7786,191.9223,191.7335,191.2217,191.658,192.271,192.8545,191.9582,193.2496,193.0008,190.4123,190.7176,190.397,190.4434,189.7953,187.9592,187.2087,185.3771,183.3713,181.6607,174.6302,170.3063,161.8743,151.4782,138.7293,122.7788,109.4285,98.4104,88.3252,80.6113,75.8041,73.2389,71.3364,69.1801,67.099,66.8512,67.3836,66.5334,66.9812,65.1912,67.0213,66.6599,67.7168,67.7665,67.2658,66.7796,65.9422,65.8357
METER_003,2026-01-30,141.137,138.7658,135.0643,133.0042,129.3179,128.2975,130.4351,129.3012,125.1725,125.278,122.8564,125.1117,122.4463,123.1154,121.8857,122.2088,120.4654,123.2089,122.788,124.2525,122.0757,122.0252,126.6365,124.4607,127.445,127.762,128.69,127.8767,130.0499,131.751,136.8181,139.2598,139.0917,143.4053,142.0181,148.3575,152.4535,152.9078,159.0771,161.691,164.172,165.6263,173.7073,174.6794,176.9077,181.9866,186.1309,189.7814,191.7893,193.7827,195.1799,197.7889,201.7621,201.9583,204.138,206.9739,207.7158,208.3765,211.1335,212.7162,214.7431,215.9247,218.7326,217.6641,218.7059,220.6147,224.0528,224.9666,224.1506,224.3134,223.0087,223.9584,226.9332,226.213,223.3656,222.2551,220.589,218.6308,215.4669,213.3353,205.4725,205.2355,201.5944,197.9532,191.8279,186.8585,181.4513,176.6287,172.5997,167.0521,162.592,161.3686,156.0019,150.6096,148.5165,146.1209
METER_004,2026-01-30,115.5243,118.5387,118.814,117.0432,118.8952,117.6278,117.552,118.8351,117.7296,116.8796,119.1887,117.9002,116.1969,117.7106,118.2695,116.7652,120.3778,117.0073,118.4741,119.3833,120.7919,125.8577,129.2122,132.2882,139.5655,150.1479,161.828,171.631,179.796,188.9319,193.8525,198.186,200.1951,198.5674,201.5973,202.1378,203.1434,199.946,201.9099,202.4874,203.4464,201.9556,199.2915,196.5736,193.2306,191.3607,191.2329,189.8278,187.0694,186.5034,189.829,191.0136,195.5393,195.3344,200.8769,199.5078,204.2831,203.7214,204.4723,203.1736,201.2455,203.073,205.3588,200.8363,203.1861,203.8622,203.3981,203.7533,202.3368,202.6739,203.9734,204.9071,205.4166,204.669,201.7653,203.3288,204.5248,203.3806,200.7131,200.6766,199.7635,201.0256,197.9413,196.2441,193.018,187.0029,180.041,169.6756,158.936,150.3397,141.124,135.3355,127.5884,123.7747,122.7681,121.5187
METER_005,2026-01-30,35.9197,34.0699,33.8614,32.8608,31.9681,30.0061,30.1562,29.0764,29.8645,29.3874,29.8212,30.1063,29.3801,28.8209,28.3686,30.381,30.2693,29.708,32.6285,34.9301,34.7717,35.597,38.702,40.9546,45.2956,45.1472,48.6661,50.3021,51.0842,53.0718,52.1614,52.7994,50.4315,49.5788,47.4824,46.3691,43.9748,41.9899,38.4995,36.8114,34.3471,32.3177,33.2397,30.5036,30.563,29.9422,30.1137,30.0165,28.6068,30.3651,27.8088,29.9944,30.3647,31.1387,29.5907,30.2825,31.6394,31.2972,33.4824,33.5405,37.012,37.6733,40.1869,41.9158,43.8252,45.7233,49.384,52.4185,55.5014,60.0257,62.4184,68.292,70.3304,73.115,77.3309,78.8002,79.0528,81.278,80.8152,80.929,80.4796,79.2361,76.4804,72.9742,71.7339,67.4908,63.2,59.9087,55.4579,52.1646,49.2019,46.4853,42.6717,41.2705,40.1652,36.6803
METER_006,2026-01-30,54.2332,53.2825,54.2785,53.5544,53.0674,54.6279,54.9549,53.4083,53.7498,54.8579,54.2317,54.6467,51.8805,53.3227,53.4535,53.1387,54.2909,54.435,54.2322,53.8776,55.3026,53.8434,55.4274,55.2154,56.8918,57.6256,60.3455,64.8505,69.7847,77.0387,87.1669,98.9053,110.1295,119.3779,128.0015,136.6142,139.7754,143.9444,146.2714,146.5198,149.6476,150.307,149.9097,151.4492,151.5586,152.9501,153.0239,152.7711,154.2395,155.2285,154.2778,155.8482,154.3714,155.9156,155.4256,156.513,155.0267,155.6363,154.5474,156.4488,153.2437,153.9234,152.5473,152.2983,151.0319,149.2328,147.7678,145.119,143.0985,138.5094,130.413,121.9223,110.7058,101.676,87.8243,78.7739,71.506,65.7478,61.6392,59.4204,56.4028,55.4152,55.7424,54.3815,55.1433,54.6942,53.9589,54.7865,54.1395,53.7658,54.0691,53.8962,53.3625,53.531,53.6747,54.7299
METER_007,2026-01-30,110.259,106.599,102.9182,105.5642,103.7328,101.6198,100.6711,98.6006,96.6736,98.8642,96.7114,96.1635,96.9065,94.6053,95.6716,94.8359,94.819,95.0893,93.9305,94.7106,94.1457,95.9813,97.4704,97.5957,98.3165,98.9777,99.1368,101.8801,98.9715,102.2754,105.2981,106.8849,108.6881,113.1038,111.9371,116.9679,118.7359,119.6707,122.1753,125.8128,125.263,131.7579,131.962,137.3291,140.0836,142.0832,145.9524,146.8531,147.041,151.7768,153.2611,154.3939,154.5897,159.7242,159.0833,160.8827,162.0992,162.4762,164.0331,165.0568,166.7032,167.205,168.3129,169.2899,170.3224,172.5916,171.525,176.4861,172.2475,174.8387,175.4323,176.7151,174.8658,174.8594,175.6275,171.3801,170.4671,167.9101,168.8306,166.5508,162.0959,159.1082,155.3249,152.0729,148.2007,144.5759,140.4968,137.1241,134.8026,132.3438,128.2715,124.5041,119.5867,117.7829,116.1594,113.5827
METER_008,2026-01-30,162.0837,158.7694,165.5046,162.0154,160.347,160.9503,163.923,159.6804,166.5515,159.0213,159.5971,161.4028,161.9212,166.9273,161.8649,162.3883,165.6961,167.4529,163.0042,163.9578,168.2274,171.3432,178.541,184.7037,194.0617,207.2757,219.0372,238.3379,246.9327,260.9131,267.8907,273.7367,273.429,275.3799,278.1078,278.3471,275.486,280.7652,276.3775,279.0415,280.8973,278.6925,275.4379,270.4347,269.5333,266.586,263.007,262.1571,260.8847,256.7693,262.6117,267.1611,270.2325,271.4096,277.7251,277.3856,279.498,278.3582,279.5517,278.8745,280.0494,277.833,279.3142,281.5094,280.5218,277.8506,278.9677,283.3177,280.1286,280.3606,279.0784,280.2937,275.2393,277.3933,282.0396,278.0987,281.4407,277.5513,277.5166,276.6423,279.8448,276.2757,271.873,271.0811,268.5976,257.2391,248.4214,234.6532,222.6239,202.1181,191.468,182.2739,179.3845,167.4368,167.6902,166.461
METER_009,2026-01-30,48.2747,46.712,45.7711,43.8529,42.8048,40.0435,41.9105,39.1584,39.948,39.8498,39.6234,40.2142,39.962,39.316,40.8185,41.4504,41.5217,42.9779,42.7742,46.4406,47.5851,49.9343,52.9933,55.1917,58.3821,63.1844,64.057,67.6243,69.5923,72.3284,70.9707,70.9538,70.6397,68.3038,64.9363,62.345,60.3822,55.1056,51.811,50.2519,47.9415,45.5673,43.2425,42.4305,41.4984,41.2472,41.2711,40.2092,39.1989,41.1697,39.5082,38.4246,40.1502,41.3799,41.6335,40.9525,42.6247,43.8623,45.7318,47.3439,47.1794,50.5331,54.0022,57.2733,58.9876,63.7549,67.1705,71.3598,76.1495,80.5066,86.73,91.8818,96.2407,100.391,103.4275,106.3325,109.9976,109.5334,110.0732,111.2046,108.0686,107.9963,103.0133,100.9277,94.814,92.0719,85.7308,81.7915,76.734,70.4823,68.7055,62.9066,58.8194,56.2032,52.1375,50.6488
METER_010,2026-01-30,74.473,74.5519,73.3585,73.4618,74.0188,74.6327,73.8494,71.7805,72.7543,75.6326,71.4873,75.2078,74.6597,74.8749,74.2878,74.9421,72.8124,74.7967,73.5415,74.5118,75.1944,74.9163,76.6288,75.4337,77.3612,80.9988,84.0158,88.5569,95.0864,107.1257,118.95,134.8066,151.505,165.5379,175.1329,186.3524,190.7288,196.971,199.7988,202.0743,202.5197,204.9097,206.2022,207.133,206.923,210.1499,209.4913,210.0687,211.0544,211.8011,211.6013,213.9092,212.3543,212.4034,212.1351,212.7955,211.8194,213.1127,212.4918,212.7481,210.5683,210.1169,209.7683,208.3424,208.0898,205.1078,201.4493,197.614,193.9486,187.2898,179.7369,167.9981,153.9689,138.4738,121.3887,107.6589,97.7152,89.805,83.6219,79.0838,77.9047,77.4803,75.4579,76.0057,74.4263,74.5235,74.9033,74.423,74.6634,73.5997,73.3809,73.8645,74.1678,73.4747,75.006,74.6866
METER_011,2026-01-30,86.3478,84.1925,84.8495,82.2969,81.4324,79.6519,79.8143,77.8209,77.3948,75.8132,76.7457,77.1362,75.8276,73.8928,74.9233,76.0155,75.953,74.2383,75.2201,76.3707,75.0318,75.096,76.18,77.4122,76.9458,77.4147,79.1211,80.0576,81.0764,81.3212,82.7089,84.2637,85.6924,86.9351,91.1421,91.3825,94.3476,96.1412,97.0825,100.044,102.076,105.1186,108.16,107.5323,110.7267,111.8064,114.8221,115.9082,116.3268,118.527,121.8437,123.0551,124.1664,125.6641,127.1932,127.1053,127.6481,128.4061,129.1982,131.3282,132.6985,132.6926,133.2155,135.9017,134.8399,136.2245,137.2204,137.0414,137.8167,138.9255,140.3364,138.3948,140.0974,137.6175,137.7484,137.2849,136.5527,134.7181,131.596,130.3091,128.653,125.8571,121.495,121.4521,118.9208,116.1081,111.6045,108.6965,106.0894,104.2227,101.4109,97.9026,94.8137,91.8158,90.9698,87.7589
METER_012,2026-01-30,132.3271,133.2305,128.3738,128.7772,129.6655,130.1036,129.7648,130.4564,131.8027,129.251,131.7192,129.1873,128.1125,128.8546,131.1118,130.1546,127.2349,132.8465,133.5714,129.8976,133.8099,136.7319,140.4428,147.5014,156.4207,164.3375,177.885,188.1052,200.8593,209.2827,215.0036,218.2726,218.4347,220.0265,222.4247,226.2277,223.7302,224.5284,224.477,224.0742,223.4203,221.4875,221.1289,218.661,213.7181,213.7027,211.096,207.4497,211.8554,210.2211,211.4359,211.1321,218.1749,220.8438,220.4519,220.5677,225.1268,222.6123,225.1467,222.3303,222.0759,224.2064,225.3223,224.247,225.6817,222.2122,224.102,224.5722,221.6103,225.9129,224.3481,223.189,223.0044,222.5577,223.3713,224.4121,223.8421,223.6115,224.154,223.1916,225.2685,223.4218,222.529,217.7262,213.6236,208.1414,197.3226,190.0618,180.4211,164.4459,159.6952,146.3057,142.7449,134.6605,135.7675,134.3364
METER_013,2026-01-30,36.8274,34.5291,34.1267,34.2921,32.5555,32.7253,33.0646,30.5141,31.5697,31.4887,30.4991,31.5772,30.4646,31.8637,31.9001,30.5457,30.9682,33.1604,34.4237,35.4892,37.6193,37.1065,41.8388,43.4259,45.8758,47.6734,50.1906,53.1893,55.2638,53.9065,56.058,55.5715,55.1239,52.1728,49.7701,49.1701,47.3014,44.7119,39.8582,39.0173,38.9689,35.7025,34.303,33.6559,31.4493,31.3048,31.4633,31.2796,30.9828,30.863,30.6278,29.8392,32.2988,30.2767,31.8814,32.4688,33.3727,34.4154,35.1458,36.153,36.4006,38.6257,40.7117,43.1334,44.9443,49.4672,52.0507,56.9137,59.5302,63.5332,66.8691,70.3819,74.5349,76.8424,80.5961,82.1554,83.875,84.3431,86.0301,86.2477,85.2425,83.3182,78.5847,78.0533,74.948,71.6526,66.8238,63.1896,57.7982,54.6288,51.9571,49.3993,47.8969,43.5975,41.5882,39.2239
METER_014,2026-01-30,57.5509,56.1524,56.5561,55.7403,57.7249,57.0459,56.5939,58.415,57.9536,57.042,57.1978,55.8827,55.4771,55.473,57.7481,57.0529,57.0633,58.0402,56.3281,56.6024,58.0177,58.2239,58.4595,59.4893,60.5029,60.9493,64.1969,68.474,73.9563,81.1734,93.6084,104.0796,116.2749,127.9008,136.3679,142.6362,147.8612,151.3866,154.8149,154.5986,157.6826,156.9109,159.1719,159.1345,161.6266,162.7563,161.6273,162.1376,161.6834,164.065,163.652,163.8335,164.319,164.2141,164.4924,164.3452,165.0697,165.2036,163.7606,162.2626,162.3405,160.9339,161.1719,161.0447,159.1271,158.3764,157.6874,153.8005,150.1588,145.0533,138.1756,128.485,118.7574,105.6245,92.8668,83.5242,76.1486,68.5155,65.5926,63.5026,59.9735,59.7372,58.4514,58.7776,58.4757,57.0791,55.4957,57.939,57.6409,57.1699,56.5224,56.7072,56.9485,57.2553,58.4717,56.5779
METER_015,2026-01-30,120.9347,117.7206,115.6367,115.2029,112.6808,108.856,109.0739,108.0535,108.6764,107.5483,110.249,106.352,106.2692,103.7196,105.4676,104.7595,106.481,104.5778,103.9182,104.7374,106.243,104.2666,106.6793,107.1496,108.8733,106.3502,110.4416,111.6969,111.8264,113.7888,115.1492,118.25,118.3989,121.0996,123.6671,126.9699,128.6969,133.2769,134.5935,138.1004,141.5444,142.5048,148.0454,147.9749,153.9144,155.9687,158.6845,159.3172,164.1266,166.0652,167.9569,171.5102,171.2496,172.8369,175.7566,176.8201,177.7407,180.6221,180.8309,182.0101,181.6938,184.2244,187.3489,189.9819,186.5797,189.6074,189.7885,191.1726,191.6673,192.2157,193.5095,194.7933,192.2543,192.6085,190.1659,190.7211,188.688,185.4474,184.4674,181.1034,177.198,174.906,169.0108,168.5053,162.4036,159.9317,157.1279,151.7479,148.1187,143.481,139.0458,136.6972,130.0626,131.2994,128.3658,124.5958
METER_016,2026-01-30,178.0546,176.8012,178.9697,178.8097,180.4638,178.221,182.8438,180.3837,179.1502,183.0898,181.6587,182.7825,181.2896,182.8676,179.8793,181.4563,177.6604,180.8347,181.4046,185.8786,185.3867,190.9165,196.3348,206.6728,213.2292,230.082,244.2828,260.9822,273.8154,286.8946,296.508,305.6171,306.993,306.7703,307.3523,310.3387,312.6068,309.608,307.5059,311.5502,309.8305,305.4236,307.8615,302.2754,299.4728,296.5464,290.5387,292.1982,289.7476,287.7336,290.3515,295.2533,299.3411,303.0462,309.6302,300.7644,309.5906,308.1481,313.7892,308.5381,309.5474,311.3834,315.7595,308.6495,313.5866,307.0252,308.8008,310.5769,308.4955,314.4948,307.258,311.4224,308.1809,306.0553,310.7754,311.5168,309.707,310.6552,310.8007,312.2331,309.6406,308.059,304.4132,299.4435,293.321,287.4903,277.4318,260.7586,243.8998,227.0832,213.7561,201.044,191.8839,190.2249,191.9526,187.3697
METER_001,2026-01-31,45.689,42.0543,41.1986,40.1312,40.0638,38.4758,36.9218,37.2889,36.6105,37.3853,36.1016,34.7794,35.9584,36.9622,38.4432,37.1078,36.9102,39.94,39.8877,42.3928,42.7046,46.2693,48.5063,51.8355,55.7548,58.0958,63.1768,64.135,66.5912,67.0994,67.8455,67.2336,65.2881,64.4307,61.2916,59.4773,55.6023,51.5562,49.0676,45.4698,43.1496,40.8819,39.1895,39.1629,36.5008,37.7788,37.0916,36.6602,35.9585,35.8258,35.2177,36.3323,36.8151,36.8368,38.0205,38.7547,38.0505,39.4351,40.951,43.8551,43.9606,46.1337,49.4231,51.859,56.1351,59.1598,63.5023,70.0464,74.159,77.3359,83.6267,87.7618,92.931,96.253,101.9383,104.4498,104.8512,107.6811,107.3689,107.9518,104.8549,102.548,98.1004,96.5133,92.2978,86.7048,83.7722,79.0429,73.3539,68.9327,64.7857,60.2387,55.5015,52.5099,49.6466,46.1979
METER_002,2026-01-31,67.7658,66.6778,66.4988,68.6378,66.3882,67.0615,67.6769,67.799,67.4461,68.0714,68.3874,67.7342,68.4897,67.5011,68.5774,66.9865,68.4465,68.7327,67.9662,68.0826,69.231,67.9478,68.769,69.2744,69.7505,71.5698,72.1177,75.0138,75.5391,79.7257,83.1213,88.0046,94.1949,100.0419,104.4125,107.4565,108.8894,111.5686,112.3159,113.8001,113.4658,114.0225,115.3008,116.4082,113.5797,116.1556,115.9831,114.6426,115.9501,117.3164,115.9501,116.9619,115.8853,116.5463,115.7349,117.3357,115.8211,116.6778,116.5249,116.7292,115.2975,115.4864,113.6485,114.4883,115.8004,113.1524,111.1852,112.055,110.1518,108.0153,105.9807,100.0457,95.2246,91.4,85.3833,80.9914,77.0077,73.4784,72.7145,70.2848,69.5206,69.2163,67.459,68.3074,67.819,67.6907,68.2543,68.332,67.3224,66.6648,68.6777,70.0646,67.6434,67.3037,69.9599,67.9604
METER_003,2026-01-31,146.1455,142.5148,139.9854,138.5316,137.7889,133.5481,131.3488,131.2919,131.0972,128.0819,128.0526,127.2447,124.7442,127.0205,121.8954,125.3195,123.2213,125.0523,126.5194,127.7812,120.8423,126.1582,124.8738,128.6663,127.4302,128.6689,129.8628,131.5553,138.4563,135.1403,136.433,140.262,145.0109,144.9446,151.6038,153.0093,158.0646,158.665,161.4433,169.0855,172.566,175.037,179.8591,182.9949,187.0697,190.0768,194.2765,199.1097,201.0752,201.8963,206.4641,208.857,212.2704,213.3334,217.203,214.7005,222.7922,220.6891,222.2092,223.3402,228.1375,225.8134,229.2441,232.7879,233.6297,236.6008,236.7198,237.148,240.4336,240.4799,237.6492,239.2611,236.8404,237.9473,236.6134,235.078,232.9683,231.2515,226.6717,223.4271,221.7059,216.5118,211.9319,207.2314,201.3767,196.0204,189.2305,184.5088,181.7557,174.9633,170.8587,165.3796,162.3119,157.2191,153.5144,150.1269
METER_004,2026-01-31,117.5484,118.347,119.1857,119.1566,116.642,117.8886,118.3206,119.4554,118.2152,117.5518,116.6602,117.3677,116.4128,119.9346,117.3953,116.2949,117.8322,121.765,116.519,119.8226,119.4021,123.9734,128.9275,132.6561,138.6048,144.8025,155.9545,162.0974,169.4891,176.2957,179.2228,183.5815,183.6904,187.0645,187.6089,187.4836,188.8978,185.1021,187.7616,186.5661,188.0502,188.6792,184.2454,184.6097,181.8388,179.5037,177.0286,177.432,175.3672,178.1703,175.3734,179.3979,183.939,181.9739,185.6809,185.3056,186.1989,187.7895,185.8377,190.6697,186.9085,186.3984,186.7616,188.0201,189.7677,190.4274,189.5065,187.2688,187.8051,186.9245,187.658,189.2668,187.7801,187.6089,188.5373,186.8803,191.3126,187.8123,187.9459,187.2719,185.1062,186.093,185.5722,182.4058,180.4071,176.503,169.4236,159.8584,152.893,144.6488,139.4792,129.3033,125.7012,126.2603,121.8787,120.3664
METER_005,2026-01-31,34.5529,32.9688,31.1485,31.7147,30.5881,30.914,30.0189,29.2757,31.2549,27.666,29.0353,28.526,29.3838,29.3645,28.1794,30.265,30.2268,30.4506,32.4053,31.9547,34.3667,36.1172,36.8484,41.4568,43.6272,46.2572,48.515,51.0208,52.7073,54.506,54.1404,52.3054,53.3435,51.0136,48.8973,46.8047,42.2254,42.9485,38.4775,35.1703,34.2392,32.749,32.2797,30.985,30.8867,30.4219,31.0098,28.5539,28.6811,28.8652,30.2605,29.4543,30.2887,30.1248,29.7947,31.0254,29.7544,32.1773,31.8656,34.5196,36.1015,36.7072,39.418,42.3166,43.989,45.577,52.8012,54.0196,59.2265,63.3064,65.5531,70.6339,74.968,76.6582,79.2804,81.7253,85.0331,85.4117,84.9192,84.2806,84.8669,82.442,79.2436,76.8467,73.9569,70.1857,66.4824,61.7664,58.3763,53.0833,50.4935,46.4133,44.5042,41.8197,39.2061,36.6299
METER_006,2026-01-31,53.9574,52.9494,52.5487,51.8627,52.9061,51.8393,53.0992,51.9451,52.4973,52.8832,51.9825,53.2651,52.9544,53.2457,53.2181,51.3935,53.2263,53.8449,53.4567,53.1002,52.1156,52.6612,52.7228,54.1756,54.1165,54.5754,53.9285,57.5423,59.9088,61.1123,64.9161,70.166,74.5825,77.8503,80.6704,82.8786,83.8184,85.4589,87.9123,86.6666,87.912,87.8347,89.9414,86.7151,89.8091,90.0123,88.8433,89.9286,92.1173,91.2769,90.7989,88.2061,90.5548,90.9504,89.7464,91.3682,89.9377,88.4003,91.0217,90.675,90.4851,89.8661,90.0229,90.6665,88.7345,87.9941,86.3556,86.7482,86.6544,83.1974,80.8899,77.2785,73.6469,69.2854,65.1049,61.6812,60.2303,58.2401,56.556,53.6133,55.0856,53.7853,54.0901,53.7948,53.287,52.8278,53.6803,53.0462,52.7922,52.9335,53.0037,53.8661,50.5894,52.9624,52.7212,52.1697
METER_007,2026-01-31,108.176,108.5831,105.7976,104.2114,103.5596,99.9313,101.2199,99.2072,99.2391,97.2191,96.7298,95.5104,95.0887,95.1828,94.5593,95.9946,94.8293,93.7451,96.5329,96.1805,94.3965,95.3018,97.1592,96.027,97.5392,97.9186,100.7836,100.7307,102.6576,104.2451,105.2386,106.9955,109.3146,111.9933,113.6433,119.3024,119.197,122.5226,124.7185,127.8712,128.9272,134.9698,135.5147,137.7338,141.3505,144.1129,150.0034,150.5729,153.7748,153.1315,155.1896,158.9205,161.6108,160.1129,166.3232,165.4122,166.6649,166.7033,170.0718,172.05,172.4792,173.493,174.7759,175.3188,177.1973,178.1922,178.6667,179.5823,180.752,181.7056,184.9203,182.5227,180.503,179.4188,178.8096,179.1384,176.643,173.2969,171.7875,169.0892,165.9809,163.3867,162.0576,156.6899,151.2902,147.3911,146.0711,140.7362,138.9022,134.3332,128.8626,126.8762,123.6866,118.2861,119.6784,113.983
METER_008,2026-01-31,165.8757,167.592,162.5552,166.2997,168.889,162.4482,165.0296,162.8812,167.6678,166.1394,163.2466,162.6739,162.7522,161.0812,164.0682,165.436,165.2998,169.2192,167.659,165.5645,166.8363,174.1419,179.5468,183.769,191.1304,199.4343,213.721,222.8686,237.2771,242.5708,252.3937,254.9211,257.2294,263.0448,261.6748,262.1382,259.6525,260.786,259.359,259.935,260.7934,256.6692,259.5205,255.6916,257.1325,251.6846,246.4968,245.4565,244.1846,247.3243,248.6249,248.2314,254.1633,259.5361,257.031,257.6354,262.3538,263.9231,259.3363,259.9741,263.6528,263.8131,264.7354,264.6045,265.1455,261.8509,261.4497,262.6636,265.5167,262.7305,265.5039,265.7132,259.6078,264.6193,262.5957,261.8254,262.4339,262.9623,262.7384,264.054,259.8164,259.9717,258.2206,256.8055,254.2899,243.8674,242.2105,225.147,213.6446,203.247,190.4252,183.7594,174.7163,170.6201,171.2846,170.3915
METER_009,2026-01-31,50.5275,48.4965,47.4542,45.9559,43.3726,42.4302,41.5872,41.0723,41.3,40.4461,40.9864,41.4215,41.7197,41.258,41.5104,42.5688,42.9878,44.3173,46.0435,47.0292,49.964,50.7879,56.2787,57.5347,60.2781,66.5221,71.8642,71.9488,75.7402,77.0725,77.082,76.5697,74.5314,72.9224,69.9462,65.0119,62.98,58.7862,54.7724,52.7194,48.9844,47.8699,45.0069,42.1039,43.8756,42.2544,42.989,42.1665,42.0489,40.9674,40.3947,42.3704,40.4227,43.3929,43.1025,42.769,43.9812,44.4345,46.9139,48.1982,49.7119,54.2739,55.2397,60.4302,63.7794,68.4058,71.995,76.9392,82.4782,88.4297,92.3156,99.8559,103.1232,109.1857,112.9829,116.4401,118.9956,120.7776,120.5548,119.5874,119.0172,116.8724,113.7818,107.3739,104.637,99.1744,94.333,86.4771,82.1964,77.7701,72.6053,66.1184,63.7937,59.7203,55.0185,53.1892
METER_010,2026-01-31,74.5312,74.2635,73.9795,72.5553,72.3742,74.7829,74.7063,73.7377,73.3582,75.3056,73.2501,75.064,74.4363,73.4519,73.2314,76.5365,74.2429,72.4324,75.1627,74.1031,75.7377,76.4433,74.4587,75.6314,75.0115,76.2259,76.8886,79.3057,81.5381,86.3326,92.4239,97.1285,105.098,107.4301,112.9078,116.9184,120.566,121.284,122.7713,123.7722,125.55,124.1459,124.7712,125.7052,126.1972,127.6144,127.3756,126.2212,127.134,126.7265,127.1499,126.1468,127.2269,128.1962,126.7062,126.5174,126.743,127.3974,127.182,126.1515,126.4558,128.241,126.58,123.8714,125.5957,125.0908,122.8653,122.0548,120.2816,117.3343,115.2848,111.0373,104.1559,98.8766,92.5625,87.4948,83.6152,81.0402,78.4996,75.5289,75.6974,77.0973,75.3293,75.5949,74.7359,76.0484,73.9249,73.5656,75.1503,75.176,76.1985,74.2132,74.1832,74.709,73.996,74.4199
METER_011,2026-01-31,86.5099,85.2029,82.4878,82.8016,80.4529,78.2987,77.9191,77.0128,78.4022,75.8344,74.1199,74.7883,75.3924,74.3664,73.7414,73.4631,73.824,73.4612,75.1757,74.4863,74.7284,74.9206,76.7045,75.4908,78.298,76.1081,79.2756,78.7791,78.9236,82.1672,81.339,83.1877,84.7181,86.2516,90.2391,90.5393,93.8392,96.8073,98.4206,100.5277,102.0027,106.0095,107.2494,110.7331,112.2266,113.5591,114.8507,118.878,118.0443,120.329,123.353,124.8381,126.1458,128.2551,128.5202,130.4218,131.6707,132.8218,134.9723,133.9722,135.9407,135.0878,137.6777,138.5902,140.1439,140.2322,140.2428,140.9808,141.6316,142.4412,141.4484,143.5211,141.5596,140.8143,139.7419,141.6339,139.0653,136.2468,134.7616,132.7636,131.1056,128.772,125.4061,123.3709,119.1389,118.3761,113.8648,111.5749,107.9685,104.7413,102.9532,100.1309,96.4948,93.7442,90.6488,87.9579
METER_012,2026-01-31,125.3054,127.2743,125.9124,125.9038,128.5662,125.3772,129.5741,129.5913,128.8805,126.7606,127.9954,126.4434,127.3847,127.5232,126.1301,127.1108,130.7485,129.6348,129.1241,127.3475,130.653,134.9451,135.3406,140.4571,146.7992,156.7943,163.9613,174.8979,184.3961,190.9564,193.9838,197.7488,201.3291,200.8178,203.2637,201.0035,203.3909,200.9263,203.4941,201.9326,201.5009,200.0897,201.1934,200.9907,195.2419,196.0168,193.6547,189.1925,189.9039,192.0079,189.9194,195.7299,195.2327,199.4961,200.6662,200.4536,202.9573,201.386,200.8575,201.9598,204.2481,204.8022,204.64,202.6856,202.5334,200.6933,202.1224,204.5571,206.533,204.2279,204.0745,204.0216,202.1308,203.2171,201.8744,203.2666,202.8613,204.8532,201.914,203.7957,202.5087,199.9904,199.8324,198.4951,194.1733,189.9299,180.6724,173.9548,166.1959,154.3233,148.5924,139.8434,136.5526,133.8623,133.6606,129.2126
METER_013,2026-01-31,36.248,36.3928,33.2651,35.3519,32.1673,32.5357,30.8793,31.7329,31.5286,32.8262,30.5837,31.2697,31.5518,32.2976,31.7542,31.3219,32.9191,32.6534,32.978,35.3973,37.9555,40.2096,40.6378,44.8225,46.4628,50.5636,52.264,54.6193,56.8761,57.3555,55.7802,56.2404,56.7301,53.7468,51.9195,48.5469,45.3676,43.6132,41.0375,38.7488,37.9522,35.0495,34.6885,32.9733,32.2489,31.3187,31.26,29.6537,30.6577,30.8717,30.59,29.8708,28.8587,31.1547,31.771,31.0434,32.3578,31.8291,34.837,35.8542,37.3314,39.315,40.3039,44.3568,47.1322,51.1859,54.1097,56.631,61.5135,67.4629,69.8838,73.4955,77.1299,81.9238,86.0045,88.0485,88.7191,89.8598,90.1119,90.7303,88.0669,86.9912,83.1279,82.0496,77.9453,74.5156,68.6508,65.1264,62.319,56.4562,54.014,49.066,47.3414,44.3594,43.9514,40.2331
METER_014,2026-01-31,56.6778,58.1911,57.8073,57.9502,56.8263,57.2519,58.3639,57.2321,56.0392,56.7071,58.0579,57.1579,57.4462,58.3095,57.6926,57.8328,57.6079,57.6138,57.1557,57.9068,57.8717,57.4957,57.6718,58.0914,59.4388,59.7989,59.9562,64.2953,64.4576,67.136,71.1963,74.9645,80.6639,85.779,88.2701,89.331,93.9754,92.641,95.0385,95.6458,94.8225,96.1438,96.416,97.8453,98.0493,96.7658,98.1037,98.3331,98.2063,99.2441,99.382,98.4296,99.9996,98.8742,100.7502,98.5471,97.3649,98.0217,99.5331,97.6201,98.7235,98.3936,98.7054,96.9629,97.9522,94.9119,96.8294,94.3788,92.8501,92.4085,88.8697,85.4656,81.1732,75.0769,73.0807,68.5184,64.1922,61.7197,61.1272,59.9657,58.1269,58.316,58.0904,57.1508,57.7317,58.3735,57.8334,58.5038,56.5969,57.6501,56.5362,57.2493,56.9109,57.3565,58.1323,57.1877
METER_015,2026-01-31,124.063,122.3531,121.0259,115.5305,119.2991,115.5156,114.7226,111.4153,111.6811,110.1713,107.9759,107.5408,105.6775,107.5317,109.281,108.1982,108.7649,105.8406,106.8837,108.053,107.5352,108.1031,108.2183,109.428,108.5508,112.346,113.7056,114.2242,116.5108,116.3351,118.0518,122.1692,122.0998,124.513,128.3677,131.4459,131.6318,140.299,142.656,142.7446,148.6925,151.2276,152.2102,158.336,158.887,162.1368,164.7425,167.3349,173.4482,176.1661,177.3139,178.9009,180.6215,182.5479,183.0158,185.5703,188.6067,191.2151,192.212,192.8084,194.1644,197.3704,194.594,200.1318,199.3854,202.7206,202.9531,204.5512,204.7831,205.32,204.1436,208.4959,203.4242,206.2354,203.1054,201.6445,200.9547,199.1243,195.7538,193.1687,186.5618,185.3926,181.3997,178.1404,174.8832,167.3582,163.0371,157.7913,154.0974,151.5001,145.5187,142.531,137.868,135.3682,133.7927,129.6263
METER_016,2026-01-31,187.7982,183.2451,179.4599,183.8755,189.2635,183.3936,184.0394,181.5396,184.2856,184.0716,184.3795,180.9461,184.8277,182.6988,181.7407,183.0751,184.0757,181.8415,184.845,186.3849,182.8434,189.6276,200.7975,201.6659,210.2314,221.1841,238.0318,246.2475,261.9985,270.1471,279.8117,282.4809,286.2282,286.2682,289.2703,285.9326,289.1246,290.2552,294.9062,291.3215,292.4641,290.8507,287.4793,282.6734,281.0507,276.8019,276.6973,273.5968,277.6551,271.9815,275.5335,280.8914,279.4184,281.5589,291.4115,288.7119,293.4894,287.286,291.1056,293.0444,294.243,291.6058,291.5778,291.8676,290.7764,292.2829,291.1814,293.6388,292.4518,291.9113,287.82,291.4007,289.267,291.8085,289.2069,292.5889,288.9599,288.9127,291.4451,290.2771,294.62,290.946,285.7776,284.8203,276.8178,268.9086,260.2696,247.1828,237.5162,224.1366,212.3687,202.1158,194.0993,192.5208,184.9459,182.8992
METER_001,2026-02-01,45.79,42.3397,42.8903,41.8486,41.1682,37.6177,39.4472,38.5453,37.4466,36.9983,36.8282,36.5168,36.5489,38.3674,38.5184,37.8772,40.8456,39.3486,41.6955,42.7511,45.8298,46.3521,49.2539,52.6845,54.8426,59.5895,61.8148,65.3475,66.8021,69.6596,69.3936,68.0592,66.5305,66.4235,61.6252,60.5731,55.8626,52.336,49.9399,46.6948,43.854,42.18,40.0542,40.5318,40.0086,38.5169,37.4597,37.4853,36.9875,37.4243,38.0757,37.5853,37.3008,36.8364,38.1269,38.8489,40.3628,40.0862,41.2444,44.0261,45.8348,46.5497,50.6772,52.7387,57.2215,59.9643,65.234,70.3895,75.8803,79.4051,83.8422,89.7288,94.1531,97.1332,101.7903,104.2191,105.5881,108.4108,109.833,107.6613,107.5391,106.3828,103.2674,98.2749,94.5881,88.3307,83.0613,79.5442,75.6207,70.111,65.3153,61.1604,56.5482,53.9056,50.5241,46.3201
METER_002,2026-02-01,68.1852,68.0729,69.6277,70.2683,69.4532,69.0627,69.4925,69.2919,67.6043,70.0434,69.0379,68.3624,69.4028,68.1109,69.7131,70.4372,69.9797,69.3247,68.8037,69.3763,67.9877,70.0945,69.7618,68.6215,70.1975,70.0418,73.1706,74.5398,77.7345,80.3321,86.4227,90.6819,96.561,101.0695,105.5454,110.1503,110.4475,113.2225,114.4305,114.7521,116.3949,116.2667,115.8943,117.6805,117.5447,117.3617,116.6532,116.9581,119.4656,118.7818,119.2876,118.9692,119.1461,118.6723,119.441,118.3114,120.9968,119.109,117.5971,117.9483,119.7633,118.0049,119.6328,117.3773,116.3549,115.3407,115.4003,113.7912,112.2986,111.1649,107.4329,101.7749,97.4193,92.3752,86.677,81.8204,77.9109,76.3454,73.2347,72.0237,71.7358,70.1597,71.367,70.2316,70.1391,69.101,69.153,70.9887,69.8039,69.8272,69.1293,67.9325,69.1938,69.8171,69.4391,68.0376
METER_003,2026-02-01,145.8662,142.3588,139.9129,137.5281,135.9552,133.6325,133.2815,132.6527,131.2363,127.9286,127.1996,125.6568,128.1394,126.0397,124.8778,126.6586,124.9581,127.8736,123.0367,124.8483,124.845,128.3744,126.338,127.3676,128.8228,130.4781,131.1853,133.4543,135.4164,137.7185,141.2968,141.4427,142.791,147.3469,150.601,154.1177,156.6356,162.9322,165.1816,168.2214,174.6458,178.0516,179.6448,184.8665,187.0712,191.4409,199.0884,197.9389,201.8377,203.7852,208.6151,209.7353,211.8973,216.8863,216.6493,219.7164,219.5381,223.4823,222.3018,225.2626,227.4468,230.7079,233.7628,232.0683,232.4164,233.0527,236.6749,238.3888,240.6989,241.317,240.421,239.1996,239.9869,238.6258,237.5006,234.328,232.4412,231.1247,227.7071,222.943,219.9857,214.3337,213.2648,209.4982,201.8415,197.1874,191.8886,185.8616,182.5532,177.6452,172.2018,167.6178,160.6048,157.2885,151.6097,149.6113
METER_004,2026-02-01,115.7551,116.5044,113.5215,118.6243,118.2936,117.3685,116.3093,115.6708,115.7937,118.3368,115.1652,116.9138,113.342,114.2903,114.4336,116.0279,116.7317,117.7419,117.8483,121.247,118.0357,121.6831,122.0542,127.6226,133.1064,142.1805,151.2657,157.9649,167.3548,172.9182,177.5015,179.4158,180.6933,183.7866,183.07,183.3798,185.5726,185.728,185.7479,186.0994,186.993,183.265,181.7641,182.1058,178.6836,177.1321,176.5453,173.805,174.5751,172.8575,176.1592,178.6614,180.3986,182.3234,182.4875,184.0783,184.3362,187.372,184.0213,185.0414,183.1125,184.5229,185.3031,187.2516,184.7379,184.6462,184.4366,183.8781,187.0574,184.9544,183.2394,184.5694,186.2962,186.0086,187.6055,184.9831,186.6393,186.1384,182.8766,184.042,183.0317,181.7612,182.0201,179.3813,176.0456,172.5501,165.8282,157.2505,152.6397,144.1036,133.8455,127.4607,124.6322,120.6959,119.4705,120.0974
METER_005,2026-02-01,35.3516,31.9207,32.436,31.3528,28.0577,28.6955,30.1108,30.8432,27.3169,30.0707,29.7012,27.4946,27.1475,28.7695,29.024,28.5412,28.7241,30.0078,30.0414,31.332,34.8658,37.0813,38.1489,40.8218,42.1291,45.0517,48.1886,50.1197,51.4829,52.8651,54.741,52.4887,52.6602,50.1446,48.8699,45.6658,43.1436,40.6433,37.8929,36.3699,34.0001,32.2885,31.8703,30.478,30.8226,29.0187,29.0713,27.1824,28.62,28.7422,27.5797,28.0456,29.2734,29.3642,28.5508,28.3921,28.7996,31.5737,33.5005,33.8137,33.6379,35.1449,37.0104,41.2671,43.258,46.7465,51.1931,54.751,57.6835,61.019,64.9587,67.4187,72.0949,76.5694,79.1802,78.8172,82.9291,84.2196,83.5947,84.3571,80.1623,79.3962,78.7207,74.0681,73.7091,68.2477,63.8389,60.8193,57.3705,53.8227,50.105,45.2633,44.0581,39.5367,39.0169,36.774
METER_006,2026-02-01,50.753,52.5639,51.4745,53.8182,53.3279,53.1111,51.4723,51.6306,52.5216,52.6828,52.6618,54.8897,54.2571,52.0832,51.9435,52.3744,53.6231,52.2951,52.7017,52.4309,53.0988,52.4734,52.6829,53.3523,53.8259,54.3602,54.8193,56.4904,59.2222,63.8508,64.6528,67.1203,72.9268,75.6225,80.0734,83.2736,84.9933,84.2612,87.9997,86.6407,86.4788,89.1106,89.1169,87.3658,88.5684,88.2637,88.6243,88.4523,88.7509,90.1037,89.0006,91.4566,91.1177,91.7395,89.8152,89.7906,90.5416,90.1382,89.1839,90.8211,89.5471,88.3774,89.7432,89.8221,89.5496,88.963,86.9986,86.6582,84.838,83.8351,79.9483,77.2464,74.3225,69.1563,65.594,63.5811,57.2926,57.1214,55.8248,53.9095,53.7831,53.1665,52.5794,53.8014,51.5193,51.6689,51.3056,53.9717,53.2578,51.8159,52.7616,52.471,53.1884,53.6706,52.4239,52.6827
METER_007,2026-02-01,112.6763,112.4025,108.4717,107.0486,105.0582,101.9751,101.053,102.5203,99.1725,98.8064,98.7635,98.8967,95.9246,94.5198,97.8879,95.7906,94.7169,96.0694,95.6411,97.2329,95.0203,96.1496,95.0838,98.4826,100.3177,101.9255,99.7266,101.7658,102.8797,106.2006,107.2025,108.2939,109.6004,114.1273,116.0037,117.0955,121.196,123.5751,123.9243,129.3257,133.4786,135.723,138.806,140.1794,144.5401,149.1491,147.955,150.7309,155.181,157.2525,160.0932,162.1601,161.2551,164.4094,166.2093,169.4253,167.3694,172.2025,174.4217,171.852,175.3667,177.1386,177.7932,176.4806,179.9011,181.2031,181.6681,184.3938,184.2861,185.4759,184.3163,182.5138,184.513,181.834,182.5062,180.4767,180.6766,175.4121,176.6847,171.406,170.4074,165.4542,163.0465,159.1939,154.4956,151.2076,147.7442,143.8796,139.4596,134.3211,130.2115,128.1579,123.493,122.0735,117.9202,116.7991
METER_008,2026-02-01,167.5931,167.878,169.1467,168.7583,169.6359,167.7312,170.4821,168.97,166.1873,170.9161,167.3037,168.95,170.8276,170.4071,169.3214,166.1661,172.2954,172.9244,171.2401,168.9231,174.189,174.861,181.0551,185.9373,194.7388,207.991,218.9955,231.4707,242.8206,251.8326,257.2429,261.4423,264.4228,264.5167,268.0549,266.5081,265.3558,270.857,267.5793,267.9975,265.4132,266.5192,263.976,263.6776,259.4433,257.6536,256.9908,256.0438,255.313,252.6249,253.5755,256.8589,257.9606,259.9751,262.3116,265.799,268.6998,267.7598,269.1917,268.8234,269.5087,267.3438,266.7866,269.9882,268.6534,269.0609,268.9607,268.2632,269.8544,268.2086,269.9312,270.4944,270.484,267.8305,270.5358,268.1521,266.9998,269.7763,265.0496,268.9774,266.0334,264.5333,263.4256,260.3818,256.5575,249.6453,243.4437,233.4076,216.2698,206.9377,196.4038,185.7965,180.1951,174.4408,173.9526,171.5661
METER_009,2026-02-01,51.1741,48.641,48.3407,46.7783,44.2236,44.3094,43.0135,43.4945,42.2869,41.6712,40.8377,41.4603,40.0546,41.9459,42.2589,43.4783,42.4479,45.0068,45.3775,48.0452,48.9081,52.8758,56.6045,59.5348,62.7297,65.6246,70.6043,73.0674,76.2743,76.0937,75.7018,77.629,75.777,74.4781,68.5806,66.1841,63.1406,60.3478,55.3198,52.1063,50.783,47.5106,46.6575,44.1387,41.9184,42.7031,41.5621,42.4002,40.1702,40.8165,41.087,40.7722,42.2283,41.7824,42.4445,44.0167,44.6344,45.5042,46.1249,48.0483,49.4507,51.5801,57.1699,59.1134,65.1316,68.5548,72.6174,78.9989,83.486,88.9507,94.1267,100.1743,107.3021,109.1874,113.9794,118.3108,117.8365,121.8616,121.7966,120.5767,119.27,116.4077,113.6502,110.8229,105.3705,98.6437,94.4626,89.109,84.1445,78.8536,73.6329,69.5536,63.7198,60.5476,56.8733,53.0685
METER_010,2026-02-01,71.4578,73.7998,73.1788,74.1846,73.1701,74.7909,72.4191,73.4367,73.6584,71.0969,74.1239,72.1916,73.7493,73.7877,74.8237,72.8296,73.7532,74.3391,73.7963,72.8371,73.3048,75.08,73.9027,74.6769,74.7784,75.1303,77.3771,79.5111,81.7651,86.0875,88.7903,96.2566,102.7667,108.118,112.9107,116.3157,118.988,120.4772,122.0111,124.4806,122.5419,122.873,124.4164,123.1954,123.9858,124.9411,124.2189,126.9808,126.4893,125.8355,126.9022,125.4919,125.7579,125.1929,124.9315,125.3983,125.6299,125.1438,125.4779,125.1406,125.2768,124.6422,124.4444,125.0488,122.9033,124.0077,121.5805,122.3295,118.4382,119.0032,112.3303,110.0706,103.5915,96.0462,92.7425,86.9206,81.1909,79.3936,77.2163,75.3604,74.637,74.6193,75.1865,73.8509,74.4032,73.505,73.2947,74.8354,72.3848,74.7784,72.0385,73.8101,74.6703,74.4682,73.4622,73.4398
METER_011,2026-02-01,85.1185,83.3693,82.0423,80.3115,78.7583,77.513,75.3444,76.181,75.7853,74.4919,74.1579,72.7576,73.598,72.8492,72.0104,72.1202,71.6722,75.0324,74.2535,72.374,72.9947,72.2864,73.0838,72.9213,75.5133,75.8605,75.4238,76.7591,79.1891,79.8754,82.4288,82.9443,83.5787,84.4646,88.2147,89.0404,92.5371,94.7163,95.679,98.4086,99.5573,102.6808,105.0605,106.7043,110.1534,112.3568,114.0973,116.9347,116.3545,119.198,121.0734,122.3522,123.5484,125.9042,126.2815,127.4594,129.6942,129.0357,129.7737,130.1387,132.5951,133.3773,135.2813,136.3618,136.3929,136.4569,137.2722,138.8787,138.8319,139.145,140.6989,139.6235,139.2941,139.3978,138.3916,137.0155,136.8,134.2472,133.0502,130.1263,128.4649,126.6046,123.4491,120.0464,118.6954,113.4073,110.9194,108.8398,104.9707,102.6514,100.9694,95.8825,94.1868,93.7235,90.0076,87.0839
METER_012,2026-02-01,127.9221,127.6887,127.4252,126.2518,125.9752,125.4094,127.5732,127.2628,127.7668,124.7453,124.3658,127.8262,125.7386,127.325,126.8941,126.056,125.8723,126.4215,128.0785,128.9747,129.9371,131.7184,134.669,137.8267,146.7716,154.5262,164.0676,172.8172,180.796,188.1071,194.6339,197.2379,197.5357,196.349,197.4973,202.2984,200.6608,200.8288,202.2921,202.7722,201.1545,202.2038,196.8628,195.6539,194.7962,191.072,190.0751,189.9589,187.4813,187.3002,186.9281,192.8249,192.313,194.6429,199.2442,199.5755,196.9168,200.2529,200.2338,197.8272,203.5933,201.4336,197.8332,202.6206,202.8434,199.6089,199.308,201.6195,200.5255,201.4587,202.4415,199.8455,199.4369,199.46,200.9209,201.1134,201.0179,200.7136,200.7438,198.2067,200.3434,198.4915,198.4574,193.9532,192.4266,188.1177,180.3443,174.9189,164.0389,152.887,145.4831,141.5311,137.2929,132.6453,130.2144,129.1706
METER_013,2026-02-01,38.0259,36.076,35.5112,34.7157,32.8766,32.3932,30.2132,31.9151,30.417,30.745,33.1511,30.9646,31.8629,31.4421,32.4624,32.7006,33.0891,33.147,34.6172,35.3712,37.4314,38.9503,40.8853,44.6146,46.2604,48.4633,52.6014,55.006,55.4154,57.7193,57.2274,56.9521,56.194,55.5939,52.7345,48.1896,48.1853,44.7715,42.1455,38.7656,36.7525,36.2532,33.572,34.4759,31.7177,30.913,30.1964,30.809,31.9654,29.0588,30.5178,31.4768,30.8102,32.7633,32.0473,32.4717,34.0639,32.7313,34.5311,35.5721,38.7605,39.4068,42.0526,44.7708,46.5588,51.7053,53.9184,58.24,61.7794,66.127,69.6957,73.7594,79.4479,81.9851,85.8631,88.0518,91.102,92.0127,91.34,92.0095,90.5865,87.7363,85.5223,81.9473,78.6607,74.1298,71.5737,67.7807,63.2293,58.4183,54.5097,51.1493,47.9572,43.8784,42.4471,38.65
METER_014,2026-02-01,59.648,58.5968,60.0063,59.5519,58.5428,58.7131,57.6491,57.9728,57.9766,58.3344,58.7509,59.428,57.843,58.3027,56.5438,59.3907,59.8724,59.4443,60.1282,58.2387,58.7011,57.7873,59.0846,60.1761,60.4313,61.0843,62.1761,63.4596,65.8069,68.8012,72.5337,77.4999,83.2507,86.1384,90.5145,92.4222,95.7948,95.5963,96.2858,97.1978,98.7921,98.7345,98.757,99.6142,99.8642,99.2204,100.7943,101.2779,101.7386,100.0301,100.8974,101.4738,100.3657,102.2142,100.5748,100.3906,99.4985,101.6152,101.3458,100.9912,100.8627,100.5088,98.9989,98.8495,99.7919,99.0351,97.9253,95.6293,96.2328,92.9822,91.1626,87.2668,82.9307,78.3342,71.8935,69.0045,65.0385,65.0693,61.2887,59.726,59.7883,60.0357,59.3435,59.3336,59.909,59.0593,59.4357,58.9887,58.7368,56.7937,59.3456,59.4477,59.2108,58.6615,58.8197,59.4669
METER_015,2026-02-01,126.8199,125.0274,121.5025,121.0899,118.6283,117.0979,113.4067,114.5105,113.9797,110.7189,109.6421,109.6483,109.221,110.5885,109.3529,109.3559,107.7292,108.5889,109.5919,108.9399,110.2421,108.4021,110.4397,109.1746,113.3246,112.751,113.8839,115.0891,119.753,118.1293,120.1665,123.581,122.8487,126.3851,130.5206,132.8833,137.5249,139.5209,144.6082,144.5383,149.1176,153.5173,154.926,159.6866,163.2105,164.8694,170.9931,174.6915,174.0272,176.4875,180.71,181.3923,185.6152,185.3267,186.9773,189.4284,192.4618,192.6445,195.6912,193.9547,196.3975,198.4316,202.423,202.3524,202.1489,203.628,206.1754,207.3702,206.394,209.6913,207.4434,209.0776,209.1488,206.7731,206.1218,206.5317,202.3693,202.2146,197.328,196.5569,191.351,188.5115,185.7379,181.0174,175.7356,169.4429,166.8769,161.5442,157.0542,153.7781,146.9026,145.6442,140.0498,138.7347,135.4661,129.9858
METER_016,2026-02-01,178.1477,182.8,182.3504,183.5535,180.3501,183.5516,183.909,180.7415,182.9902,180.0174,180.3923,179.8319,181.6304,179.3728,180.2361,184.0331,182.3923,180.46,184.3007,186.633,185.7139,190.3109,192.0405,199.8788,210.9553,221.401,235.9297,253.6294,257.2014,269.4017,275.5568,282.757,282.8442,289.3052,289.9055,286.5836,290.636,286.0109,289.3209,290.5388,290.871,292.8139,284.5391,280.5408,278.1938,273.351,275.5724,275.0831,271.3093,272.3454,274.1565,276.489,279.3484,279.2761,286.5005,283.8086,285.0737,290.5193,289.428,287.1475,289.7147,286.168,289.9515,294.476,294.0652,289.6821,288.7874,286.0035,294.3351,288.0428,289.4479,292.6844,287.764,289.0917,292.41,290.2459,288.3824,288.709,288.7112,290.96,289.1577,281.2319,287.0682,279.8794,278.0564,268.639,259.8419,247.7472,236.827,222.418,211.5606,201.362,194.474,188.1196,191.8489,184.7575
METER_001,2026-02-02,44.7286,43.643,42.0342,40.9998,39.8854,39.1642,39.1286,38.9173,37.0924,39.491,39.1755,37.3077,37.8363,38.5124,38.2271,39.0777,38.5665,40.8588,41.5632,42.7026,45.5385,47.0543,49.0243,52.469,56.0369,58.8899,60.7774,64.3465,66.1012,66.8259,67.318,67.0631,65.4015,64.2921,61.7063,58.3891,54.74,52.9517,49.4766,46.7866,44.7182,42.3369,41.8418,40.3274,40.218,37.8913,38.5355,37.6287,37.7435,36.0912,37.8036,38.1013,37.1081,39.4815,41.1633,39.2649,39.7536,41.146,42.0046,43.4559,45.1715,48.0437,49.9551,51.3464,55.9059,60.4696,63.4715,67.0726,72.822,79.7079,83.0867,86.5506,91.3854,95.2762,98.8611,101.3847,102.6088,104.6178,106.1184,102.9538,102.5569,100.6546,99.1879,93.8867,90.1834,86.1575,81.8659,78.7846,73.2406,67.2914,63.4292,60.4701,57.3391,52.8003,50.2846,47.9087
METER_002,2026-02-02,70.9801,70.4584,70.1458,70.2106,70.4517,69.9427,68.7569,68.8058,69.6446,68.9338,70.4135,69.8037,70.8764,68.4845,70.4492,70.1643,69.0757,71.8469,69.884,70.446,69.5124,72.2384,72.9858,72.597,73.548,75.2656,77.9583,84.0725,90.6748,102.1473,113.0849,128.5836,142.3832,156.0697,167.0454,174.9811,182.1034,186.8728,189.1951,191.6415,193.1911,195.3892,194.7249,197.0973,196.1107,196.1199,198.5836,199.1293,200.4046,200.2693,200.433,200.8809,200.9171,200.3598,201.7288,201.5508,202.0982,202.0636,201.5992,200.4324,199.7448,198.5517,198.9045,197.3847,196.402,194.2788,190.4692,189.4728,184.8131,177.806,169.4093,158.5404,144.3533,130.3623,115.0566,103.0084,92.3973,83.545,78.9011,77.235,74.8507,73.5755,72.5759,69.9279,70.8171,70.6458,69.0093,69.7964,69.0395,70.1791,70.4938,70.1782,69.3476,70.0072,68.7031,70.5483
METER_003,2026-02-02,143.5312,138.5301,138.5287,134.4202,131.3874,129.246,128.6812,127.8452,126.9847,127.631,126.9005,123.1411,122.9772,124.0063,121.8856,123.1559,123.7085,123.3467,124.471,124.2647,123.7104,125.9576,123.8341,126.6023,127.075,129.5647,128.5992,130.4126,131.1818,134.1382,138.9435,137.9373,141.3888,142.5354,149.9968,150.5527,155.5134,155.5369,158.1827,162.8044,168.0799,171.2623,174.9294,176.3159,177.6551,184.786,185.8513,190.7464,195.3929,196.9122,199.0772,198.8949,203.4132,203.8953,207.1969,208.2898,211.0562,212.3512,212.0812,211.4285,217.7901,217.8754,219.165,223.7758,223.4631,224.1675,225.0021,226.8576,226.5417,227.4001,228.4439,231.0925,226.8833,227.2358,225.0965,222.4521,221.0433,219.4137,215.735,213.1104,209.6777,208.7046,202.4725,200.5883,193.4879,186.8389,182.5881,180.9165,173.9015,170.3882,163.4954,162.2989,157.4416,152.4664,150.0602,144.9299
METER_004,2026-02-02,117.1257,115.514,115.1779,113.5083,112.1405,114.3818,114.2351,114.5063,114.4154,112.9905,114.1479,112.6186,114.8079,114.7707,112.3913,116.4062,115.6677,114.4126,112.7716,118.1442,117.9435,116.6328,121.7105,128.4303,135.3874,147.8467,157.2085,164.3219,172.0454,181.4207,187.7081,191.4556,193.6437,193.6639,195.3937,197.1402,196.4472,197.199,197.1962,195.8709,195.7514,194.6867,194.7003,190.7976,187.003,186.6585,182.837,182.9773,184.0733,182.6231,184.1417,188.9665,189.0943,190.596,195.4989,193.8981,193.9507,196.1795,197.1632,193.5734,194.6836,196.0981,199.7367,195.6609,193.2058,196.6831,196.8445,193.6126,197.311,194.239,195.5112,195.8668,196.4431,196.4907,196.2635,196.3525,197.1829,197.5658,197.241,196.2532,196.0556,193.1098,191.1625,190.0967,187.6636,180.3029,175.2033,166.2775,155.6089,144.0476,138.7448,127.4447,124.4623,118.2366,118.3787,114.7797
METER_005,2026-02-02,33.507,32.9749,31.6131,30.8,29.2981,28.4205,28.8528,29.7376,28.5457,28.3415,28.8651,26.1982,28.9983,28.057,27.8537,29.6571,29.406,30.0112,31.1143,31.4627,32.9488,33.8922,35.8632,39.7966,41.6171,44.1941,46.3517,46.8352,49.7953,49.8812,49.9263,49.575,48.3473,47.4423,44.6731,42.0723,42.1744,38.9976,36.4832,34.3282,32.8942,31.2719,29.7239,29.959,29.1446,28.386,29.6033,27.5551,28.5064,28.3536,28.8386,28.0271,28.2751,28.0557,26.9858,29.9455,27.6173,31.0527,32.0696,31.5223,34.6596,35.2428,37.0376,38.8135,41.7665,44.4181,46.0686,48.5843,54.777,57.901,60.9839,65.3947,66.6134,71.1051,73.5536,75.6705,77.3025,77.5634,78.1281,77.1089,77.2861,75.9295,71.4076,69.2444,67.3378,64.0411,61.1461,58.4763,54.66,50.0609,47.0986,45.2761,41.5574,40.3968,37.7202,35.7286
METER_006,2026-02-02,53.8164,52.1195,52.4098,53.726,51.451,53.4425,54.587,53.4781,53.0378,52.3353,52.3405,53.1362,53.1295,54.3954,52.1586,53.8364,55.044,52.2429,53.4487,53.6262,53.2307,54.6448,55.3527,55.6759,55.6633,57.3651,60.1893,64.459,69.3585,76.4556,85.3689,97.0843,107.3678,118.1989,127.203,134.7654,138.4828,140.5991,144.5792,145.1931,147.4739,147.2598,150.5037,149.8801,150.1661,151.6363,150.2329,151.619,152.9531,152.8445,153.4543,153.2301,153.0993,153.9865,154.1306,154.6877,153.598,155.541,153.9532,152.6679,153.3154,151.2448,150.6051,149.818,150.3137,148.0372,145.9691,144.2757,139.9909,135.9597,129.4259,120.3802,110.6759,99.6397,87.4701,77.9036,70.6131,65.3012,60.4307,58.2984,55.9342,55.0225,56.5737,53.5679,55.8015,52.931,54.7125,53.8356,54.1148,53.8116,54.2841,52.5283,52.9127,54.0507,53.0242,53.1414
METER_007,2026-02-02,114.0508,112.2212,109.3669,108.8817,107.2564,104.9043,103.2701,103.2705,99.6744,101.586,101.8103,99.332,98.1932,98.7676,97.7883,97.7369,97.6297,97.2873,98.6921,99.1629,100.1644,99.5903,100.1131,101.0463,101.5614,101.5379,104.2254,103.4263,106.5206,106.9424,107.0049,110.1963,113.1536,115.521,117.0261,117.2652,122.6579,122.9405,127.8844,129.7969,132.4744,136.9243,138.4248,141.5291,141.6558,147.0718,148.8602,152.314,155.3014,155.3324,157.9206,159.1237,160.505,164.5174,162.258,165.9415,168.01,167.7853,169.8047,170.0374,173.3497,173.0735,175.9527,175.7675,178.0002,178.5574,179.2145,178.1467,180.7114,181.2894,181.1175,181.7377,181.0524,182.4042,179.5256,177.182,176.3853,175.1018,172.5706,168.9873,165.3579,161.8035,160.1246,157.864,156.1642,151.8126,144.0023,141.6172,137.2547,135.0857,132.356,129.5226,126.4986,122.4998,120.3211,115.9404
METER_008,2026-02-02,169.5485,169.7348,169.9722,172.0739,168.7016,173.1706,170.0866,171.6876,170.9151,170.8504,172.2152,170.6717,172.0102,172.1338,171.1994,172.9954,175.2525,169.6049,171.3645,174.6119,177.8846,180.6872,187.2219,196.4856,202.5051,219.1066,231.4318,247.7174,259.9723,272.7915,281.2897,285.3692,289.9181,291.8058,295.9053,293.7668,291.4144,293.5723,293.9722,294.4914,293.2666,293.6732,290.9773,284.2545,280.708,279.0851,275.717,271.2824,273.3342,270.1332,276.1964,280.8598,284.3221,287.0725,289.5236,291.0598,291.1492,291.2842,295.5355,292.4925,291.724,297.8126,296.5132,293.4969,291.8547,293.1148,293.9302,296.784,295.9377,295.1031,293.9262,292.1202,296.629,294.789,294.6215,295.4242,292.4381,296.4142,294.7191,291.6251,291.2187,291.2935,288.2465,284.8291,279.4223,273.2799,260.2576,251.1248,230.5648,219.2633,206.9151,191.0233,185.5682,177.3851,174.8216,174.6402
METER_009,2026-02-02,49.3733,47.1275,47.4982,44.1307,43.4605,42.9941,41.2584,41.3226,43.1242,40.353,39.6873,40.4372,41.8788,41.0892,41.5067,42.2274,43.1641,45.0917,45.7446,46.7937,47.8569,52.1593,53.4894,57.7114,60.9894,62.6099,65.6404,70.4549,70.7451,71.9594,72.2064,72.4428,73.048,69.2837,66.7612,62.9851,60.2216,56.6129,53.258,49.5447,48.8968,44.7037,45.8714,43.8201,42.1319,41.5284,41.1851,40.8423,39.8117,39.5818,39.8071,40.3366,40.7613,41.3583,41.341,43.914,43.0769,45.2831,45.19,47.1748,50.6519,51.9857,54.3625,57.3812,60.2162,65.185,69.9243,73.3461,79.0047,81.75,88.9007,95.5122,99.5795,102.1527,106.4532,110.8099,111.9905,112.8829,114.2427,112.9036,112.2813,110.4155,106.2178,104.3352,98.2848,94.7116,87.3702,83.8705,79.559,74.0205,68.3749,64.3392,60.8141,57.9837,53.5597,51.4001
METER_010,2026-02-02,72.1917,71.4545,70.2897,71.8979,71.458,72.3599,70.5716,71.867,71.8784,73.0808,72.1869,72.9825,71.5606,71.502,71.3183,72.2809,73.3909,72.9848,71.4981,72.3277,72.2698,74.1284,73.2434,74.2811,76.2042,77.0138,81.0419,87.3207,93.6433,103.1669,116.5761,131.768,145.8823,162.0651,172.8686,179.807,187.4711,192.389,194.5988,197.1002,198.7881,199.7203,199.3215,201.9142,202.1774,204.1132,204.3637,206.1942,206.027,205.8601,206.8429,206.7598,209.484,208.4827,208.5523,207.482,206.7063,207.4896,208.9594,206.8097,205.5135,204.9282,205.6973,203.8153,203.0767,199.3908,196.8977,194.3572,189.7759,182.981,176.3493,163.6645,147.894,134.2619,119.004,104.772,94.6949,87.6728,84.1112,78.0923,75.8055,74.1237,74.606,74.0207,72.0377,74.1651,72.6818,73.4868,71.8657,72.1951,71.6228,71.8324,72.1878,72.7424,70.5167,72.355
METER_011,2026-02-02,83.9918,80.3784,80.9502,78.36,77.7526,75.8625,76.5,75.2007,74.0691,72.6984,72.1651,73.8858,71.148,70.9702,71.0964,71.0706,71.0626,71.472,71.8313,71.3766,73.0486,73.2966,71.6467,72.8428,74.4278,73.4458,75.9386,77.0298,77.3348,78.8033,78.9209,79.9958,82.9882,82.0381,85.0776,85.7416,87.8663,90.7367,92.3704,95.1033,96.7202,99.0103,100.4362,102.5475,105.3411,107.7873,108.2415,111.7495,111.3754,113.8342,115.0771,115.9902,117.5186,119.8614,119.3762,120.0104,122.8675,122.8406,125.3266,124.7262,126.8743,128.9547,129.3033,128.6057,129.7274,130.1377,132.3559,131.1396,132.1407,133.573,133.1718,134.2403,133.3986,129.7564,130.2157,131.6151,128.3963,127.7419,124.7934,123.7148,122.4032,118.3499,116.5907,114.1306,113.5606,110.375,106.7988,104.92,101.0103,98.5535,95.9505,93.1579,92.0055,89.266,87.312,84.8439
METER_012,2026-02-02,128.4275,123.2435,125.1435,127.4862,128.6348,128.1206,127.7286,126.0027,128.3024,130.2037,125.2105,126.8691,126.3324,127.4435,127.2743,129.0004,129.3793,128.437,128.7721,131.6814,130.2316,135.4151,139.262,145.3599,154.619,160.8289,171.2119,185.326,192.8515,201.9889,206.9532,211.3201,215.3827,218.5271,218.3702,219.0469,222.4014,218.8178,222.017,217.3137,216.2012,218.9802,214.525,210.9108,211.7038,209.9141,207.1485,204.2466,202.7904,203.5756,204.8397,207.3053,209.9368,212.2524,212.8927,215.9794,217.8895,218.9092,216.2934,219.1846,218.0842,218.8855,219.729,220.0017,217.5521,218.5928,216.5832,219.2789,217.3494,220.4137,220.9206,220.5195,220.983,220.5352,217.5712,219.4679,221.5522,214.6624,220.7944,219.954,215.9833,215.7641,215.2419,211.9026,209.4495,200.4207,192.8827,185.8387,174.4492,161.6354,149.9871,144.5481,136.9189,134.0639,131.9367,131.2117
METER_013,2026-02-02,40.0956,37.0385,35.013,33.9576,32.7417,32.9401,32.0963,32.6071,32.1894,32.0802,31.2824,31.4797,31.9653,32.0037,31.7166,33.2975,31.5185,33.1208,36.6641,36.7208,37.7898,39.8448,40.6962,44.5782,45.2,48.5298,51.5669,53.8035,56.4422,56.1872,58.2437,56.038,55.4471,53.6185,52.3804,48.6338,48.2326,42.8369,41.8525,40.3938,35.6868,36.2737,35.4878,33.8051,32.1964,32.7319,32.4757,31.4413,30.5315,31.8067,31.0585,32.6817,31.1745,32.2914,33.0847,32.9236,33.4486,34.8248,35.4001,37.1103,37.7432,40.2912,41.6025,43.7913,46.8248,49.6913,52.7218,56.5393,60.0082,64.1573,69.3755,72.508,76.0106,79.9994,81.585,83.9571,85.7102,86.5289,87.2823,86.8655,85.3067,82.4734,81.4804,79.1164,75.9791,72.8815,68.3058,65.8526,60.882,57.7416,54.5644,49.3881,48.3107,43.9473,41.4792,39.2192
METER_014,2026-02-02,60.5567,58.4727,59.7455,59.9243,59.6232,59.8735,59.654,60.1306,59.2365,59.5336,60.9276,59.552,61.5177,60.5772,60.0568,59.7893,60.2131,60.3669,59.9067,60.8342,60.4119,60.7812,62.1204,62.2939,62.9669,64.7235,68.0297,70.5274,76.594,86.747,98.3866,109.1134,123.077,134.5417,143.1379,149.5857,156.1393,159.4049,161.957,163.5421,165.5193,167.6966,167.3428,167.1349,168.66,170.6958,170.6185,170.5602,169.2343,171.7757,173.4634,172.302,171.0961,173.3872,173.2381,172.1241,172.0054,173.1481,171.664,172.6321,172.9946,170.3047,170.3462,167.8239,167.9241,166.5528,163.9136,161.0894,157.5558,153.0369,147.3353,135.563,125.4096,110.3619,98.6522,86.3356,78.5909,71.9829,67.7156,65.144,63.8142,62.108,60.7791,61.5888,61.0859,60.8693,61.6541,60.9752,61.2956,61.3666,61.3814,60.3887,60.0268,59.6315,59.5052,59.6589
METER_015,2026-02-02,127.5817,122.3469,121.6321,119.0167,116.7314,116.3697,111.1723,113.4522,113.2061,111.6068,109.3059,109.3449,109.5528,107.9254,108.9952,108.4835,108.4501,107.4417,106.4201,109.447,108.0612,109.1223,108.759,108.8952,111.2178,114.027,112.1432,113.659,118.0557,119.8906,118.815,122.042,124.0063,125.8636,128.4939,130.9676,134.6291,136.2496,139.5792,143.3909,145.7413,148.3199,152.4722,154.2858,158.8608,159.0689,163.7476,166.963,170.6366,173.248,173.5515,175.2872,177.9672,179.4593,180.3688,183.0941,184.1987,186.264,187.0163,188.5628,193.8177,193.7613,192.9299,194.066,194.9187,197.5657,200.2964,198.4024,198.958,200.403,200.4839,198.7675,201.0606,199.7056,196.7856,197.3244,194.4942,191.7806,192.0567,188.5995,184.3468,182.0502,175.9648,173.4303,167.9663,164.4093,160.8878,156.5004,152.5946,147.9613,145.0222,143.2843,138.5613,135.0183,130.3167,126.086
METER_016,2026-02-02,180.0577,179.4749,179.8845,175.1475,179.8395,174.599,179.1975,177.949,176.5881,182.0013,176.7751,180.1051,174.1518,179.1774,178.7686,180.7166,183.5805,182.4943,183.5283,180.3269,184.2522,191.2859,194.0062,202.9892,213.3063,227.1781,241.9963,259.3689,271.5801,278.4917,292.6805,298.4594,299.0983,305.9906,305.889,304.9545,304.7,307.8717,309.6643,306.197,302.5052,305.4344,302.962,302.1695,299.6078,295.5797,285.7828,282.075,287.7445,285.4936,290.5152,294.084,297.6854,298.114,303.8349,304.0195,302.2587,303.3737,306.4156,306.3161,310.6679,307.4701,307.3803,309.0712,308.2116,310.1586,311.8193,308.8405,302.3515,309.1908,310.9043,308.4483,307.6523,309.6206,306.1492,305.9702,308.1606,305.5915,303.7739,309.9396,301.4867,307.3122,302.635,297.7096,290.4127,285.077,273.5357,258.1652,240.4281,225.3249,212.1375,204.0529,195.43,186.8409,184.0388,181.1471
METER_001,2026-02-03,46.2764,43.6366,42.0874,41.7395,40.9687,39.3236,38.881,40.0974,38.3817,39.7579,38.8104,37.9514,37.7107,38.084,39.1416,38.4223,38.9516,40.9294,40.9619,43.0722,44.949,48.3725,50.812,52.5692,56.5916,58.8891,61.949,64.7866,65.9991,67.6247,68.6483,66.5834,65.7543,65.6682,62.5368,58.9545,57.26,53.7389,49.7886,47.1858,45.8691,42.2161,42.5329,39.9223,38.9336,39.1184,39.2061,39.6535,36.7786,38.0971,39.3489,37.9693,39.2524,38.6518,39.3551,40.0207,40.4061,41.9268,42.6076,44.4351,45.7896,48.1341,50.648,53.2457,56.7635,58.8656,63.7125,68.7912,71.7145,77.9484,82.4804,87.0173,90.771,95.9092,99.6644,100.2732,104.3734,104.4429,105.9735,104.8653,104.5809,101.7457,99.3623,94.8921,92.0985,87.0714,81.4931,77.571,72.5481,67.4584,63.6739,60.3485,54.8874,52.3527,52.0534,47.6255
METER_002,2026-02-03,71.524,68.247,70.0387,69.5124,70.1098,69.3463,70.7845,69.657,68.5437,68.4145,69.5856,68.9597,69.1946,70.1474,67.4601,69.456,68.5208,67.4668,68.5965,70.1502,68.426,69.644,69.2996,71.1893,71.6446,74.4075,77.3289,83.2265,91.3083,98.9251,111.289,126.2455,140.2908,154.2902,165.4579,174.2985,178.7998,182.3275,185.9959,189.453,191.5914,190.2017,192.7222,193.1295,194.2644,196.011,197.4595,196.1524,198.4077,198.1471,199.42,198.7256,200.4379,199.6995,199.2421,199.0281,199.041,199.5241,197.9714,196.4715,198.2725,195.8476,195.7621,194.4858,193.5684,191.6546,189.1117,186.4488,182.5484,174.9267,169.0801,157.8011,143.0167,128.9499,113.2063,100.7289,91.8252,83.5182,78.6308,75.6504,73.6426,70.6197,70.7047,70.9658,71.045,69.9863,69.2525,69.7268,68.7336,69.0378,68.866,68.0918,68.9599,69.0317,68.0859,68.992
METER_003,2026-02-03,140.6928,136.9933,133.867,133.6914,132.5862,128.5445,125.7314,126.8541,125.3644,123.3087,126.3195,118.3739,120.6749,123.0042,121.1254,120.7302,121.8629,121.2799,120.5582,120.1927,124.014,121.1953,122.8641,122.7962,122.1255,125.9203,127.6808,128.8533,127.387,132.493,133.7495,135.0369,138.6413,139.7623,141.3263,146.6612,151.5367,152.8771,154.9845,159.9904,164.6874,167.1421,171.9878,175.1151,178.7878,180.8193,184.4257,183.4912,188.9765,190.9275,195.8693,195.1789,197.8838,196.6907,203.0967,204.4721,205.4351,205.3465,209.4828,210.8735,212.6455,215.5244,215.576,217.2785,217.4727,221.0953,219.8407,220.0211,222.9342,223.3645,222.8409,224.7027,222.8715,221.7303,219.3811,218.7808,218.3766,213.0427,211.6382,210.5438,208.2745,201.1225,198.0116,194.8144,188.3274,188.0967,179.784,176.4821,170.5338,164.9247,161.0537,158.9681,155.0785,150.2182,147.1044,142.7998
METER_004,2026-02-03,111.665,112.9345,113.56,113.0462,112.1263,111.9335,112.5935,112.4806,112.388,114.0162,112.7898,111.5089,109.4531,111.5589,114.2001,113.9974,112.0608,110.5695,113.915,117.4888,117.8809,119.6452,122.3978,127.8531,135.6434,143.883,153.8071,164.5406,174.081,180.1779,184.0881,188.2266,189.4569,194.0433,193.1598,192.3134,193.1443,195.4192,192.2959,194.604,193.2791,193.5016,189.6295,187.0838,188.0954,184.5712,183.6442,179.2642,180.826,181.6596,182.9524,184.6583,186.4222,191.1838,191.1831,193.654,194.2393,191.9905,193.6154,193.4425,194.3033,194.1584,195.1825,193.0137,194.5267,193.5781,194.6001,192.0661,193.1743,194.0267,196.1346,193.2782,195.0738,195.0742,193.5922,194.696,194.6832,193.8812,195.711,193.6981,190.9608,190.0927,190.5172,187.4971,185.0299,179.8559,173.2661,163.2302,154.3114,141.4411,135.082,125.8835,121.4478,120.2171,117.1781,114.4376
METER_005,2026-02-03,33.0258,32.2717,31.5938,31.073,30.341,29.161,28.3457,28.758,28.3761,27.5584,29.3784,27.7094,28.4192,28.4546,29.1414,28.2901,30.44,29.8296,30.3955,33.1282,33.6689,34.7885,37.1993,39.9706,41.3205,43.5282,46.2374,48.1357,47.5521,50.8367,50.7212,52.142,49.2514,47.6741,45.333,42.4722,42.9685,38.8097,37.5533,36.8963,34.1677,31.2684,31.5342,31.0158,30.4429,29.8748,28.9772,29.336,28.1554,28.0848,27.4706,29.4401,28.7008,29.2246,30.27,29.6161,30.5637,29.8864,31.5748,32.9117,32.5606,36.311,36.8468,40.7715,43.2782,44.6865,47.7173,50.5089,55.4441,56.7221,61.0479,65.0784,67.1019,70.973,72.8047,74.8635,76.6243,77.0247,77.4567,78.9598,76.9495,75.2331,74.0861,71.785,67.6482,65.6335,60.6905,58.3993,54.3888,51.598,48.3408,45.0901,42.6751,39.7982,37.3905,35.5821
METER_006,2026-02-03,54.2293,53.5099,54.3813,52.3527,55.6251,56.3811,54.4883,55.0718,54.1385,53.9909,54.3911,54.6304,55.4892,54.2451,55.2931,55.1663,54.5881,56.2537,55.7665,54.6859,54.2239,55.8845,55.6914,57.0027,58.1008,58.6169,62.5782,65.3107,71.0338,78.1622,88.186,98.7731,109.9122,121.1048,130.0907,136.9615,140.7483,145.0014,146.7755,148.6381,150.3068,151.4707,151.7365,155.6962,153.7007,154.4947,154.6126,157.0583,155.8281,154.9359,157.2293,156.3219,156.2462,157.261,157.7016,157.1764,158.2293,156.0342,156.5194,156.3848,156.7347,154.9881,153.5214,155.6685,152.7955,151.6203,150.8504,147.5762,143.798,138.3485,132.3518,123.473,113.074,101.8872,89.7549,80.0427,71.1537,67.1786,62.0949,59.1446,57.652,57.8974,55.5846,54.8387,55.7281,54.0436,56.0154,53.8742,54.9379,54.6447,54.7635,54.3165,54.3035,55.2338,55.3285,54.2005
METER_007,2026-02-03,115.68,111.6427,110.898,109.5713,106.9398,106.3273,106.3286,103.7606,102.6581,101.5389,101.5029,103.2879,101.6778,100.2063,98.6454,100.036,99.3097,97.3337,100.6796,98.9598,100.4059,100.7416,100.9294,100.2616,102.6406,103.4385,103.9052,106.6092,106.4936,108.1316,109.7604,111.2223,113.6222,115.1674,118.397,123.3262,122.3677,125.6278,130.7805,131.9489,134.723,137.5407,139.7836,142.5802,146.0272,146.6365,149.9295,154.2596,155.9446,156.9867,160.9084,159.3544,163.3889,166.6815,168.072,169.2493,170.5153,170.687,172.4694,173.4876,176.0122,176.0353,178.6812,178.1996,179.5596,182.1071,180.9022,183.9321,183.105,185.9138,183.7063,182.4005,182.1345,185.3427,184.6681,182.3417,180.9408,177.9491,175.2685,173.3598,169.9364,165.9206,164.0206,158.8474,154.5138,149.4557,147.6345,144.1222,140.8544,135.9512,131.7729,130.0732,126.1869,122.967,118.0858,117.9027
METER_008,2026-02-03,169.6404,166.0031,170.4818,169.1585,172.1623,168.1118,169.8665,166.732,169.137,170.423,170.3024,170.2467,171.9685,170.8856,174.1601,173.0012,171.0913,173.0235,169.4402,174.0381,176.1609,181.7198,185.5032,194.3455,204.6221,220.0803,233.8511,246.5933,262.9356,269.4373,277.3023,284.6354,287.9486,292.719,291.4715,291.5238,291.0304,291.9452,288.6753,293.5472,290.8276,289.7484,285.4677,287.7103,282.5113,278.5356,273.9011,274.452,272.3589,275.3992,276.197,278.2535,280.695,286.8003,284.9722,289.3764,291.1725,292.5104,294.0859,293.7846,294.3789,290.8383,292.9164,291.6844,292.348,292.1684,293.2126,292.0884,290.8781,293.0136,296.5725,291.1826,296.6029,293.6673,293.1671,290.7534,291.6366,291.6398,296.1511,289.9973,291.4833,291.7569,289.3475,281.3141,280.5436,274.8822,259.4678,250.1414,232.7881,214.7319,201.3116,191.9952,185.2116,177.2485,178.0117,170.0516
METER_009,2026-02-03,48.8484,46.4732,45.1222,44.6549,45.1586,41.2112,41.949,41.1451,42.0767,40.1756,40.5424,39.2867,40.5565,40.9837,41.2391,41.5806,42.1421,41.1964,43.6497,46.1788,47.3072,50.3494,53.5267,56.5852,60.1038,62.7921,66.6081,68.3918,70.1042,70.9688,72.0042,71.6466,69.3162,66.9268,65.4956,62.3405,59.9721,54.8383,53.9536,50.8183,48.4866,43.1406,43.2709,42.285,40.1877,39.5901,39.4525,40.146,40.1064,40.7446,39.1295,40.1155,41.2841,40.5805,42.6586,42.366,42.0713,44.5578,44.9695,45.6774,48.089,51.2679,54.375,56.422,58.4192,64.3183,67.8711,73.197,76.7806,83.5324,87.2037,91.1646,96.4449,100.8268,102.1816,105.2968,108.672,109.7383,110.85,110.5867,109.4748,107.381,104.4679,101.3444,96.552,92.4554,86.0342,81.5933,76.3621,72.1511,67.8159,63.3336,59.4639,55.9919,54.6925,51.8549
METER_010,2026-02-03,70.4501,70.1092,70.9629,69.6243,69.5853,69.8659,72.5643,72.8384,71.8909,70.7656,69.9119,71.8381,70.3649,72.1531,69.9722,71.5404,70.9806,72.2057,71.0289,69.1562,70.8179,72.9073,71.677,73.2976,74.4024,78.4355,81.6798,84.7762,93.0594,101.8214,115.4774,129.9579,144.3492,159.1822,170.6691,178.6174,185.2373,189.9564,191.4907,194.0297,196.1352,196.9474,198.3982,198.6909,200.9391,201.4162,203.192,202.4785,201.8049,204.3735,204.6942,205.1329,202.1384,203.9273,204.1825,204.5225,204.3323,205.2893,203.5393,203.8452,202.3546,204.2984,200.8182,201.9624,198.3427,197.4892,196.4574,192.3563,187.4941,181.4935,173.3823,160.5323,146.2805,132.8075,119.2089,104.1312,92.7452,85.705,81.094,78.0531,74.9952,73.9716,71.79,73.0602,71.9588,71.8155,71.5245,71.5635,72.5305,70.6544,71.3365,71.0289,71.0598,71.0458,72.4671,73.6052
METER_011,2026-02-03,85.1455,81.6414,81.02,78.8125,78.268,77.6862,75.8295,74.9995,75.3565,73.696,72.1878,73.3739,72.7647,71.5142,71.3692,71.6469,72.5472,70.7532,71.7682,72.1458,72.7702,73.2979,71.9043,74.104,74.6329,74.5311,74.8318,76.0811,76.6294,78.3404,79.071,81.3675,82.0909,85.2447,85.7665,87.4088,90.0873,91.9774,92.5816,96.7427,97.5861,98.0931,103.0521,104.9148,104.8993,107.5943,109.5967,111.933,111.8391,114.6515,116.0621,117.8756,118.1861,120.1223,120.2984,123.9952,121.9657,123.8103,124.4678,126.0464,128.554,127.2807,127.9521,129.6394,130.1684,132.0373,130.9834,132.3633,132.4935,133.529,133.9392,133.9292,132.2321,131.7835,132.7511,131.0013,129.3669,128.4502,127.419,123.226,122.91,119.8623,119.1611,116.1589,112.7391,109.4313,108.0067,105.5557,102.4544,99.296,95.6802,93.9855,92.9214,90.1939,87.7841,86.1558
METER_012,2026-02-03,130.8991,128.8729,132.9093,130.9924,131.893,130.3307,128.9319,131.2609,130.4551,129.8569,129.6271,132.637,128.6726,129.025,129.0628,131.5595,127.6313,131.496,133.8912,135.0424,135.355,136.1612,141.9882,143.6547,158.9544,165.7264,178.8063,187.6829,197.2216,206.4425,214.1622,215.9216,218.0549,220.407,221.1587,222.4144,225.3539,222.5863,221.3698,225.9621,222.6021,222.0057,220.0492,219.7704,217.72,210.7498,208.3283,209.5635,206.1052,210.7585,209.2444,213.1208,215.7138,218.8031,218.7361,222.7802,221.9621,222.7419,221.8612,222.0957,224.9075,223.9825,226.2716,225.0614,224.9497,221.1183,222.6837,222.0102,224.2873,223.9419,222.3656,225.624,221.9368,227.8956,221.6203,225.0569,225.2978,224.5037,222.809,222.9669,223.1959,220.5378,216.9627,216.726,210.4261,206.5432,198.511,187.3154,176.88,166.4447,155.5725,148.7992,138.0739,137.8577,133.2581,131.5233
METER_013,2026-02-03,38.8224,37.6811,36.0066,34.7391,34.4894,33.6794,33.8889,32.3546,31.6039,33.1306,31.8882,30.8631,31.6557,32.7728,32.4938,32.8176,33.5521,33.5439,37.2622,36.6448,36.5513,40.0416,42.69,44.9382,48.1071,51.5496,52.042,53.0512,56.1902,56.9674,57.0294,56.5901,56.7922,53.6855,52.3039,50.6085,46.8443,44.4841,40.0538,40.1918,39.4694,35.8975,35.7488,34.5056,32.9376,33.2238,33.5425,30.8059,31.3144,32.7324,33.6297,33.352,32.5838,32.0343,32.6845,33.4822,34.2345,35.1294,34.614,37.4738,39.0593,42.1131,41.3459,44.8687,46.8673,51.2435,54.5487,57.2382,63.1845,66.3987,70.771,73.2262,77.8532,81.9065,83.926,86.4617,86.8561,88.3593,89.0456,87.8786,89.1905,86.241,85.2604,81.0403,76.9009,73.8508,70.1923,66.7061,62.3348,58.3848,54.9082,50.9305,47.642,45.5542,42.2359,40.2609
METER_014,2026-02-03,60.5582,59.6742,61.0404,60.3401,60.5935,60.7255,59.8278,59.6518,59.9445,60.1586,59.0169,59.898,60.1412,58.2047,59.6088,59.8169,59.5703,59.3912,60.1058,61.2323,61.1383,61.7591,60.0215,62.6115,62.4861,64.9374,68.4678,72.6049,79.0839,85.4327,97.2996,108.1816,121.5197,133.7694,142.5009,150.8247,155.2247,160.268,163.1046,163.5619,166.0851,166.0409,166.4458,166.8605,169.6502,169.972,169.7771,171.5199,171.765,172.6448,171.71,172.4265,172.6971,172.7443,173.2495,172.9995,172.1561,173.6055,171.5263,171.9104,170.7857,169.6454,170.1669,168.7303,167.1041,165.8838,164.0033,163.0459,157.5678,151.8347,144.8809,135.9843,124.7771,110.1698,97.8368,87.8965,78.806,72.9904,67.2692,65.7283,64.2814,63.1085,61.1902,60.7759,60.7578,59.4759,61.2117,60.7549,60.1215,60.0983,59.4977,60.3432,59.2854,60.282,59.7096,59.4647
METER_015,2026-02-03,122.6679,120.5831,117.3076,117.3075,114.7722,111.567,111.3945,111.355,109.7604,109.0784,106.5837,106.795,105.5751,105.8446,107.411,104.4373,106.2668,106.6239,106.1645,109.36,105.5109,106.1762,109.4761,108.9296,110.11,110.4157,111.1496,112.4673,115.4741,116.3869,116.4111,118.8009,120.3876,123.7384,126.6613,129.7817,132.9301,132.8657,137.6837,141.6823,144.7477,147.9134,150.9496,152.4707,157.13,158.8778,160.8253,163.2722,167.1332,168.1269,169.6008,173.7558,176.1992,175.1293,179.7792,179.818,181.5182,183.7679,183.6435,184.7516,186.7111,187.1211,189.9244,190.9372,190.5295,193.307,194.6161,195.3177,195.8215,197.7082,195.0885,195.5599,196.8125,196.1275,192.9507,193.0647,191.3427,189.199,189.0581,185.256,181.4536,177.916,173.3311,172.6789,165.9488,161.6948,157.738,152.975,149.9674,146.1364,143.5941,139.3583,134.0335,133.0995,131.1985,125.9055
METER_016,2026-02-03,173.8666,176.7996,177.2549,177.4003,173.3823,173.9436,174.6708,177.1636,175.3996,175.8524,172.5311,170.7351,178.1264,172.3909,173.7095,175.7866,176.115,176.7994,180.1128,181.9026,181.3213,186.1085,191.5156,198.6916,210.6058,221.6289,239.0748,250.9066,268.2406,278.9131,289.0876,292.6204,295.6028,298.6264,299.8093,300.0791,302.3092,298.8561,299.4961,298.4207,300.7351,301.3528,298.6291,291.2436,295.4933,287.7839,285.4418,284.396,281.2628,281.2727,281.555,288.3062,291.7428,295.3607,298.2152,301.6421,295.3849,300.58,302.2726,301.8004,300.5014,304.0522,301.6428,296.9687,303.5072,302.4587,299.9177,301.1025,303.4179,301.7714,303.5312,301.6295,303.6814,304.9717,305.0119,303.6964,300.4987,302.072,300.339,300.909,294.6466,302.3267,296.0682,288.7659,285.1411,281.2748,269.1789,252.7813,238.9214,220.3002,206.5957,197.1128,192.3646,183.3214,180.1475,179.4863
METER_001,2026-02-04,45.1088,44.3115,42.5035,41.9068,39.8527,38.7771,39.6218,37.5611,37.448,37.4361,39.6589,36.7049,37.1863,38.3247,38.0853,39.0525,39.7356,39.2168,40.91,43.6362,43.9623,47.8138,46.3284,52.0747,56.0123,59.7861,61.1251,63.9405,66.0365,67.126,67.7383,65.5927,65.4268,62.7275,61.1897,59.5113,55.2497,52.9469,49.1544,48.597,45.0731,43.7991,40.8166,38.8907,39.2512,38.2867,36.5196,37.5889,37.5854,37.6578,36.4571,38.7145,39.6628,37.8646,39.6842,38.5065,39.1605,41.1609,41.9549,44.2117,45.6747,48.9214,49.0968,53.1547,56.6638,59.2504,62.604,67.3992,72.354,78.118,80.6789,86.8377,92.5264,94.19,99.133,100.3699,103.2528,106.6177,103.8154,104.9298,103.0915,100.9748,98.1897,93.9843,91.1324,86.4918,83.2357,78.2609,71.7773,69.1781,64.6738,59.9316,56.5883,52.6239,51.0547,46.4987
METER_002,2026-02-04,66.974,66.8407,67.0473,67.2415,66.4444,66.8386,67.9568,67.8755,68.9886,66.1025,65.3081,68.8515,65.6248,66.7093,67.1397,67.631,68.0668,68.8911,68.0611,70.7389,67.8855,69.1256,67.5409,70.6441,71.0085,73.1935,76.6888,80.9986,87.8373,96.2428,108.4813,122.2042,137.8406,150.1402,162.0962,169.4431,174.3614,181.4175,182.0793,185.1408,185.9372,188.2953,188.7822,190.5723,191.3754,191.8239,191.3909,193.2764,192.1923,193.6885,194.0076,193.3242,194.6702,193.178,194.8583,195.5714,196.5295,194.7922,194.6668,193.4071,192.7834,192.5064,191.4586,191.688,189.3054,187.1304,186.0008,181.7533,179.5469,170.8097,164.273,154.0099,139.6048,124.6088,111.0255,99.4733,87.5432,84.1597,77.4207,74.2825,71.7552,71.3012,69.1143,68.7327,67.5039,68.5449,68.2908,66.5411,68.7496,68.2529,68.2312,66.8305,67.2328,66.8795,66.513,68.2041
METER_003,2026-02-04,139.3472,135.0256,129.684,132.044,128.6417,127.3631,124.1736,123.1382,123.2651,122.5727,122.5205,120.0004,118.8854,119.4673,117.6649,120.0135,121.075,118.8227,121.177,123.3988,119.0139,121.7465,122.3434,120.059,121.8976,121.6899,123.3983,125.8208,125.2351,129.1991,130.3545,133.8238,135.465,139.0095,142.5847,144.1324,149.4497,150.5664,150.319,156.837,160.4401,166.3014,169.6949,171.2083,173.639,178.4681,180.727,183.3035,188.3525,187.4874,192.3108,195.5346,196.3039,197.6166,201.6204,202.2989,201.3494,206.0489,205.1868,207.2016,210.7539,209.8078,211.5774,217.1966,215.8708,217.4941,218.1473,219.5441,220.5717,219.7026,221.3417,220.1483,220.8508,219.9732,220.3535,217.255,215.0439,213.8893,212.6475,204.7699,204.215,200.8225,194.6028,192.3141,188.3423,180.7446,179.0909,174.6234,170.1025,165.2273,160.4109,155.4973,152.6858,148.2787,143.0305,141.0621
METER_004,2026-02-04,116.5313,115.618,113.3571,112.2515,111.9587,112.6056,111.9134,114.7889,114.797,114.5355,114.7229,116.6529,112.5427,113.1366,114.7298,115.3015,113.2958,113.0516,114.707,118.4075,117.9672,118.5071,124.6426,127.358,134.4626,147.1723,154.3797,165.6924,174.8996,181.8941,185.7496,189.6319,190.7464,194.7223,197.4405,194.522,196.7101,195.2963,196.9287,197.1212,193.2229,192.8889,194.0318,191.56,188.1286,186.2844,183.4898,182.1309,182.6268,182.3901,183.4361,186.4614,190.6405,189.8041,193.8514,194.3113,196.0342,195.2646,197.0408,195.3522,195.3293,196.6876,194.9744,196.4321,198.6396,195.5308,196.5039,195.6719,193.821,196.6432,195.8723,194.4558,196.1795,197.3665,196.2272,195.7366,195.5154,194.2342,194.6667,193.3917,194.6435,192.9679,193.4636,192.2749,185.5945,181.7665,175.8191,165.4285,152.4583,144.0901,138.1024,129.9515,125.1405,119.0404,119.1001,113.4976
METER_005,2026-02-04,35.1601,34.6465,33.2788,31.5112,30.5304,29.8917,29.6962,29.2779,31.0494,29.2252,29.4947,28.4411,29.435,29.0833,30.8787,28.8683,30.841,30.1689,32.9911,32.8901,33.1963,35.4071,37.7349,40.4493,43.9249,44.6489,48.4266,49.3,50.8042,51.2081,52.2787,51.8708,49.9635,49.0341,46.7753,43.1783,42.6071,39.8031,37.681,36.3993,36.0112,32.1279,32.1408,31.5696,29.5066,30.2568,29.2548,28.6881,28.5277,28.9569,29.0954,29.7646,28.6987,30.2845,29.7375,30.0755,30.9709,30.0622,32.2567,33.9753,35.5136,37.8912,37.1723,40.9793,43.3004,45.3826,47.715,53.8722,55.9405,59.5563,63.052,66.1379,69.2977,71.7106,76.2006,78.842,79.7015,80.1292,81.2001,79.783,78.8699,77.5399,76.3873,72.5298,70.2953,66.2075,62.9746,59.0401,55.3825,52.1733,51.314,45.7445,42.2603,41.0654,38.9295,38.0466
METER_006,2026-02-04,55.9352,55.4945,54.2972,54.2277,55.1661,55.9522,53.797,53.6927,55.52,54.9926,54.806,55.5347,57.0545,53.626,55.9793,55.0161,55.2963,55.5957,54.6414,55.1414,55.7631,56.4123,56.8722,57.15,57.647,59.9492,61.4725,65.9481,72.1901,78.6025,89.8233,100.8549,114.0698,123.6327,133.7756,137.991,143.6873,147.5639,149.1155,150.4838,152.7014,154.6383,154.9674,155.4628,155.6878,156.2054,157.7961,157.6891,157.2282,160.516,158.7673,161.5631,158.4652,159.8782,160.4699,159.6901,158.7274,160.6491,159.283,159.806,158.8288,156.8151,157.7405,156.8472,155.6257,154.2357,152.8411,149.404,145.6869,141.433,135.5839,124.971,115.0229,103.262,91.5479,81.5552,73.1965,68.0385,63.4845,59.7401,59.646,57.6821,57.0948,55.6098,55.3714,55.9184,55.3883,55.7664,56.7543,55.6883,55.8621,55.3007,55.9048,55.9056,53.7323,55.4097
METER_007,2026-02-04,113.9512,113.62,110.6893,107.0987,105.3038,104.6631,104.21,104.3379,102.0947,103.2108,101.8024,102.1203,100.0513,100.1558,99.5396,98.1638,98.7214,97.3785,98.8052,97.5298,99.8731,101.0923,100.6558,101.4737,101.6946,102.113,102.1264,106.1631,104.6904,108.3102,109.3274,109.1766,111.3018,115.2954,116.5864,119.983,122.2842,126.81,130.1246,132.0482,131.3478,136.874,137.4521,142.1337,142.8632,147.7514,150.3182,153.5365,155.1074,158.6952,158.1999,159.488,161.6247,165.4411,166.4157,167.0441,169.1333,171.0791,170.4899,172.4332,174.6432,176.918,177.0252,176.8189,179.791,178.719,182.4359,181.2926,182.6639,183.512,181.4003,183.6128,182.3261,181.4448,181.6294,179.5135,178.4333,176.5988,174.3111,171.7196,167.7754,163.1939,163.2604,158.7783,153.3685,153.0854,148.5969,144.6304,141.2393,135.7204,132.7582,128.8594,124.0377,124.6197,119.7188,115.9078
METER_008,2026-02-04,165.2933,166.4476,169.3415,167.7611,165.304,168.1984,161.2906,167.9459,166.4955,168.4225,164.2739,165.0139,166.03,168.6777,169.158,165.8472,167.2593,167.4887,169.0201,167.3562,172.8781,176.0078,180.9494,188.345,202.8228,212.2551,227.3841,242.3638,253.7571,264.9997,276.1456,276.5893,278.7973,284.804,284.509,286.2002,286.8599,287.7898,286.0408,288.5992,286.745,284.9282,280.4837,278.8772,275.5351,270.9811,271.542,266.6707,267.7477,268.3981,270.4178,272.5824,275.7805,279.5305,283.8417,283.8285,285.9984,284.6895,288.4204,286.9622,288.4853,285.5298,285.1637,290.6565,284.8706,285.8953,287.4005,287.57,288.566,286.9455,287.4492,288.651,283.5907,286.4863,284.929,291.3384,284.8827,286.0627,287.3615,287.975,288.4406,282.6824,280.4123,279.1561,271.847,268.0666,257.1211,240.7273,225.3778,213.4604,197.2287,186.1591,180.7119,173.1662,170.1371,167.6396
METER_009,2026-02-04,48.4898,46.4909,44.7795,43.8093,42.1846,41.6497,41.0373,40.9673,40.1753,39.1782,39.6222,38.8406,38.336,40.1753,40.5989,39.7885,41.0388,41.8055,43.0301,43.6503,45.9702,48.3862,53.3705,54.7817,58.2227,62.0025,65.7512,66.1487,70.8302,68.3104,69.4709,70.8231,68.5075,65.4917,65.2349,60.5712,57.0786,53.9724,51.4535,49.5259,46.9118,44.9028,43.5064,42.1805,41.211,40.797,39.4568,40.6232,39.3441,38.7013,39.6662,37.9368,40.2308,39.2185,41.028,41.4875,43.1565,43.1759,43.992,46.2958,46.9859,50.0576,52.6825,55.8259,58.2157,63.0123,67.376,70.2595,76.661,80.4895,84.1206,89.8438,95.6923,98.31,103.3708,105.2444,109.4301,109.6411,108.9458,109.9961,107.8845,106.1937,103.6877,100.293,93.8634,90.1983,84.8674,80.7436,77.2854,71.6701,67.7588,61.7416,60.1053,53.554,53.5003,49.8114
METER_010,2026-02-04,70.2604,70.9837,71.1629,70.7682,70.9512,71.1147,70.6377,70.0891,68.3329,71.4822,70.5268,71.7313,72.1639,72.0993,70.2684,70.4244,71.3068,72.2597,70.654,72.3564,71.525,72.0509,71.6749,73.9667,74.9624,77.1376,81.6412,85.9693,93.3241,102.5707,115.2039,128.3313,144.7072,158.3933,170.1748,179.3742,185.1416,190.2966,191.8966,195.7025,196.9124,198.3849,198.3571,199.7043,200.3213,202.3279,201.7305,202.6256,204.602,203.8849,203.9291,204.324,205.3654,206.6692,205.7052,205.8725,204.7816,207.0773,205.8648,203.3876,203.763,202.1741,201.5751,200.36,199.9934,199.5255,195.8793,193.6968,189.4578,181.6515,173.2,159.8701,149.2354,132.1496,117.6388,103.1754,93.6863,86.9342,82.0519,79.4228,76.3126,73.3428,73.1354,72.0244,70.8236,71.2259,71.6488,72.965,71.8154,70.7182,73.1105,70.0649,69.8941,70.5147,72.1973,70.8381
METER_011,2026-02-04,87.5372,83.7452,80.7598,82.8021,79.4351,78.7959,77.3215,77.4986,76.778,76.4739,73.5465,73.8221,74.7402,75.5664,72.8041,73.7188,73.141,73.7887,74.3269,76.0881,73.9452,73.9816,74.4217,75.7069,75.6391,77.1451,77.6848,78.9498,78.4001,79.8885,81.0641,82.6856,84.8449,87.3505,88.6158,89.7874,90.3849,92.255,95.3609,99.171,99.7393,102.3128,104.5526,105.0943,108.6331,110.9523,111.1561,113.7436,114.7921,116.8132,119.4575,120.7616,120.3972,122.4108,122.7053,124.5177,127.573,125.6211,127.716,126.884,128.4058,132.8687,131.8052,131.9344,135.1044,134.6044,134.2519,134.7705,136.1527,136.6346,134.6203,137.8163,135.3467,135.345,134.7134,133.7036,133.3888,130.749,129.3369,129.4918,126.4473,124.7033,119.9739,117.6623,116.3739,112.9803,110.7387,106.88,104.5935,101.3448,99.9876,94.543,94.8695,92.0657,88.8514,86.858
METER_012,2026-02-04,132.758,131.5401,132.7449,130.5938,130.2197,131.0488,133.5817,131.9027,134.4314,131.6143,133.1024,132.3963,133.2299,131.6169,131.5975,133.3499,133.5498,133.3688,134.1839,132.2402,138.1443,140.2907,143.0925,149.3709,159.742,169.1704,180.1304,193.499,201.6205,208.8269,217.648,218.8655,222.4556,225.4477,226.9697,226.8169,225.039,227.7581,230.0647,226.1832,225.6251,226.9011,225.4513,222.1399,218.1236,216.1256,214.4204,212.8076,212.146,216.6195,218.9296,217.1291,220.1768,218.5574,224.5217,225.8784,229.4351,227.295,227.7125,228.6442,229.9268,230.8727,227.391,229.0022,228.0905,225.7965,227.1855,226.6905,228.5221,228.7524,227.9245,227.2342,227.5629,226.3564,227.9407,229.5132,227.5977,226.0557,227.582,225.3236,226.6198,225.6572,224.6574,220.4437,213.4434,210.5028,203.1388,192.3367,180.0335,166.7748,156.9394,148.3657,143.292,139.705,137.0675,138.6688
METER_013,2026-02-04,38.5813,37.7795,35.289,35.004,34.0714,33.5647,33.9654,33.2867,33.4168,33.4358,32.935,33.3323,31.0889,31.5951,32.3254,33.7987,33.4723,35.1786,36.347,37.469,37.5155,40.5993,42.9935,44.9869,47.1404,50.5218,52.9401,54.4932,56.5311,57.3678,57.0375,59.0803,57.139,54.1568,52.0046,49.7552,48.7425,44.9537,42.7236,41.161,36.0367,36.006,36.4242,34.8715,32.5518,33.1885,31.3707,31.7968,32.3942,31.0246,31.3196,31.4627,32.8971,33.7408,33.9097,33.8771,34.339,35.2139,35.6979,37.0857,38.3342,39.1241,42.7335,44.5468,49.1063,50.674,54.6848,58.0419,62.6376,66.7122,70.352,75.3432,77.5396,81.9176,82.7602,86.0889,87.5882,89.6884,88.8979,89.2261,89.1216,86.9357,84.7197,79.9262,78.1082,74.2876,70.6132,65.3371,61.4354,56.8465,55.6424,49.643,48.5383,44.9,43.7249,40.8529
METER_014,2026-02-04,60.6273,59.7771,58.3215,59.3704,59.1636,59.1336,58.1596,58.1179,59.0492,59.493,58.7233,59.9323,58.3426,59.4478,59.1812,59.3403,59.9519,60.2328,59.4306,60.4202,58.9258,60.0517,58.7167,60.655,62.831,63.9658,64.5124,70.1375,77.9899,84.2639,95.3432,107.4085,120.4959,133.6353,140.9713,148.4589,152.8301,156.7235,158.672,160.7609,163.1003,163.3303,163.6066,165.1019,165.6078,166.7109,167.4846,168.4789,169.7843,169.2146,170.2051,170.1334,167.3757,170.551,170.4306,168.8516,170.4409,170.9946,169.5476,168.1979,168.3068,168.0312,167.518,166.2803,164.9482,161.9655,162.7671,158.5115,154.3088,149.5247,143.3443,133.18,122.5726,108.8198,96.3548,85.3192,78.0896,71.2258,68.703,63.74,64.0345,62.2194,57.8832,59.1986,59.6427,60.3708,58.9555,59.0773,58.7341,58.5892,58.2654,59.1602,57.7032,57.5752,58.2429,57.675
METER_015,2026-02-04,123.7149,118.3517,117.9455,114.8818,112.3152,111.2505,111.8965,109.2665,109.7307,108.8571,104.7124,105.1134,106.7465,103.7714,103.6094,105.0606,103.8878,101.2876,104.5057,105.2124,104.7886,104.6464,105.6514,107.7797,107.209,107.8942,110.8679,110.2211,110.6833,112.5224,115.6206,118.8455,118.56,122.5669,123.1714,125.4147,128.5516,131.7745,135.4363,138.3935,138.9372,142.4323,146.4248,149.0748,152.7374,155.9717,156.1867,159.5694,162.7544,165.0348,168.0457,170.0973,170.6672,174.1474,175.1173,178.9871,176.1103,181.2819,180.2678,183.1934,183.2458,185.2801,186.1383,187.7417,188.3314,190.5129,190.7032,191.3382,193.9584,192.9994,193.4354,193.2259,194.1398,193.5231,192.5085,189.6776,188.1275,186.5692,181.9203,179.0094,179.112,173.1956,170.9914,167.7714,163.243,159.6072,156.4721,153.8279,147.9177,143.416,140.709,136.4992,131.7045,129.3681,126.4181,125.1579
METER_016,2026-02-04,173.8024,176.1174,177.426,172.8783,177.0489,177.1797,175.1618,170.6618,173.5092,172.7966,176.0682,175.997,175.8819,173.4656,173.904,176.0615,172.0717,176.3948,175.1433,177.3688,181.761,183.893,187.6139,190.8429,209.9147,224.9952,238.7678,251.7397,267.6993,276.5382,287.1612,293.4781,295.6496,296.5814,297.8871,301.3216,299.8472,300.2391,302.1367,300.1293,300.0417,298.5141,296.3174,292.5248,289.321,286.9612,281.4986,277.6348,278.0472,283.5768,285.6186,285.3125,290.6591,293.1929,302.1122,298.7255,298.3048,301.8262,302.7403,299.8211,303.1419,300.3479,301.2257,296.8166,300.5808,297.2589,298.7867,299.0665,303.6114,300.165,299.7131,302.0202,298.5197,300.5863,303.9406,303.2562,301.4127,299.0301,302.7412,301.6954,295.8545,296.4005,296.4689,294.6971,286.75,282.0735,267.8514,252.555,240.1975,221.0241,209.4025,197.3143,188.913,181.0942,180.4863,176.9505
