user_id,date,P1,P2,P3,P4,P5,P6,P7,P8,P9,P10,P11,P12,P13,P14,P15,P16,P17,P18,P19,P20,P21,P22,P23,P24,P25,P26,P27,P28,P29,P30,P31,P32,P33,P34,P35,P36,P37,P38,P39,P40,P41,P42,P43,P44,P45,P46,P47,P48,P49,P50,P51,P52,P53,P54,P55,P56,P57,P58,P59,P60,P61,P62,P63,P64,P65,P66,P67,P68,P69,P70,P71,P72,P73,P74,P75,P76,P77,P78,P79,P80,P81,P82,P83,P84,P85,P86,P87,P88,P89,P90,P91,P92,P93,P94,P95,P96
METER_001,2026-01-01,26.72,28.556,28.357,28.358,28.171,30.052,30.207,29.875,30.312,30.704,29.716,31.758,32.279,32.196,34,33.185,34.093,34.343,37.312,37.529,39.095,40.341,39.523,42.772,45.403,45.352,48.907,49.335,53.637,53.753,56.314,58.887,60.092,61.683,63.322,62.867,64.785,65.756,63.473,62.893,63.452,62.534,60.66,57.728,57.507,57.014,55.529,52.525,52.427,53.035,51.995,50.075,49.052,48.824,47.05,48.747,46.332,45.707,45.638,44.648,43.407,41.671,42.354,41.195,37.683,38.018,35.072,36.426,34.02,32.587,32.151,30.824,30.052,28.033,29.415,27.743,26.986,28.209,28.314,26.04,25.305,26.37,25.816,26.578,26.756,26.339,26.333,25.025,26.021,26.469,25.454,25.882,27.911,27.225,27.567,28.307
METER_002,2026-01-01,32.209,32.426,32.525,32.215,30.694,32.343,32.18,31.859,31.375,31.489,32.012,30.478,31.594,29.642,30.826,30.856,30.472,30.582,31.672,30.906,30.904,32.025,31.534,31.774,32.14,32.681,34.637,33.34,33.788,35.273,35.484,34.622,37.064,36.223,38.499,37.425,39.109,40.038,39.555,39.117,41.388,41.676,43.53,43.458,45.623,47.898,47.415,50.529,52.114,53.903,58.165,59.736,61.949,64.211,66.676,69.175,70.983,73.25,75.727,74.993,77.81,76.26,76.086,76.33,74.35,73.879,71.801,70.504,69.956,67.507,66.843,64.642,63.274,61.295,61.858,60.987,58.524,58.793,58.937,57.658,55.219,54.254,54.518,53.518,50.84,49.558,48.025,47.552,46.952,43.417,44.368,40.493,41.661,39.989,38.84,35.797
METER_003,2026-01-01,65.035,65,65.043,63.302,62.506,62,63.249,60.675,60.4,58.751,56.238,56.102,54.864,52.912,49.964,49.962,45.958,45.567,45.552,42.014,42.463,39.973,38.649,39.363,38.41,39.105,37.391,38.268,35.488,36.45,35.91,35.283,37.034,36.393,37.515,35.391,37.407,35.263,37.022,37.276,35.72,35.977,38.844,37.298,38.033,39.396,39.057,39.339,39.544,41.285,41.966,42.146,40.758,41.654,42.087,42.824,44.875,43.762,44.494,47.171,47.825,47.039,49.07,48.999,49.116,52.041,53.568,53.893,56.508,60.474,61.064,65.97,67.702,72.349,75.715,77.754,82.123,85.593,87.349,87.442,86.794,87.3,86.506,84.024,82.996,77.916,75.998,72.889,67.001,64.018,61.959,59.385,56.367,53.931,52.63,52.221
METER_004,2026-01-01,42.989,43.288,45.137,44.981,44.747,46.151,47.165,47.434,46.78,48.039,50.4,51.023,51.902,50.324,51.089,53.276,53.007,55.813,56.476,58.746,61.654,63.235,63.613,68.472,69.857,73.927,75.382,80.977,82.956,87.783,89.134,91.936,96.898,97.101,100.558,99.85,101.04,103.081,102.925,100.831,100.068,98.407,94.071,93.763,89.791,87.674,86.345,84.619,82.347,82.277,81.602,79.49,78.771,78.429,77.636,75.048,74.505,73.206,72.168,70.833,69.063,66.871,66.495,62.667,61.428,59.117,57.475,55.295,53.586,52.58,50.744,48.299,48.492,46.879,45.193,45.258,44.339,42.406,41.96,42.648,42.996,41.617,42.703,40.729,41.568,42.289,41.754,41.408,40.298,41.924,40.489,40.739,43.091,42.148,42.388,42.106
METER_005,2026-01-01,49.06,49.778,49.415,47.969,46.629,46.686,45.766,47.292,45.225,46.464,45.056,47.422,45.16,47.372,46.809,46.96,46.104,46.788,45.5,46.394,47.993,48.452,48.596,49.722,50.386,48.516,51.058,51.273,52.537,53.013,52.587,51.988,54.35,55.52,54.325,56.03,57.112,58.742,57.843,60.371,61.281,61.068,63.117,65.601,68.211,68.692,72.661,74.131,78.147,81.288,84.423,89.233,94.56,97.804,100.105,104.187,107.38,109.546,111.2,114.776,114.498,114.813,112.704,113.938,110.534,109.304,108.211,104.337,103.601,99.325,97.591,95.811,94.592,92.489,90.323,88.846,88.009,87.78,86.952,84.101,83.696,82.188,80.433,77.809,76.197,75.745,73.53,70.044,67.616,66.398,64.221,61.583,60.821,58.48,56.899,54.503
METER_006,2026-01-01,90.987,91.471,91.924,91.324,90.499,89.54,87.146,88.104,86.033,84.252,80.043,78.554,76.807,74.913,71.044,68.208,66.264,64.916,62.124,61.526,59.919,57.993,56.001,56.307,54.126,53.632,52.447,53.514,53.412,52.691,51.608,52.599,51.839,52.154,50.616,51.359,52.037,50.803,52.917,52.168,51.457,53.271,53.429,54.273,54.481,53.629,56.688,57.134,57.28,56.614,58.206,60.049,60.565,59.636,60.331,61.291,63.431,63.837,62.876,64.335,66.173,66.547,69.112,69.958,70.101,72.01,74.607,76.207,80.419,83.798,88.773,92.048,96.724,101.607,105.646,112.121,115.681,120.958,122.417,125.307,123.584,122.983,121.244,118.632,116.331,112.068,105.685,102.553,98.15,91.46,87.329,82.68,80.87,76.582,75.249,71.884
METER_007,2026-01-01,58.773,61.489,62.32,63.117,63.387,64.377,64.892,65.163,65.962,66.879,66.281,68.128,70.508,70.025,71.661,71.729,75.612,75.81,78.413,79.371,82.299,84.561,89.369,91.116,95.157,99.599,104.343,109.77,114.38,119.299,124.328,126.498,129.894,135.469,136.082,138.39,140.861,139.329,139.738,138.958,135.1,134.466,131.917,126.57,125.825,122.805,120.049,116.184,113.329,110.906,111.141,107.987,108.207,106.708,105.328,103.168,102.574,101.129,99.375,94.781,95.257,91.688,89.645,85.22,82.73,80.641,79.684,74.813,74.245,70.915,67.837,67.154,64.069,64.811,63.225,60.61,58.897,59.944,58.783,57.482,56.805,55.909,57.827,56.876,56.846,57.56,55.58,55.183,55.493,57.912,56.521,56.289,57.663,57.6,57.413,57.93
METER_008,2026-01-01,65.766,65.494,64.128,62.228,63.247,63.008,63.307,62.207,61.607,60.359,61.733,61.705,61.968,62.61,60.744,62.448,62.208,61.915,60.931,63.578,62.763,63.226,64.66,64.507,63.888,65.001,67.746,66.16,67.577,68.982,68.857,70.044,70.724,73.353,72.903,73.665,74.663,76.28,76.981,79.909,81.08,81.523,85.429,88.135,90.089,93.641,96.661,98.856,104.592,108.728,113.326,117.808,124.115,129.002,133.07,139.987,143.297,146.877,150.421,151.325,153.244,151.401,150.193,149.316,147.295,144.957,141.346,137.936,136.627,133.264,128.182,127.543,124.975,121.093,119.209,119.05,117.089,114.818,114.35,112.693,110.14,107.837,106.279,105.261,103.06,98.688,96.84,95.485,91.521,87.093,86.508,81.752,81.435,78.057,76.499,72.784
METER_009,2026-01-01,116.345,117.205,117.824,118.061,117.165,115.077,115.107,112.401,109.848,108.294,106.122,102.806,98.259,95.282,91.495,89.605,85.916,84.482,82.681,79.766,76.93,75.094,72.174,72.256,72.193,69.052,69.092,68.049,67.232,66.727,68.145,66.729,66.097,67.754,66.286,65.972,65.784,67.19,67.073,69.062,68.775,68.763,67.937,69.266,70.092,72.268,71.211,72.189,73.511,74.875,75.539,75.311,77.917,77.625,78.508,80.212,82.061,81.39,84.053,84.706,85.321,85.973,87.226,90.861,92.373,93.329,96.97,100.603,105.308,109.198,113.1,118.941,125.05,130.757,138.573,145.727,150.195,154.976,157.554,162.464,162.475,160.894,157.677,155.419,151.123,144.329,137.178,131.12,124.972,120.386,112.748,109.38,104.296,100.816,96.531,94.652
METER_001,2026-01-02,27.005,29.289,27.104,28.37,29.688,28.928,29.017,28.926,29.944,30.574,29.751,30.728,32.151,33.505,33.812,32.373,33.197,35.844,35.938,36.228,36.989,38.197,39.51,42.709,43.277,46.913,48.789,49.75,51.36,55.271,56.673,57.441,59.573,61.708,64.226,63.677,63.78,63.465,65.434,63.532,63.273,62.742,59.394,58.436,58.461,56.916,54.554,53.458,51.961,50.489,51.069,51.498,48.502,48.899,49.553,47.416,45.77,45.131,46.505,44.92,43.349,41.788,41.413,40.041,39.717,38.5,35.642,35.389,35.316,32.529,31.463,32.148,29.439,28.859,30.031,28.192,28.285,28.394,25.999,25.468,26.26,25.311,27.087,26.163,26.233,26.246,25.934,26.746,27.324,26.015,25.013,25.37,26.83,26.919,26.447,26.863
METER_002,2026-01-02,34.349,33.573,31.255,31.746,32.858,32.366,31.604,30.273,30.323,31.341,29.951,31.976,30.671,31.18,30.951,32.405,31.265,30.371,32.54,31.913,32.241,32.379,32.138,34.077,33.441,33.776,33.992,34.375,34.852,34.859,36.378,36.044,37.369,37.732,37.949,38.569,37.536,38.407,38.884,40.317,41.795,43.159,43.331,44.83,46.697,47.531,48.156,50.137,51.851,55.201,56.876,60.915,61.539,66.5,67.518,70.457,71.294,75.432,76.113,77.895,78.046,77.752,76.99,74.99,75.623,74.116,70.959,69.272,69.507,68.475,65.732,64.584,62.346,62.234,60.767,60.984,58.981,58.99,56.769,56.578,57.092,56.344,53.708,53.735,52.537,50.211,50.452,47.022,47.063,44.892,44.427,40.695,39.578,39.095,37.527,36.615
METER_003,2026-01-02,63.583,63.241,63.036,64.079,62.799,62.022,62.691,59.946,60.01,57.768,57.657,54.539,53.754,52.668,49.432,48.029,46.188,45.146,44.012,42.235,40.669,41.456,39.354,38.135,38.293,38.503,36.841,38.32,36.096,35.223,35.959,35.556,34.797,37.342,36.985,37.079,36.861,35.733,35.601,37.626,37.169,37.347,36.5,37.686,37.345,37.703,38.691,39.398,41.288,40.713,42.348,41.57,43.007,41.154,41.972,44.503,44.454,43.982,44.802,46.405,45.636,48.042,48.395,48.129,48.769,52.337,52.676,56.008,57.601,59.277,61.508,65.164,67.13,73.037,76.417,78.804,82.467,84.653,86.267,87.935,87.652,88.856,85.943,85.808,81.149,79.469,74.363,71.198,68.166,65.687,61.662,60.218,55.563,54.024,52.438,52.196
METER_004,2026-01-02,43.844,45.292,45.699,46.02,46.878,46.256,47.789,46.888,48.727,48.811,50.288,49.429,50.414,51.821,51.234,53.135,54.731,54.955,56.323,58.855,59.263,61.862,64.682,67.932,71.275,72.193,76.26,78.761,83.459,86.574,90.863,93.699,96.959,99.046,101.118,101.026,102.952,101.689,103.027,99.997,99.66,96.55,96.378,93.7,91.04,89.499,85.695,84.711,83.907,82.052,81.342,78.252,77.962,78.158,75.898,74.647,73.591,73.807,72.625,69.788,69.256,66.549,64.45,61.908,59.985,60.58,57.763,55.726,54.259,50.85,49.383,50.302,49.084,45.848,46.121,44.02,43.242,41.946,43.294,41.442,42.475,42.256,41.057,40.944,41.101,41.195,42.105,40.451,40.381,42.304,41.959,41.699,41.295,42.337,42.806,44.568
METER_005,2026-01-02,49.691,48.228,48.448,47.914,48.345,45.971,45.886,46.191,46.06,47.221,47.262,46.31,45.59,45.925,47.353,45.925,45.266,47.729,46.999,46.503,47.249,46.795,47.626,47.519,48.756,50.277,50.918,51.089,50.145,52.383,52.182,54.529,54.813,53.477,54.034,56.429,55.999,58.346,58.664,60.545,60.428,62.91,64.522,66.004,68.848,69.629,72.672,74.969,77.651,83.461,84.413,90.282,93,97.355,100.452,103.41,108.96,110.717,113.738,114.148,115.298,116.09,115.212,114.307,112.813,109.828,107.801,103.791,102.051,99.951,96.961,94.62,94.684,93.099,91.218,90.573,88.373,87.695,84.956,85.676,84.78,80.878,82.052,78.162,75.84,74.29,73.303,72.094,68.857,65.322,64.372,62.592,59.167,57.128,56.791,54.572
METER_006,2026-01-02,90.902,92.176,90.104,92.267,90.044,89.062,89.143,85.729,84.841,81.826,82.283,79.558,75.659,74.271,70.769,70.202,66.177,63.815,62.208,60.362,60.421,57.962,57.728,54.417,55.353,53.107,53.789,53.734,52.8,52.902,52.205,51.969,51.526,50.121,52.428,51.814,52.338,51.749,50.777,53.416,53.409,52.356,52.554,55.07,54.401,54.324,55.696,55.209,56.492,56.203,59.487,59.74,59.128,59.399,59.784,63.02,63.943,62.658,65.132,64.59,66.077,67.526,69.3,70.922,72.169,72.176,75.661,78.088,80.156,83.183,89.078,92.919,98.069,103.471,107.457,111.694,116.72,119.055,123.483,123.896,124.322,125.381,124.068,120.815,117.344,112.543,107.028,101.686,97.943,92.71,88.806,84.633,80.832,76.819,74.633,73.355
METER_007,2026-01-02,60.978,60.081,60.465,60.836,61.948,63.42,64.803,64.662,66.176,66.885,68.712,69.589,70.708,70.997,72.487,73.705,74.118,75.052,77.231,80.698,83.438,85.763,87.373,93.351,95.751,99.475,104.176,109.198,115.076,118.467,124.168,126.595,132.241,135.161,136.156,139.141,139.223,140.37,139.333,137.958,137.264,133.251,131.717,128,123.691,122.397,118.114,115.913,114.397,112.42,110.128,108.334,107.312,107.29,105.886,102.04,101.248,99.344,98.838,96.095,93.71,92.585,87.917,87.95,84.895,81.406,78.058,74.928,73.541,72.193,67.85,66.2,66.367,63.27,63.563,61.183,61.168,59.203,58.938,56.569,57.273,58.028,56.344,57.692,55.875,57.165,56.927,57.411,56.306,57.816,56.446,56.679,58.655,58.866,58.593,59.724
METER_008,2026-01-02,66.6,63.599,65.148,62.367,63.868,61.596,62.883,62.903,60.862,61.131,60.86,61.464,60.65,62.292,61.235,62.21,61.385,61.363,63.673,62.091,64.038,64.326,65.048,63.295,65.56,65.944,66.55,67.524,67.348,69.913,70.446,70.626,70.334,71.178,72.142,75.824,75.976,76.194,78.781,78.187,81.221,84.329,83.848,88.574,90.011,93.713,97.755,99.095,104.369,109.225,113.445,118.293,122.881,129.357,134.093,137.66,141.926,147.068,148.369,151.062,152.374,153.518,151.479,150.487,148.103,146.486,143.843,140.021,136.404,132.083,130.09,127.79,123.542,123.289,119.518,117.305,115.895,115.625,114.996,112.305,111.093,109.118,107.892,104.912,101.901,99.847,98.426,93.597,92.104,89.36,84.866,81.687,79.532,78.562,74.221,73.996
METER_009,2026-01-02,117.985,118.523,117.588,118.621,117.751,116.508,115.251,112.305,111.27,106.521,106.159,102.499,98.051,95.662,92.624,88.95,85.659,85.482,82.762,80.141,77.33,75.991,73.291,73.245,71.156,69.114,70.2,69.353,68.461,68.398,68.197,67.589,67.618,66.652,67.209,67.154,65.652,65.962,67.3,68.733,67.507,69.016,68.113,70.211,70.921,71.749,71.804,72.832,73.353,74.89,76.24,75.243,78.458,77.829,80.558,80.75,80.405,81.607,84.02,84.243,86.343,87.348,88.278,89.318,93.051,93.543,96.176,100.699,103.178,107.989,113.913,119.377,126.851,132.418,138.168,144.555,151.147,155.516,160.418,160.004,162.579,160.72,160.288,155.619,149.891,143.858,138.225,132.483,125.501,120.661,115.211,109.708,104.358,100.749,98.436,94.475
METER_001,2026-01-03,23.101,25.046,24.308,24.197,26.67,26.359,25.254,27.154,27.941,25.829,27.175,26.583,29.124,28.396,29.018,28.997,31.352,31.101,30.384,32.501,34.167,33.722,37.119,36.352,39.422,40.088,43.603,44.297,45.74,48.856,51.023,50.971,54.698,53.31,54.489,56.961,56.852,55.579,57.265,57.124,56.403,55.1,52.122,52.822,51.689,50.162,47.734,48.635,46.153,45.751,45.156,43.527,44.244,42.981,41.561,43.212,42.372,41.537,38.894,40.256,39.066,37.479,36.162,35.793,34.414,34.001,31.92,30.994,28.749,28.075,28.602,26.46,27.576,24.853,26.477,25.899,24.298,22.772,24.151,23.981,22.604,23.169,21.952,22.88,24.263,21.613,24.181,21.851,22.787,23.851,23.842,22.038,24.124,22.357,25.086,25.535
METER_002,2026-01-03,28.395,27.439,28.912,29.688,27.216,26.606,27.657,28.155,26.704,26.185,27.493,28.206,27.381,27.147,26.268,26.715,26.573,26.539,28.014,29.067,27.941,29.457,27.229,28.911,28.831,30.007,29.329,31.218,31.62,30.391,31.824,31.94,30.697,31.785,33.538,33.552,33.271,34.876,35.138,36.311,36.527,37.304,39.119,39.732,39.941,40.221,44.415,43.942,47.037,49.227,52.117,53.152,56.128,57.767,59.035,61.599,63.215,64.175,67.272,68.584,66.881,67.011,67.311,67.963,67.412,63.539,62.915,61.477,61.421,58.606,57.129,57.096,56.051,54.833,53.417,53.774,52.39,51.296,51.55,49.313,49.13,48.347,47.653,45.818,45.566,44.773,43.311,43.198,39.611,39.394,38.564,35.878,35.153,35.753,32.908,33.502
METER_003,2026-01-03,72.186,70.959,72.48,70.971,72.247,70.49,69.635,68.83,67.634,66.59,63.276,63.388,60.21,59.273,57.544,55.821,53.371,51.099,50.494,48.482,46.294,44.814,45.009,45.32,43.172,41.988,43.136,41.758,42.638,41.232,41.325,41.317,41.092,40.954,40.488,41.081,41.819,42.14,40.741,41.733,40.747,40.662,42.844,43.394,44.282,43.235,43.246,43.914,44.864,44.749,46.3,45.324,47.539,47.029,48.768,49.34,49.359,50.177,50.878,51.052,53.197,51.874,54.982,54.251,56.798,56.474,58.457,60.106,64.923,65.585,68.209,71.61,76.94,81.003,85.9,87.534,90.857,94.832,96.253,99.351,98.075,97.13,95.808,94.933,90.658,87.439,84.337,80.148,75.799,72.994,70.473,65.379,64.624,62.301,59.381,56.375
METER_004,2026-01-03,37.353,38.732,40.664,38.529,39.568,40.444,40.856,42.719,42.237,42.275,43.089,44.086,46.026,45.201,45.919,46.131,49.106,49.079,49.65,50.338,53.266,54.495,56.629,58.196,61.363,65.747,67.929,70.492,73.638,77.64,78.484,80.808,83.449,87.658,88.566,89.15,89.203,88.961,90.011,88.493,86.941,85.002,85.237,83.339,81.687,79.772,75.303,73.875,74.467,71.279,72.241,71.405,68.335,69.183,66.601,67.801,64.63,65.68,64.413,63.052,59.821,58.949,58.765,54.98,55.196,51.174,49.511,49.878,48.606,45.55,44.678,42.285,42.585,42.331,39.543,39.537,38.778,38.065,36.695,36.37,36.334,37.134,37.949,36.356,35.147,36.269,35.91,37.223,37.33,37.877,36.192,37.696,37.215,38.467,37.667,37.357
METER_005,2026-01-03,42.977,43.846,41.806,41.677,41.605,41.324,41.014,40.394,40,40.707,40.679,39.615,40.344,39.876,39.878,41.626,42.024,39.9,40.651,41.475,42.702,43.17,42.916,43.099,42.927,44.584,44.987,43.377,45.259,46.765,46.188,45.636,46.399,48.957,47.737,50.443,49.489,50.259,51.162,53.05,54.9,54.621,56.373,59.056,58.902,62.112,63.219,67.034,69.17,73.488,76.255,79.526,82.657,85.493,89.089,93.251,94.782,97.194,97.886,100.483,102.085,100.581,102.064,100.22,98.341,95.834,94.22,92.924,91.328,87.74,87.421,84.318,81.894,82.4,81.166,77.707,77.362,76.365,74.842,73.568,74.666,72.534,72.323,69.386,67.682,65.306,65.052,62.455,60.579,58.029,57.643,55.726,52.662,52.597,49.378,49.985
METER_006,2026-01-03,100.857,101.581,103.181,102.819,101.159,100.563,99.136,97.101,95.36,92.985,89.995,89.375,84.963,83.066,79.558,76.311,74.998,73.486,69.22,68.552,65.738,65.316,64.791,62.042,60.856,60.258,58.904,58.131,59.111,58.615,57.207,57.45,58.727,56.658,57.789,57.306,57.99,58.168,58.101,59.766,59.534,60.846,59.363,60.667,59.905,63.141,62.576,61.781,63.768,63.712,65.315,67.166,68.065,68.345,67.26,70.711,71.01,71.14,73.112,74.036,74.312,75,75.399,78.281,80.452,80.503,84.397,87.086,90.116,94.766,97.788,103.969,109.717,113.262,120.58,125.18,130.44,133.826,138.118,139.564,141.035,138.921,138.029,134.297,130.254,125.853,120.847,115.535,110.228,103.28,99.814,94.247,91.312,86.329,83.772,81.879
METER_007,2026-01-03,51.508,52.143,52.984,54.123,56.139,54.551,55.562,56.197,58.163,57.468,60.126,60.447,59.807,62.52,63.787,65.534,66.328,65.968,69.808,71.694,72.54,75.028,78.983,82.154,85.079,87.785,92.749,96.472,101.006,104.777,109.178,111.274,114.346,119.153,121.238,121.484,123.104,124.408,121.408,120.486,120.131,117.574,115.915,113.908,109.619,106.181,104.809,101.724,99.709,100.202,95.884,96.126,93.908,93.985,92.782,91.754,89.902,87.895,86.002,85.202,83.418,79.915,77.754,75.778,74.796,72.938,70.188,67.713,64.527,62.518,60.483,59.896,58.844,57.185,56.29,53.48,54.365,51.876,50.753,50.829,51.79,49.165,49.028,49.371,50.315,48.357,49.558,49.13,51.27,48.919,51.716,51.953,51.514,50.108,52.385,52.247
METER_008,2026-01-03,56.135,57.256,57.705,56.286,55.077,54.906,53.975,54.289,54.821,55.648,54.089,54.447,52.96,54.238,54.925,53.979,54.911,55.947,54.606,54.31,55.493,57.044,55.114,56.819,56.988,58.86,57.71,58.35,60.278,62.079,60.421,63.503,62.028,62.506,63.816,64.566,66.789,68.838,67.899,70.353,72,72.766,75.441,77.168,79.933,83.3,85.745,88.565,92.932,95.029,99.619,106.103,108.859,113.359,118.433,122.941,125.395,128.213,130.941,134.633,132.848,133.089,133.326,132.381,130.601,128.51,126.087,121.949,120.743,115.66,113.204,110.876,108.727,107.857,107.198,105.214,103.101,102.436,99.798,99.519,98.9,95.538,94.068,91.452,91.392,88.791,86.021,82.716,79.998,78.996,74.35,73.178,69.513,69.466,66.548,65.494
METER_009,2026-01-03,132.15,133.6,131.872,132.638,130.702,129.186,128.619,126.936,123.785,120.065,117.08,114.55,110.699,106.47,103.867,101.592,97.923,93.083,91.473,87.947,86.769,84.486,83.544,82.195,80.307,79.484,77.396,77.329,74.61,75.457,76.481,74.25,76.078,74.975,74.956,76.185,73.797,73.964,75.315,75.439,76.323,76.82,78.423,77.689,78.88,80.656,82.067,81.079,81.985,82.771,85.638,86.796,87.144,88.371,89.308,89.977,92.332,91.557,92.248,96.03,95.889,98.728,99.166,100.717,103.265,106.095,108.996,112.987,118.304,122.433,127.342,133.31,141.095,147.604,156.336,162.547,170.152,172.964,179.422,179.674,181.512,182.018,179.541,175.191,167.898,163.874,156.59,148.054,140.784,134.418,129.162,122.852,117.543,112.352,108.233,105.55
METER_001,2026-01-04,24.812,23.662,23.985,26.561,26.034,26.728,25.348,26.528,27.152,27.467,27.588,26.964,28.634,28.429,30.029,28.572,30.192,32.152,32.504,32.11,34.809,33.894,36.376,36.181,39.081,41.518,42.966,44.981,47.485,49.372,49.074,51.515,54.597,55.371,55.131,55.462,57.378,56.581,56.858,57.324,56.391,55.465,53.935,51.047,49.554,49.837,48.651,46.078,45.804,46.639,45.523,43.804,42.803,42.367,42.752,41.384,40.417,42.143,41.377,38.731,38.559,38.139,35.259,36.569,35.16,33.945,30.846,29.81,31.143,27.824,27.513,26.586,27.723,24.91,24.725,24.79,25.431,23.295,24.442,23.94,23.374,22.412,23.928,22.846,21.786,21.63,23.176,21.94,21.864,24.009,23.78,23.687,23.19,24.315,23.096,25.334
METER_002,2026-01-04,29.975,29.387,27.542,27.007,28.941,27.194,27.892,27.557,28.488,26.848,27.644,28.536,28.12,26.72,27.032,26.193,28.743,27.826,27.214,28.434,27.011,27.503,29.956,29.785,29.893,28.827,30.015,28.857,30.836,29.998,29.926,31.591,30.754,31.722,32.823,32.99,35.018,32.972,35.137,34.583,36.681,37.063,37.198,38.994,39.4,42.339,43.286,45.194,46.364,48.481,50.628,53.016,54.87,58.107,60.015,60.804,63.3,66.249,67.599,68.691,67.021,67.383,67.76,67.608,66.21,65.747,62.472,61.91,60.456,59.869,57.642,57.481,54.329,53.458,52.475,52.086,53.264,50.821,51.892,51.602,49.74,49.933,48.787,46.157,45.253,45.946,44.359,43.545,39.667,39.561,39.633,38.032,36.734,34.32,32.706,32.568
METER_003,2026-01-04,70.588,73.077,72.396,71.064,72.282,69.749,71.265,69.851,66.427,66.803,64.843,63.467,59.454,59.862,57.926,53.443,51.954,52.484,48.859,48.493,46.662,47.332,43.626,43.358,43.291,42.136,41.515,41.499,40.632,42.367,39.949,41.39,41.378,41.389,41.807,40.827,39.75,41.145,40.505,42.111,40.472,43.218,42.485,42.39,43.607,44.647,43.594,45.634,44.161,46.816,46.761,47.438,47.922,48.449,49.53,50.113,50.693,49.821,50.376,50.843,52.834,51.675,54.894,55.743,55.521,58.53,59.089,62.356,65.137,67.197,70.459,74.118,75.634,79.841,85.981,88.069,91.114,95.848,98.526,99.722,98.726,97.855,98.219,96.139,91.323,88.652,83.346,79.488,78.261,71.826,70.263,67.656,62.635,61.929,60.012,56.324
METER_004,2026-01-04,38.404,38.892,39.988,40.814,39.218,41.084,41.39,40.599,41.212,42.218,43.902,44.418,45.614,45.082,47.205,47.869,47.811,50.313,48.936,52.01,53.331,54.151,57.29,58.069,60.686,65.415,67.124,69.929,74.122,76.264,79.089,82.473,85.294,86.973,88.851,89.454,89.254,91.085,89.162,88.866,88.088,85.066,83.912,82.285,80.787,79.259,76.278,75.445,74.127,73.421,71.787,70.401,69.727,69.234,66.899,66.344,65.029,63.399,64.458,61.882,61.831,59.834,57.063,57.091,54.658,52.103,49.955,49.622,46.094,45.468,45.744,43.641,43.093,41.118,39.142,39.345,40.113,39.514,38.386,36.967,37.282,37.653,37.98,36.231,35.494,36.126,35.081,37.699,37.469,35.82,37.072,36.019,38.724,36.538,36.987,37.959
METER_005,2026-01-04,43.975,41.852,42.569,42.304,41.431,41.55,40.287,40.012,40.671,41.023,42.205,41.372,39.685,41.192,40.419,42.225,40.948,42.221,40.849,42.886,41.335,43.652,43.389,42.669,42.12,43.602,43.923,45.755,46.123,46.752,46.054,45.662,47.435,47.299,49.996,50.032,51.414,51.666,51.012,51.664,53.196,56.084,55.587,58.818,58.491,60.684,65.203,66.884,69.26,71.878,75.13,80.232,82.36,85.596,90.452,92.168,95.262,98.024,98.272,99.457,100.203,101.073,99.985,98.882,99.843,96.872,95.037,93.138,90.232,88.033,85.574,83.276,82.103,82.367,78.629,79.387,77.727,75.393,75.412,75.95,74.216,71.421,70.685,69.708,68.487,67.74,65.982,63.371,60.256,58.431,55.737,55.032,53.446,50.44,51.116,49.049
METER_006,2026-01-04,103.041,101.921,102.661,101.432,100.769,101.536,97.888,97.754,95.908,94.365,89.846,89.728,84.471,82.778,79.207,78.571,75.775,72.445,71.514,69.947,67.416,64.506,63.219,63.942,62.787,60.559,60.428,59.637,58.351,59.48,58.551,57.626,58.896,57.449,57.681,59.146,57.983,58.018,59.475,57.504,59.609,58.332,60.681,60.761,61.83,61.543,61.716,62.59,65.093,66.039,66.138,66.676,66.155,67.532,68.551,68.716,71.482,71.327,72.182,73.734,73.321,75.265,76.089,76.766,79.466,82.012,84.72,86.984,89.578,95.27,100.149,103.733,110.335,115.18,119.8,126.853,130.36,135.605,137.444,139.095,139.864,139.483,138.206,135.978,130.932,125.949,119.075,113.683,108.517,103.02,97.549,93.436,90.676,86.723,85.035,80.543
METER_007,2026-01-04,53.781,53.383,54.413,54.951,54.545,54.826,55.648,58.175,58.96,58.391,60.154,61.299,61.369,61.591,64.639,64.409,67.057,68.015,69.257,70.765,71.638,76.343,79.172,80.139,85.13,89.649,93.638,95.032,101.313,104.646,108.405,111.891,114.659,118.774,120.645,121.887,123.702,122.426,123.775,121.136,120.485,119.056,114.467,112.31,108.926,107.995,104.187,101.596,101.787,99.91,98.197,94.752,94.789,94.026,91.236,90.4,91.003,87.45,86.826,83.839,82.447,80.387,77.745,77.305,75.408,71.372,68.451,66.212,64.898,61.616,60.461,60.098,56.881,55.741,55.257,52.934,52.39,52.522,50.761,50.424,51.37,50.319,49.867,48.677,48.722,50.474,50.936,49.442,51.15,49.287,51.605,51.102,51.075,51.187,51.541,52.234
METER_008,2026-01-04,56.387,55.865,55.553,56.051,54.499,56.392,56.047,53.343,55.432,54.913,52.997,55.236,54.468,54.695,55.181,53.818,55.267,53.473,55.813,55.4,56.237,57.402,57.77,57.802,56.615,58.776,57.836,60.82,60.219,60.296,62.386,63.623,63.085,63.69,65.148,66.983,66.686,67.884,68.024,71.552,71.659,74.292,74.4,78.018,79.387,80.75,86.053,87.673,92.955,95.054,99.8,106.084,110.358,113.26,117.649,123.722,125.332,129.909,130.908,132.068,134.17,134.172,133.985,132.637,130.637,128.849,126.581,123.452,118.814,116.068,115.832,111.143,111.053,109.194,106.014,104.456,103.023,101.381,100.396,98.031,98.177,97.501,93.908,91.435,89.821,87.959,84.566,82.041,80.08,77.707,75.384,73.372,71.832,68.221,67.422,65.781
METER_009,2026-01-04,133.008,133.504,132.29,131.835,130.278,131.007,129.534,126.316,123.412,119.99,117.973,113.993,110.791,108.114,104.248,99.834,98.859,95.618,93.004,88.803,86.337,85.342,82.428,80.367,80.267,79.549,77.411,76.568,77.242,74.254,75.023,75.041,74.559,73.845,75.546,75.864,74.524,75.964,76.756,75.6,76.251,77.758,78.707,78.33,80.306,79.776,80.427,82.3,81.962,84.063,86.078,85.8,87.563,88.794,89.293,88.936,92.479,92.048,93.564,93.928,96.001,97.708,99.238,100.012,104.289,106.837,109.699,112.115,116.686,121.689,128.18,135.706,140.359,148.892,155.156,164.045,170.394,175.483,178.627,181.429,181.659,179.981,179.424,175.158,169.149,161.703,156.287,148.846,142.623,133.261,128.787,122.478,117.374,113.266,108.595,106.808
METER_001,2026-01-05,27.966,29.016,28.293,28.261,27.948,28.317,29.46,28.989,29.943,30.625,32.535,31.454,32.041,32.756,33.081,35.011,35.585,35.281,36.484,36.498,37.746,39.008,42.031,43.151,45.05,45.802,48.409,50.474,53.691,55.922,57.645,59.242,60.059,61.145,64.184,64.355,64.147,63.752,64.762,63.522,62.24,61.061,60.203,58.389,58.233,55.802,55.357,54.406,52.325,53.148,50.176,49.427,50.586,49.432,48.167,48.229,47.496,47.021,44.302,43.579,42.69,41.435,41.559,40.737,37.558,37.093,35.111,36.018,35.292,31.854,32.028,32.133,29.866,28.975,28.775,27.75,26.719,27.961,27.896,25.826,26.967,25.892,27.067,25.258,27.417,27.095,25.101,25.532,25.901,26.943,27.295,25.329,26.923,28.054,26.495,27.327
METER_002,2026-01-05,34.124,32.418,32.596,32.727,30.696,32.627,30.61,32.384,31.364,31.608,29.831,32.466,31.401,32.302,30.6,30.796,32.44,30.334,32.125,31.748,32.937,31.082,32.558,32.558,32.196,33.46,32.532,35.157,34.183,33.832,35.361,35.965,37.404,35.45,36.832,37.734,39.359,38.183,38.638,41.445,40.191,41.428,43.886,43.202,45.554,46.078,50.083,50.217,53.669,54.667,56.754,59.632,63.468,65.103,69.333,69.837,73.301,75.396,75.018,76.847,77.625,77.171,76.881,76.641,75.04,73.503,73.165,72.156,69.604,67.348,65.163,65.628,62.476,63.005,62.038,59.437,59.341,59.104,57.528,57.476,57.616,56.462,55.353,52.508,52.844,51.04,49.418,48.572,45.416,44.768,44.628,41.808,39.556,39.184,37.028,38.025
METER_003,2026-01-05,63.917,65.335,63.166,65.673,63.557,62.804,63.223,60.336,60.141,58.944,58.191,54.621,54.562,52.733,50.237,50.189,47.304,45.521,44.765,43.294,41.299,41.188,40.604,38.63,38.647,38.947,36.555,37.428,36.036,36.379,35.372,37.185,35.339,35.627,37.237,37.431,35.274,37.272,36.529,37.814,37.164,38.217,37.448,37.425,38.242,37.878,40.345,41.021,40.748,39.425,41.663,43.035,41.788,42.233,42.017,44.205,45.295,44.192,46.183,45.342,45.999,48.134,47.166,47.943,48.996,52.154,52.576,55.494,56.852,58.331,62.509,64.007,68.91,71.473,76.003,79.412,82.026,85.554,88.237,88.764,89.219,87.829,85.644,83.946,82.952,80.134,75.888,72.92,69.09,66.494,61.633,60.206,57.423,54.814,54.453,50.392
METER_004,2026-01-05,45.169,45.382,46.126,44.085,46.291,46.763,47.862,47.75,47.758,48.726,50.505,50.368,50.694,52.24,52.746,54.642,55.448,56.565,55.966,58.31,61.36,63.025,63.982,67.603,69.439,73.394,77.964,80.935,84.01,88.061,89.823,92.632,95.459,98.279,101.553,101.255,102.996,104.064,101.126,101.907,99.956,97.057,95.382,94.77,91.747,88.138,86.169,86.522,84.932,81.108,81.301,79.186,79.276,76.749,77.884,75.658,75.117,74.424,72.547,71.004,70.139,66.351,66.062,63.76,61.13,59.389,58.87,56.639,54.733,52.986,50.392,48.242,49.327,46.187,47.164,44.873,45.01,44.814,41.97,42.591,42.382,40.749,40.276,41.244,42.76,41.202,41.613,42.586,42.525,41.876,41.556,40.889,41.629,42.336,42.043,42.94
METER_005,2026-01-05,49.66,48.765,49.054,49.365,49,48.085,47.88,45.568,45.679,46.432,45.501,47.535,45.178,45.711,46.628,47.481,48.077,46.222,47.097,47.731,48.164,47.71,47.923,47.537,49.517,50.744,50.362,50.376,52.101,53.461,51.939,52.917,54.011,55.579,56.581,55.716,57.705,56.791,60.075,59.093,62.268,63.368,65.443,65.838,68.119,69.103,73.485,74.918,79.864,83.09,85.393,90.018,94.571,97.537,100.936,104.063,108.812,112.003,112.002,114.61,114.481,115.473,113.448,112.286,111.718,109.234,108.389,104.516,101.481,99.504,97.196,95.56,93.431,93.043,90.816,89.175,88.913,87.457,85.675,84.305,85.065,81.81,80.974,79.558,78.596,75.866,72.339,72.032,69.786,66.001,64.145,63.515,61.826,59.976,57.673,54.461
METER_006,2026-01-05,90.712,92.111,91.442,90.574,91.839,90.658,87.515,88.596,86.756,83.999,82.324,78.868,77.007,74.5,73.133,70.748,67.753,64.924,64.128,61.738,58.85,59.012,57.721,54.834,55.78,55.223,54.565,53.277,53.784,51.569,52.255,51.305,51.254,51.586,50.833,51.389,50.832,52.999,51.994,53.572,52.672,51.985,52.844,53.757,54.114,54.191,55.318,55.96,57.8,57.949,58.534,58.996,59.348,61.906,61.627,63.269,63.116,64.648,64.909,66.29,65.368,68.008,68.646,68.795,71.334,73.842,74.326,78.789,79.571,83.57,88.74,92.011,96.515,102.846,107.082,112.864,116.999,121.259,123.075,126.39,125.324,124.099,124.157,121.67,116.337,112.565,107.612,102.335,98.073,93.158,88.637,84.208,82.288,77.668,76.667,74.388
METER_007,2026-01-05,59.591,59.885,61.834,62.04,61.747,63.792,63.966,64.762,65.632,67.154,67.867,68.409,69.368,69.696,71.572,74.161,75.841,76.027,78.158,81.365,83.828,86.092,89.401,91.983,97.231,99.622,105.805,109.379,114.143,119.059,123.527,128.873,132.223,133.73,136.781,139.494,139.772,141.584,139.449,137.162,135.424,133.827,130.358,127.991,125.671,121.425,120.357,116.715,114.22,113.403,111.623,110.335,107.476,105.283,104.085,104.496,102.232,101.857,99.372,97.216,94.674,92.983,89.632,86.804,83.198,82.862,79.471,77.007,74.638,72.916,69.957,67.004,66.782,64.395,62.739,62.295,59.595,60.83,58.688,59.532,58.86,58.134,57.623,55.953,55.719,55.777,57.912,57.085,56.66,58.241,57.579,57.871,59.179,59.149,59.153,58.848
METER_008,2026-01-05,66.29,64.439,65.278,64.235,62.709,62.174,61.915,61.304,61.849,62.479,61.834,60.41,61.76,62.05,62.387,61.923,62.207,63.477,61.331,63.239,62.729,62.971,63.912,65.367,66.354,66.296,67.59,66.664,67.104,70.194,69.956,71.775,70.621,71.467,72.626,76.068,75.489,77.268,77.549,78.644,81.839,83.124,86.365,88.366,90.495,94.693,95.866,100.731,104.908,110.12,114.216,119.618,124.91,130.106,135.818,140.38,144.37,145.895,149.968,151.936,153.161,153.71,152.575,151.099,150.175,147.103,144.382,141.003,136.168,133.19,131.635,128.76,124.546,124.105,119.432,118.203,118.28,116.46,115.013,111.716,110.665,108.321,107.927,106.121,104.284,100.917,98.262,94.828,91.94,89.312,86.804,83.587,80.173,78.301,76.122,74.414
METER_009,2026-01-05,117.605,119.696,119.383,117.849,117.319,115.667,115.752,112.518,109.931,109.397,105.636,102.566,98.861,96.29,93.354,90.148,87.684,84.921,81.719,78.408,77.392,75.077,75.126,72.016,72.164,70.702,68.829,69.151,69.112,67.902,68.094,67.016,65.888,66.858,65.828,66.252,65.952,66.803,66.448,69.23,68.331,69.805,69.208,70.608,72.243,71.669,73.573,73.831,74.713,75.3,74.394,75.627,77.974,78.292,79.993,80.356,81.727,82.903,83.218,85.191,87.282,87.357,87.975,91.752,93.277,95.395,97.144,100.032,104.8,109.426,115.906,120.76,126.958,131.909,140.485,146.017,150.197,157.051,160.353,163.01,163.556,161.466,161.164,155.18,151.195,145.902,140.609,132.219,126.042,121.648,113.206,109.711,104.103,100.487,96.883,93.718
METER_001,2026-01-06,28.478,27.181,28.944,29.5,29.039,30.061,29.763,29.06,30.022,31.209,31.454,31.176,32.871,31.881,34.47,33.675,34.506,34.529,35.609,37.529,37.944,39.367,41.873,41.602,45.169,47.208,48.402,49.304,53.567,55.129,58.469,58.036,59.991,63.731,62.879,64.968,64.165,63.859,63.317,64.208,62.902,60.962,62.072,60,56.602,56.874,56.456,54.39,53.681,51.792,49.842,50.92,49.088,49.559,48.382,46.681,46.13,47.793,45.066,45.108,42.429,43.56,40.615,41.052,38.138,37.919,36.163,35.773,33.378,34.04,32.813,32.528,29.533,29.47,28.396,27.928,28.615,26.731,27.488,27.785,27.288,26.187,26.105,27.554,26.38,25.471,25.442,27.348,25.142,26.476,27.338,26.42,26.662,28.17,27.397,28.699
METER_002,2026-01-06,32.543,32.712,31.404,30.972,32.945,31.732,31.394,32.506,30.036,31.694,31.987,30.661,32.056,32.099,30.381,30.313,30.416,32.549,32.436,32.95,32.225,31.973,32.91,31.541,33.163,34.088,34.283,33.816,34.667,34.019,35.956,36.484,37.791,37.589,37.172,38.624,39.523,39.907,41.047,40.519,40.327,41.522,44.335,43.443,45.84,47.953,48.812,49.77,52.585,56.62,56.973,61.915,63.461,66.105,68.001,70.758,72.098,73.884,75.182,77.4,76.297,76.393,78.016,77.092,76.303,72.682,72.029,69.893,67.901,67.338,64.882,65.186,62.251,63.107,60.163,59.99,58.236,57.885,57.922,58.081,57.597,54.326,54.545,53.827,52.442,52.225,49.731,49.242,46.823,45.522,42.36,40.805,40.5,40.893,38.423,37.978
METER_003,2026-01-06,63.735,63.199,64.633,64.387,65.264,62.521,62.757,61.105,60.93,58.206,56.145,55.241,54.268,51.299,49.414,49.937,47.135,47.327,43.855,43.623,42.259,40.561,41.055,40.557,39.404,37.96,37.783,37.717,35.954,36.135,35.492,36.908,35.398,37.317,36.922,36.194,35.702,36.203,35.975,37.962,36.039,37.498,36.62,36.883,37.282,39.052,40.545,39.884,41.671,41.697,40.001,41.388,41.831,42.811,43.532,44.753,44.437,44.492,45.53,46.797,47.724,47.088,48.775,49.277,48.969,51.286,54.487,55.568,57.35,58.277,62.735,66.571,69.208,72.195,76.098,78.481,81.958,84.164,86.515,88.39,90.027,87.541,87.637,85.965,81.21,78.388,75.825,72.147,69.53,65.185,61.471,59.33,58.025,55.159,52.359,50.955
METER_004,2026-01-06,44.046,45.336,46.235,46.762,45.41,45.444,47.284,46.73,47.806,47.866,50.738,48.991,51.239,51.252,52.573,54.101,55.604,55.241,56.655,59.551,62.081,63.9,65.365,69.007,71.582,73.111,75.53,79.409,82.907,86.46,90.274,93.879,96.394,99.246,99.862,102.592,103.579,103.101,102.572,100.847,99.018,98.788,97.022,95.03,90.508,88.733,88.452,86.179,84.099,82.096,81.235,80.14,78.987,79.118,75.656,75.207,75.035,73.119,71.408,70.747,69.499,67.015,64.445,64.503,62.173,60.82,59.143,56.135,54.992,52.851,49.819,49.295,48.43,47.24,45.519,44.477,45.496,42.262,43.369,41.967,41.818,41.725,42.435,42.769,41.736,40.218,41.711,41.696,40.797,42.729,40.786,42.44,41.555,43.85,42.917,44.766
METER_005,2026-01-06,50.125,48.831,49.069,48.36,46.529,47.843,47.713,48.015,47.719,47.341,47.585,45.556,45.307,46.662,45.637,47.15,48.119,47.91,46.282,46.883,46.411,47.349,48.617,49.819,49.236,51.158,49.193,49.731,51.765,53.581,51.62,53.324,54.203,54.342,55.486,55.514,57.341,58.951,58.07,61.264,61.881,62.111,65.24,65.067,68.868,71.347,72.492,74.669,78.404,81.592,86.205,90.297,93.339,96.897,100.92,104.319,108.644,110.896,112.805,113.92,116.476,114.661,114.247,112.709,111.56,111.255,106.927,105.56,101.898,100.075,96.911,97.283,94.626,93.554,91.122,89.63,87.625,87.658,87.75,83.957,85.349,83.806,79.918,78.206,77.59,76.427,74.018,71.006,67.991,66.826,65.195,62.37,62.162,57.503,56.041,54.54
METER_006,2026-01-06,91.703,91.346,90.942,91.056,92.019,89.878,88.891,87.475,84.556,82.757,80.492,78.24,77.358,74.032,72.904,69.079,67.32,64.721,62.225,62.724,59.297,58.072,57.824,54.852,54.599,53.281,52.409,54.27,53.273,51.935,53.215,51.911,52.435,52.08,50.492,50.811,53.021,51.19,52.576,52.136,53.332,52.823,54.115,54.775,55.836,55.655,54.724,57.218,56.33,58.982,58.97,59.248,60.809,61.866,62.19,61.093,64.074,63.284,63.699,65.434,66.593,66.256,68,69.358,71.939,72.622,75.513,77.741,82.233,84.5,89.746,92.579,98.931,102.391,108.123,112.491,116.47,120.974,122.238,125.106,125.695,124.552,123.517,121.759,116.485,111.478,107.933,102.377,97.697,94.098,88.351,84.144,79.796,76.681,74.179,73.366
METER_007,2026-01-06,60.918,60.613,60.372,62.399,61.535,62.314,63.881,65.365,65.223,67.929,67.344,68.267,68.483,70.429,72.327,72.846,74.291,75.838,77.104,79.762,83.742,86.542,88.304,92.697,95.812,101.94,105.56,108.845,114.165,118.444,124.554,127.339,131.272,134.615,138.649,139.739,139.878,140.163,140.592,139.106,136.483,133.801,130.239,128.745,126.621,123.522,119.353,116.119,114.405,111.973,111.538,109.03,106.654,106.641,106.693,104.068,101.897,101.895,99.098,97.644,93.594,90.984,89.457,88.402,84.891,81.005,78.378,75.331,75.242,70.538,70.115,68.549,64.769,63.316,62.52,62.656,61.225,58.567,59.401,57.895,56.797,58.123,56.997,57.744,55.687,56.129,55.602,55.64,56.748,58.1,57.063,57.243,56.903,60.077,59.238,59.255
METER_008,2026-01-06,66.575,66.452,63.143,62.947,63.285,62.741,63.23,63.236,61.238,60.674,62.638,62.839,61.48,62.041,62.684,62.301,63.173,61.806,63.384,61.731,63.734,63.421,65.169,66.1,65.048,66.135,67.185,66.678,68.041,68.522,69.913,70.533,72.893,73.008,74.017,75.105,77.149,78.125,79.802,80.071,80.668,84.153,84.634,89.248,90.652,93.959,96.626,99.894,105.515,110.813,113.515,119.523,125.971,130.636,134.658,139.161,145.184,148.036,150.737,153.455,151.816,153.578,152.819,150.114,150.046,147.05,142.757,140.954,135.557,133.975,129.966,128.523,124.008,121.787,121.423,119.611,117.128,115.64,116.052,111.899,111.45,110.994,106.79,104.899,102.7,100.765,98.772,95.915,91.683,89.606,87.359,83.391,80.719,77.234,76.85,74.764
METER_009,2026-01-06,119.203,119.369,117.999,119.4,117.431,118.074,116.315,114.411,110.008,108.856,105.746,103.944,99.965,95.98,93.943,88.888,87.39,85.088,82.445,78.507,78.631,75.357,74.301,72.287,72.202,69.118,70.251,68.912,68.599,68.699,67.32,68.475,66.911,66.735,67.51,67.345,66.375,67.718,67.077,68.328,68.877,68.762,69.689,70.882,71.243,71.634,71.837,73.364,74.738,74.281,76.467,75.43,77.037,79.446,79.412,81.381,81.066,82.971,83.643,84.081,86.886,86.966,89.314,91.567,91.974,96.172,97.301,101.033,104.531,108.413,114.865,120.921,127.76,132.177,139.947,144.81,150.651,156.781,161.306,163.28,161.979,161.779,159.755,155.656,150.637,146.86,140.425,134.42,125.408,119.399,115.965,110.124,104.374,102.389,97.603,93.841
METER_001,2026-01-07,28.416,29.154,29.365,28.939,28.579,29.446,30.25,29.472,29.648,31.296,30.884,32.485,31.239,31.374,32.467,35.175,33.321,35.785,37.065,37.745,39.232,40.297,42.021,41.982,44.766,46.936,49.418,49.551,51.633,56.501,58.384,59.449,62.314,63.521,63.312,64.882,65.949,66.296,65.386,64.05,64.521,61.018,61.448,58.728,58.181,55.901,54.897,54.599,54.372,51.648,52.228,49.831,50.413,48.011,48.699,47.035,48.245,45.614,46.782,44.397,44.398,42.792,40.863,39.86,40.321,39.137,37.814,36.52,33.426,32.519,31.048,31.794,31.091,28.971,30.207,28.057,28.998,26.651,27.205,26.156,26.675,25.135,26.238,27.621,26.84,26.835,25.07,25.218,27.092,27.306,25.957,26.536,27.098,26.035,27.879,27.951
METER_002,2026-01-07,33.33,33.01,33.817,33.336,32.925,33.082,32.099,31.532,32.583,32.454,30.642,31.264,32.163,31.99,32.462,31.917,31.77,31.267,31.888,30.623,32.049,33.514,31.503,31.827,33.218,33.791,33.087,33.378,34.164,36.335,35.487,34.713,36.664,35.867,38.75,37.949,37.734,39.294,40.288,40.215,41.916,41.073,44.201,45.33,46.871,47.657,48.337,52.343,53.146,56.779,59.278,60.063,63.455,66.038,68.391,69.575,73.926,74.097,77.185,78.247,76.741,77.122,76.349,75.377,74.325,74.636,73.315,70.886,70.707,68.037,66.521,64.911,62.56,61.887,61.595,59.063,59.473,57.969,56.925,57.208,56.512,57.013,53.691,53.46,52.159,51.885,49.129,47.141,45.254,45.597,43.288,42.956,40.569,39.09,39.777,36.442
METER_003,2026-01-07,63.517,63.903,65.742,65.82,64.993,63.354,62.237,61.119,61.356,59.788,56.594,56.019,55.142,51.519,50.518,48.967,47.99,45.126,44.11,43.772,41.222,41.867,41.16,39.845,38.271,38.341,36.555,36.437,36.516,38.075,35.533,36.024,37.301,36.145,37.044,36.672,37.671,36.558,38.208,37.863,38.649,38.331,37.152,39.662,40.088,38.43,38.52,40.868,39.52,41.546,40.105,42.253,42.804,42.993,43.8,44.5,43.98,46.151,44.26,47.393,45.606,47.52,47.133,49.482,50.248,52.748,53.339,54.303,58.399,60.897,61.823,66.036,68.38,72.625,76.494,79.547,83.873,86.258,86.34,87.993,90.069,88.284,88.297,84.611,83.691,78.52,76.187,72.535,67.761,66.857,61.117,60.834,57.718,56.165,52.011,50.459
METER_004,2026-01-07,44.528,45.712,45.304,45.557,45.758,47.813,46.768,48.363,47.429,48.281,49.615,49.373,52.408,52.826,51.417,52.747,55.897,56.856,58.284,58.355,62.05,62.972,64.536,68.96,69.496,74.385,77.984,81.504,82.998,86.26,90.509,95.082,97.789,99.001,101.179,102.99,103.055,102.065,103.751,100.437,100.674,99.254,96.007,94.878,91.629,88.895,87.783,86.235,83.047,82.204,81.043,79.426,79.601,78.298,78.241,75.445,74.341,72.339,71.771,69.749,69.548,68.467,66.037,62.735,60.97,59.022,57.985,56.92,54.554,52.07,50.959,49.807,48.616,46.05,45.995,44.398,45.095,43.104,43.986,42.585,43.402,41.32,40.684,40.411,40.882,41.339,41.276,42.383,42.294,41.222,41.999,41.613,41.849,42.832,42.728,44.089
METER_005,2026-01-07,48.295,47.946,48.312,48.403,49.167,48.123,46.295,46.98,45.497,48.046,46.237,46.969,46.363,47.642,45.704,46.103,47.959,47.766,46.122,47.364,48.074,49.556,49.77,49.852,48.775,51.354,49.775,49.795,52.078,53.407,54.294,52.463,53.092,55.632,56.349,56.619,56.052,58.877,59.778,59.685,60.678,61.609,64.278,66.415,67.072,69.385,72.233,76.409,80.187,82.956,86.452,91.544,92.841,98.687,101.106,105.789,108.542,112.291,112.336,115.698,114.785,115.472,115.115,113.62,111.265,110.044,109.388,104.835,104.458,100.434,97.806,96.768,94.835,92.242,90.029,88.797,88.119,88.303,87.824,85.741,85.147,83.37,82.193,79.658,76.404,74.853,75.057,72.362,68.509,66.342,63.946,64.158,60.03,59.969,58.011,55.719
METER_006,2026-01-07,91.04,93.015,92.337,91.409,91.507,89.538,89.192,86.695,85.012,84.098,81.822,80.642,78.162,74.189,71.557,70.483,67.108,65.878,63.658,60.326,61.337,59.513,57.007,55.457,55.783,53.93,53.069,52.609,53.14,51.343,51.84,52.024,50.487,50.358,52.719,51.831,51.004,52.272,53.223,53.698,51.821,52.94,54.199,54.191,54.13,55.674,55.908,56.232,56.04,58.92,58.826,58.312,60.849,59.903,60.614,61.493,62.055,64.951,63.424,66.626,66.173,68.393,69.375,69.427,71.972,73.183,76.047,78.047,82.461,83.814,90.084,94.143,98.349,103.194,107.569,113.935,116.21,122.004,123.593,125.813,126.665,126.281,124.874,121.443,117.717,112.018,108.424,104.039,96.576,94.504,88.222,85.978,79.988,78.054,76.631,73.219
METER_007,2026-01-07,60.68,60.473,61.226,62.81,62.371,65.083,63.94,64.691,64.898,66.507,69.117,70.052,68.716,70.098,72.548,72.748,74.849,75.444,78.183,81.59,82.985,85.399,89.026,93.426,95.834,100.33,105.307,108.802,114.502,119.676,124.182,128.217,132.205,135.163,139.256,140.39,141.006,140.888,139.365,137.888,135.861,135.643,133.045,129.824,124.387,121.532,118.545,117.239,114.295,112.807,112.572,110.076,107.064,105.914,106.478,103.752,103.893,100.855,99.533,98.247,93.609,91.673,90.659,88.65,84.171,81.955,77.954,75.679,72.958,70.564,69.639,66.743,65.136,65.279,62.032,61.9,61.205,59.273,58.794,57.161,58.229,56.71,57.441,56.903,58.265,57.731,56.478,57.102,56.823,57.527,57.131,57.671,57.138,60.076,58.702,60.6
METER_008,2026-01-07,64.409,65.067,65.529,65.372,64.444,64.42,61.556,62.846,63.346,60.748,63.133,61.652,60.79,62.986,61.016,60.802,61.778,62.968,63.568,62.655,64.059,64.038,63.252,66.546,66.226,67.116,65.744,66.778,68.367,69.515,70.285,70.076,70.84,74.336,74.152,75.772,74.82,77.158,79.891,80.136,82.64,83.595,85.948,88.759,90.374,94.746,97.742,101.963,103.982,111.177,115.775,120.474,125.25,129.083,133.823,138.632,143.369,147.694,150.962,152.1,152.089,154.879,152.566,152.035,148.179,147.179,144.646,140.82,137.594,134.715,131.911,127.569,125.995,123.896,122.347,118.757,118.556,116.933,113.555,113.606,110.426,111.291,107.808,106.806,104.627,100.887,99.127,96.449,91.941,90.217,85.093,84.196,80.075,77.261,74.714,74.353
METER_009,2026-01-07,118.461,117.789,118.486,119.419,118.588,117.706,114.038,112.554,112.385,107.333,106.53,101.686,98.959,96.845,92.647,89.574,86.892,85.549,82.175,80.439,78.26,76.712,73.985,72.695,70.754,71.572,69.387,69.733,67.001,66.513,66.567,65.86,65.735,67.43,67.693,68.219,68.166,67.768,68.596,67.269,70.158,70.728,71.047,71.563,71.255,71.152,72.004,72.213,75.358,75.419,77.172,77.562,78.351,79.086,80.417,81.929,81.702,83.753,85.061,83.988,84.987,87.735,88.232,89.431,92.265,95.644,96.597,102.498,104.989,110.722,115.045,120.679,127.596,133.646,139.902,145.073,152.709,157.752,161.327,163.782,162.885,162.973,160.101,157.701,152.938,146.312,140.288,133.788,128.053,120.829,115.682,109.612,106.025,100.782,98.199,94.664
METER_001,2026-01-08,27.639,27.673,28.682,29.036,28.343,30.411,28.615,29.007,30.443,30.844,30.186,32.076,31.446,31.903,33.82,33.719,33.314,35.672,37.261,36.864,38.615,40.232,42.186,42.347,44.147,45.835,47.56,50.131,52.603,54.034,56.85,60.455,62.147,63.088,63.608,65.723,65.49,64.115,64.33,62.95,62.152,61.477,60.901,60.455,57.051,55.795,56.316,55.051,53.585,51.493,50.912,51.644,49.264,48.19,48.744,48.515,48.603,45.451,45.612,44.629,44.801,42.76,41.404,41.19,39.34,36.577,36.582,35.687,33.738,33.739,31.654,32.085,29.688,29.57,28.731,27.767,28.558,28.219,27.611,26.607,27.835,25.391,27.054,26.947,27.03,27.18,25.449,25.898,26.9,25.665,25.58,28.052,26.117,28.567,27.378,27.176
METER_002,2026-01-08,33.671,32.112,33.982,33.377,32.439,32.049,30.883,30.306,31.767,31.273,30.913,32.569,31.756,30.055,30.449,31.441,31.513,32.174,32.794,31.43,31.525,32.779,32.456,33.625,32.367,32.51,34.169,35.027,33.994,36.534,36.576,36.521,35.988,38.26,38.669,37.672,39.36,38.7,39.162,39.466,41.187,41.402,43.108,45.436,46.424,46.759,49.227,50.584,52.05,55.235,58.123,60.113,63.656,65.77,67.413,71.564,72.049,74.606,77.372,78.393,76.81,77.749,77.261,75.336,74.471,74.337,73.778,70.144,69.935,67.796,65.745,63.894,62.664,62.489,61.156,59.249,60.564,60.158,58.769,56.59,56.895,55.24,55.902,54.049,51.243,50.465,48.535,48.642,46.688,45.845,42.681,41.694,40.188,40.574,37.734,36.264
METER_003,2026-01-08,63.674,65.854,64.278,65.223,65.472,62.499,62.965,62.373,59.55,58.962,57.739,57.227,53.503,53.533,51.337,49.697,46.621,47.107,45.732,43.979,40.998,41.875,41.597,39.733,39.075,37.805,38.424,37.716,37.139,36.504,36.122,35.785,37.395,35.138,36.31,37.09,36.329,35.534,37.17,36.796,37.32,37.029,36.758,37.986,38.406,38.139,38.814,38.723,39.883,40.635,42.678,42.213,43.171,41.683,44.778,44.964,44.538,44.57,46.855,47.369,48.29,48.062,47.91,48.965,49.311,52.753,53.579,54.178,57.289,59.904,63.266,64.52,67.817,72.961,77.186,78.434,81.373,84.118,86.389,87.294,88.518,88.583,87.128,86.472,81.721,80.22,75.519,73.435,70.151,64.786,62.272,59.145,58.011,54.658,52.374,51.945
METER_004,2026-01-08,43.726,45.741,44.015,44.705,46.671,47.371,46.216,48.168,48.351,50.155,50.225,50.202,49.904,52.593,51.769,52.519,55.853,56.737,56.552,60.032,60.769,63.126,66.456,68.239,71.133,74.198,78.422,81.602,84.691,87.294,91.35,93.525,97.781,97.907,100.697,101.766,103.238,103.066,101.797,100.901,101.318,98.259,96.993,94.258,93.027,91.042,86.412,86.461,84.579,82.719,81.82,80.379,78.839,77.428,76.235,76.469,74.185,74.522,73.029,70.038,69.444,66.669,66.515,64.589,61.549,61.249,57.208,55.929,55.627,52.646,51.957,49.972,47.504,47.911,46.279,44.689,45.221,44.869,42.905,41.846,43.218,42.431,40.816,42.299,42.537,41.173,40.536,41.167,40.576,42.954,41.623,42.852,42.389,43.62,42.719,45.057
METER_005,2026-01-08,50.919,49.991,47.455,47.406,46.829,47.773,46.51,47.503,47.211,47.829,46.935,46.756,45.997,46.521,46.853,47.14,47.588,46.494,48.519,48.529,46.877,48.181,50.021,48.753,48.344,49.671,50.409,51.082,52.916,52.855,52.688,54.527,54.243,54.823,54.716,56.482,56.715,58.14,60.072,60.48,60.308,62.628,64.963,65.489,68.547,70.17,74.664,76.788,78.015,83.281,87.18,89.253,93.765,97.61,103.329,106.414,108.349,112.559,114.63,113.788,114.584,115.923,114.489,112.989,112.013,110.604,107.871,104.738,104.685,102.229,99.787,96.38,93.822,91.924,90.591,88.883,87.519,87.078,85.398,84.378,85.303,82.053,81.615,79.718,78.975,75.762,73.609,70.371,68.697,67.827,63.889,62.148,60.119,58.932,56.811,55.359
METER_006,2026-01-08,91.564,91.368,92.587,90.999,89.946,90.429,88.915,88.164,85.175,82.934,81.309,80.322,78.189,75.51,73.006,70.635,66.693,64.22,63.201,60.469,59.835,58.098,56.847,56.543,54.754,54.235,53.24,52.654,51.725,52.888,52.157,53.105,50.654,51.634,52.66,50.878,52.135,51.566,51.532,53.714,54.52,54.214,54.87,54.657,54.953,55.029,57.257,56.283,57.425,57.713,59.778,60.184,58.847,59.819,62.027,63.007,63.112,64.513,65.895,64.488,65.334,67.883,68.618,71.483,71.58,74.267,74.507,79.447,81.873,85.502,87.999,93.465,97.986,103.749,108.878,113.548,117.179,119.796,123.828,125.066,127.419,126.672,124.855,122.363,115.985,113.878,108.407,104.229,98.425,93.158,89.267,83.778,80.033,79.654,76.398,73.343
METER_007,2026-01-08,61.31,60.404,61.347,61.43,61.907,62.92,65.84,64.582,66.032,66.936,68.738,69.899,69.239,69.975,72.273,74.344,75.861,77.174,79.677,81.13,82.142,87.307,88.521,93.129,95.536,101.248,106.022,110.3,114.662,120.575,123.361,128.533,131.604,135.197,138.782,139.63,142.287,140.559,141.633,139.783,137.542,133.543,130.627,129.548,125.772,123.51,119.456,118.548,116.418,113.206,111.163,111.084,108.102,105.962,106.214,103.79,103.08,99.91,100.152,97.651,96.33,93.871,90.307,87.568,83.807,80.797,79.461,76.775,73.067,70.955,70.645,67.048,67.31,63.099,64.263,62.498,61.087,60.687,60.019,59.55,57.977,56.203,56.825,56.528,57.918,56.81,57.66,57.056,58.212,58.467,58.532,57.953,57.965,58.047,58.23,60.138
METER_008,2026-01-08,66.39,64.108,63.461,64.305,64.106,62.617,63.485,63.547,61.955,62.057,61.554,63.08,60.683,61.012,61.104,62.189,63.043,61.962,63.99,64.31,63.047,64.645,63.497,66.096,64.508,65.653,66.753,68.766,69.507,68.419,71.457,71.526,73.325,73.17,75.271,75.632,77.28,77.884,79.557,81.611,82.126,82.739,85.792,89.218,91.006,94.939,96.114,101.546,105.867,111.384,115.611,121.394,124.146,129.177,136.357,139.996,143.766,148.896,149.74,152.433,154.388,152.455,154.073,152.153,150.431,147.131,144.456,141.817,136.247,133.668,131.511,127.636,126.527,123.144,121.882,118.289,118.849,117.424,114.252,114.332,110.993,110.674,108.173,105.051,104.337,99.986,97.564,95.505,92.309,88.798,86.047,82.888,81.464,77.335,76.837,73.164
METER_009,2026-01-08,117.291,120.077,119.195,118.961,119.299,118.42,114.309,114.143,110.519,109.914,105.192,103.301,101.056,96.892,92.227,90.745,88.491,85.93,81.133,79.965,77.587,76.883,74.85,72.64,71.121,69.684,70.185,69.463,67.833,69.046,68.545,67.984,67.424,67.341,67.347,67.357,67.301,67.616,69.35,68.844,69.468,69.205,68.707,71.11,69.894,71.168,73.79,72.66,73.696,76.43,77.112,76.077,76.744,80.165,80.446,81.942,80.737,84.1,84.672,83.872,86.365,87.285,89.266,89.569,92.358,96.285,97.072,100.741,106.246,109.266,114.787,119.946,126.569,133.989,138.774,145.428,151.387,157.731,160.355,162.264,164.899,162.384,160.024,155.996,153.116,145.785,139.654,133.105,127.775,120.453,114.721,110.7,105.834,102.239,97.811,95.205
METER_001,2026-01-09,27.987,28.167,28.082,28.023,29.871,28.833,29.674,29.479,29.924,30.998,31.934,31.855,32.85,31.545,34.47,33.407,35.87,36.067,36.299,36.641,38.288,38.735,41.25,42.196,43.468,45.617,49.66,50.006,54.448,56.469,56.65,60.613,60.069,63.281,64.836,65.861,64.36,65.968,64.285,64.661,63.315,63.169,61.247,60.056,57.728,57.879,56.493,53.878,54.386,52.124,50.383,51.671,49.611,48.143,50.177,47.616,47.741,46.221,46.546,45.302,43.088,41.821,41.023,39.407,38.315,36.575,35.566,36.643,32.956,34.245,31.373,30.23,29.994,28.517,27.979,28.807,28.021,28.628,27.661,27.419,26.299,25.816,26.892,26.032,27.291,26.522,25.02,27.608,26.35,26.932,27.284,27.097,28.404,27.83,28.008,27.613
METER_002,2026-01-09,33.269,32.405,31.374,33.54,31.685,33.247,30.864,30.955,32.581,30.411,32.313,30.24,30.788,31.117,30.124,31.475,30.641,30.776,31.26,33.014,33.048,32.824,33.657,34.414,34.771,32.9,35.182,35.711,34.372,34.325,35.072,36.745,37.782,38.236,37.489,38.712,38.225,39.127,41.057,40.953,41.344,42.889,43.092,43.337,45.429,47.714,50.616,51.542,53.085,56.918,59.521,60.713,62.815,65.124,68.097,70.049,73.835,74.701,76.214,76.345,76.801,79.125,77.849,77.211,76.124,75.346,73.119,70.382,68.753,67.661,66.908,66.09,62.342,61.782,62.497,61.917,60.487,59.219,57.241,58.672,57.845,57.017,53.391,53.679,51.295,49.971,49.044,47.088,46.965,45.971,42.719,42.661,40.521,40.467,39.628,38.829
METER_003,2026-01-09,64.363,65.523,63.732,64.811,62.938,63.871,61.492,62.477,61.602,58.006,56.408,56.387,55.272,52.978,51.592,48.718,47.696,45.982,46.079,42.723,43.582,40.529,39.731,40.926,39.536,39.148,37.934,37,36.785,37.892,35.565,36.18,37.264,35.384,36.514,36.571,35.937,37.36,38.279,36.209,36.641,37.721,39.05,39.82,39.721,40.406,40.84,40.146,39.695,40.507,41.004,42.504,41.975,44.074,42.924,43.695,44.298,45.5,47.031,47.288,46.084,47.005,49.331,49.537,50.821,51.28,52.576,55.219,58.195,60.762,63.252,64.534,68.938,73.817,74.963,78.599,82.423,83.964,86.241,88.23,89.754,87.637,87.076,85.215,83.869,80.415,74.942,72.507,69.613,66.443,62.045,60.816,56.909,53.934,52.42,52.813
METER_004,2026-01-09,45.487,43.442,46.118,45.616,47.283,45.832,48.308,47.534,47.107,49.782,48.745,50.627,52.48,53.107,52.371,52.783,53.646,56.733,59,58.301,60.477,64.231,65.955,66.86,72.063,72.792,78.429,79.467,84.899,88.647,91.886,94.698,95.92,98.619,101.391,103.812,102.896,102.744,102.592,102.911,100.059,97.623,96.444,94.987,92.482,89.667,88.551,85.607,83.989,82.716,81.539,80.115,80.352,77.047,76.201,76.43,74.918,75.197,71.266,69.864,68.889,66.972,65.572,64.879,63.082,59.046,56.85,57.549,54.979,52.342,49.824,49.422,48.72,46.046,47.073,44.848,43.162,43.487,43.217,43.178,41.064,41.55,43.065,41.867,41.853,42.969,40.959,42.512,41.691,42.856,43.326,43.241,43.261,43.985,43.004,43.035
METER_005,2026-01-09,49.964,50.074,47.487,47.566,48.34,46.475,48.472,47.771,47.353,46.055,46.005,48.007,46.957,45.81,48.065,46.154,46.936,46.828,47.203,48.299,47.325,48.331,47.54,48.292,50.352,51.217,50.058,51.383,52.841,51.582,53.797,53.562,53.918,53.938,55.206,57.478,58.296,57.49,58.884,59.618,60.787,62.201,64.014,66.413,69.05,72.161,74.331,77.01,80.598,82.406,86.835,91.875,93.423,99.432,102.621,104.865,110.171,110.946,114.821,115.839,115.923,117.137,114.105,114.025,113.64,110.446,107.295,106.062,104.379,99.775,98.74,95.594,94.142,92.405,90.538,90.889,87.954,86.533,87.826,86.335,83.026,83.772,80.848,81.233,78.576,76.748,72.988,73.01,70.382,66.027,66.267,62.1,60.358,59.223,58.637,57.107
METER_006,2026-01-09,90.958,92.523,91.911,90.962,90.893,91.322,89.482,86.665,84.919,83.976,82.678,79.945,75.994,74.399,72.128,70.899,68.298,64.762,63.196,62.37,59.917,59.698,56.738,55.88,56.501,54.172,53.624,51.889,54.015,52.893,52.427,52.862,51.696,51.009,52.416,53.196,51.322,51.767,51.56,53.203,54.279,53.2,54.31,55.892,56.48,56.677,56.967,56.265,57.473,59.242,60.107,59.575,59.14,62.065,61.318,63.501,62.279,63.018,65.615,66.327,66.327,66.472,70.074,69.013,72.786,74.405,74.436,78.466,81.795,84.131,87.659,93.877,97.282,101.816,109.203,114.376,117.986,120.416,124.316,127.045,125.819,124.926,123.393,122.213,117.293,112.094,109.23,103.432,97.105,93.669,87.687,84.903,80.223,79.136,75.268,74.712
METER_007,2026-01-09,59.651,61.025,61.243,63.471,62.268,62.77,65.82,64.786,66.221,67.883,68.233,69.548,71.224,71.11,73.54,75.118,75.655,78.31,79.502,81.532,82.473,86.349,88.803,93.888,97.651,101.135,104.709,110.197,115.267,120.392,123.558,127.792,133.748,136.543,139.485,141.531,140.634,140.037,140.649,140.066,137.625,133.933,133.071,129.453,127.474,123.881,121.303,118.233,114.429,113.529,110.209,111.191,107.334,107.898,105.834,105.143,102.682,100.838,99.851,96.039,94.922,92.68,91.252,86.394,83.913,80.749,78.106,76.731,73.708,73.437,69.087,67.271,65.002,65.625,63.201,62.135,61.435,58.537,58.983,58.7,58.524,58.292,57.268,57.304,55.894,55.935,56.165,57.77,57.242,57.876,57.63,57.208,58.571,60.054,58.433,61.239
METER_008,2026-01-09,65.435,65.474,65.294,64.647,63.605,63.417,63.666,63.199,62.957,62.53,62.737,62.018,61.387,60.659,61.052,61.77,62.611,62.711,63.437,63.53,63.086,64.998,63.777,64.334,66.712,67.532,66.932,68.204,70.048,69.88,71.107,72.25,71.093,72.828,73.226,76.592,77.647,76.512,78.112,80.932,81.974,84.557,85.613,88.392,90.649,92.658,98.014,100.501,105.838,111.543,116.43,120.884,125.027,131.945,136.34,139.942,144.383,146.753,152.13,153.199,154.427,154.094,153.249,152.371,151.02,146.401,145.285,141.506,137.517,133.931,131.012,129.508,126.625,124.317,120.831,119.04,118.404,115.876,114.871,115.083,111.939,110.782,107.75,104.715,103.112,100.264,98.219,94.782,91.719,90.777,85.206,85.139,80.783,79.176,77.322,74.603
METER_009,2026-01-09,119.01,118.634,119.256,117.933,118.83,118.595,114.397,114.23,110.619,107.869,104.678,103.171,99.429,96.175,92.457,89.794,86.991,85.389,81.697,78.978,78.447,75.528,73.315,72.545,72.779,71.097,68.685,70.291,69.515,69.375,67.403,67.211,66.965,66.033,67.193,68.13,66.867,67.73,69.055,67.195,69.051,68.829,69.194,70.88,72.511,71.725,71.681,73.306,74.455,75.14,76.085,78.378,79.412,78.537,78.68,81.999,81.875,81.936,85.323,84.002,85.355,86.74,89.758,90.659,92.236,94.489,98.396,102.938,106.448,111.31,116.333,121.069,127.122,133.664,140.689,146.572,151.096,157.294,160.678,163.33,164.165,162.596,161.82,157.168,151.657,147.032,140.421,134.198,127.6,122.282,115.099,109.272,106.191,101.334,99.022,95.731
METER_001,2026-01-10,25.823,25.328,24.871,25.408,25.201,26.662,25.79,25.36,27.561,26.148,27.695,29.27,27.721,27.987,28.179,31.161,31.755,31.701,33.055,32.501,34.82,34.078,36.444,37.819,39.94,41.055,42.928,45.685,46.739,48.7,50.642,52.179,53.599,55.756,56.51,57.978,57.474,56.314,57.664,57.101,54.964,54.968,52.847,51.152,50.549,51.084,47.761,47.829,47.365,45.972,46.56,43.741,43.073,44.737,43.316,41.304,40.617,41.344,41.204,40.298,37.454,36.435,36.665,35.207,34.145,32.092,31.865,30.679,31.264,29.791,29.612,26.74,26.201,25.225,24.616,24.394,25.888,24.874,23.396,24.166,24.675,24.469,22.908,24.075,22.788,23.2,21.886,23.676,23.998,22.3,23.61,24.305,22.596,24.777,24.144,23.028
METER_002,2026-01-10,29.099,30.067,29.598,29.687,29.683,28.604,28.214,28.5,28.842,26.676,28.472,27.176,28.515,28.05,27.658,27.144,28.002,29.285,26.798,28.541,29.374,29.89,28.397,27.78,28.936,28.334,30.235,29.428,29.833,31.27,32.36,30.881,31.806,31.39,33.102,33.205,32.704,33.795,34.158,36.629,37.246,37.794,37.307,40.636,39.372,42.104,44.375,44.494,46.018,48.592,49.911,53.691,56.517,59.06,60.239,61.816,63.196,65.959,67.902,67.174,68.531,68.621,69.754,67.447,66.642,66.826,63.857,63.836,62.503,59.249,59.219,57.086,55.535,53.774,53.157,52.2,53.721,52.94,52.707,49.667,51.046,48.995,48.067,48.151,46.411,45.602,44.278,41.669,40.408,39.913,38.369,37.452,37.335,35.815,33.068,33.884
METER_003,2026-01-10,71.208,71.786,72.884,71.629,71.543,71.48,69.87,68.238,68.515,66.498,63.45,63.116,60.681,59.318,55.746,54.118,52.157,51.663,51.652,47.81,47.926,46.33,46.396,44.354,44.235,42.89,42.705,43.028,41.228,42.54,42.47,42.417,40.182,40.351,39.652,41.455,39.823,40.224,42.832,43.158,42.05,41.493,41.967,42.719,43.907,43.238,43.42,45.66,44.197,46.002,46.16,47.265,46.492,48.054,49.849,48.348,48.775,51.769,50.413,51.277,52.635,53.906,53.119,54.602,57.159,58.987,60.01,61.932,63.794,68.207,70.183,73.258,76.371,81.604,85,90.52,92.712,96.345,96.759,99.993,100.306,100.12,96.938,96.979,93.048,90.282,85.693,82.496,77.422,72.788,71.245,67.551,64.158,62.603,59.086,58.422
METER_004,2026-01-10,39.596,40.42,39.619,39.391,41.911,40.021,42.937,42.909,42.449,42.986,43.197,45.171,46.488,46.607,46.925,46.715,48.441,49.449,50.587,52.287,54.734,54.758,57.694,59.21,62.104,63.782,68.822,69.975,74.198,76.669,79.006,82.214,86.106,88.647,88.704,90.893,92.276,90.585,90.686,91.024,88.277,87.687,84.175,84.094,82.143,78.657,78.317,76.319,75.424,71.99,72.092,69.901,70.456,70.037,68.099,66.234,67.168,64.113,64.96,61.981,61.657,60.138,57.331,57.54,54.983,54.044,52.404,48.75,46.748,47,44.922,42.447,42.186,41.491,40.878,38.58,38.174,39.841,38.564,36.911,37.268,37.18,36.969,35.425,37.043,36.13,36.851,37.321,36.486,37.788,36.54,37.195,38.763,39.375,37.263,38.546
METER_005,2026-01-10,43.671,44.485,43.185,41.891,41.198,41.598,42.037,41.045,40.44,41.291,41.276,42.317,41.601,41.401,42.129,42.515,42.806,41.988,40.787,42.864,41.516,43.262,42.351,44.076,43.93,44.799,45.461,46.014,45.635,45.998,45.387,47.47,47.446,48.006,49.921,51.128,51.746,51.701,51.067,53.463,54.398,54.839,56.887,59.016,61.2,63.523,63.336,66.643,69.139,74.027,77.332,80.545,82.31,85.498,89.816,91.775,94.492,97.377,101.351,101.774,102.584,101.972,101.387,102.148,98.859,97.569,94.766,92.448,90.725,90.095,87.08,84.752,82.939,80.872,80.73,78.41,77.547,77.367,76.882,76.426,74.388,71.82,72.612,70.733,68.172,66.741,64.025,64.636,62.375,60.786,58.168,54.649,53.762,52.497,49.94,49.372
METER_006,2026-01-10,103.302,103.015,103.61,101.775,103.689,102.231,99.088,99.505,95.989,94.834,93.036,89.491,86.572,83.385,82.111,77.083,76.592,74.649,72.072,68.655,66.918,65.425,65.71,62.163,61.051,59.953,59.348,60.904,60.287,58.135,57.19,58.985,58.955,59.174,58.993,58.096,58.797,58.404,60.195,60.647,61.106,61.086,60.323,59.915,61.373,61.206,62.45,62.709,65.834,64.363,64.76,66.035,66.3,67.27,69.418,69.793,71.566,71.878,72.1,74.105,76.179,75.433,77.434,77.813,80.126,81.834,85.741,87.367,92.527,95.346,99.959,105.223,111.05,116.541,120.33,127.803,132.06,134.881,139.341,140.184,143.185,142.267,137.841,136.151,132.393,126.662,121.252,116.805,111.107,105.209,98.815,96.603,91.243,88.464,85.167,82.416
METER_007,2026-01-10,52.111,53.661,53.146,54.143,56.61,57.646,57.605,57.361,59.45,58.416,59.521,60.519,61.559,64.087,62.817,64.181,66.7,68.878,68.24,70.864,73.688,76.361,77.896,80.686,84.53,88.756,94.1,97.001,102.722,104.513,109.297,113.771,117.857,119.222,122.175,124.475,124.028,123.337,125.399,121.557,119.992,119.154,115.578,112.795,111.603,108.184,106.005,103.069,102.963,100.564,98.625,97.876,94.815,94.526,93.573,91.069,91.799,89.923,86.594,84.978,82.436,82.985,79.827,75.848,73.638,71.038,70.335,68.452,66.625,63.392,60.519,59.015,57.094,56.276,55.273,55.4,52.549,53.272,52.615,52.772,50.726,51.304,51.233,50.536,51.017,49.872,50.939,51.359,50.067,51.93,49.935,51.38,50.949,50.716,52.936,52.386
METER_008,2026-01-10,59.096,57.38,57.09,55.465,56.654,55.7,55.021,55.706,56.236,54.68,53.55,54.881,55.314,55.867,54.903,53.868,56.093,53.829,55.963,54.513,56.481,57.623,56.887,56.526,58.832,59.323,60.093,59.691,61.793,61.702,63.129,63.084,64.446,65.481,66.684,65.814,66.502,67.795,69.546,70.377,71.169,75.037,76.928,76.473,79.951,81.835,85.252,87.989,91.758,98.149,102.074,105.887,111.331,114.399,119.739,123.557,127.815,129.422,131.8,134.252,135.78,136.961,133.872,134.661,132.072,130.027,127.916,125.167,120.501,118.928,116.69,112.909,109.92,110.139,107.044,104.505,104.649,101.893,102.357,99.141,99.079,97.521,94.331,92.885,90.041,88.952,86.327,84.777,81.646,78.948,75.159,74.323,72.081,70.186,66.168,66.396
METER_009,2026-01-10,133.331,134.515,134.435,133.505,133.618,131.515,130.128,128.291,124.651,122.973,120.087,115.392,111.89,109.177,105.447,102.807,98.737,94.426,93.45,89.605,88.634,86.25,84.501,82.062,79.141,79.951,79.393,76.479,76.51,75.404,76.442,74.979,76.445,74.275,76.671,76.618,76.827,74.892,77.725,78.241,77.981,79.261,77.937,80.58,81.138,79.706,80.7,82.506,83.261,85.639,85.867,85.62,88.886,88.876,89.885,91.728,91.008,93.408,93.179,94.296,96.524,98.993,101.416,101.842,104.853,107.522,110.872,112.576,118.484,123.801,130.319,135.686,141.473,148.943,156.54,165.194,170.529,175.941,179.554,182.785,184.473,181.978,180.322,177.157,171.842,163.745,156.553,149.916,141.348,135.468,127.903,122.115,117.704,113.986,109.744,107.953
METER_001,2026-01-11,24.447,24.417,25.703,24.206,24.344,26.137,25.661,27.51,26.019,26.129,27.995,27.945,28.979,29.037,30.888,28.728,30.603,31.365,33.479,33.461,34.938,35.833,35.65,39.105,40.497,40.24,42.516,45.108,46.329,48.665,51.578,52.473,54.053,54.354,56.85,57.917,57.437,58.737,58.632,57.007,55.132,54.197,53.412,52.196,51.419,50.686,48.868,48.163,47.811,46.078,45.648,45.56,45.178,42.937,42.755,42.476,42.905,41.174,41.474,38.559,37.913,38.175,36.649,36.185,35.332,33.383,31.224,30.63,29.882,28.984,27.415,27.963,26.422,27.611,27.036,25.224,25.261,25.261,22.927,23.74,24.407,24.617,23.67,23.06,23.615,23.49,23.39,22.208,24.191,23.91,22.96,23.107,25.182,24.405,24.458,25.428
METER_002,2026-01-11,29.808,28.682,29.126,29.432,27.691,27.482,27.266,26.926,26.909,27.432,26.527,28.086,27.741,26.472,28.04,28.245,27.935,29.1,28.959,29.477,29.428,28.727,29.71,27.856,29.72,28.642,31.22,29.986,30.475,32.45,31.624,30.802,31.632,32.867,33.235,34.683,33.397,34.853,35.344,35.871,35.819,36.937,38.706,38.747,41.85,42.94,44.211,46.623,45.82,49.093,52.646,54.969,56.579,59.135,60.63,62.454,63.252,65.649,66.271,67.165,68.037,69.63,69.238,67.332,65.94,66.367,64.482,61.572,62.589,60.119,58.552,56.364,55.934,54.359,54.692,53.969,52.604,52.731,52.132,49.902,49.036,48.715,47.409,46.625,44.904,46.438,44.494,43.267,41.528,38.857,40.013,37.221,35.474,35.452,32.803,31.986
METER_003,2026-01-11,71.979,72.079,72.42,73.654,73.059,72.504,70.914,69.671,68.965,65.24,63.76,61.682,61.556,58.264,57.83,54.897,53.233,52.264,50.03,47.611,48.462,46.898,45.926,43.971,43.675,43.905,43.152,42.987,42.968,40.412,41.129,41.185,40.169,41.694,41.435,41.841,40.725,40.321,40.281,41.99,40.915,42.073,42.141,43.748,42.264,44.72,45.244,44.449,45.369,45.961,47.916,46.135,46.609,47.761,49.583,50.645,50.91,52.111,50.129,51.718,51.672,54.049,54.597,54.905,57.397,57.644,60.226,61.038,63.233,66.9,69.631,74.361,78.08,82.717,84.357,90.584,94.132,95.522,99.127,99.839,101.006,100.502,99.149,96.546,93.057,90.296,85.675,81.618,77.475,74.961,69.463,67.548,64.405,60.709,60.439,58
METER_004,2026-01-11,39.983,38.381,39.923,40.257,40.209,40.093,42.716,41.332,43.197,43.931,42.959,44.911,46.16,45.627,48.091,47.606,47.231,50.91,51.523,53.434,53.913,55.487,56.946,60.113,63.568,65.957,69.077,70.412,75.455,78.213,81.253,83.302,85.936,86.576,90.107,91.772,90.93,92.211,90.816,90.105,88.009,88.233,85.942,82.908,82.307,79.98,77.482,75.676,73.066,72.231,72.451,70.961,69.949,69.353,68.234,66.355,65.233,65.468,64.04,61.596,60.389,59.435,57.175,55.103,55.863,53.805,51.509,48.559,48.465,46.01,45.647,43.018,41.685,40.275,39.449,40.009,38.18,39.559,39.49,37.172,37.111,38.37,36.988,36.955,37.24,35.522,37.323,35.977,36.931,37.776,36.79,37.775,37.869,36.865,37.938,38.928
METER_005,2026-01-11,44.832,42.723,42.71,42.561,42.687,40.859,40.897,41.897,41.962,42.343,41.923,42.526,42.47,42.509,40.802,42.088,40.488,40.753,42.002,42.48,41.974,43.085,43.135,44.741,44.753,43.906,43.97,45.349,45.2,46.704,46.8,47.115,46.645,48.016,49.358,51.412,49.768,52.861,51.161,54.13,55.22,56.576,55.955,57.795,59.466,63.625,63.512,68.164,68.792,72.768,75.72,79.376,83.572,86.536,90.719,92.638,95.73,97.452,100.693,101.279,103.607,101.757,102.678,101.761,98.721,98.281,95.797,94.926,91.371,89.303,88.026,86.035,82.282,81.06,79.774,80.248,78.274,77.7,76.196,75.194,74.535,74.432,72.622,71.14,69.947,67.726,66.293,63.962,61.18,58.716,56.743,56.627,52.728,51.231,49.512,48.671
METER_006,2026-01-11,103.775,103.855,103.56,102.372,102.457,101.468,99.144,98.675,97.776,93.155,90.825,90.033,87.334,84.649,82.381,78.108,75.06,73.562,70.311,69.247,67.147,65.789,65.817,63.44,62.974,61.001,60.719,58.796,59.512,59.25,57.343,59.55,59.254,58.301,59.544,57.414,59.681,59.771,58.364,58.742,58.618,61.255,60.646,60.741,60.559,61.846,63.332,63.524,64.907,63.948,67.172,67.932,67.477,68.396,70.025,71.43,71.195,72.182,74.023,73.381,75.082,75.224,77.717,79.648,79.916,82.523,85.949,89.235,91.502,96.753,101.128,104.344,110.599,115.564,122.039,127.169,131.183,136.963,139.247,142.085,141.912,142.574,139.128,135.749,130.621,128.202,121.178,114.547,111.4,104.651,99.248,95.973,90.379,88.095,84.673,82.613
METER_007,2026-01-11,53.319,53.891,54.4,56.404,56.749,56.564,58.471,56.925,59.046,58.656,60.113,60.666,62.031,62.97,62.712,66.182,67.424,67.585,68.628,72.618,74.45,77.545,78.689,83.25,84.372,88.845,93.071,97.929,101.872,104.644,109.695,113.208,117.809,120.435,122.046,122.462,124.4,124.599,124.332,123.245,122.632,119.164,116.299,115.367,111.807,109.177,105.48,102.857,102.18,98.904,98.604,96.372,94.886,94.833,93.712,92.55,89.661,90.137,86.48,86.781,84.25,82.499,78.773,77.702,74.286,72.582,69.904,66.995,65.458,62.213,60.732,61.081,57.617,56.354,56.378,55.495,54.862,51.755,51.202,51.165,49.943,51.05,50.78,50.658,49.848,51.024,51.363,49.208,49.759,52.167,50.982,52.474,51.071,51.052,52.336,52.03
METER_008,2026-01-11,58.024,56.815,57.739,56.59,55.032,56.915,56.577,55.061,54.992,55.743,54.088,54.922,54.657,54.941,53.974,55.99,53.812,56.534,56.082,57.214,55.249,57.08,57.521,58.262,57.389,57.668,60.587,61.134,59.552,61.393,61.921,61.597,63.29,65.947,64.801,65.128,67.476,67.602,70.583,70.145,72.044,72.808,76.715,77.338,79.812,81.761,84.973,88.442,93.4,98.442,100.745,106.318,111.093,115.241,118.792,122.812,127.605,131.953,134.159,133.464,137.124,136.829,134.999,134.362,133.428,128.627,126.929,124.888,120.173,119.328,115.766,113.948,109.705,109.549,106.867,105.103,105.61,103.744,100.729,99.643,100.054,96.464,95.021,94.457,90.819,90.1,86.261,85.488,80.45,77.621,75.734,75.093,72.388,68.333,67.465,65.689
METER_009,2026-01-11,134.666,133.556,134.206,134.45,133.583,131.816,129.962,126.841,125.578,123.213,118.15,115.602,112.095,109.139,104.016,100.694,98.211,95.874,92.865,91.347,87.424,85.287,83.092,80.812,80.45,78.652,79.112,76.779,75.999,77.09,75.066,76.448,75.763,75.686,74.608,76.767,76.044,74.88,75.533,75.943,76.453,78.469,78.389,80.321,79.645,82.262,80.78,82.027,83.448,84.234,86.809,87.128,87.562,89.953,88.943,90.696,93.485,92.49,93.486,97.01,97.807,99.724,100.522,103.406,104.499,105.976,110.95,113.954,119.923,122.655,130.335,137.269,142.966,150.298,156.316,164.155,170.382,176.037,181.001,182.292,183.306,183.43,180.498,175.499,171.387,163.476,158.702,150.301,142.254,135.59,128.817,123.425,118.257,113.126,110.849,107.444
METER_001,2026-01-12,26.869,27.336,29.164,29.329,28.276,28.794,29.723,31.304,31.081,32.123,32.868,32.196,33.608,33.167,32.934,35.113,34.971,34.813,36.906,36.277,38.715,40.282,40.202,42.304,44.254,46.865,49.596,49.956,54.377,54.254,58.587,58.435,60.335,62.909,63.23,64.766,66.026,65.728,64.747,64.837,64.608,63.248,61.244,59.531,58.61,57.214,56.226,53.26,53.551,53.823,52.803,49.926,50.125,50.436,49.184,49.54,47.694,46.897,46.711,44.373,44.308,43.009,40.788,41.907,38.338,38.118,35.873,36.028,33.832,33.647,31.104,32.338,31.983,30.792,29.413,28.82,29.557,26.57,28.652,27.787,26.859,27.863,25.421,26.012,26.953,27.047,25.909,25.974,27.161,25.455,25.93,27.695,25.993,27.394,26.502,28.437
METER_002,2026-01-12,32.551,34.489,32.144,32.434,32.847,33.05,31.292,32.542,30.349,30.967,30.191,31.32,31.777,32.884,30.96,30.378,32.237,31.952,31.844,31.404,32.931,32.657,33.603,32.464,34.349,33.205,34.003,34.279,35.405,35.552,34.61,37.253,37.309,36.452,39.06,38.859,37.529,38.404,39.791,42.09,41.981,43.059,42.555,45.5,45.264,48.188,48.603,52.492,54.41,54.85,59.744,61.599,63.376,66.172,68.165,71.956,73.688,76.439,77.696,78.794,78.261,79.436,76.72,76.922,75.781,74.262,72.374,72.222,70.858,67.772,65.534,64.008,63.063,63.523,62.44,61.619,58.786,59.276,59.757,57.662,57.601,55.553,54.551,54.466,51.649,52.58,49.568,48.201,46.093,46.098,44.811,41.709,40.74,40.09,39.057,38.82
METER_003,2026-01-12,65.034,65.166,65.061,65.89,63.669,63.176,61.888,63.125,60.545,60.55,58.428,55.858,53.539,53.894,52.315,48.36,48.402,47.248,46.296,44.644,41.381,41.685,41.991,39.66,39.992,38.122,37.214,38.883,37.905,37.959,36.751,36.469,36.908,35.943,35.406,37.055,36.58,36.379,38.256,37.571,37.488,38.917,38.138,37.684,37.918,39.474,40.434,40.094,39.552,41.202,41.25,42.232,43.068,43.161,43.328,43.582,45.837,45.472,45.768,46.145,46.027,49.225,49.286,50.69,49.44,53.317,54.385,55.715,56.881,59.252,62.994,67.458,68.356,73.851,76.211,79.9,82.887,87.084,87.908,88.027,90.16,89.145,88.844,87.1,83.252,78.966,77.903,71.856,70.164,66.182,64.314,60.775,58.013,54.357,53.593,51.068
METER_004,2026-01-12,44.349,45.148,44.627,45.906,47.16,46.15,47.697,47.243,49.344,48.852,50.147,50.317,51.702,53.332,53.431,54.424,55.896,57.428,56.726,58.787,60.028,63.811,66.641,68.835,72.065,74.185,76.492,79.802,83.642,87.607,90.085,94.307,96.199,100.727,100.536,101.527,104.972,102.725,102.817,103.06,99.597,99.151,96.786,94.848,92.406,89.435,87.871,87.771,84.297,83.764,81.751,80.058,80.918,77.766,76.696,75.564,75.83,73.34,72.114,70.268,69.856,68.681,65.732,63.073,61.645,60.333,58.892,55.588,54.433,52.331,51.804,49.846,47.384,46.463,46.157,46.709,44.48,44.873,43.263,44.128,43.574,42.708,42.314,42.527,42.348,42.486,41.519,41.218,43.175,42.583,42.986,41.445,41.639,44.262,43.884,44.747
METER_005,2026-01-12,50.78,49.072,48.909,47.739,48.6,48.031,46.617,47.364,47.97,46.427,46.013,47.966,47.745,47.405,46.219,46.294,46.883,46.937,47.975,49.024,49.632,47.786,50.372,48.128,49.832,49.883,50.466,52.639,51.5,52.652,52.511,53.876,54.464,55.186,56.581,56.035,57.036,59.023,58.847,61.849,62.311,64.416,65.183,65.591,67.95,71.314,72.897,75.487,80.25,83.509,86.956,92.229,93.672,99.783,102.898,105.638,109.519,111.438,113.083,115.586,117.127,115.3,116.211,113.763,114.149,111.139,107.533,106.551,104.736,102.527,100.224,98.164,94.358,93.633,93.237,89.206,89.302,87.298,87.173,85.192,86.048,83.926,82.061,81.341,79.456,77.132,74.53,71.147,70.157,67.969,64.716,63.904,62.549,58.731,58.846,56.789
METER_006,2026-01-12,92.136,92.613,92.845,92.106,90.715,91.372,88.488,86.833,85.858,85.375,81.667,80.946,78.056,75.019,71.224,70.069,67.999,65.738,62.534,63.237,61.635,59.975,56.426,57.271,55.277,54.798,54.096,53.518,52.368,53.256,53.644,51.184,52.99,52.844,53.468,50.984,52.344,53.063,53.227,52.514,53.09,54.437,53.327,54.715,54.85,55.32,56.563,56.352,57.365,57.174,58.904,60.068,61.618,60.653,60.869,63.149,62.86,65.12,63.965,66.755,67.685,68.889,68.162,69.238,70.848,73.015,75.307,79.791,80.64,85.555,89.444,94.427,99.098,103.572,108.904,113.223,119.029,121.871,124.201,127.344,128.372,126.749,125.681,121.744,118.407,114.076,108.591,103.203,99.293,93.322,88.93,85.761,81.276,78.274,75.598,73.157
METER_007,2026-01-12,60.655,61.838,62.182,61.934,64.221,65.386,65.234,66.132,67.128,66.784,69.174,69.042,71.117,72.285,73.872,74.73,74.782,77.296,77.953,79.978,83.119,88.031,91.006,93.071,95.985,102.486,106.035,109.903,115.016,120.441,125.016,128.803,132.422,136.031,138.267,139.509,142.203,141.866,141.188,140.234,137.264,135.006,133.13,131.087,126.704,124.076,122.178,117.607,117.232,113.022,112.508,111.525,109.843,108.62,106.57,104.391,102.751,100.418,99.031,98.78,96.721,94.307,90.859,88.886,84.795,83.56,79.046,77.463,75.672,71.721,69.824,67.258,67.781,64.111,63.455,60.793,61.167,60.074,60.09,58.875,58.354,56.802,57.421,58.138,56.441,57.006,58.404,57.737,56.671,57.486,57.893,59.244,58.51,58.814,58.785,60.917
METER_008,2026-01-12,67.299,65.799,65.617,63.835,64.218,63.775,62.009,62.124,63.756,61.381,61.946,61.921,61.889,61.972,61.887,63.515,62.583,62.449,63.39,63.754,62.984,64.077,66.193,66.098,66.072,66.998,68.597,67.123,68.143,69.085,69.688,71.049,73.228,74.128,73.694,75.369,76.225,79.322,78.753,79.648,83.582,85.261,85.093,87.682,90.564,95.524,97.152,102.431,106.608,110.698,114.381,121.512,127.314,131.401,135.623,141.128,145.446,148.591,150.72,154.402,153.523,155.58,152.643,153.849,150.894,148.377,144.834,141.735,138.746,133.488,132.443,129.849,125.256,122.869,121.502,119.871,119.335,115.964,115.487,113.054,111.636,111.146,107.389,107.335,104.103,100.87,97.766,96.977,92.655,90.394,87.017,84.938,80.2,78.241,75.713,73.246
METER_009,2026-01-12,118.921,121.071,119.315,119.332,119.819,116.957,117.24,113.836,113.161,110.341,105.481,104.25,100.467,97.062,95.209,91.073,87.237,84.51,82.656,79.774,77.608,77.344,75.623,72.138,71.372,72.024,70.297,70.259,68.323,67.625,69.055,67.106,66.784,67.938,67.799,66.504,67.723,68.231,67.866,68.99,68.12,68.624,70.991,70.523,71.334,71.505,73.866,73.398,74.645,76.006,77.285,78.488,78.381,79.726,80.04,80.394,83.606,84.043,83.937,84.642,85.876,89.067,90.431,91.261,92.753,95.735,98.902,101.657,105.526,111.928,115.457,122.599,127.455,132.922,142.203,147.713,152.594,157.166,161.08,163.557,164.688,163.876,161.808,158.591,151.646,148.002,140.781,133.195,128.932,122.159,116.507,109.354,107.015,100.703,97.517,95.75
METER_001,2026-01-13,26.802,29.09,27.336,28.118,30.423,28.751,29.183,30.316,31.621,30.127,30.285,30.679,33.458,33.931,34.51,33.205,34.739,36.448,35.574,36.969,39.759,38.695,41.482,41.778,43.792,47.089,48.574,52.147,52.633,56.428,57.598,61.009,61.041,64.124,65.395,64.16,64.655,66.962,65.26,64.648,64.559,63.188,62.573,58.867,57.374,56.756,54.859,54.294,52.973,51.989,53.151,51.18,50.341,50.439,47.894,49.418,48.739,47.043,47.246,45.296,43.031,43.996,41.966,41.924,38.762,37.406,37.165,36.678,34.443,33.813,31.344,30.318,31.607,29.208,29.514,29.366,29.01,27.214,26.439,26.055,27.594,26.244,25.567,25.999,25.125,25.415,25.387,27.868,25.363,26.023,25.94,27.447,28.502,27.914,26.848,26.936
METER_002,2026-01-13,32.736,34.012,32.107,32.605,32.552,30.853,32.82,32.002,31.41,30.9,31.349,31.677,30.35,30.452,32.677,32.223,30.45,30.91,33.39,32.673,33.723,33.563,32.11,34.204,33.309,32.719,33.026,35.373,34.721,36.673,36.651,37.369,36.289,37.944,38.432,37.687,39.698,40.725,40.288,41.209,40.448,43.307,43.361,44.428,46.17,46.676,50.153,52.705,54.963,56.414,57.299,62.234,64.056,66.345,69.003,70.392,74.122,76.243,77.899,77.135,77.469,79.053,78.573,75.925,74.863,75.722,73.097,72.984,70.247,69.604,67.44,64.14,63.62,63.696,60.82,61.503,59.028,58.186,59.005,57.797,57.296,57.486,53.88,52.967,52.045,52.564,51.386,49.045,46.819,46.042,42.794,43.09,42.454,40.189,38.029,38.42
METER_003,2026-01-13,64.084,64.454,65.471,65.198,63.728,64.366,63.605,62.56,61.944,58.206,58.641,56.843,54.511,51.708,50.206,48.514,47.458,45.849,46.345,42.644,42.871,40.46,39.375,39.944,37.961,38.348,38.495,38.706,36.631,37.235,37.291,36.757,36.644,36.671,37.756,36.291,36.009,36.047,37.979,38.712,38.92,39.383,38.328,39.55,37.841,39.783,41.179,40.877,41.048,41.142,41.322,43.176,41.692,44.163,44.375,44.028,44.496,46.052,45.713,45.705,48.648,48.598,49.876,50.344,50.755,52.388,52.999,55.375,57.461,59.247,61.764,67.228,69.872,72.926,75.635,79.398,84.511,86.703,88.535,89.44,90.509,89.046,87.947,85.894,83.893,79.225,75.535,71.783,69.151,65.294,63.665,60.105,57.413,55.043,52.379,51.099
METER_004,2026-01-13,45.897,45.015,45.394,45.346,45.529,47.206,48.15,46.947,49.744,49.546,50.086,50.462,50.964,51.653,52.795,55,55.578,56.506,59.085,60.465,62.461,62.491,66.779,67.349,71.166,75.306,76.65,82.184,83.583,88.342,91.515,93.533,96.175,100.681,100.498,104.293,103.862,103.227,103.375,101.063,101.096,98.812,96.233,94.934,93.566,90.398,89.632,85.641,85.771,84.258,83.196,80.474,79.291,78.393,77.608,75.602,76.491,74.251,72.929,70.785,69.371,69.462,66.539,63.661,61.809,59.469,58.429,56.892,53.713,52.497,51.817,48.872,49.944,46.203,47.127,44.363,43.578,44.053,43.451,43.316,44.009,43.337,41.177,43.326,41.709,43.071,42.687,43.325,41.311,43.618,41.626,41.631,43.622,42.638,42.341,44.88
METER_005,2026-01-13,49.318,48.751,49.79,49.075,49.311,48.152,47.488,46.775,47.22,48.099,46.027,47.423,47.583,47.595,45.91,46.103,47.645,48.36,46.372,48.354,47.252,48.315,48.589,48.339,50.383,50.66,50.437,52.031,51.331,52.586,54.145,55.415,54.209,55.967,57.23,57.686,58.597,59.388,59.836,61,62.025,62.682,65.534,67.5,68.438,69.94,74.088,77.527,81.085,84.831,87.065,91.472,95.301,99.055,101.874,105.559,109.486,112.255,115.032,114.622,117.21,116.003,117.503,113.692,113.482,111.601,109.502,105.526,103.33,102.801,98.356,96.53,96.53,93.396,91.501,90.712,88.995,89.567,87.206,84.946,85.325,84.806,81.51,78.95,79.107,76.197,74.39,71.979,69.698,68.317,66.235,63.315,61.957,60.033,57.242,56.282
METER_006,2026-01-13,92.273,91.743,92.031,93.14,92.671,92.342,89.714,89.587,87.576,85.167,81.475,79.325,76.949,76.511,72.294,71.519,69.389,65.73,63.016,62.972,59.445,58.468,58.569,57.552,55.95,55.802,55.43,53.016,53.397,53.879,51.62,52.898,51.585,51.847,51.192,52.795,51.546,52.951,53.825,51.99,54.37,53.85,55.131,54.088,54.258,56.447,56.491,56.746,56.739,58.372,60.28,59.087,61.47,62.186,61.185,64.023,62.658,63.68,65.436,65.779,66.166,68.162,68.498,69.738,72.871,74.564,76.429,78.14,81.739,86.678,88.262,93.101,99.503,103.629,109.849,114.53,117.103,121.779,124.728,125.978,127.581,126.501,124.07,121.099,117.56,112.36,109.025,104.983,99.636,93.759,88.281,86.383,82.629,77.827,77.23,73.055
METER_007,2026-01-13,60.591,62.217,61.676,62.232,63.556,63.2,66.302,67.159,67.449,66.357,67.305,70.501,71.386,71.111,72.836,72.981,75.581,76.54,80.014,81.493,84.928,86.651,88.664,94.221,96.456,100.582,107.612,110.258,116.489,120.364,124.863,130.727,134.705,135.97,139.11,140.552,141.849,142.45,141.951,141.336,138.505,136.927,133.792,128.743,126.826,124.668,122.112,118.914,115.16,115.36,113,109.667,107.816,107.181,105.076,104.826,102.425,101.433,98.934,97.135,96.64,92.112,90.712,87.582,85.395,83.089,79.904,77.455,74.771,71.294,69.404,68.248,67.464,64.662,63.462,61.451,60.768,61.109,60.829,58.221,58.543,58.675,56.672,58.572,57.337,56.022,56.441,56.243,58.889,57.591,58.572,58.75,58.026,60.457,59.464,60.102
METER_008,2026-01-13,67.543,66.538,64.267,65.42,64.687,63.326,64.281,61.978,63.083,62.096,61.468,61.419,61.534,63.381,62.722,62.765,63.653,62.63,64.054,63.963,64.795,65.695,63.965,67.014,67.063,67.168,66.559,69.609,68.309,68.813,71.284,72.369,73.981,72.656,74.064,76.58,77.297,78.407,79.931,79.516,83.086,84.157,86.456,87.656,91.445,93.314,99.265,101.416,105.409,110.594,116.97,119.85,125.877,130.533,135.916,142.038,144.215,147.884,152.678,154.278,155.564,153.953,153.55,151.647,151.597,146.681,143.641,142.88,138.767,134.744,131.362,129.794,126.006,125.025,122.627,121.659,118.336,116.499,117.044,115.371,113.668,110.04,109.809,105.89,104.745,102.58,97.45,94.973,93.064,89.306,87.479,84.624,80.483,79.602,75.347,74.758
METER_009,2026-01-13,120.288,120.693,118.802,119.061,119.453,118.565,116.442,113.786,111.816,108.954,106.18,104.455,100.649,98.593,95.339,92.007,88.706,84.829,82.753,80.58,77.04,77.043,76.108,72.728,73.511,71.308,70.537,68.647,70.227,67.257,68.724,67.725,68.438,67.127,67.392,67.108,68.022,69.382,69.333,69.363,69.241,70.987,70.148,71.44,70.865,72.855,73.592,74.513,73.734,76.874,75.54,77.408,77.468,78.687,81.51,81.226,82.738,83.935,85.53,85.333,87.605,87.33,88.469,91.044,92.915,94.652,99.639,101.811,105.912,110.664,116.905,121.084,128.941,135.167,139.707,147.903,153.979,156.669,160.568,164.228,164.846,165.13,160.888,158.547,152.687,148.045,141.799,135.699,128.072,122.388,116.222,109.66,104.854,103.562,99.237,97.077
METER_001,2026-01-14,29.145,27.376,28.119,28.854,28.852,30.354,31.419,30.801,30.676,31.086,31.177,33.125,32.215,34.398,33.485,34.439,35.012,35.073,37.661,38.01,37.882,40.419,40.697,43.15,44.441,47.113,49.187,50.354,52.349,55.397,57.077,60.252,62.06,64.551,65.599,65.781,66.657,65.138,65.201,64.141,63.125,62.071,62.137,60.146,59.004,56.158,56.972,53.596,54.329,52.609,52.897,50.911,49.523,49.702,49.476,47.237,47.892,47.902,46.736,44.041,43.274,44.223,41.492,39.484,39.628,38.428,37.693,34.89,34.021,33.021,32.624,32.161,31.462,29.595,29.609,29.986,28.898,27.121,28.82,27.916,26.166,25.753,27.875,25.69,25.892,25.848,25.375,27.148,27.097,25.553,27.039,27.316,27.795,27.546,28.449,28.252
METER_002,2026-01-14,33.669,33.778,32.493,33.088,32.105,31.682,33.316,33.124,32.698,31.442,32.475,30.721,32.816,32.85,33.023,31.633,30.524,32.587,31.627,32.396,33.9,34.002,32.611,33.633,33.574,33.636,33.002,34.872,33.772,36.725,35.218,37.101,37.885,36.868,37.69,39.501,38.983,40.199,40.172,40.556,41.463,43.408,43.3,45.673,45.81,49.064,50.43,52.652,53.154,56.227,58.07,60.426,63.258,65.683,68.979,72.861,73.258,74.995,78.145,77.201,79.213,77.322,79.149,78.631,76.834,74.415,74.331,72.527,69.628,67.38,66.089,65.518,65.434,62.68,61.922,60.863,61.048,58.442,58.591,57.754,55.895,56.425,55.992,54.04,53.505,50.204,50.227,49.684,47.655,44.66,44.419,41.416,39.979,39.08,39.769,38.129
METER_003,2026-01-14,64.66,66.445,66.712,65.21,64.37,63.328,63.881,62.552,62.198,58.217,57.308,56.745,53.734,53.887,52.491,49.619,49.222,46.668,46.224,44.128,43.206,42.394,39.352,39.673,40.382,39.091,38.157,37.085,36.758,38.323,37.535,36.367,37.573,37.248,38.077,36.855,37.988,36.838,37.024,38.305,37.736,38.285,37.426,39.431,40.151,38.315,39.607,41.113,40.3,41.194,42.367,41.922,41.843,42.17,43.585,45.511,44.828,45.407,46.174,47.275,48.637,48.481,47.638,48.573,50.399,53.429,53.823,56.163,58.371,60.181,63.612,67.496,69.851,72.408,76.403,80.478,83.607,85.563,88.351,89.545,88.465,88.238,87.171,85.46,82.797,81.561,77.764,73.262,70.404,67.587,62.701,61.568,58.721,55.851,54.141,52.444
METER_004,2026-01-14,45.69,44.366,45.612,46.197,45.691,46.303,46.99,47.944,48.474,48.425,50.867,50.692,51.308,51.89,53.64,55.02,55.92,55.259,58.718,60.503,60.63,64.003,65.186,69.755,70.293,75.306,78.991,80.975,85.758,87.143,91.033,94.482,98.697,100.462,102.355,103.678,102.932,104.716,102.498,101.779,102.508,100.283,96.608,95.569,92.527,89.662,87.822,85.309,84.89,83.92,81.856,81.846,80.771,77.819,77.924,75.832,74.949,75.761,74.338,72.748,68.944,68.064,67.691,64.404,61.828,59.25,59.459,56.476,53.598,53.513,50.585,51.043,49.698,48.742,45.416,44.575,45.154,42.917,42.506,42.839,41.379,41.576,42.044,42.661,42.264,40.59,40.995,42.485,41.179,42.818,42.313,44.167,43.259,42.374,44.223,44.315
METER_005,2026-01-14,49.265,49.261,49.79,47.965,49.643,47.687,47.997,48.923,47.935,48.351,48.248,48.138,45.824,46.777,47.569,47.142,48.539,48.765,46.381,48.807,47.634,47.94,48.581,48.667,49.966,51.625,52.032,50.328,52.651,51.91,52.808,54.708,55.545,55.682,55.502,57.29,59.148,58.996,58.81,60.839,63.012,62.329,64.707,67.866,69.03,70.682,72.802,77.239,80.854,83.934,86.759,91.036,94.912,99.042,103.598,105.134,108.915,112.29,114.666,117.092,117.207,116.26,115.577,114.276,112.663,111.072,108.908,106.094,104.305,100.945,99.664,97.073,94.228,94.174,93.254,90.008,89.482,88.706,88.524,87.427,84.922,82.764,80.763,81.063,78.491,77.568,75.12,73.072,71.305,66.863,64.644,63.868,62.772,60.355,58.595,56.087
METER_006,2026-01-14,93.296,92.654,92.597,92.218,90.794,90.638,89.818,89.348,87.768,85.449,81.125,81.277,78.294,75.753,71.462,69.958,67.957,66.363,63.144,61.377,60.473,59.702,58.644,57.707,54.802,55.637,53.065,54.163,52.266,52.432,51.443,52.353,51.018,52.746,52.458,51.984,53.333,54.124,52.978,53.552,54.044,53.935,54.104,53.942,54.426,55.405,56.982,58.115,58.868,59.716,59.009,60.253,61.922,61.471,62.338,64.153,64.494,65.016,65.065,66.674,68.457,67.262,69.891,70.881,73.493,75.058,76.668,78.422,81.779,86.922,88.325,94.914,99.182,102.63,110.083,113.094,119.054,121.003,125.053,125.917,127.591,127.539,126.152,121.907,117.48,114.076,108.752,103.451,99.11,94.169,89.147,86.091,81.777,78.981,75.729,73.953
METER_007,2026-01-14,62.041,60.987,60.962,63.034,63.241,65.668,66.489,65.223,67.955,68.509,67.321,68.588,72,72.801,71.606,74.821,77.152,77.783,78.375,82.302,85.421,87.829,89.2,94.253,96.626,100.463,106.259,110.092,116.911,119.393,124.502,130.293,132.395,135.889,140.003,142.512,142.651,142.629,142.727,140.973,138.847,137.258,133.839,131.312,125.905,122.821,122.29,117.587,115.197,113.093,113.18,110.058,109.936,108.519,105.496,106.375,104.802,101.64,100.978,97.872,95.69,93.955,90.561,88.186,85.998,83.883,80.213,77.687,73.69,71.718,71.41,68.964,67.968,66.303,63.332,61.044,60.208,60.012,59.894,59.779,57.157,57.869,58.335,58.576,58.209,57.271,58.458,58.789,58.178,58.253,57.043,59.973,59.202,60,59.929,59.916
METER_008,2026-01-14,67.753,65.655,64.447,65.535,63.415,64.661,63.451,62.464,62.732,63.377,62.096,63.544,62.554,62.743,61.508,63.462,63.011,64.319,64.77,64.89,64.444,65.947,66.388,66.719,67.042,67.008,67.853,68.674,68.051,71.218,69.672,70.667,73.162,73.362,74.746,75.988,77.565,76.797,79.103,80.782,81.53,83.781,85.73,88.965,92.953,94.943,97.971,102.304,105.705,111.771,116.417,121.002,126.853,130.341,135.467,142.682,145.868,150.165,152.223,154.201,154.099,156.547,155.65,153.541,151.726,148.915,144.74,141.19,139.788,136.231,133.215,129.228,127.128,123.278,122.619,120.441,118.038,118.079,115.523,115.973,113.263,110.111,108.783,106.095,103.27,100.401,98.815,96.69,92.255,89.821,88.06,83.323,82.27,78.49,77.934,75.395
METER_009,2026-01-14,119.71,120.6,120.048,119.284,119.702,119.113,117.126,115.138,111.499,109.385,107.437,104.49,101.972,97.276,95.72,90.464,88.324,84.852,83.959,79.753,78.243,76.228,75.153,74.681,73.331,70.743,69.508,70.374,69.055,67.802,67.17,66.88,67.743,68.505,66.962,68.771,66.885,67.976,67.528,68.601,70.38,69.512,70.429,69.996,72.497,72.907,73.489,74.956,74.89,76.069,77.888,77.822,78.144,78.508,81.72,81.931,81.451,84.968,84.347,86.491,87.707,88.33,89.245,91.514,94.634,97.085,99.281,102.909,106.168,109.724,117.397,122.347,129.291,134.835,141.426,147.885,153.248,158.493,161.895,163.956,164.576,163.784,162.992,158.882,153.857,147.975,140.403,133.862,128.219,121.856,115.762,112.177,105.002,102.222,98.46,95.587
METER_001,2026-01-15,29.388,29.594,29.336,29.513,30.21,29.581,30.558,31.156,29.863,31.397,31.393,31.543,32.857,33.187,34.232,33.475,34.412,36.898,37.773,38.094,37.855,40.796,42.168,44.556,43.904,45.849,48.45,50.794,52.238,55.285,56.97,59.742,61.212,64.565,63.572,66.344,66.675,65.078,66.791,64.467,65.107,61.861,61.838,60.968,58.626,58.413,55.898,55.012,52.829,53.95,53.267,51.87,49.692,51.101,49.818,48.382,48.862,47.515,45.563,46.177,43.305,43.309,42.593,40.891,38.838,38.816,38.369,36.883,35.43,32.589,32.495,31.018,31.009,31.256,29.094,28.651,26.988,27.34,28.621,27.383,26.217,27.694,28.029,26.299,26.154,25.833,26.647,27.075,26.903,27.456,25.719,26.84,27.154,28.444,26.502,28.144
METER_002,2026-01-15,34.941,32.407,33.729,32.237,33.057,32.079,31.687,32.525,32.314,31.138,32.795,30.357,30.44,31.331,32.187,31.26,31.265,31.782,30.847,32.596,31.904,32.51,32.023,33.57,34.45,34.412,34.997,34.888,35.064,36.254,35.15,36.516,35.682,37.647,38.552,38.487,39.984,40.898,39.524,41.88,42.275,42.619,45.158,46.395,45.807,49.103,49.465,51.447,53.157,55.385,58.334,60.983,62.895,66.177,69.542,70.445,73.837,74.562,76.885,78.202,79.645,79.854,79.618,76.538,77.626,75.421,74.802,71.629,69.154,69.094,66.039,65.197,63.038,64.345,62.954,62.453,61.308,58.831,58.779,58.866,58.223,57.585,55.863,54.112,53.896,50.93,50.226,47.518,46.04,44.718,43.359,42.639,41.259,39.598,38.799,36.826
METER_003,2026-01-15,63.845,65.818,66.038,65.741,64.708,65.581,62.619,61.779,62.11,58.799,58.194,57.568,55.552,52.893,50.38,48.412,49.199,47.118,44.109,43.585,41.506,40.433,40.593,40.876,40.282,38.999,38.268,37.206,36.852,37.611,38.094,35.643,38.242,36.255,37.479,37.904,37.336,35.832,36.533,38.652,38.58,38.917,37.244,38.77,39.261,38.402,39.621,40.778,42.031,42.332,42.13,42.805,43.946,44.285,44.394,44.665,43.677,46.393,45.446,48.025,46.054,47.191,49.392,50.323,52.116,53.532,55.073,55.551,58.604,61.07,63.879,67.458,70.295,73.67,76.25,80.524,83.338,87.37,89.178,89.136,89.901,90.221,87.868,85.202,83.753,81.7,76.295,73.653,70.503,65.964,63.168,59.838,57.596,56.545,53.801,51.516
METER_004,2026-01-15,46.02,45.278,45.89,45.675,45.529,46.071,46.58,48.457,49.673,48.883,49.277,49.875,50.822,51.714,53.897,54.077,55.645,55.641,58.294,60.659,60.572,64.111,66.77,68.099,72.146,74.8,77.38,80.573,85.338,89.211,92.243,95.636,99.042,100.017,102.474,104.569,104.744,104.505,102.446,101.53,101.671,98.226,97.013,94.786,92.946,91.764,90.083,86.755,85.266,82.943,83.342,79.897,79.366,78.994,76.746,76.385,74.992,75.113,71.929,71.364,71.102,67.093,67.421,65.877,62.768,59.914,59.898,55.974,54.658,53.787,52.822,49.807,48.637,46.211,47.434,45.72,45.163,45.206,42.646,42.935,43.827,43.565,40.955,42.217,41.313,41.741,40.838,41.037,41.252,41.313,43.238,42.334,42.299,44.858,44.463,43.315
METER_005,2026-01-15,50.554,49.412,50.116,47.605,48.619,48.072,47.777,47.773,47.247,48.306,45.999,47.978,46.403,47.271,45.871,48.276,46.965,48.152,48.987,48.988,48.077,48.784,49.638,48.579,50.667,50.102,50.282,51.487,51.777,51.972,53.704,53.352,55.079,56.874,55.185,57.803,57.359,58.304,58.943,61.482,60.913,63.529,64.09,66.81,68.132,70.96,74.824,78.041,79.041,82.996,86.457,91.064,94.554,99.913,103.274,106.833,111.115,111.127,115.964,116.659,117.434,117.282,116.423,114.574,114.674,111.881,109.871,106.808,104.037,102.796,99.056,97.225,95.791,92.481,92.286,89.727,90.769,88.782,86.676,87.487,83.994,84.683,83.281,80.984,77.685,76.179,75.118,73.306,69.837,66.881,66.205,63.19,61.641,60.245,59.193,55.087
METER_006,2026-01-15,93.566,92.115,92.435,93.548,91.201,91.035,89.612,88.469,87.113,83.407,83.663,80.96,76.429,75.424,74.174,69.421,69.162,67.247,64.666,61.527,62.07,58.313,56.849,58.036,55.501,54.12,54.062,54.662,53.165,51.661,52.741,51.969,50.989,52.835,51.886,51.941,52.635,53.081,53.884,52.902,54.48,54.928,55.139,55.379,55.688,55.577,57.836,57.378,59.117,59.349,58.742,59.762,61.17,60.202,63.671,63.068,64.661,64.27,65.461,66.598,66.348,69.682,68.535,72.197,73.599,75.306,77.791,78.338,81,85.653,90.075,92.911,98.906,104.151,108.221,113.742,117.572,122.115,126.417,126.853,126.401,126.86,125.634,120.982,119.648,114.735,110.113,104.154,97.971,93.127,90.792,85.118,82.747,78.509,75.505,75.646
METER_007,2026-01-15,61.058,60.473,62.839,64.234,62.763,65.086,65.418,66.846,66.763,67.166,68.287,68.994,70.68,70.551,72.718,75.055,75.24,76.785,79.066,83.028,82.947,86.423,91.105,94.224,97.387,100.778,105.689,111.646,116.355,121.482,124.274,128.891,133.436,137.724,138.886,141.486,142.508,143.98,140.904,139.669,139.919,137.498,134.026,131.478,126.432,122.954,120.781,118.281,117.412,113.077,112.304,111.323,109.243,109.424,105.989,104.74,102.573,101.063,100.943,98.754,96.011,92.201,91.209,88.51,85.929,82.173,79.813,78.67,74.841,73.085,69.319,69.459,68.087,65.32,63.481,61.982,61.013,59.094,60.664,58.018,58.689,58.836,58.942,58.328,58.611,56.291,57.817,57.591,58.223,56.947,58.119,57.366,60.026,60.383,61.041,59.373
METER_008,2026-01-15,67.177,65.117,65.552,65.766,63.328,63.555,63.975,63.467,63.347,61.656,62.137,63.313,63.486,63.698,63.194,63.754,62.25,62.765,62.93,63.714,63.203,64.677,66.035,66.045,67.652,66.963,69.288,69.141,69.578,70.793,70.267,72.028,71.83,73.839,74.149,75.948,77.521,79.431,80.97,82.221,82.409,83.973,86.808,87.958,91.938,95.742,99.643,103.605,107.296,110.457,116.807,122.192,126.212,131.653,137.842,141.532,146.419,149.8,151.494,153.371,154.966,156.408,153.717,153.266,150.474,148.101,144.682,142.48,137.292,134.801,133.363,128.741,127.79,123.175,122.753,120.215,119.954,118.801,115.287,114.512,113.178,110.418,109.252,106.433,104.803,102.444,99.662,96.457,93.708,89.906,86.678,84.268,81.832,78.315,78.001,75.315
METER_009,2026-01-15,118.684,121.14,120.736,119.296,120.77,119.422,117.922,113.368,113.242,110.393,106.844,105.001,101.972,98.567,93.708,91.767,87.881,86.115,84.075,82.126,77.582,76.572,75.372,74.033,71.399,72.463,69.392,70.153,68.289,69.667,68.758,68.486,67.431,67.225,68.144,66.689,67.17,68.163,69.129,70.437,70.811,69.956,71.218,72.358,72.232,73.837,73.041,73.615,75.69,77.315,77.952,78.57,80.077,81.12,79.507,80.74,81.714,82.85,84.903,85.034,86.088,89.183,91.427,91.627,94.499,96.943,98.693,102.651,107.699,111.012,115.446,121.513,128.867,135.793,142.733,147.273,152.997,157.579,161.094,163.474,166.015,163.995,161.133,158.607,152.457,147.702,141.462,136.199,127.666,122.899,117.159,111.532,107.034,103.083,97.841,94.909
METER_001,2026-01-16,28.492,29.881,30.138,28.257,28.319,29.918,29.824,30.217,30.805,30.713,33.04,32.399,33.231,33.821,33.757,34.637,33.93,36.088,36.517,37.402,38.471,39.813,42.683,42.863,44.046,48,48.991,51.351,54.316,56.777,57.034,61.131,61.874,63.486,65.849,65.872,65.628,65.295,65.865,65.402,64.782,62.999,61.081,60.013,59.541,56.045,56.243,54.524,52.985,51.789,51.813,52.416,49.718,50.659,48.206,49.81,47.709,46.606,45.094,45.179,45.05,43.949,43.141,41.598,39.567,38.746,36.171,35.013,35.095,33.006,32.382,33.047,30.181,30.999,30.397,29.429,28.868,29.157,27.169,26.21,27.113,27.269,25.515,26.525,27.306,26.822,27.19,27.668,27.72,28.164,28.256,28.355,27.072,28.015,27.174,27.405
METER_002,2026-01-16,34.396,33.257,32.191,32.766,32.179,31.993,33.469,32.006,32.819,33.008,32.999,30.318,31.804,31.77,31.436,30.526,32.033,30.93,33.446,33.451,32.535,31.784,31.786,32.993,32.549,33.796,33.782,33.714,34.029,35.028,36.442,37.502,37.107,37.567,37.331,38.125,40.415,39.33,38.938,39.787,42.747,42.403,42.684,43.809,46.494,48.548,49.148,52.25,53.605,57.224,59.02,61.164,65,66.348,68.121,71.753,74.594,75.449,76.337,76.732,79.165,79.068,77.53,78.519,77.574,75.514,73.248,70.628,71.02,68.952,66.961,66.701,63.315,62.926,62.23,61.579,61.391,59.81,59.162,59.247,56.35,55.241,54.421,54.139,52.715,50.874,51.558,47.913,46.652,45.632,44.991,43.528,41.877,40.461,38.757,38.897
METER_003,2026-01-16,65.896,64.549,64.728,64.044,65.864,65.084,63.476,61.694,60.42,59.24,58.17,55.364,53.703,53.509,52.187,50.069,49.347,46.186,44.648,44.609,43.227,41.584,40.371,41.425,40.516,39.251,39.001,37.62,37.602,37.827,35.754,37.847,35.913,37.305,37.49,38.025,36.714,38.446,37.953,38.742,37.119,39.237,37.617,38.44,38.214,40.473,39.219,40.113,41.323,41.212,42.396,42.298,42.174,44.734,44.526,43.824,44.365,46.965,46.125,46.543,48.489,47.262,47.896,51.263,51.817,52.806,54.028,55.578,58.873,60.402,64.13,66.931,69.021,74.148,78.185,81.325,82.396,86.173,87.574,89.618,90.034,90.497,88.432,86.464,82.191,81.032,77.903,72.21,70.422,66.213,62.406,61.522,59.147,55.181,54.551,52.103
METER_004,2026-01-16,44.617,44.399,45.866,47.416,45.733,48.041,47.182,47.002,49.708,49.499,49.836,52.139,52.368,51.295,52.343,53.291,54.287,57.124,59.28,58.446,62.398,62.584,66.581,68.834,71.346,73.481,78.599,80.46,85.148,88.283,93.241,95.104,98.472,101.019,103.336,104.87,103.441,103.729,103.373,102.541,102.078,98.93,97.822,96.577,92.408,91.444,90.076,87.333,85.325,84.255,83.138,81.799,78.842,79.761,76.914,78.138,76.297,74.572,74.262,70.657,69.284,69.335,66.035,64.185,62.907,59.785,59.45,57.42,54.361,52.545,50.527,50.984,49.263,46.358,45.611,46.426,45.594,44.425,43.177,42.013,43.901,42.716,42.281,41.329,42.278,43.172,42.05,42.52,42.296,42.278,41.828,42.931,42.955,44.531,42.68,43.705
METER_005,2026-01-16,51.304,50.267,50.345,49.735,47.941,49.402,48.566,47.446,48.271,47.489,46.957,46.3,47.419,46.548,47.903,47.161,46.92,48.089,47.735,48.086,49.053,48.654,49.741,49.021,50.907,50.368,50.125,50.516,52.967,51.602,54.426,54.485,56.301,54.887,56.747,57.061,57.467,60.137,60.016,61.721,61.776,62.633,64.978,65.804,68.741,71.95,74.183,76.085,80.901,83.646,87.112,91.165,94.697,98.107,104,107.402,109.933,112.485,113.847,116.236,118.068,116.238,116.896,116.673,113.712,112.663,109.428,107.502,104.302,101.563,98.606,96.452,94.828,94.753,92.64,90.759,90.347,89.999,86.944,87.545,84.715,84.27,83.427,82.056,78.711,76.537,76.067,72.555,69.02,69.168,65.03,62.749,60.283,60.095,59.062,56.952
METER_006,2026-01-16,91.498,93.364,92.414,93.16,92.949,91.613,90.474,88.686,85.896,83.64,82.854,80.732,78.655,75.604,73.518,71.154,69.503,66.673,64.1,62.817,62.126,58.864,57.511,57.178,55.638,55.3,54.448,55.071,53.511,52.718,51.706,51.653,53.649,53.431,52.39,52.43,53.611,51.618,54.557,53.838,53.579,54.542,54.062,55.295,54.413,56.688,55.89,57.641,57.147,59.586,58.515,60.84,62.272,61.398,62.959,62.137,64.745,66.134,66.868,67.18,67.578,69.279,69.842,71.067,72.271,75.455,76.981,79.106,83.207,85.061,88.778,95.193,100.035,103.925,109.793,113.182,117.782,122.298,124.087,126.921,126.421,128.354,125.825,121.206,118.352,115.431,108.654,105.422,99.704,93.114,90.848,86.663,81.778,80.114,76.195,75.024
METER_007,2026-01-16,61.54,60.758,62.682,63.2,65.204,65.858,65.119,66.471,67.413,66.553,68.123,70.932,70.433,73.146,74.173,73.636,77.335,78.056,79.688,80.799,84.393,87.908,90.065,94.306,98.58,102.044,105.882,112.635,116.319,119.932,125.026,129.891,133.008,136.272,139.3,141.892,142.76,142.778,143.314,140.261,137.622,136.083,134.268,129.5,127.245,123.135,120.435,118.411,116.642,115.544,112.592,112.107,109.974,108.572,106.234,106.04,104.667,103.064,99.422,98.189,94.987,92.686,90.229,87.385,86.889,82.81,81.263,77.307,75.038,72.555,71.39,69.903,65.609,66.434,64.504,61.874,61.188,61.707,60.742,58.379,58.952,58.073,59.335,57.875,57.792,57.227,56.333,58.635,59.217,57.253,59.183,58.642,60.009,58.556,59.857,59.502
METER_008,2026-01-16,65.934,66.911,66.836,63.687,64.112,63.668,62.829,62.767,61.896,63.896,62.402,61.59,63.601,63.595,62.726,63.035,62.924,63.588,64.957,64.971,65.497,64.58,66.053,65.638,67.614,66.225,69.305,68.78,68.419,71.488,71.589,71.442,73.616,73.286,75.604,76.734,76.616,79.751,79.287,82.146,83.028,84.51,87.978,88.484,91.894,94.483,98.198,101.58,107.053,110.136,117.346,120.622,125.934,133.035,135.637,142.823,147.027,150.059,151.536,154.589,154.595,154.502,154.781,153.801,152.385,147.494,144.343,143.561,139.958,134.582,132.453,130.101,126.622,126.042,123.752,121.412,120.319,117.448,116.638,113.835,112.298,111.74,108.532,106.482,105.168,101.037,98.867,96.726,94.206,90.438,88.553,83.92,81.523,79.716,77.298,75.143
METER_009,2026-01-16,118.891,119.549,121.318,121.17,119.508,118.346,116.802,113.92,113.169,110.727,108.239,103.079,101.543,96.612,95.276,91.391,88.001,84.746,82.73,80.046,79.503,75.483,74.475,73.987,72.278,70.213,70.778,68.618,69.48,68.092,69.204,67.662,68.878,67.756,68.128,66.804,68.889,68.125,67.86,69.136,68.954,69.422,69.685,71.654,73.157,73.18,72.761,73.445,73.971,75.291,78.202,77.935,78.448,80.572,81.077,82.923,83.33,85.278,84.044,86.655,87.412,88.09,89.338,93.088,94.41,96.902,99.452,101.414,106.513,112.34,117.196,123.202,128.067,134.044,142.652,147.825,154.194,159.684,163.086,164.093,164.741,164.562,161.615,159.387,154.195,148.254,141.998,136.327,129.458,122.22,117.038,110.077,105.343,101.89,98.532,97.661
METER_001,2026-01-17,24.03,24.531,25.084,26.093,26.463,27.604,27.617,26.692,26.388,28.276,29.244,28.048,28.504,28.691,28.417,31.336,30.037,32.952,31.575,34.338,34.097,35.644,37.518,39.265,38.715,40.524,42.317,44.748,48.45,48.848,51.754,52.539,55.216,56.834,56.579,56.731,57.571,58.582,58.903,57.393,56.289,56.747,55.203,51.902,51.723,49.828,49.359,47.307,46.766,46.129,45.18,44.915,43.99,43.041,43.738,43.938,42.132,41.942,39.899,39.772,40.255,37.294,37.666,36.5,35.783,32.587,33.214,32.046,30.721,30.014,27.352,27.349,26.217,27.841,25.852,25.114,24.759,24.71,22.956,25.393,23.686,24.702,24.281,24.6,24.381,24.573,23.024,23.741,24.057,22.255,23.137,22.637,25.218,25.284,23.168,25.097
METER_002,2026-01-17,28.953,28.661,29.241,27.887,28.212,29.645,27.974,27.975,28.168,27.504,29.069,28.197,28.448,28.326,27.317,29.307,28.628,27.712,27.707,28.149,27.645,28.817,30.236,30.136,30.251,31.361,28.99,30.294,31.098,31.666,32.653,31.86,32.482,32.681,33.249,33.81,34.909,34.216,34.583,36.272,38.268,38.512,39.136,40.87,41.528,43.013,43.67,46.863,47.957,49.109,51.936,55.262,55.659,59.726,62.03,63.805,63.818,67.541,67.147,68.23,69.989,68.37,68.609,67.688,66.744,66.72,66.045,63.156,62.109,59.293,57.939,58.435,56.336,54.444,53.799,52.708,52.941,51.416,52.181,49.933,49.197,49.619,48.517,49.054,45.683,44.188,43.744,42.378,40.732,39.433,37.792,37.621,36.319,34.886,33.056,33.729
METER_003,2026-01-17,73.464,74.773,74.154,73.781,72.636,72.181,71.901,71.128,69.968,67.027,64.334,64.611,61.294,58.893,56.412,56.346,53.747,53.491,51.939,48.746,48.921,46.482,44.777,45.892,43,43.304,43.279,42.705,42.213,41.462,42.026,40.657,42.536,41.269,40.07,40.475,42.501,41.748,41.488,43.231,43.274,43.617,44.12,42.902,44.601,43.869,45.644,44.089,47.221,46.8,45.741,47.583,47.928,47.914,49.863,50.494,50.114,52.518,51.58,52.874,52.003,53.803,56.316,56.981,56.166,57.988,61.465,61.555,65.615,67.778,70.579,74.65,79.42,83.699,87.075,90.779,92.911,96.853,100.22,99.471,99.913,101.768,98.589,96.02,94.966,89.601,87.061,82.188,77.153,73.329,71.481,67.195,63.609,63.743,60.482,58.194
METER_004,2026-01-17,39.299,38.429,39.562,40.274,39.98,40.484,42.932,43.29,43.811,44.68,45.514,45.69,45.799,45.592,46.77,48.62,49.848,49.853,50.432,52.454,54.59,55.997,58.642,60.988,62.448,65.165,67.329,72.643,76.103,78.415,80.904,84.566,87.654,88.225,91.293,90.096,92.535,92.7,90.409,89.778,89.15,88.454,86.933,84.803,81.057,81.136,79.029,77.548,75.91,72.676,73.134,71.177,70.483,70.338,67.874,68.822,68.239,66.776,65.418,62.75,63.255,61.614,58.75,57.939,54.793,53.135,52.152,49.751,47.455,46.458,44.658,45.016,41.85,41.338,40.177,41.547,40.841,38.46,37.306,39.347,38.859,37.189,36.907,37.738,36.359,36.766,36.68,38.571,38.505,37.65,38.915,38.695,37.358,39.502,37.793,39.72
METER_005,2026-01-17,45.077,44.014,43.949,42.838,42.365,43.759,41.582,40.901,41.252,40.884,42.478,42.465,41.396,41.51,41.616,40.447,40.604,41.442,43.304,42.571,41.804,42.557,42.293,43.701,45.364,45.329,45.636,44.343,46.634,46.754,48.198,47.398,47.106,48.28,48.386,51.264,50.229,51.906,53.428,55.012,54.067,55.688,56.652,60.493,61.94,63.618,65.667,67.236,71.123,73.757,77.442,80.714,84.215,87.684,89.883,93.704,96.164,99.438,100.19,102.8,103.594,104.138,102.235,101.18,99.899,99.561,96.213,94.128,93.431,90.329,88.186,84.903,83.917,83.577,80.609,79.453,79.755,78.025,76.553,77.071,74.251,74.086,73.306,70.21,69.678,66.91,66.469,62.878,60.98,58.714,57.769,56.977,55.236,52.677,51.708,49.968
METER_006,2026-01-17,103.594,102.963,105.465,105.015,104.32,102.967,101.047,99.581,97.914,96.044,92.956,90.141,87.049,84.369,81.228,77.949,75.88,73.259,71.503,70.943,68.637,65.835,65.046,65.201,63.117,61.689,61.119,59.619,60.771,58.551,58.949,58.818,58.106,58.161,60.18,59.314,58.997,60.684,58.565,60.362,61.733,59.797,62.542,61.757,63.5,62.283,64.899,63.599,66.137,66.958,66.635,68.382,67.818,68.501,69.183,69.537,72.854,73.548,74.378,74.174,76.73,77.371,79.259,80.573,81.403,82.344,86.408,87.833,93.162,97.339,101.387,107.056,110.096,116.964,121.843,128.829,134.073,136.231,141.106,141.712,142.727,143.67,139.846,136.358,132.284,127.688,123.67,117.859,111.83,106.51,99.49,95.816,91.944,88.631,85.656,83.942
METER_007,2026-01-17,53.549,53.257,55.204,54.877,57.463,56.814,58.169,59.025,60.122,60.506,59.576,61.305,61.385,62.343,65.152,64.756,65.863,68.147,71.165,72.475,75.731,76.251,78.749,82.564,85.295,90.792,94.564,98.981,103.195,107.835,110.36,114.054,118.14,121.84,123.606,125.536,125.627,126.325,124.837,122.839,123.644,120.938,116.863,115.971,113.179,110.518,106.657,104.558,102.455,101.595,99.601,96.85,97.241,94.858,95.185,92.583,92.468,89.968,88.684,86.947,84.676,83.219,78.923,76.913,75.98,74.516,70.516,69.725,65.15,63.506,61.598,61.564,59.901,58.413,55.549,54.327,55.116,54.385,53.264,52.942,52.245,51.512,52.308,51.086,50.127,50.937,49.795,50.249,50.432,51.969,52.284,52.608,50.873,53.884,52.548,54.682
METER_008,2026-01-17,59.208,59,57.74,57.189,55.489,56.91,56.739,57.057,54.487,56.695,55.34,53.893,56.07,55.896,55.429,55.76,56.497,54.911,56.653,56.97,55.413,57.398,57.803,59.566,59.342,59.889,59.079,61.087,59.921,61.88,62.036,63.3,64.515,64.568,66.665,66.279,67.806,68.913,70.179,70.991,72.635,75.532,77.811,78.658,80.031,84.417,85.477,89.798,94.532,99.353,103.103,105.72,111.894,116.643,121.218,125.375,129.198,131.212,133.271,135.616,136.151,137.611,136.155,134.234,133.81,132.299,127.306,124.087,123.472,119.396,117.612,112.963,113.158,110.228,108.553,106.359,106.023,103.967,102.753,101.283,100.19,98.631,95.291,93.348,91.25,89.152,87.955,83.669,82.716,79.744,78.137,73.786,72.743,69.617,67.348,65.615
METER_009,2026-01-17,135.028,135.698,135.385,136.036,132.996,131.835,131.991,128.011,124.948,123.651,120.539,116.107,113.425,110.771,107.143,101.607,100.276,95.864,94.116,92.089,87.996,86.475,84.031,82.202,82.103,81.071,78.696,77.575,78.261,78.168,76.197,77.01,77.192,74.981,75.092,75.507,76.168,77.851,77.218,77.116,79.005,79.043,78.134,79.573,81.614,82.344,82.042,84.714,84.431,84.416,86.463,87.189,88.297,90.736,90.479,90.649,94.172,93.98,96.531,97.583,96.807,99.463,100.381,101.891,106.787,107.739,110.778,115.186,120.693,125.676,129.492,136.641,142.994,152.753,158.278,166.041,171.279,178.587,183.317,184.721,186.403,185.498,183.543,178.202,172.117,166.633,158.872,151.332,144.257,138.043,130.563,125.622,118.447,115.2,111.514,108.999
METER_001,2026-01-18,23.859,25.018,24.119,24.63,25.447,24.911,27.305,26.437,27.224,27.272,28.489,29.455,27.692,28.159,31.183,30.948,30.481,30.396,31.184,34.329,35.56,35.842,36.035,39.424,40.692,41.405,44.665,46.465,48.326,49.192,50.941,54.375,54.724,54.845,57.584,57.859,59.478,59.188,57.179,57.828,55.546,54.516,54.848,52.412,51.567,50.979,49.569,47.903,48.36,45.673,44.733,45.762,43.942,44.14,44.065,43.424,41.069,40.804,40.585,40.659,38.849,39.088,35.732,35.97,33.615,32.405,32.465,32.72,29.313,30.002,29.998,27.956,28.131,26.291,26.696,25.49,25.768,24.107,23.773,24.907,25.207,24.19,24.188,22.742,22.845,24.848,23.853,23.624,23.327,22.916,23.599,22.711,24.906,23.542,24.142,25.595
METER_002,2026-01-18,31.024,29.815,29.427,28.058,27.532,28.491,28.354,27.083,26.816,29.299,28.122,28.195,26.923,28.139,27.839,27.678,28.8,27.787,29.809,29.842,28.911,30.131,28.305,30.443,31.144,29.585,29.493,29.674,31.17,30.427,30.551,32.68,32.182,31.921,34.326,33.194,34.19,35.766,35.401,35.581,37.409,37.05,38.597,39.928,39.951,43.15,45.375,46.367,48.649,49.064,50.599,55.53,56.328,59.469,62.218,63.889,65.818,65.924,67.277,69.603,68.371,68.63,68.8,67.61,66.599,65.575,66.353,64.265,62.314,59.37,57.971,57.571,56.942,56.373,53.966,54.693,53.819,53.79,51.743,50.928,51.35,48.995,49.308,46.988,46.211,46.162,44.854,44.315,42.368,40.226,37.945,38.572,37.214,34.951,35.156,32.752
METER_003,2026-01-18,72.255,73.122,74.904,72.788,73.406,71.899,71.418,70.088,69.161,66.681,64.996,62.924,60.826,60.826,57.943,55.9,53.729,53.366,50.492,48.381,48.862,47.439,45.523,45.737,43.452,43.596,43.377,43.944,41.245,43.248,41.553,42.371,40.134,41.355,41.909,41.839,40.304,43.102,40.98,42.396,41.827,41.647,44.13,42.286,44.974,43.836,44.011,46.242,45.648,45.55,47.395,47.278,47.704,47.92,48.76,48.585,51.694,50.641,51.561,52.78,52.573,55.063,56.2,55,56.921,57.467,61.542,63.25,65.636,69.153,70.055,75.171,78.688,83.698,86.554,90.138,94.504,96.628,98.897,100.133,99.943,100.407,98.629,96.82,93.811,91.085,85.793,82.398,77.844,73.315,72.124,67.898,65.671,61.557,61.707,58.865
METER_004,2026-01-18,39.398,40.891,40.811,41.92,42.106,41.246,42.17,41.513,42.646,43.823,43.07,45.126,46.735,46.942,47.887,48.93,48.561,50.177,51.559,53.564,53.794,56.764,59.591,59.347,63.485,65.009,68.453,71.239,75.781,78.395,80.813,84.646,86.795,88.626,89.17,92.485,90.87,90.853,92.952,90.885,90.083,86.883,86.096,83.109,81.154,79.289,77.634,77.928,74.024,73.447,72.318,70.368,70.164,71.182,68.614,67.569,67.101,64.592,65.945,62.683,62.413,59.17,57.866,58.413,54.298,54.836,53.117,51.386,49.174,46.474,44.8,45.552,42.267,41.646,41.589,39.015,40.552,40.378,38.489,37.78,39.145,37.181,37.312,36.871,36.972,38.15,37.255,36.782,37.404,38.882,39.056,37.367,38.773,37.638,37.56,39.817
METER_005,2026-01-18,45.53,43.686,44.533,41.984,41.86,42.983,41.417,40.723,40.738,42.978,40.553,42.891,41.534,42.585,40.837,41.74,42.899,40.946,42.387,42.66,44.05,44.089,43.348,42.571,44.356,45.869,45.539,45.993,46.739,46.871,48.72,48.726,48.425,49.934,50.816,50.822,52.199,53.243,53.006,54.488,55.653,55.97,56.795,58.153,61.251,61.79,66.474,67.4,71.656,73.94,76.56,81.306,84.489,87.995,92.128,94.352,96.856,98.643,101.506,103.735,102.725,103.385,102.2,102.401,101.657,98.957,96.413,94.186,92.234,91.469,87.148,87.191,84.918,82.6,82.176,80.896,80.177,78.172,77.901,76.675,75.092,73.039,73.655,70.942,69.294,66.873,66.608,63.738,62.168,60.193,56.91,56.423,53.827,51.988,50.235,50.634
METER_006,2026-01-18,105.281,103.977,104.265,105.649,103.211,102.074,102.362,99.787,96.504,95.907,92.559,91.082,88.039,85.949,83.25,79.138,76.965,73.647,71.468,69.237,68.124,66.642,65.22,64.588,63.461,61.453,61.847,60.206,60.761,58.56,58.008,59.988,58.462,58.275,58.36,58.961,59.504,59.958,59.838,59.733,61.714,61.714,61.587,62.872,61.192,61.831,63.388,63.36,65.83,66.375,67.387,68.418,67.92,70.134,68.978,69.858,72.161,71.549,73.832,74.529,74.743,77.072,79.484,78.871,80.881,84.739,85.951,90.03,92.314,95.543,101.556,107.178,111.623,118.097,122.271,129.206,132.546,137.477,140.647,142.897,142.922,143.76,142.183,138.748,134.023,128.537,122.145,116.718,112.774,105.824,99.701,96.065,91.823,88.287,87.067,83.711
METER_007,2026-01-18,52.68,53.438,56.206,57.095,57.519,56.582,57.595,59.235,59.533,60.685,61.426,60.367,61.214,63.174,63.725,67.032,67.479,67.285,70.964,72.379,73.435,77.494,80.731,81.667,85.691,90.855,92.879,99.172,103.993,107.662,111.275,115.76,117.965,121.282,122.985,125.976,125.163,125.708,125.43,123.531,123.066,121.637,118.588,115.409,112.902,110.762,106.944,105.892,103.727,101.198,99.928,98.644,97.6,96.828,94.196,91.804,90.53,89.281,87.199,87.762,85.522,84.027,79.571,76.897,76.998,74.069,69.746,67.656,66.114,64.511,61.291,59.764,58.765,58.767,57.309,55.567,54.069,53.354,52.056,53.504,51.13,51.791,50.298,51.305,50.135,49.663,51.731,50.291,52.293,51.854,52.922,52.189,52.872,52.531,53.083,52.81
METER_008,2026-01-18,60.025,59.193,58.202,58.426,56.725,57.598,56.959,56.484,55.677,55.283,56.455,53.985,54.305,55.799,54.885,55.504,55.354,56.793,57.092,56.814,57.21,56.128,56.57,57.152,59.876,59.261,61.019,59.355,62.698,60.96,64.032,63,65.692,64.656,66.226,67.356,67.632,70.262,70.301,71.205,74.106,73.662,77.911,79.82,79.978,82.575,87.014,91.618,94.509,97.549,101.312,106.245,112.802,115.516,122.004,125.086,128.808,132.136,134.496,137.393,138.128,136.863,135.512,136.609,134.701,131.455,129.737,125.737,122.866,119.312,116.185,115.167,110.819,109.248,107.66,106.191,106.651,105.129,103.828,102.09,99.812,99.394,96.905,93.763,92.28,89.948,88.672,84.829,83.141,81.114,77.083,75.633,71.909,71.302,66.651,65.082
METER_009,2026-01-18,134.83,135.294,135.374,134.311,133.242,133.778,130.398,128.063,126.882,122.863,120.162,117.155,112.969,109.987,107.373,103.29,98.659,95.104,92.197,90.406,88.013,87.411,85.563,83.876,80.218,80.238,80.306,79.288,78.791,76.532,77.932,75.294,77.498,75.563,77.617,77.125,77.131,75.917,76.553,78.52,77.128,79.678,79.207,79.505,80.728,82.263,83.479,84.612,83.238,84.256,85.153,88.796,87.408,88.732,90.93,93.179,92.151,95.015,95.356,96.411,97.823,99.261,101.019,104.024,104.778,106.987,110.49,116.616,118.399,124.081,129.613,138.033,143.472,152.036,158.88,167.078,172.078,178.914,183.608,185.285,185.93,185.318,183.654,178.968,173.517,165.735,159.776,150.35,145.254,138.156,131.676,124.891,118.682,114.784,112.626,109.371
METER_001,2026-01-19,27.015,29.495,27.747,28.273,30.181,30.628,29.524,31.225,31.002,32.646,31.95,32.63,32.354,33.034,34.614,33.735,34.21,35.063,37.52,38.349,38.6,39.322,42,42.518,44.746,48.288,48.701,51.564,54.094,55.972,58.77,60.844,60.953,62.521,63.832,65.438,66.049,64.96,66.846,64.849,64.31,63.33,62.039,61.071,59.674,57.13,55.09,56.174,53.091,52.266,52.397,51.978,50.867,49.279,49.312,48.417,46.993,48.422,47.65,46.163,45.852,42.923,42.935,41.853,40.935,38.481,37.528,34.846,33.553,33.448,31.632,31.258,31.123,31.264,30.478,28.661,27.451,27.181,26.353,27.255,26.467,27.569,27.809,27.069,27.67,26.453,27.13,27.056,28.083,27.574,26.027,27.424,28.357,28.59,26.488,26.946
METER_002,2026-01-19,33.628,33.109,32.979,33.913,31.59,31.887,31.443,31.32,33.069,32.651,31.808,31.37,32.577,32.448,31.693,31.522,33.306,32.355,33.669,33.857,33.963,33.494,33.254,33.802,33.485,33.899,35.612,35.324,35.107,36.674,37.464,37.557,35.853,36.527,38.276,38.968,39.865,40.315,39.78,40.987,43.2,41.901,43.044,46.213,46.82,49.412,50.109,53.284,54.238,57.764,59.915,61.518,65.456,66.55,69.332,71.536,75.307,75.971,77.587,77.487,78.545,79.816,78.422,77.956,76.709,75.718,75.026,72.817,69.326,69.647,68.552,64.463,64.594,63.093,61.032,62.35,60.532,60.138,59.272,59.284,58.204,55.998,54.571,54.262,54.278,53.134,51.484,48.867,46.66,45,43.645,43.253,42.321,39.588,38.136,38.776
METER_003,2026-01-19,66.489,65.897,65.725,65.109,65.378,64.271,63.427,62.428,61.606,59.367,59.107,55.742,54.909,52.696,50.489,50.976,47.32,47.336,44.552,44.617,44.017,40.81,39.694,39.393,40.409,38.637,39.626,37.1,38.865,37.866,38.017,36.284,35.713,36.375,37.814,37.366,37.824,36.535,37.759,37.149,38.038,37.268,38.773,38.737,38.376,39.828,38.81,39.274,40.494,41.9,42.473,41.587,43.854,44.649,44.736,44.479,46.411,45.646,47.344,47.254,47.033,49.691,48.999,50.104,52.171,52.362,55.426,56.037,57.806,59.867,63.137,68.066,70.926,74.908,76.58,79.921,83.651,85.306,88.252,90.318,89.872,88.805,89.675,85.619,84.287,79.568,76.701,73.492,71.453,67.193,63.872,61.578,59.471,54.723,53.601,51.588
METER_004,2026-01-19,44.09,45.462,45.859,46.492,48.081,47.385,47.776,47.492,48.897,49.053,51.052,51.46,52.323,51.667,54.282,55.18,55.689,55.935,59.85,60.266,62.904,63.099,66.724,68.552,71.415,74.997,78.946,81.745,85.807,87.73,91.899,95.346,99.692,99.819,102.087,104.619,105.496,104.708,105.379,103.199,101.099,101.009,98.501,95.819,92.862,92.064,89.136,88.169,85.362,84.292,81.515,81.946,80.785,80.166,77.835,78.227,77.115,75.226,73.05,72.524,70.403,69.2,67.448,66.246,61.976,60.868,57.751,55.938,55.853,52.811,51.903,50.145,47.71,48.756,47.198,44.622,44.818,43.923,45.039,42.091,42.086,41.889,43.566,41.985,42.086,43.475,41.914,42.217,41.794,43.67,42.244,42.736,44.576,43.35,44.357,43.183
METER_005,2026-01-19,50.134,50.64,50.589,49.387,47.562,47.133,47.598,47.758,46.286,48.148,46.278,47.456,47.609,47.449,46.975,48.162,47.351,47.683,47.097,48.476,48.383,50.111,50.587,48.76,51.042,51.008,51.159,52.798,53.625,52.554,52.687,54.095,55.8,55.441,55.539,58.385,58.918,60.036,59.412,61.327,61.783,64.358,66.933,67.839,69.483,73.058,74.075,78.401,79.698,85.34,87.69,92.261,95.977,99.141,103.523,107.867,110.697,112.576,115.223,117.687,116.184,118.221,118.39,117.38,115.391,111.336,110.046,107.66,105.968,102.265,100.592,97.298,95.081,93.224,92.043,91.113,89.727,88.097,88.284,86.867,86.607,85.578,83.584,82.228,78.153,76.146,75.843,74.165,69.814,68.879,65.855,64.851,62.242,59.189,57.286,56.119
METER_006,2026-01-19,94.393,93.455,93.833,91.998,92.492,90.527,91.54,89.826,88.555,85.085,83.129,79.456,79.294,74.519,72.177,70.194,69.205,65.897,65.73,62.622,60.276,60.658,59.457,57.69,56.871,54.588,54.357,53.676,53.463,52.288,51.998,52.134,51.908,53.589,51.296,51.547,52.43,52.655,54.624,52.376,53.98,54.792,55.17,55.322,56.182,57.145,56.752,56.878,57.746,59.892,58.816,59.435,62.421,61.897,62.62,63.555,63.571,64.741,65.175,67.773,68.158,68.133,69.787,71.466,73.172,73.705,75.891,78.788,82.019,84.949,89.154,93.443,100.028,103.436,110.677,114.193,118.593,123.4,126.532,126.402,127.98,128.368,127.212,122.114,118.507,113.594,110.32,104.134,99.245,95.615,91.599,84.893,81.597,80.11,77.407,73.967
METER_007,2026-01-19,61.065,61.601,64.073,63.861,63.886,64.308,66.276,65.858,66.33,67.481,68.177,69.605,71.791,71.532,74.195,74.243,76.606,77.17,80.169,81.49,85.546,86.278,91.75,95.054,99.651,103.17,108.006,112.581,117.06,122.77,126.011,130.067,135.845,138.228,140.423,142.253,143.771,142.49,141.677,140.609,140.561,138.034,134.139,132.049,127.287,123.745,121.03,118.957,116.874,114.976,113.922,111.292,109.061,109.52,108.649,106.322,104.778,103.056,100.499,97.502,97.538,93.616,90.372,88.657,86.17,84.006,80.307,78.395,76.812,73.246,72.011,67.976,68.101,64.327,63.891,63.196,62.55,62.082,58.92,59.922,57.683,59.839,57.892,57.339,57.634,58.236,58.293,57.25,57.983,58.541,58.98,57.853,59.442,60.761,61.574,59.682
METER_008,2026-01-19,67.75,66.026,65.513,65.842,64.003,63.745,62.949,62.683,62.127,64.404,62.552,63.816,61.628,62.831,62.145,62.086,64.409,63.822,64.111,63.798,63.843,64.823,65.739,66.866,67.845,66.686,68.776,67.689,69.173,71.815,72.793,72.115,74.655,75.262,76.686,77.513,77.911,77.484,79.495,82.705,82.088,85.063,86.938,88.433,93.596,94.203,98.972,104.036,107.337,112.893,117.741,122.652,127.344,132.368,137.198,142.196,146.506,151.053,151.919,155.088,157.386,156.979,156.287,154.431,151.205,149.525,145.451,141.694,140.609,135.633,133.193,131.383,126.895,124.89,122.237,122.356,119.828,118.853,117.378,116.273,115.053,111.972,109.352,107.956,103.839,103.777,100.169,97.019,92.562,91.606,88.014,86.39,83.12,78.652,78.239,75.934
METER_009,2026-01-19,120.879,120.416,120.254,121.878,121.225,117.703,117.122,116.704,112.142,109.56,108.475,104.975,102.023,97.747,95.426,93.141,89.071,86.324,83.471,80.753,79.549,76.349,75.437,73.497,72.284,71.011,71.982,69.933,69.004,67.623,69.398,68.262,68.127,67.559,67.214,67.669,69.762,69.211,70.287,70.375,69.369,70.998,72.332,72.318,71.762,73.063,73.088,74.8,74.318,75.277,76.521,77.495,79.055,79.488,80.135,82.5,83.621,83.634,84.923,85.738,86.94,90.021,89.551,93.748,93.142,97.146,98.533,101.808,107.767,110.533,116.947,122.625,129.879,136.28,142.433,147.689,153.916,158.904,163.713,166.7,165.521,166.473,163.719,160.324,154.614,148.732,141.962,136.907,130.07,123.486,116.733,111.801,108.403,102.204,100.015,96.396
METER_001,2026-01-20,29.382,28.826,29.805,29.518,29.451,28.597,29.993,31.075,30.075,31.84,32.897,31.391,32.567,32.107,33.527,35.428,35.707,36.609,36.22,38.484,39.373,39.985,42.256,43.756,45.517,47.746,49.532,50.875,53.301,57.197,59.417,59.54,62.376,64.27,63.587,66.425,67.386,67.584,66.685,65.014,64.609,63.16,62.738,60.237,59.291,56.724,56.979,55.909,54.234,52.601,53.236,51.043,52.125,50.017,48.395,48.462,47.298,46.552,46.965,44.698,43.407,43.335,43.038,42.175,38.89,37.617,37.573,36.086,35.287,33.732,31.789,30.624,31.148,29.737,29.918,29.52,28.846,27.828,27.778,26.481,25.842,27.652,26.151,27.521,26.384,27.488,27.611,25.7,27.734,25.846,27.114,26.748,28.267,28.501,28.267,28.228
METER_002,2026-01-20,34.683,32.894,33.552,33.465,31.937,31.363,32.623,32.943,32.226,32.205,32.415,30.509,30.77,31.805,32.318,32.012,32.511,32.82,33.586,32.987,32.548,33.259,34.304,34.351,33.178,34.065,34.918,34.65,35.757,36.478,37.486,36.103,37.057,37.432,37.801,37.493,38.086,38.803,39.868,41.829,42.211,44.165,43.873,45.399,47.565,47.66,51.314,52.153,54.445,56.704,60.257,62.055,65.453,67.919,70.349,72.658,73.301,76.514,77.167,78.175,79.238,79.582,78.043,78.459,76.103,75.797,73.324,72.749,71.984,69.363,68.442,66.727,65.151,64.155,62.935,62.752,61.878,60.304,60.282,58.237,57.967,57.225,54.886,53.81,52.189,50.997,49.655,48.157,47.532,46.12,44.591,43.353,41.621,40.045,38.27,37.602
METER_003,2026-01-20,64.41,65.82,66.196,65.306,65.471,64.001,62.528,62.527,61.467,61.201,58.39,57.264,54.049,54.378,52.896,50.183,49.449,47.844,46.371,43.202,43.536,42.097,41.698,39.062,39.771,38.84,38.774,37.357,36.48,37.967,37.209,38.255,37.031,37.505,38.128,35.943,37.767,36.853,37.263,38.034,38.675,39.38,39.862,38.547,40.626,38.96,40.169,40.947,41.887,40.52,43.397,41.569,43.174,42.603,42.958,45.397,44.36,44.651,46.65,48.171,48.134,48.199,48.707,49.113,50.361,52.767,55.082,56.343,58.251,60.496,62.617,66.674,71.657,73.48,78.221,79.814,82.97,86.652,88.453,91.136,89.873,90.24,88.215,87.903,85.433,80.905,78.112,73.655,69.175,65.566,63.718,62.019,57.079,55.703,52.889,51.644
METER_004,2026-01-20,45.686,44.283,46.908,45.734,47.376,47.147,47.288,48.792,48.63,50.881,49.329,51.468,52.431,53.336,53.285,54.749,54.794,58.35,59.469,59.3,63.128,64.337,67.082,67.815,71.992,74.032,79.814,80.819,86.358,88.631,92.054,96.837,99.434,100.215,101.611,103.175,104.609,104.887,103.501,103.831,102.963,99.821,98.319,95.493,94.075,92.273,89.177,86.836,85.504,85.015,81.55,81.747,80.005,78.336,79.64,77.014,76.194,74.842,74.242,70.882,72.024,68.653,68.052,66.277,62.367,60.93,58.867,55.84,55.121,52.432,53.143,50.317,49.984,47.659,47.829,44.655,45.613,43.421,42.707,43.949,42.429,41.752,43.363,43.814,41.331,41.617,41.54,43.768,42.664,42.024,43.947,44.169,43.037,44.217,44.138,43.458
METER_005,2026-01-20,50.131,49.926,50.161,49.762,48.879,47.531,47.16,46.65,47.291,46.566,48.835,46.427,47.016,48.24,47.468,46.694,46.688,47.737,48.389,49.034,49.802,49.102,49.104,49.964,51.148,51.161,52.654,52.309,53.995,51.903,54.07,54.299,55.127,56.84,58.046,56.292,59.419,60.084,61.385,60.958,62.33,64.742,66.057,68.165,70.83,70.958,75.114,78.788,80.941,83.238,88.767,91.639,94.807,99.671,103.728,106.43,111.159,112.952,114.13,115.895,117.939,117.198,118.04,115.67,115.735,112.708,110.024,106.836,104.2,101.755,100.033,96.748,95.201,94.76,92.523,91.332,89.653,88.592,88.789,88.066,85.692,84.528,84.185,80.43,79.524,76.054,75.707,73.158,71.583,67.636,65.088,63.95,61.533,60.31,57.603,57.664
METER_006,2026-01-20,94.223,93.449,94.119,94.024,93.705,91.946,90.063,89.965,87.177,84.705,83.756,82.183,79.724,76.518,73.142,70.463,68.713,67.868,64.415,63.354,62.362,59.446,59.232,56.876,54.881,55.147,54.048,53.055,52.966,52.113,52.447,53.209,53.524,52.207,52.715,51.87,52.144,53.234,54.397,53.835,55.101,55.51,54.805,54.603,57.225,57.648,56.425,58.664,59.699,58.365,60.547,60.758,60.075,60.741,63.651,62.49,63.925,64.479,64.855,66.548,68.97,67.981,71.101,71.827,72.768,75.042,77.559,80.764,83.261,86.789,90.281,95.986,100.287,104.696,110.58,116.024,120.067,124.067,125.789,128.903,128.405,128.153,125.859,123.811,119.449,113.959,108.659,105.076,100.207,94.035,89.544,86.827,82.896,80.527,77.446,74.588
METER_007,2026-01-20,60.833,63.184,62.199,64.366,65.208,64.749,66.936,65.227,67.051,68.256,69.08,70.101,72.21,71.783,74.292,73.918,77.067,78.925,80.228,81.091,84.684,88.934,92.21,93.627,97.699,103.948,108.255,112.841,117.003,122.194,125.239,129.747,135.914,138.418,141.728,141.642,144.382,143.408,144.226,141.487,140.032,137.38,133.892,130.551,128.405,124.594,123.481,120.367,118.537,114.595,114.413,110.676,110.121,107.831,107.414,105.079,104.591,104.034,101.311,99.779,96.833,93.085,92.987,89.592,85.992,84.318,81.17,78.459,74.467,74.144,71.183,68.359,67.884,66.06,63.386,63.933,61.688,61.732,59.779,59.213,58.292,58.04,59.386,59.418,57.34,58.16,57.412,56.781,57.767,58.259,59.031,59.976,58.133,60.271,60.457,61.434
METER_008,2026-01-20,66.43,65.141,65.738,64.745,66.044,64.933,63.928,64.175,64.716,61.999,63.151,61.664,63.39,63.381,61.742,62.213,62.411,64.522,63.469,64.122,65.439,65.009,64.606,65.46,67.916,67.538,69.696,70.558,71.121,71.497,72.7,71.932,73.829,74.759,74.907,77.167,78.081,79.27,79.016,81.865,84.107,84.231,87.137,89.184,91.493,95.216,99.886,103.037,107.367,110.846,117.777,121.662,127.785,132.659,139.213,143.84,147.575,151.35,152.832,155.421,156.121,156.427,155.012,153.911,151.467,148.501,147.727,141.878,139.444,136.121,132.463,131.292,128.621,124.296,123.458,122.06,120.386,119.083,117.12,115.23,113.655,113.063,109.025,107.396,106.27,103.446,99.515,97.973,93.029,91.569,87.768,86.283,81.068,79.616,76.487,74.989
METER_009,2026-01-20,121.394,120.884,120.033,119.696,120.671,119.939,117.222,115.794,111.921,109.805,107.266,103.862,102.878,99.37,95.624,90.752,89.292,87.374,82.606,82.731,79.818,76.735,76.419,74.863,72.798,71.14,70.573,71.42,68.357,69.154,68.092,69.242,68.129,69.533,68.609,69.73,67.708,70.003,69.167,69.105,70.19,70.499,71.152,71.624,71.585,74.211,72.817,73.996,74.996,75.431,78.131,77.146,78.659,79.102,81.978,83.638,84.037,83.243,85.738,87.979,87.847,89.69,91.484,93.467,94.439,98.303,98.828,103.97,106.593,112.76,117.097,122.974,130.384,135.697,141.481,148.504,155.807,160.178,163.737,164.36,165.918,166.224,164.039,159.741,154.591,149.788,142.861,135.639,130.348,122.925,118.469,111.195,107.771,103.81,99.786,95.611
METER_001,2026-01-21,29.201,27.801,29.237,29.025,30.041,29.311,30.602,30.426,31.077,32.754,33.249,31.437,34.118,34.845,34.073,34.755,34.052,36.388,35.807,38.366,38.291,40.281,40.795,43.636,46.64,48.294,48.707,51.018,52.719,57.672,57.184,61.394,61.502,63.777,65.248,65.505,66.99,66.447,66.253,65.577,63.903,63.387,61.07,62.044,59.472,57.352,57.588,55.705,54.253,53.598,53.403,52.275,49.989,50.141,48.383,50.322,47.996,46.508,46.777,45.504,44.227,42.971,42.298,39.913,39.885,39.951,37.787,35.937,33.694,32.497,31.997,31.367,30.174,29.235,29.89,30.305,29.506,28.676,26.429,27.643,26.833,28.189,28.01,26.881,27.034,25.885,28.177,27.943,25.631,25.913,28.207,28.578,27.726,26.758,28.302,28.996
METER_002,2026-01-21,33.886,32.726,33.272,32.572,32.365,31.908,32.668,31.517,31.3,33.314,30.941,30.565,30.976,33.148,32.316,32.776,32.651,33.208,33.508,31.292,33.995,34.378,33.842,33.183,34.097,35.446,33.32,35.194,34.373,36.445,36.097,36.08,36.535,38.996,37.94,37.673,38.456,40.306,39.695,40.315,41.151,42.326,44.543,45.919,47.755,47.493,51.171,52.533,55.572,55.752,58.717,62.952,63.981,68.25,70.915,72.159,73.283,76.411,77.713,79.029,78.813,79.869,79.654,78.794,76.239,74.395,74.799,71.337,69.645,70.41,68.81,67.171,64.767,63.687,62.866,62.952,60.392,59.531,59.947,59.029,58.743,56.833,56.449,53.681,53.263,53.337,50.514,48.932,47.737,44.935,44.633,43.012,42.392,41.204,40.246,38.035
METER_003,2026-01-21,65.187,66.378,66.062,66.207,66.197,63.819,62.621,62.699,60.938,59.381,59.169,55.685,55.279,54.068,50.591,49.856,48.732,47.088,46.543,45.53,41.845,42.889,40.072,40.804,38.51,39.573,39.91,38.741,37.667,37.431,37.029,38.196,36.202,37.363,36.999,37.264,37.768,37.968,38.67,37.817,38.361,38.116,40,39.506,38.256,40.391,39.116,41.578,39.808,42.808,41.796,42.225,42.839,44.8,44.654,43.798,44.331,47.124,46.64,46.88,46.562,49.453,49.143,50.493,50.426,53.156,55.713,55.427,59.551,60.569,64.987,65.682,69.848,72.992,77.384,80.395,83.504,86.164,89.571,91.32,90.375,88.922,89.976,85.978,85.359,80.377,78.633,74.495,69.775,67.277,63.108,60.331,59.596,55.336,53.106,53.98
METER_004,2026-01-21,44.669,46.585,47.026,45.201,46.626,48.379,46.859,49.054,50.587,49.934,49.44,50.284,52.941,54.229,54.437,54.778,55.489,56.826,57.74,59.624,61.941,63.576,65.34,68.271,73.401,75.536,77.435,81.166,84.759,89.021,92.996,96.034,98.102,99.705,101.963,103.198,103.704,106.43,103.915,103.783,102.556,99.473,98.115,97.112,94.148,90.663,88.228,87.182,85.739,83.37,82.397,83.103,80.706,79.063,78.417,78.305,77.413,74.537,73.52,71.257,72.019,68.63,66.394,65.063,63.682,62.36,59.343,56.006,54.022,53.879,52.106,50.319,47.83,47.894,47.707,46.207,45.457,45.455,42.755,42.878,42.915,41.739,41.976,43.196,43.741,42.56,41.816,43.576,42.133,42.849,41.953,44.369,44.88,43.226,44.515,44.797
METER_005,2026-01-21,50.149,49.168,48.702,49.707,49.284,48.294,48.645,48.968,47.127,49.029,48.664,46.144,47.085,48.75,48.933,47.747,46.838,47.421,49.332,49.58,48.922,48.751,49.042,50.303,50.178,52.055,51.863,51.61,51.5,53.805,54.281,54.697,54.319,55.65,57.511,58.254,58.421,59.705,61.65,61.68,62.19,63.192,65.814,68.779,70.677,72.4,73.799,78.428,81.311,84.852,87.5,92.371,97.378,98.821,105.108,107.051,111.146,112.168,115.225,117.732,119.12,117.131,117.275,116.736,114.893,112.185,110.548,107.093,105.595,103.983,99.37,99.234,95.906,93.773,94.482,90.598,90.82,88.87,87.944,88.358,87.295,84.644,84.115,80.137,80.355,77.387,76.502,71.717,72.134,69.319,67.167,64.329,62.84,59.422,59.41,56.434
METER_006,2026-01-21,94.539,95.026,94.698,94.056,91.902,91.194,91.318,88.488,86.908,84.255,83.939,81.877,77.902,75.377,73.567,71.838,69.372,67.548,65.945,63.043,60.228,59.979,57.143,56.054,56.07,54.213,54.049,54.581,54.065,54.479,53.4,53.491,52.327,52.666,54.109,52.351,52.885,54.156,53.111,54.683,55.24,55.923,56.184,54.518,55.684,57.203,56.943,58.056,59.26,58.985,60.656,61.008,62.586,61.719,61.486,63.294,64.748,65.764,64.742,67.626,67.326,68.175,71.548,70.182,71.914,73.885,76.843,80.611,82.361,87.026,90.058,96.333,99.543,106.098,111.471,115.417,120.081,122.986,124.949,126.918,128.139,128.225,126.564,122.741,118.864,116.243,111.134,103.626,100.508,94.239,89.356,86.519,83.811,79.247,77.756,75.691
METER_007,2026-01-21,60.54,62.75,62.221,63.806,63.14,66.286,66.853,66.742,67.637,68.706,68.424,69.294,71.792,72.84,72.459,75.315,76.167,77.977,80.808,83.696,85.262,88.152,91.612,95.215,99.14,104.237,106.366,113.042,117.762,121.294,127.215,130.26,135.833,138.157,142.149,143.224,143.464,143.888,143.165,143.069,138.461,137.515,135.334,130.369,127.618,124.147,121.444,119.486,116.045,114.002,114.872,111.635,111.698,108.196,107.724,105.213,105.045,103.704,102.488,98.882,96.856,93.876,92.229,89.427,86.584,82.586,81.509,79.625,76.958,72.096,70.515,67.892,65.906,66.113,63.816,64.271,61.668,62.322,60.923,59.821,59.169,58.298,58.133,57.995,57.996,57.47,57.261,57.306,58.425,58.69,59.022,59.34,59.748,59.027,60.87,60.977
METER_008,2026-01-21,68.363,65.859,66.09,65.702,63.854,65.378,64.179,63.803,63.588,64.565,63.387,62.559,62.64,61.921,63.03,62.71,62.837,63.776,63.974,64.481,66.306,65.458,65.961,65.826,67.053,67.017,68.553,70.466,68.731,70.675,70.513,72.276,74.786,75.848,75.399,76.976,78.117,79.068,80.524,81.878,84.549,84.048,88.493,90.894,91.688,97.01,100.57,102.641,106.276,111.616,117.589,122.589,126.986,132.704,136.706,141.434,147.478,151.28,152.96,156.751,155.68,156.19,155.576,153.924,151.731,151.022,145.205,142.001,138.599,137.35,133.503,129.928,126.579,124.331,122.766,121.583,120.095,120.023,117.883,115.391,113.867,111.846,111.168,109.204,105.365,103.796,98.852,96.732,95.067,91.415,89.255,85.205,82.57,79.19,77.765,76.072
METER_009,2026-01-21,120.844,121.96,122.792,121.944,119.916,118.44,117.918,115.302,114.711,111.644,108.99,104.261,101.959,97.678,95.67,91.383,88.328,85.175,82.533,82.121,80.058,77.872,76.469,73.119,71.695,70.501,69.945,69.454,68.37,69.928,67.675,68.986,67.825,69.628,68.151,67.58,69.291,69.203,68.081,69.59,69.802,69.908,71.426,71.386,71.917,72.721,72.971,75.681,75.729,75.404,78.24,78.597,78.605,80.335,81.28,81.426,82.636,84.311,86.295,86.372,88.914,90.199,90.239,92.672,94.339,97.788,100.443,103.021,108.473,110.696,118.209,124.406,130.623,136.092,141.545,150.128,154.934,159.259,164.487,167.374,165.86,164.749,164.767,159.963,154.819,150.365,142.021,135.034,128.284,122.062,117.713,111.846,106.301,102.237,99.875,97.871
METER_001,2026-01-22,29.839,27.953,28.13,28.027,29.952,30.928,29.628,29.838,30.33,30.546,32.918,31.889,34.05,34.432,33.186,33.616,36.506,35.902,36.396,38.017,39.96,41.437,41.599,44.211,44.769,48.576,48.452,50.985,55.383,55.042,57.519,61.343,61.651,64.4,64.517,64.934,65.133,66.955,67.249,65.413,65.877,63.779,63.324,61.767,59.722,57.315,56.42,55.427,53.593,54.534,51.362,52.423,51.954,51.21,50.168,48.324,49.75,48.81,47.438,44.983,45.968,43.638,41.533,40.724,38.62,39.821,36.721,35.517,34.508,34.043,33.206,32.55,30.066,30.203,28.963,29.363,29.099,27.75,28.314,28.851,28.673,26.871,26.222,26.366,27.67,27.483,27.359,26.628,26.676,27.115,28.121,27.885,27.028,27.736,29.269,29.55
METER_002,2026-01-22,33.57,34.366,32.769,31.828,33.48,32.542,32.57,30.956,31.488,32.23,31.105,32.229,31.732,31.216,32.252,32.411,32.806,31.075,33.381,33.486,33.436,33.437,32.179,32.5,33.463,35.662,34.151,34.134,34.79,34.603,36.052,37.554,37.236,37.687,37.276,40.012,39.976,41.125,39.73,40.57,43.021,43.837,43.915,46.219,45.629,48.346,49.09,51.932,54.161,55.893,60.595,60.587,64.02,66.108,70.672,72.173,75.242,76.442,78.089,78.234,79.692,78.13,77.729,79.241,77.199,74.806,74.259,73.619,70.061,68.479,66.705,65.495,65.435,64.908,62.84,62.706,60.273,59.334,60.578,57.381,57.826,55.691,55.415,55.85,53.347,51.943,51.905,48.996,46.459,46.582,43.475,43.533,41.184,41.127,38.151,38.931
METER_003,2026-01-22,65.22,67.255,65.623,66.89,64.748,63.986,63.32,63.471,60.846,58.989,58.618,56.617,54.053,54.107,51.677,50.614,47.855,45.885,46.11,45.702,43.816,43.497,40.629,39.947,39.89,38.93,39.682,38.439,39.28,38.308,37.464,37.486,38.095,36.361,38.669,36.142,38.708,37.719,37.159,38.697,37.979,37.598,39.584,37.957,39.396,40.033,40.947,41.134,40.671,40.972,40.838,43.25,43.674,44.629,43.049,43.809,46.321,44.674,47.487,47.657,48.459,47.578,49.869,49.616,50.939,51.981,54.894,56.666,57.733,59.821,62.754,68.028,71.675,73.261,77.763,80.419,85.192,88.318,89.292,90.418,89.998,89.905,88.674,86.934,84.815,81.609,78.289,73.298,69.891,66.77,64.59,61.039,59.304,56.33,53.214,53.192
METER_004,2026-01-22,43.983,46.573,44.76,45.846,47.153,48.415,49.306,50.04,50.277,51.38,51.905,51.519,53.023,52.143,53.813,53.82,55.434,57.484,57.967,61.085,62.998,64.24,67.755,68.667,73.236,75.654,80.018,81.347,85.14,88.741,93.234,95.485,97.98,102.56,103.569,105.417,104.282,105.432,103.595,104.229,102.575,100.359,97.671,96.575,94.23,92.966,88.743,87.981,86.791,85.043,82.479,82.567,81.426,81.016,79.08,77.198,77.266,76.676,74.283,71.092,71.177,70.386,67.957,65.788,62.837,60.87,59.8,57.853,56.233,54.424,52.48,51.434,49.515,48.718,47.138,45.267,43.975,44.071,44.139,44.861,42.687,42.486,41.902,42.632,43.268,43.219,43.084,42.164,43.448,43.558,41.707,44.393,43.077,45.124,45.061,43.639
METER_005,2026-01-22,51.737,49.198,50.849,50.595,49.869,49.756,49.016,49,49.048,48.694,46.307,47.522,48.254,47.33,48.178,46.58,47.684,47.262,46.99,47.446,48.695,50.698,48.702,49.91,50.72,50.751,52.712,52.927,53.006,52.573,54.57,55.347,55.155,57.28,57.225,57.442,59.315,60.857,61.3,62.62,61.522,63.716,66.271,66.446,68.466,73.428,74.86,76.959,81.941,84.442,86.958,92.7,95.457,100.683,105.463,106.526,109.621,112.759,115.458,117.29,117.887,119.382,116.92,115.241,115.313,111.938,111.276,108.772,105.143,103.016,101.668,98.635,96.416,95.238,94.209,92.961,90.987,90.621,88.907,85.912,85.679,84.338,82.815,82.034,78.509,77.985,74.881,73.8,70.815,67.63,66.071,65.412,62.089,61.159,57.768,57.486
METER_006,2026-01-22,92.952,92.783,93.004,94.193,92.888,93.403,90.178,90.149,88.359,85.222,82.512,80.727,79.25,75.155,72.989,70.666,70.015,66.712,64.948,62.054,61.069,58.84,59.013,56.118,56.898,56.789,54.632,53.209,52.927,52.666,54.49,52.853,51.637,51.923,52.541,53.549,54.323,52.387,54.59,53.63,55.019,53.371,55.693,55.637,56.193,58.05,56.445,59.327,58.021,59.216,58.795,60.192,60.107,63.452,64.048,62.896,64.629,64.216,65.429,66.228,68.297,68.594,69.742,71.817,73.382,74.003,75.926,80.338,82.76,87.063,91.9,95.399,100.225,105.054,110.817,116.026,121.014,124.788,126.231,127.536,129.046,128.08,127.231,123.254,118.962,115.856,109.065,106.401,99.611,96.148,90.007,85.548,83.734,78.641,77.481,74.233
METER_007,2026-01-22,61.902,63.184,63.408,62.638,63.058,64.894,64.929,65.507,66.513,67.336,68.78,70.876,70.59,71.907,74.348,74.809,75.556,78.805,79.744,82.099,85.805,88.496,91.89,94.411,97.924,104.358,107.804,111.629,115.898,122.226,125.493,131.498,133.845,137.683,142.107,144.21,144.813,142.922,144.188,140.926,139.185,138.541,133.86,132.618,129.512,125.581,121.683,119.086,117.572,115.023,113.609,111.592,110.111,110.435,108.175,107.663,104.766,102.533,101.578,98.608,97.894,94.706,91.111,88.236,86.671,83.725,80.888,79.528,76.034,74.271,71.604,67.915,67.946,65.988,63.655,63.979,62.07,59.699,60.798,59.593,60.161,59.292,58.015,57.846,58.748,59.441,59.35,59.282,58.697,57.245,58.38,59.705,58.782,61.468,61.886,59.81
METER_008,2026-01-22,67.735,67.013,66.561,64.957,65.137,64.446,65.03,62.8,63.083,62.885,64.215,63.701,64.147,61.973,64.372,62.59,62.705,64.432,65.501,64.085,64.984,65.156,67.193,66.705,66.53,68.046,69.534,68.273,69.878,70.527,71.154,73.319,74.525,75.864,74.897,75.549,78.587,78.347,79.163,81.132,83.867,86.076,88.287,88.601,93.066,95.606,98.092,103.204,106.577,111.34,118.214,122.67,128.933,131.959,137.05,142.826,148.11,151.18,152.492,155.669,156.009,157.579,156.36,154.595,152.865,150.212,146.742,144.232,138.876,135.702,133.04,131.197,129.534,125.869,123.999,120.785,121.556,117.996,117.983,116.192,114.501,111.932,111.252,108.493,104.673,102.409,99.387,98.429,93.421,91.136,87.34,85.093,83.505,80.329,78.268,74.325
METER_009,2026-01-22,121.191,121.723,121.157,122.453,120.321,120.164,116.846,115.138,112.427,111.175,107.281,105.157,102.594,97.733,94.618,92.346,89.304,87.793,84.009,82.286,80.75,77.951,75.286,73.907,72.271,70.757,70.003,69.098,69.474,69.904,69.653,68.461,67.707,68.071,67.814,69.949,69.3,68.181,68.139,69.334,69.152,70.328,71.014,73.067,73.272,73.333,74.393,76.388,75.928,75.655,78.008,77.715,79.567,81.911,82.941,81.538,82.342,84.325,84.425,86.196,87.593,88.911,92.394,93.086,95.564,98.351,99.704,103.007,108.023,111.92,117.411,124.642,130.558,135.934,142.688,149.724,154.487,160.87,164.434,167.221,167.9,165.946,164.927,159.046,155.491,149.922,142.538,135.466,129.155,122.011,117.04,111.611,107.999,102.869,99.14,97.038
METER_001,2026-01-23,27.133,28.13,30.196,28.769,30.312,30.045,31.396,31.513,30.208,32.012,33.142,32.999,32.099,32.882,34.511,34.804,35.82,35.69,38.056,37.693,38.411,39.445,42.545,42.937,46.836,46.46,49.267,53.298,53.628,57.308,58.273,60.742,62.413,63.572,66.557,65.706,67.269,67.021,66.453,65.629,63.884,64.159,61.611,60.396,60.094,59.015,57.257,54.777,54.291,54.292,52.604,52.083,50.458,49.555,50.577,47.879,49.42,46.779,46.494,46.089,45.361,44.067,42.158,42.114,40.927,38.918,37.177,36.877,34.696,33.516,32.837,33.089,30.306,29.311,29.852,27.972,28.867,28.326,28.9,28.322,28.583,25.908,28.33,27.802,28.063,26.553,25.93,26.139,28.269,28.497,27.871,27.634,27.135,26.609,26.775,28.073
METER_002,2026-01-23,33.725,34.654,32.437,34.456,32.964,32.962,32.339,33.746,31.154,33.188,33.205,31.532,32.537,32.82,32.606,31.868,31.877,31.778,32.128,33.151,34.094,33.433,33.027,34.707,33.614,34.714,33.88,35.283,35.25,36.714,35.157,37.055,36.858,36.585,38.117,39.55,38.658,39.298,40.247,41.329,43.373,42.646,44.317,45.725,47.237,48.524,51.741,52.863,55.152,56.024,60.731,61.444,64.376,67.026,69.18,71.312,74.761,77.753,78.227,79.846,79.936,78.631,79.713,79.057,77.909,75.894,73.943,73.527,71.903,69.792,68.725,66.051,64.275,62.841,63.41,61.616,61.228,60.436,58.47,57.647,56.921,57.183,56.857,55.455,52.18,53.515,51.629,49.377,46.475,45.253,44.41,43.532,41.559,40.879,40.158,38.852
METER_003,2026-01-23,66.053,66.762,66.456,65.555,64.387,65.279,64.813,62.889,62.219,61.183,59.226,56.571,54.172,54.374,51.743,49.502,48.39,45.959,46.047,45.805,43.571,42.681,42.56,39.68,40.864,37.976,38.049,38.542,37.879,38.318,38.259,36.684,38.44,36.782,38.097,36.961,38.875,37.833,38.553,37.623,37.803,38.613,37.52,40.506,38.723,40.098,40.066,39.56,41.334,41.144,43.665,41.612,42.86,43.858,43.119,44.579,44.609,45.013,48.041,47.022,48.971,49.517,48.461,50.659,50.828,52.254,54.559,56.097,59.263,59.967,64.565,66.795,69.363,72.86,78.682,82.619,83.938,86.681,87.984,89.699,90.422,89.406,90.545,88.333,85.689,81.26,76.971,73.864,69.919,68.037,62.914,61.457,58.452,57.25,54.886,53.714
METER_004,2026-01-23,45.847,45.793,45.328,46.079,47.082,46.317,48.251,47.494,49.755,49.456,51.916,50.287,52.53,54.105,53.336,54.159,56.273,56.965,59.572,60.896,61.524,63.399,65.681,70.175,73.226,76.292,78.103,81.237,85.162,90.456,92.154,95.577,100.086,100.664,102.611,103.341,106.522,104.523,104.406,102.695,103.081,101.026,99.007,95.793,93.049,92.387,88.543,87.868,85.736,84.605,82.76,80.94,81.357,80.259,77.635,78.409,77.187,74.807,73.461,71.575,69.734,69.028,68.404,65.373,62.137,60.318,58.158,56.488,55.758,54.232,53.358,50.099,50.121,47.688,48.242,46.801,45.81,45.898,44.915,44.961,43.688,42.299,42.841,42.315,42.431,43.086,43.884,43.684,43.228,42.778,43.901,42.842,43.702,45.119,44.337,43.562
METER_005,2026-01-23,50.118,51.317,50.746,49.861,49.22,49.217,48.918,46.978,47.031,48.932,46.702,47.641,47.902,46.463,46.94,48.262,48.593,47.405,47.659,49.072,49.044,49.179,50.583,49.527,51.814,51.929,51.435,52.317,54.221,54.243,53.976,55.951,54.831,54.906,57.371,56.767,59.617,58.861,60.214,62.003,62.208,63.067,66.747,67.212,70.359,72.898,74.232,76.537,79.994,85.46,87.064,92.974,96.818,99.065,103.486,108.93,112.274,113.541,116.957,118.693,117.168,118.942,117.379,117.754,115.018,113.698,109.545,108.901,106.107,102.559,101.427,98.661,96.485,94.936,92.952,92.166,89.799,89.89,87.297,86.523,87.373,83.819,83.756,81.439,79.562,77.016,74.124,74.106,72.051,67.98,65.912,63.955,62.714,60.445,58.311,56.27
METER_006,2026-01-23,94.368,94.762,94.158,92.932,92.878,92.153,90.327,89.676,88.631,86.655,82.986,82.396,78.705,77.423,74.883,71.679,68.269,68.096,63.71,64.445,62.278,58.996,59.943,56.619,56.207,57.043,56.132,53.547,54.106,52.611,52.075,54.063,51.706,51.76,53.381,52.927,54.635,54.301,53.453,53.369,52.999,54.342,55.024,55.082,55.142,55.586,56.367,58.534,59.399,58.077,60.392,61.951,60.791,61.158,64.123,63.703,63.276,66.023,65.807,68.425,67.884,67.887,71.339,72.431,74.666,76.154,77.871,79.797,82.448,86.391,90.418,96.006,100.135,105.757,109.536,116.203,118.552,124.426,127.353,128.038,130.272,128.673,126.444,122.88,120.044,115.72,109.669,106.568,100.861,95.265,91.312,88.041,83.884,80.015,76.223,76.317
METER_007,2026-01-23,61.604,63.804,64.035,64.398,64.781,64.826,65.056,67.679,67.036,68.339,70.878,69.972,72.251,71.432,73.426,76.407,75.957,78.651,79.94,83.536,84.192,86.918,92.396,95.962,99.727,101.871,108.093,111.507,116.484,123.574,127.751,130.349,134.856,139.554,142.639,141.878,143.31,145.062,143.217,141.162,141.569,138.211,135.113,131.013,127.802,125.722,121.567,121.485,116.947,117.046,113.729,112.537,111.46,109.145,107.003,106.404,105.395,103.469,102.531,99.369,96.039,94.604,91.591,89.488,87.997,83.463,80.971,78.605,76.148,74.008,70.033,69.288,68.885,64.56,63.612,64.421,60.746,60.597,59.057,59.756,59.036,59.929,57.966,59.711,57.544,57.303,59.37,57.736,58.564,57.963,59.527,59.128,60.672,58.794,60.506,60.136
METER_008,2026-01-23,66.913,65.704,66.886,66.288,64.54,65.881,63.774,64.227,64.242,64.847,64.686,62.657,64.361,62.307,63.226,63.203,63.558,62.96,64.559,63.497,65.381,64.793,66.124,66.723,67.341,68.145,68.193,68.466,69.127,72.064,71.379,72.631,72.426,74.738,76.396,75.79,77.077,78.71,79.339,82.863,82.598,85.59,87.304,88.74,92.55,96.706,98.29,103.982,106.481,113.746,118.085,122.21,127.186,134.519,137.76,142.645,146.757,151.031,155.072,156.942,157.362,156.981,156.762,154.135,152.073,150.722,146.45,142.507,140.515,136.117,133.749,130.259,127.963,125.579,123.439,123.055,120.851,118.608,117.257,117.005,114.945,112.06,111.18,108.136,106.623,103.597,100.785,98.519,94.372,90.059,87.825,86.104,83.291,80.142,78.886,75.437
METER_009,2026-01-23,122.036,121.806,121.687,122.084,120.713,119.888,117.17,115.395,113.478,109.758,106.985,105.565,102.527,98.718,95.925,91.259,88.96,87.789,85.319,80.482,78.216,77.524,75.603,73.737,72.05,71.772,71.295,70.688,70.593,70.706,68.206,67.478,67.574,69.001,68.574,68.582,68.768,68.959,68.321,68.965,70.833,71.697,72.226,71.137,72.282,73.352,74.116,75.503,74.954,76.207,79.16,79.505,80.098,81.861,80.549,83.753,82.788,84.384,87.139,87.515,89.519,89.199,90.792,93.027,94.144,97.251,99.014,103.434,108.684,112.658,117.643,123.635,128.96,137.503,142.528,148.497,156.69,161.39,165.491,166.365,166.631,167.006,165.296,160.709,156.335,148.337,143.042,136.198,130.434,123.199,117.434,113.057,107.158,103.969,100.415,97.653
METER_001,2026-01-24,24.269,24.767,24.9,25.342,27.27,25.772,26.218,26.791,27.101,27.821,27.982,29.057,29.208,29.245,30.482,29.426,29.89,31.012,31.406,32.488,34.544,35.476,36.16,39.781,40.032,42.396,43.524,46.862,48.157,48.595,52.372,54.472,53.906,57.543,58.619,57.702,57.848,58.94,58.435,58.753,57.733,54.706,56.059,53.056,51.994,51.517,50.091,49.213,47.592,46.514,47.559,46.526,43.976,43.633,44.886,42.682,41.821,40.891,40.859,41.284,39.15,38.858,38.383,35.272,34.739,34.407,32.873,32.768,29.82,28.889,29.076,27.867,28.203,27.105,25.503,26.407,25.002,24.065,25.632,23.029,24.527,24.705,23.468,23.566,24.356,23.846,22.508,22.988,24.13,25.269,24.443,25.272,24.526,24.795,25,25.197
METER_002,2026-01-24,30.587,30.176,30.542,27.94,28.717,27.962,28.795,27.544,28.413,28.834,28.091,28.599,29.429,28.727,28.667,28.793,27.885,28.829,27.584,29.955,28.779,28.324,30.335,28.857,31.002,29.739,31.761,31.714,31.115,30.922,32.432,32.549,34.094,34.013,35.108,34.89,34.262,34.283,35.62,36.902,37.311,37.762,40.269,41.263,42.75,43.913,45.286,46.742,46.985,48.946,53.329,55.444,56.544,58.487,63.04,63.648,65.004,68.474,68.212,70.38,70.105,69.037,71.18,69.033,68.954,67.897,64.194,64.484,61.178,61.601,59.32,58.734,58.331,56.113,55.547,53.657,54.112,54.167,51.321,52.894,50.383,49.892,49.754,46.986,46.823,46.218,44.899,44.34,41.526,39.944,38.452,38.931,37.04,35.324,34.376,32.688
METER_003,2026-01-24,74.622,75.107,74.055,73.747,73.517,72.825,72.884,70.634,70.282,67.445,66.786,64.091,62.278,59.186,57.548,55.202,55.09,52.676,51.14,49.106,48.878,47.933,45.616,45.201,44.752,42.875,43.522,43.923,41.249,41.313,41.788,42.086,41.99,42.826,40.716,40.624,41.179,41.706,41.317,43.644,42.916,43.609,43.576,43.811,45.225,46.22,45.713,44.883,46.215,47.138,48.825,48.671,49.061,48.823,49.613,51.322,51.19,51.514,51.58,52.931,53.533,53.878,56.217,56.103,58.769,59.963,60.04,64.494,65.956,68.252,72.942,76.219,77.845,82.34,88.604,90.946,95.243,98.494,100.632,101.103,101.378,101.117,99.989,96.489,95.585,91.034,87.298,84.06,80.519,75.832,70.477,68.381,66.82,62.537,61.025,60.28
METER_004,2026-01-24,39.133,41.141,41.454,41.199,41.178,40.921,41.609,43.019,42.384,43.518,45.624,46.15,46.023,46.767,46.662,48.727,49.223,51.394,53.199,54.036,53.626,57.4,58.2,59.857,62.517,67.468,70.804,72.755,77.017,79.918,80.739,83.944,88.323,89.11,90.69,91.322,92.257,93.171,92.086,90.245,89.257,88.559,86.698,83.889,82.852,80.438,80.431,77.487,75.906,73.994,73.478,71.072,71.494,71.608,69.86,68.914,68.053,67.031,64.755,65.277,63.133,60.401,58.776,57.586,56.246,54.14,50.847,49.902,49.349,46.764,47.061,44.198,44.196,41.769,41.73,41.78,38.708,38.63,38.34,38.661,39.507,38.543,38.201,37.175,36.56,36.219,37.059,38.549,36.899,38.486,37.964,37.287,38.817,38.804,38.435,38.542
METER_005,2026-01-24,45.921,43.543,42.524,42.457,42.916,44.28,42.496,41.2,41.272,41.021,41.808,41.078,42.36,41.999,41.168,41.577,43.604,42.456,41.963,43.57,44.378,44.656,44.802,45.44,44.742,44.32,44.276,45.782,47.785,46.412,48.451,49.406,48.243,48.907,51.656,52.146,51.644,52.602,54.673,54.424,54.215,56.239,59.102,60.759,60.289,62.872,64.64,67.746,70.849,75.916,78.113,80.016,85.881,87.851,90.598,95.608,97.113,99.469,102.941,102.977,104.79,105.009,105.1,102.884,102.492,98.789,97.043,95.142,93.91,91.315,87.812,87.357,84.083,83.04,83.37,80.974,81.222,80.289,77.756,77.229,74.621,73.788,74.337,70.494,69.262,67.721,65.452,64.325,61.373,60.802,59.544,57.583,54.671,53.307,51.304,48.871
METER_006,2026-01-24,106.296,105.917,105.782,104.681,105.988,103.454,101.329,101.351,97.149,96.341,94.048,92.313,87.435,85.22,82.362,79.145,77.795,75.263,73.294,70.68,67.776,66.297,66.37,63.432,62.173,62.527,62.719,62.275,60.115,59.12,58.737,60.31,58.604,58.554,60.03,60.144,61.118,60.89,61.501,61.691,61.343,61.063,62.983,63.346,64.393,64.378,64.682,66.183,66.187,67.42,68.598,67.144,69.337,69.284,71.83,71.329,71.96,73.925,74.681,74.615,75.884,77.245,78.211,79.873,82.692,84.002,87.992,89.029,92.836,98.562,103.223,108.176,111.777,119.049,124.349,129.949,133.66,137.784,141.044,143.001,145.098,144.33,141.94,138.919,135.317,130.709,124.335,118.246,112.453,106.072,101.224,96.416,94.154,90.586,87.623,83.152
METER_007,2026-01-24,53.081,54.622,54.533,55.411,57.829,57.383,57.563,58.728,60.39,60.76,60.9,62.487,64.261,63.581,65.738,66.446,68.3,68.356,70.959,72.766,74.734,78.314,81.268,84.62,88.252,89.804,95.088,100.183,103.263,108.738,111.781,114.772,119.531,121.325,123.917,125.667,128.266,126.971,126.653,125.964,124.045,122.643,118.908,116.318,112.201,111.793,108.071,105.016,104.983,102.698,100.223,99.132,98.42,96.475,95.777,94.088,93.607,89.942,90.149,88.493,86.72,84.43,81.246,78.262,75.819,74.549,72.81,69.197,66.826,63.507,62.885,60.865,60.66,57.794,56.059,56.198,56.072,55.106,54.268,51.977,53.297,52.976,51.188,51.697,50.239,50.649,51.795,50.982,50.518,50.492,51.696,53.348,52.372,51.676,54.497,53.878
METER_008,2026-01-24,58.539,58.226,58.555,59.038,58.099,56.375,58.025,56.391,56.767,55.407,56.804,55.271,54.586,55.266,55.855,56.814,56.258,56.643,57.256,56.853,57.298,58.307,59.292,59.942,59.326,59.864,61.378,62.394,60.96,62.549,64.334,64.205,65.494,65.46,66.771,66.842,68.095,70.38,70.281,70.995,74.099,76.795,76.411,80.76,82.112,85.534,87.365,90.396,93.866,99.389,102.675,108.278,112.494,116.926,122.976,126.265,129.818,133.608,135.967,136.306,139.327,137.516,138.169,135.56,133.801,132.945,129.221,127.873,125.009,122.053,117.784,116.132,112.888,111.144,108.597,107.221,106.286,106.397,103.681,102.162,100.749,99.678,96.255,95.58,93.452,91.513,89.135,84.537,81.972,80.706,77.532,74.042,73.462,69.856,67.866,66.376
METER_009,2026-01-24,136.579,137.533,135.839,136.2,134.904,135.072,132.851,131.554,127.941,123.407,120.26,117.738,113.959,109.928,107.185,105.028,100.029,98.067,94.56,91.683,89.761,85.76,84.119,83.673,82.419,80.897,79.926,79.385,77.869,77.7,78.552,78.337,76.349,76.299,78.25,77.532,78.547,78.735,77.499,77.969,79.017,78.492,80.695,81.16,80.646,81.674,83.924,84.693,85.644,85.502,87.519,87.128,89.591,89.406,91.78,93.987,94.589,95.771,95.976,97.495,98.447,101.263,103.037,104.202,106.131,109.014,113.35,117.107,120.33,127.092,133.233,138.713,144.498,153.018,159.401,167.876,173.402,179.715,183.482,187.089,188.826,185.31,183.641,179.41,175.164,168.699,159.605,153.93,146.893,138.042,131.109,127.424,120.256,115.178,112.742,109.98
METER_001,2026-01-25,25.057,26.668,24.982,26.202,26.751,26.547,26.052,26.153,28.758,28.204,29.618,30.017,28.937,28.931,29.21,29.738,32.321,33.242,32.693,34.455,35.311,34.791,36.955,37.489,41.306,42.725,43.339,44.688,48.751,50.104,52.438,53.271,56.033,55.399,57.074,58.284,58.047,59.129,59.55,58.651,56.625,56.815,56.272,53.343,52.24,50.136,50.144,47.645,47.42,45.946,45.944,46.861,45.673,45.622,44.297,43.282,41.588,42.786,40.225,39.19,39.441,39.432,38.035,35.459,35.148,34.674,32.385,31.781,30.386,28.687,29.809,28.206,26.827,26.284,27.359,24.979,24.914,26.003,23.774,24.528,24.999,23.855,23.614,24.7,24.549,24.017,24.018,23.771,23.195,24.139,23.277,22.825,25.171,24.212,24.181,26.229
METER_002,2026-01-25,28.713,29.261,30.03,30.633,30.068,29.115,27.871,28.606,27.754,27.154,27.501,27.76,28.457,27.945,29.456,28.618,28.929,29.608,27.807,29.914,29.202,30.628,29.017,30.434,31.018,31.653,30.764,29.714,32.128,32.155,32.511,33.746,31.741,34.68,34.679,33.013,35.257,34.865,35.513,36.219,37.732,38.981,40.13,41.365,42.406,42.369,43.589,46.867,47.833,51.262,51.348,55.496,56.279,60.42,60.458,65.126,64.924,67.324,68.66,69.218,70.138,70.519,70.703,68.555,67.43,67.667,65.835,62.93,61.335,62.406,60.867,59.655,56.73,55.622,55.159,55.272,53.743,53.542,51.552,52.924,51.957,49.27,49.458,49.424,48.39,47.263,44.454,44.629,41.476,41.382,39.183,37.287,36.092,35.681,35.898,32.748
METER_003,2026-01-25,72.803,75.583,75.015,74.906,74.062,71.752,71.186,70.495,69.761,67.168,65.627,64.582,63.531,61.487,59.596,55.698,53.555,52.59,51.998,50.132,48.15,47.461,47.03,44.754,45.663,45.275,44.49,42.557,43.582,42.363,43.532,43.102,41.316,41.142,42.63,41.885,42.314,41.938,43.273,41.586,42.767,43.179,44.102,43.98,44.62,45.29,45.84,47.182,45.669,48.151,47.084,49.128,47.797,47.92,49.682,49.513,52.475,52.969,52.517,52.987,54.054,54.137,56.242,57.149,58.864,59.972,60.829,62.122,65.447,68.95,72.39,74.502,79.112,82.516,87.131,91.158,94.235,98.412,99.739,100.238,102.93,100.982,101.172,98.808,95.236,91.683,88.101,83.756,78.548,75.613,71.281,69.35,67.012,62.252,62.449,59.764
METER_004,2026-01-25,40.42,39.892,39.324,41.498,42.086,41.15,43.244,43.251,44.981,42.942,45.705,46.673,46.868,47.489,46.911,47.919,50.26,50.174,53.182,54.709,54.828,57.293,58.091,61.86,62.704,65.882,69.286,72.513,76.35,78.088,82.919,85.833,86.259,89.322,91.704,92.434,92.179,93.66,92.483,92.209,90.832,90.174,85.76,84.253,83.164,82.089,80.094,76.595,76.335,73.42,73.844,71.57,70.187,69.625,69.295,69.528,66.802,66.058,65.09,63.206,62.275,61.046,58.486,58.585,57.221,53.408,51.908,51.32,48.161,46.087,46.46,45.634,43.607,41.89,41.357,39.738,40.806,40.296,38.267,39.575,36.92,36.904,38.369,38.91,37.201,36.866,36.378,38.256,36.517,36.483,38.483,37.986,38.937,39.876,39.683,40.376
METER_005,2026-01-25,43.363,43.984,42.757,42.949,42.14,43.477,41.989,41.483,43.29,41.527,41.391,43.151,40.945,42.884,43.028,43.123,43.126,41.97,41.406,43.141,41.987,43.913,44.442,43.923,46.008,44.707,44.878,45.14,45.56,46.595,48.93,47.093,50.038,48.699,49.197,49.992,50.853,53.432,53.929,55.39,56.612,57.892,57.84,59.322,62.809,65.042,66.624,69.695,70.309,74.333,77.869,82.519,86.419,88.918,93.329,93.893,99.042,101.484,101.192,102.558,104.75,103.693,103.002,103.198,100.604,99.044,96.564,96.726,92.481,91.561,88.789,88.199,86.513,84.107,81.291,81.375,79,78.944,77.121,76.834,76.108,75.174,73.377,71.96,69.905,67.186,66.634,65.756,62.828,61.602,57.916,57.104,53.77,53.197,52.931,51.183
METER_006,2026-01-25,105.611,106.965,104.53,105.6,104.7,105.108,102.007,100.666,97.313,96.085,95.044,90.309,87.195,86.561,84.069,79.784,77.951,74.064,72.87,70.809,69.102,66.169,64.747,65.146,63.286,62.8,61.281,62.366,61.052,60.587,60.233,60.185,59.467,59.376,59.805,59.831,58.431,59.738,60.534,61.523,61.723,61.41,62.907,61.404,64.082,64.762,65.336,65.361,65.655,67.612,68.562,66.942,69.017,68.841,70.817,72.49,73.595,72.692,75.612,76.437,75.715,77.075,77.897,79.812,83.218,84.787,85.917,89.942,94.732,96.057,100.82,106.006,112.128,119.431,122.958,130.65,133.49,137.971,143.091,144.978,144.013,144.083,142.991,137.811,134.109,130.372,122.751,119.698,112.924,108.214,102.906,98.365,92.205,90.904,86.415,83.158
METER_007,2026-01-25,54.616,54.848,56.223,57.156,57.409,56.708,59.038,58.672,59.623,61.856,61.272,62.623,62.002,65.157,65.203,66.665,66.875,69.369,70.045,74.096,75.9,78.158,81.204,82.867,86.954,90.264,94.883,100.677,102.96,108.679,113.433,114.639,120.193,123.585,125.004,124.982,127.837,126.496,127.983,125.451,122.895,120.205,119.394,117.418,114.274,111.272,106.981,105.478,103.628,101.407,99.576,98.554,98.514,97.169,94.993,93.158,91.772,91.27,90.864,87.252,84.557,83.414,82.336,78.295,76.517,73.932,72.637,69.749,66.045,64.315,62.51,60.644,58.398,58.758,56.419,55.891,56.138,53.001,54.368,52.144,51.409,52.865,51.263,50.974,50.604,50.269,51.366,51.598,50.86,51.305,52.618,51.911,52.666,53.99,53.792,54.54
METER_008,2026-01-25,58.736,58.989,57.452,57.659,56.356,56.009,55.884,57.623,54.852,55.991,54.831,55.138,55.566,56.142,56.689,55.507,55.352,55.897,56.134,56.169,56.198,56.97,57.295,57.582,59.274,60.566,60.122,62.267,63.28,61.583,63.327,64.181,65.568,64.566,65.971,67.338,68.574,69.197,71.022,73.448,73.025,75.342,78.033,80.725,81.042,83.86,89.19,91.46,95.204,99.323,103.829,108.211,112.977,117.439,121.416,126.85,131.073,132.266,134.591,138.175,138.106,137.851,138.682,138.193,135.289,132.247,129.019,127.445,122.491,120.601,119.102,115.757,114.432,111.368,110.192,108.363,105.5,104.169,104.228,101.2,101.688,100.682,97.596,95.727,94.127,90.527,89.125,84.603,83.197,81.919,77.001,76.023,72.578,71.718,68.051,66.847
METER_009,2026-01-25,136.424,136.533,136.779,135.514,136.829,135.095,131.639,130.504,127.415,124.32,121.882,118.19,115.019,111.327,106.362,103.872,101.189,98.318,93.383,91.325,88.227,86.801,84.904,82.771,83.594,82.136,80.873,77.759,78.898,77.066,78.059,76.376,77.149,78.052,78.478,76.463,78.65,77.148,76.933,77.806,80.038,78.886,81.376,82.355,80.499,82.142,84.748,85.499,86.725,87.222,87.284,88.316,89.637,90.101,91.562,92.26,93.809,94.2,95.169,97.795,98.293,100.593,102.083,103.36,107.692,109.56,112.202,116.748,121.927,127.533,131.252,137.8,145.816,154.175,160.933,168.627,174.601,180.304,183.057,186.85,188.525,187.884,183.254,178.955,175.758,167.515,162.124,152.504,145.94,140.138,133.375,125.201,119.841,116.442,111.445,109.944
METER_001,2026-01-26,29.817,29.375,30.359,30.075,28.729,29.925,29.894,31.888,32.38,32.949,32.058,32.007,33.372,33.088,34.841,34.423,36.438,35.157,37.607,37.22,40.659,41.172,43.582,44.501,46.742,48.18,49.057,51.301,54.593,55.879,60.245,61.472,63.073,62.915,66.11,65.902,67.308,65.576,65.544,65.699,64.218,64.008,63.238,61.991,60.233,59.556,56.139,55.355,55.648,54.499,51.375,50.665,51.154,51.317,50.897,48.91,48.946,46.503,47.497,46.065,44.408,42.752,43.419,41.404,39.275,39.626,37.578,36.639,33.973,33.666,33.368,31.898,32.637,30.198,30.722,30.507,29.986,29.264,27.714,27.662,28.818,26.228,28.497,27.897,27.444,26.334,25.876,25.905,28.231,27.798,28.31,26.477,26.725,27.425,27.153,28.16
METER_002,2026-01-26,33.326,34.856,34.548,34.439,33.727,34.236,32.28,33.221,33.449,31.716,32.084,32.434,33.293,31.608,31.25,31.46,33.179,31.285,32.398,32.334,33.684,33.957,33.892,33.856,34.36,34.012,35.022,36.641,34.735,37.045,37.856,36.296,37.867,38.67,39.263,39.827,39.971,40.493,40.019,41.045,42.184,43.566,45.612,47.067,47.665,49.985,49.682,51.359,55.027,57.21,59.167,62.766,64.988,68.178,71.018,73.542,76.238,76.772,78.853,79.291,79.658,78.902,78.337,78.499,77.34,76.57,74.546,72.04,72.541,70.67,68.388,66.894,65.068,63.642,61.95,62.471,60.381,60.488,59.404,59.222,56.999,57.776,56.514,54.827,53.268,51.568,51.836,48.43,48.535,45.466,44.435,44.119,41.201,40.283,39.949,37.887
METER_003,2026-01-26,65.961,65.999,67.365,65.315,64.664,66.423,63.693,63.708,62.858,59.935,57.881,57.771,56.905,53.059,50.977,50.087,48.7,46.9,45.999,44.731,43.63,41.594,40.523,41.801,39.148,39.915,38.21,38.563,36.755,39.255,36.528,38.03,37.323,38.673,36.576,38.898,37.834,38.068,36.877,37.061,39.338,37.568,38.473,38.72,40.323,40.446,41.582,40.561,41.866,41.917,43.689,42.619,43.094,42.654,43.466,45.534,45.344,47.504,46.907,48.795,47.696,50.001,50.873,49.985,50.68,52.517,55.83,56.034,57.514,61.721,65.481,66.775,69.965,73.837,77.527,80.504,85.245,87.931,90.026,91.531,92.409,91.058,90.25,87.414,84.287,80.438,78.735,74.858,72.019,68.422,63.111,59.99,59.248,55.391,54.029,53.936
METER_004,2026-01-26,44.223,45.099,45.007,47.717,48.028,49.172,48.828,50.1,48.702,50.979,51.836,53.12,51.789,52.141,53.091,54.426,55.526,57.198,60.452,60.367,61.235,64.781,65.874,69.566,71.434,76.109,80.297,83.353,87.61,88.696,93.797,96.436,99.564,100.456,103.901,105.234,106.743,106.949,106.034,103.221,103.632,101.189,98.344,98.056,95.391,92.213,90.657,88.855,87.149,84.358,82.377,83.427,81.244,80.259,80.562,76.842,76.666,74.551,73.227,72.541,71.015,70.565,66.318,64.425,64.024,61.057,59.68,56.448,56.272,54.52,51.444,51.965,48.868,47.075,46.307,45.561,46.223,46.261,42.917,44.643,42.894,42.54,43.697,42.773,43.595,43.617,42.877,43.925,42.164,44.025,43.177,42.995,42.998,44.284,45.707,44.309
METER_005,2026-01-26,49.898,50.996,49.031,48.434,48.088,49.05,49.961,47.342,48.771,47.129,48.319,47.046,46.839,48.923,48.186,49.132,48.658,49.726,49.739,48.51,48.006,49.996,51.083,49.805,50.129,52.415,51.174,53.705,52.071,53.046,54.211,56.439,54.832,57.045,56.603,58.062,59.633,59.613,61.395,62.427,63.73,65.976,66.028,67.229,69.742,72.309,74.328,78.943,82.026,86.037,88.286,92.416,97.775,100.62,106.036,108.023,111.087,115.28,116.927,117.745,120.026,120.183,119.502,116.493,115.618,113.831,111.56,109.475,106.858,104.088,100.813,97.863,95.879,95.034,94.863,92.772,90.492,90.921,89.786,89.052,85.64,85.768,82.931,82.401,78.881,78.656,76.348,73.146,70.581,69.72,66.27,63.276,63.031,61.891,58.096,57.211
METER_006,2026-01-26,94.979,94.29,95.453,95.217,93.177,92.385,90.59,91.27,89.452,85.28,84.545,81.489,79.937,77.97,74.011,71.266,70.102,67.727,66.543,62.257,62.564,59.179,58.234,59.012,55.506,57.204,54.834,54.039,53.063,52.719,54.309,53.372,53.456,52.363,53.892,52.891,54.562,52.42,54.351,55.241,55.212,55.742,55.615,55.116,57.381,56.036,56.379,57.204,58.411,58.307,59.305,60.74,60.925,61.903,63.793,63.72,65.879,65.557,66.071,67.543,68.444,69.992,71.983,71.916,73.696,75.459,76.694,80.111,82.235,87.259,90.007,95.186,101.711,104.936,111.002,114.752,121.28,125.648,126.43,129.183,130.732,128.025,126.363,123.222,120.231,116.38,109.837,106.446,99.637,95.371,90.327,88.138,82.789,80.89,77.156,74.291
METER_007,2026-01-26,61.69,63.966,62.926,64.016,65.435,66.312,66.158,66.807,67.044,69.127,69.598,71.108,71.444,73.393,73.272,75.7,76.863,77.511,80.444,81.899,84.735,89.163,90.906,95.282,99.087,103.677,108.887,114.166,117.911,121.915,128.746,133.01,137.012,140.294,141.706,142.43,145.72,144.438,143.96,142.312,141.145,139.528,136.517,132.86,130.658,124.841,122.751,120.955,117.82,115.382,113.622,111.743,112.011,110.458,107.051,107.487,104.316,104.143,102.778,98.458,97.068,95.939,91.829,91.076,86.073,84.047,82.836,79.038,75.454,75.155,70.284,68.34,66.63,67.117,65.376,63.607,63.248,61.626,61.755,59.503,60.405,58.999,59.192,58.244,57.517,57.416,58.249,58.806,59.583,59.446,58.918,60.927,60.698,59.631,59.724,61.031
METER_008,2026-01-26,68.09,67.148,66.574,66.66,65.379,64.304,64.187,63.258,65.316,62.835,62.686,63.929,63.79,62.371,63.347,63.497,62.805,63.739,65.459,65.845,64.124,65.053,65.068,68.166,68.062,69.16,68.683,68.899,69.437,72.753,71.156,74.12,74.664,74.79,75.17,78.26,77.858,79.232,82.213,83.768,84.814,86.111,88.987,90.671,94.205,95.639,100.061,104.829,108.309,113.564,118.988,123.5,129.188,132.758,139.571,144.51,148.473,152.308,153.563,157.399,157.723,157.807,158.042,155.797,152.935,151.926,148.417,143.788,141.765,137.443,133.535,131.274,127.78,126.399,125.105,124.046,121.283,120.31,117.379,116.621,116.148,113.331,110.343,107.717,105.188,103.047,99.851,97.857,94.049,92.153,90.166,85.629,84.149,81.466,78.671,76.558
METER_009,2026-01-26,121.533,122.311,123.156,121.441,121.837,121.192,118.905,117.042,114.284,112.943,108.355,106.377,102.762,98.44,95.313,92.473,90.422,87.732,85.523,80.941,79.501,77.159,77.255,76.061,74.101,71.414,71.867,71.637,69.382,69.765,70.379,68.114,70.006,68.721,70.265,69.119,68.569,69.234,68.512,70.321,70.827,71.033,72.574,73.33,72.009,75.167,73.409,76.788,76.258,76.1,79.506,79.774,79.326,81.008,82.307,83.942,84.531,84.443,85.016,87.028,87.905,90.247,90.685,92.639,94.505,97.309,100.633,105.129,107.659,113.987,118.69,122.839,129.543,136.487,143.029,149.184,155.007,160.433,165.882,168.31,169.339,168.337,163.528,160.677,157.305,148.95,143.441,137.083,131.76,122.839,119.432,112.319,108.453,103.507,101.645,97.283
METER_001,2026-01-27,29.762,29.973,29.69,28.985,30.328,31.369,30.477,32.408,31.772,30.671,31.811,31.997,32.374,33.812,34.488,34.421,34.535,36.434,37.711,39.74,40.569,40.155,41.174,44.888,46.825,47.606,50.341,51.035,54.557,57.935,59.678,62.072,63.521,63.878,66.329,65.612,67.727,67.99,65.813,65.119,64.191,62.937,62.186,61.921,58.751,58.915,57.522,54.626,54.608,54.352,52.278,52.161,50.662,49.566,51.441,48.98,48.634,49.21,46.14,46.656,46.319,42.774,42.051,41.175,39.137,38.572,36.541,36.832,35.405,32.835,32.829,33.183,30.199,30.726,30.041,29.351,29.486,27.158,28.284,28.185,27.648,27.226,26.262,27.366,25.893,27.73,26.271,26.444,27.5,26.399,27.772,27.173,27.448,29.007,28.705,29.631
METER_002,2026-01-27,35.26,33.973,34.499,34.342,33.458,31.638,33.004,33.228,33.449,33.418,33.077,32.017,31.718,33.581,31.149,30.945,33.082,31.449,32.377,33.503,33.813,34.369,34.946,32.693,34.839,34.812,35.639,35.367,36.507,37.405,36.437,35.875,36.176,38.273,37.813,39.564,38.876,39.897,40.897,42.577,42.048,42.639,43.803,46.156,46.636,49.907,50.429,51.609,54.165,56.739,60.443,63.001,65.983,68.577,70.377,73.838,74.271,75.937,77.097,79.239,78.947,80.785,79.184,79.617,76.56,75.638,73.491,71.938,71.5,70.747,68.363,66.739,66.343,62.95,64.405,61.17,60.622,61.462,58.744,59.32,59.187,57.655,57.331,54.619,55.013,52.421,52.279,49.841,46.741,46.32,45.611,44.848,40.861,42.087,38.422,39.083
METER_003,2026-01-27,65.098,66.24,65.402,65.602,65.772,64.48,63.261,63.927,61.44,60.489,59.926,56.974,57.119,55.392,51.575,51.735,48.431,48.046,44.699,43.387,43.558,43.419,40.743,40.203,39.31,40.374,38.372,38.115,37.62,37.056,36.992,37.121,37.711,38.9,37.287,38.016,38.779,36.576,37.574,37.074,39.186,39.21,38.236,38.878,40.617,39.397,41.098,41.41,40.666,41.115,43.683,43.727,43.74,43.038,45.365,44.534,46.123,47.452,47.516,46.306,47.207,50.153,50.107,51.611,51.692,53.034,56.097,55.697,58.313,61.805,63.755,66.774,70.347,74.293,76.993,81.603,83.723,88.998,88.776,91.809,90.371,92.37,88.534,86.812,84.826,82.462,77.028,74.324,70.452,68.761,65.205,61.623,57.661,57.714,54.751,53.904
METER_004,2026-01-27,46.421,44.749,46.977,46.82,47.259,47.893,48.078,50.451,49.598,51.046,50.108,52.738,53.124,53.894,53.46,56.577,57.047,57.492,58.477,60.189,62.276,65.103,67.4,68.545,72.772,75.921,78.925,81.601,86.596,89.099,92.169,97.065,100.845,102.64,102.942,106.137,106.185,106.555,105.75,104.234,102.171,101.597,98.581,96.63,94.227,91.788,90.154,89.01,86.665,86.244,82.902,82.196,81.308,80.79,78.515,79.011,77.714,75.547,74.065,72.63,70.199,69.25,66.899,66.349,62.936,62.648,58.645,58.887,55.531,55.049,52.403,49.603,49.395,48.851,46.318,46.286,45.963,44.173,43.305,44.216,42.131,44.013,43.416,41.9,41.668,41.703,42.093,43.384,43.741,44.161,44.568,42.969,44.93,43.102,44.456,45.944
METER_005,2026-01-27,50.183,51.108,50.793,50.971,49.232,50.133,48.514,48.851,48.395,47.013,48.584,47.55,49.183,46.903,48.558,47.393,48.81,49.359,49.326,48.202,49.767,48.916,49.086,51.597,51.207,52.399,52.395,53.745,53.745,54.321,55.545,56.057,55.678,57.044,56.65,58.952,59.358,61.139,61.262,63.311,62.891,65.023,66.606,69.332,70.28,72.025,76.261,77.663,80.738,85.702,87.836,91.798,96.32,100.855,106.133,109.775,111.818,114.261,117.999,118.752,118.975,119.898,118.959,117.738,116.212,113.234,112.228,109.66,105.165,105.031,101.874,100.223,95.935,95.576,94.164,93.219,90.557,90.679,88.205,87.16,85.316,85.072,82.984,83.257,80.449,78.273,74.559,72.566,71.146,70.302,65.702,66.082,61.527,59.329,58.481,57.061
METER_006,2026-01-27,94.584,94.715,95.976,94.025,93.5,93.945,92.66,90.7,88.605,86.349,85.293,82,78.729,76.557,75.389,71.842,70.147,67.674,64.324,63.441,61.164,61.651,58.566,56.941,57.336,56.407,54.466,55.346,53.742,54.209,54.109,53.241,53.623,52.679,54.053,54,54.522,53.393,54.228,53.53,55.032,53.85,55.81,55.143,57.28,57.404,58.226,57.201,59.726,60.125,61.219,60.178,60.923,62.647,62.813,63.804,66.118,66.76,67.738,67.425,67.422,68.624,69.593,71.927,73.358,75.925,78.638,81.59,82.553,86.496,91.2,96.33,101.557,104.615,112.406,116.226,120.256,124.631,126.303,130.306,130.493,129.571,127.021,125.493,120.566,116.093,110.744,104.833,102.188,96.574,92.305,87.658,83.51,80.575,78.896,74.375
METER_007,2026-01-27,62.077,62.578,63.986,63.665,64.66,65.894,65.766,67.659,68.845,69.25,68.791,69.869,71.807,73.135,75.244,76.673,78.029,77.844,80.972,82.063,86.961,87.676,93.209,94.409,100.774,104.376,108.869,112.916,117.917,124.28,127.17,133.344,135.729,139.836,141.384,142.974,145.368,146.431,145.365,143.833,142.169,137.231,134.811,132.831,128.656,125.642,124.126,119.998,118.651,115.859,113.375,112.948,110.307,109.671,109.216,108.026,104.243,103.211,101.779,99.784,98.712,93.789,91.806,91.094,86.434,84.919,81.035,78.265,76.254,74.292,72.564,70.712,68.732,66.455,63.667,63.053,62.516,62.727,62.083,59.362,60.396,60.406,58.715,59.189,57.893,58.168,58.028,59.986,57.468,58.316,59.437,58.376,60.666,60.828,61.754,60.326
METER_008,2026-01-27,67.824,66.136,65.717,67.233,65.533,64.551,64.653,64.457,63.532,62.586,63.862,64.302,63.989,63.519,62.541,64.245,63.209,64.858,63.697,65.723,66.228,65.002,66.469,66.098,66.559,67.165,69.832,69.581,70.795,70.254,71.81,74.359,74.308,76.1,75.245,78.104,79.565,79.881,80.125,81.149,84.649,86.607,89.179,89.526,93.118,95.682,100.541,105.367,107.451,113.435,118.049,124.495,129.041,133.705,139.178,143.203,148.935,153.202,153.903,158.199,159.158,158.9,158.271,156.187,154.584,150.474,147.726,144.249,141.695,137.422,133.311,132.81,130.207,126.425,124.81,121.737,120.853,119.576,119.161,116.132,114.691,112.173,112.285,108.473,107.56,102.871,100.526,97.739,93.987,92.449,87.787,85.209,83.812,80.833,77.583,77.317
METER_009,2026-01-27,122.089,122.984,123.321,123.42,121.463,120.114,119.909,117.946,115.77,111.737,109.375,105.196,102.582,98.949,96.481,92.807,90.36,87.481,85.684,81.666,79.457,78.832,76.679,74.184,74.957,72.28,72.714,70.501,69.588,70.072,70.69,69.958,67.917,68.072,68.019,67.805,68.639,70.781,71.165,69.296,71.605,71.948,71.582,72.752,74.107,73.022,74.796,76.797,75.916,75.973,77.37,78.746,78.863,80.52,83.317,84.131,83.721,86.066,87.155,87.755,89.671,90.562,92.748,93.758,95.251,98.185,99.825,103.868,109.585,112.06,119.335,125.293,131.27,137.059,143.352,150.515,156.33,162.176,163.822,166.37,167.116,168.071,164.566,162.492,155.731,149.375,145.22,136.166,131.827,123.312,118.743,114.059,108.883,103.712,100.211,98.569
METER_001,2026-01-28,27.932,27.696,29.783,28.594,30.486,30.263,31.283,31.171,32.574,31.135,33.589,33.562,33.22,32.503,35.343,33.816,36.984,37.621,38.097,38.842,39.186,40.262,41.727,45.181,46.395,47.478,50.985,52.894,55.254,56.141,59.789,60.162,63.879,65.021,66.603,66.367,67.764,68.438,67.558,66.694,63.844,63.822,63.516,61.191,59.082,58.385,58.08,56.566,55.224,54.498,52.898,52.65,51.932,50.905,48.928,50.198,48.88,46.792,46.124,45.48,45.462,44.662,43.324,40.937,41.3,40.295,38.491,35.578,35.744,34.634,32.583,31.05,29.999,29.448,30.108,30.092,27.801,28.573,26.994,27.73,28.931,26.595,26.857,26.462,27.712,27.171,26.002,26.678,26.27,26.755,28.266,28.844,26.683,28.517,29.022,28.005
METER_002,2026-01-28,33.77,33.62,32.327,33.338,33.884,33.433,32.271,31.793,32.346,33.401,31.641,32.679,32.121,32.444,32.333,32.193,33.22,31.909,33.305,33.061,34.47,33.61,34.476,33.998,33.046,33.84,36.117,35.139,35.104,35.613,37.878,38.216,36.87,38.344,39.217,38.006,38.855,40.161,42.149,42.333,43.638,43.942,45.72,46.363,47.164,47.568,50.817,52.567,54.621,56.918,58.951,61.23,64.703,69.134,71.311,72.522,75.555,77.748,79.751,80.483,80.217,79.798,79.182,78.139,76.907,76.82,75.945,72.044,70.422,69.359,69.231,65.325,65.559,63.536,63.798,61.213,62.866,59.731,61.158,58.808,57.023,56.653,57.318,54.222,53.892,53.261,49.816,49.133,48.479,46.802,46.203,44.522,41.687,40.417,40.549,37.747
METER_003,2026-01-28,65.162,67.952,66.066,67.885,66.797,65.401,64.241,64.887,61.696,61.682,57.847,58.124,56.936,53.596,51.848,50.43,49.13,46.983,45.63,45.028,42.529,42.928,40.356,40.051,40.633,39.801,38.334,38.849,39.589,37.958,37.827,38.15,38.138,38.181,37.32,37.197,38.119,38.053,38.109,37.149,38.689,37.661,39.895,39.251,40.226,41.095,41.076,40.429,41.091,42.803,43.076,43.007,42.849,43.517,44.272,44.378,45.046,46.308,45.977,48.728,48.677,49.414,50.225,51.918,51.744,53.294,55.582,55.413,59.774,60.117,63.828,67.641,72.173,73.724,77.568,81.355,85.865,87.049,90.229,90.45,92.577,90.893,88.464,87.395,85.649,80.46,78.244,74.248,72.381,67.207,63.333,60.666,58.412,56.109,54.036,53.247
METER_004,2026-01-28,46.392,45.32,45.071,47.752,47.032,48.187,49.906,50.309,49.484,50.889,50.763,50.767,51.34,53.05,54.103,56.542,57.132,56.698,58.436,61.678,62.951,64.377,66.608,71.16,73.594,76.632,80.66,82.78,87.809,89.178,94.184,95.717,100.782,102.081,103.537,106.657,105.383,106.046,105.882,104.699,103.676,100.014,99.131,97.045,93.607,92.2,91.519,88.781,86.736,83.929,84.414,83.605,82.276,81.618,80.791,78.892,77.278,75.733,74.768,72.365,72.306,68.536,68.707,64.827,64.406,60.844,59.582,58.431,57.096,55.091,51.438,52.184,49.148,48.653,47.934,47.472,45.728,45.155,43.943,44.442,44.882,42.939,44.036,43.568,41.987,41.947,44.203,43.783,44.139,43.226,42.828,43.95,42.731,45.141,45.327,46.114
METER_005,2026-01-28,52.253,51.844,50.143,48.359,50.21,49.295,48.291,47.327,47.053,47.609,48.553,47.77,48.897,48.336,49.057,49.328,48.96,49.441,48.046,49.746,50.428,49.483,51.529,49.676,50.302,50.368,51.821,53.303,52.177,53.466,54.177,55.766,55.494,55.564,57.343,58.914,58.614,59.669,62.207,60.861,64.264,64.756,65.729,69.582,71.539,74.096,76.193,79.591,82.994,85.607,89.378,93.508,96.704,100.783,106.071,108.688,110.856,114.835,115.629,117.418,117.994,118.426,118.277,118.15,114.849,112.493,110.482,108.791,105.876,105.154,100.955,99.733,98.43,95.372,94.681,93.426,91.655,89.862,90.006,86.967,86.949,85.415,83.21,83.403,79.723,78.196,77.087,72.872,72.295,70.172,66.913,64.867,62.195,62.185,60.045,58.345
METER_006,2026-01-28,95.107,95.237,94.904,94.591,93.082,91.854,92.057,89.031,87.379,87.554,82.887,82.621,80.573,77.978,75.648,71.521,70.525,67.288,64.421,62.309,62.297,60.999,59.212,58.322,56.094,57.032,54.392,54.637,53.323,53.353,54.809,53.155,52.053,52.874,52.641,54.137,54.615,54.69,55.037,55.483,54.652,56.384,57.018,57.235,57.903,58.407,56.554,59.13,58.507,59.559,59.646,61.919,60.876,63.442,62.806,64.774,63.747,65.365,66.493,67.441,67.52,69.169,70.878,71.954,73.407,74.342,77.985,80.456,83.901,86.204,90.215,95.354,99.684,106.651,111.813,115.581,120.482,124.83,126.692,130.295,129.391,129.635,127.458,124.538,121.105,117.359,110.962,106.965,101.187,95.252,90.925,86.47,83.942,80.037,78.421,74.955
METER_007,2026-01-28,63.34,63.358,63.513,64.737,64.791,66.79,65.476,67.672,68.051,69.127,70.846,70.59,71.226,74.436,75.789,75.539,76.412,79.045,81.099,84.527,86.494,90.028,93.28,96.692,100.07,104.485,109.034,112.562,117.792,123.311,126.824,132.564,134.923,138.458,141.936,144.224,144.349,145.704,143.394,144.17,139.915,137.59,134.802,131.983,129.996,125.873,122.985,121.463,117.834,117.599,115.342,113.115,112.485,108.998,107.914,107.116,104.672,104.509,100.844,99.019,98.513,96.387,91.84,91.171,88.244,83.971,81.443,80.34,77.211,75.104,71.939,68.819,67.342,66.543,66.162,62.794,62.388,61.363,59.859,60.998,60.007,58.049,59.184,58.192,59.07,59.551,58.54,57.498,60.279,60.474,60.014,58.98,59.532,59.273,60.942,61.693
METER_008,2026-01-28,66.994,67.731,65.282,66.69,66.815,65.243,64.291,65.111,64.642,64.094,65.133,64.653,64.455,64.966,65.177,64.209,63.51,65.415,64.594,64.312,64.279,66.62,65.782,67.274,67.081,67.977,68.242,68.682,69.583,71.261,73.737,72.698,73.962,74.841,74.933,77.397,78.238,79.582,80.696,83.176,83.3,86.18,88.756,89.542,93.232,96.25,100.508,104.762,107.241,114.061,117.522,124.918,129.311,135.391,139.093,144.725,149.75,152.891,155.887,156.269,157.049,157.769,159.025,155.648,153.736,150.708,147.486,145.15,142.229,138.435,136.088,130.786,129.817,128.309,124.89,123.784,121.238,119.933,117.917,116.758,116.466,113.409,109.961,109.538,107.696,105.055,100.461,97.036,94.3,91.664,90.396,84.912,83.353,80.192,79.451,75.111
METER_009,2026-01-28,122.218,121.412,123.282,123.487,122.801,119.604,119.278,117.726,114.906,110.772,108.245,104.684,102.548,100.146,95.119,94.525,89.975,86.062,86.076,82.34,80.407,77.897,75.249,75.541,74.861,72.445,73.063,69.61,71.719,70.99,69.624,68.172,70.229,68.42,70.459,68.149,70.873,68.958,69.481,71.352,70.247,71.083,72.483,72.765,74.392,73.673,74.662,75.376,75.787,77.13,79.288,80.429,80.859,81.603,82.534,84.241,85.053,86.527,86.535,88.418,89.265,91.122,93.108,92.233,96.664,97.571,100.295,105.501,109.611,114.362,119.833,125.742,129.852,137.651,144.441,151.09,157.311,161.177,165.117,167.855,168.565,168.949,166.679,160.727,155.623,151.602,145.169,137.441,131.245,124.304,119.396,112.024,109.422,103.129,101.825,99.365
METER_001,2026-01-29,28.121,29.885,30.103,30.715,28.821,29.039,31.332,32.376,31.724,33.116,32.634,31.69,34.558,33.953,33.102,36.057,35.621,37.161,36.389,38.769,39.977,40.907,42.222,44.31,46.22,46.889,50.718,53.673,54.807,55.861,59.644,59.884,62.002,63.473,65.516,67.511,66.283,68.087,67.1,65.783,66.015,65.431,64.143,60.141,59.729,58.697,56.73,55.503,54.35,53.249,53.61,51.693,52.604,50.724,50.112,50.121,50.249,48.08,46.915,46.384,46.107,43.355,42.378,41.858,39.339,38.938,37.117,36.75,35.617,33.438,33.119,32.625,32.539,31.396,30.714,28.51,29.35,29.112,26.795,26.449,26.836,28.161,26.96,26.722,26.186,26.392,27.311,27.261,26.63,26.054,28.068,27.498,28.536,26.745,29.583,27.907
METER_002,2026-01-29,35.464,32.913,34.352,32.361,32.128,32.897,31.454,31.424,32.154,31.251,31.395,31.495,33.027,33.204,31.649,32.599,33.3,33.634,31.421,33.473,33.544,34.502,34.583,33.602,33.477,34.73,36.391,35.479,37.019,35.514,36.411,38.299,36.351,37.908,37.82,38.784,39.92,39.755,40.81,41.291,41.788,44.311,45.572,44.813,48.616,48.31,49.749,52.717,54.86,58.774,59.763,62.825,66.07,66.753,70.711,73.821,75.959,77.538,77.846,79.41,78.89,80.863,80.259,78.546,77.703,77.574,76.356,73.274,70.374,70.128,69.007,66.035,66.813,65.542,62.055,62.505,61.462,60.038,59.276,60.192,59.247,56.929,56.467,55.422,54.952,52.602,50.599,49.668,47.625,46.29,44.677,43.893,41.23,41.077,40.622,39.442
METER_003,2026-01-29,66.423,65.973,67.801,65.674,65.699,66.215,64.034,64.92,62.846,61.441,58.826,58.388,57,55.527,51.26,51.162,49.768,46.402,47.352,45.892,44.57,42.181,40.674,40.097,41.178,40.163,37.704,37.34,38.577,36.733,39.106,36.714,38.626,38.057,38.108,37.987,36.799,36.839,38.66,39.763,38.681,37.775,39.508,40.776,39.228,39.434,39.927,41.211,42.599,43.415,42.989,43.695,44.658,43.665,44.222,46.003,46.21,46.861,47.145,47.283,48.78,50.248,49.856,49.737,51.531,52.282,53.895,57.804,57.929,62.875,64.17,66.462,71.985,73.747,79.183,80.753,84.814,87.036,88.847,91.691,92.881,91.453,91.28,88.834,83.867,81.597,78.92,73.877,71.387,68.045,64.661,62.747,58.333,57.637,54.284,53.827
METER_004,2026-01-29,45.675,46.346,45.264,46.102,46.583,48.956,47.899,48.179,48.764,50.775,50.611,53.262,52.372,53.45,53.785,54.491,55.222,59.049,59.824,61.582,63.445,63.782,68.681,71.187,74.24,77.127,80.278,82.661,85.198,89.229,94.161,97.12,99.328,101.618,103.076,106.83,106.249,107.644,105.818,104.982,103.593,101.506,100.703,97.087,96.136,92.392,91.794,87.611,88.105,84.506,84.45,82.127,82.158,81.177,78.459,78.658,76.344,77.327,73.394,73.968,72.065,70.388,67.305,64.599,64.339,60.795,60.582,58.234,56.089,53.928,53.17,50.302,48.882,48.47,46.402,47.905,45.967,46.165,43.924,45.002,44.297,44.261,41.903,43.905,41.733,43.395,43.366,43.432,42.536,44.088,44.614,43.058,43.25,45.557,46.012,44.067
METER_005,2026-01-29,52.47,51.165,50.963,50.683,49.651,47.746,50.161,49.404,48.446,47.746,47.124,48.463,49.335,47.803,48.252,49.511,47.558,49.015,47.631,48.869,48.988,50.165,49.258,51.212,51.868,50.753,51.61,52.336,53.828,54.286,54.463,55.999,54.909,55.604,57.279,58.516,58.49,59.571,60.246,62.038,63.081,65.734,66.054,68.384,69.858,71.993,75.519,79.724,81.17,86.72,89.149,94.562,98.503,101.246,106.042,108.657,113.371,114.307,117.58,117.599,117.931,120.249,118.511,118.631,116.666,113.933,112.775,110.112,105.512,103.281,102.401,100.22,97.377,95.759,93.22,93.87,91.094,89.806,90.5,88.374,87.12,86.496,84.329,81.853,80.287,78.95,77.167,73.197,70.68,70.621,67.696,65.999,64.099,61.227,59.97,57.374
METER_006,2026-01-29,93.314,94.596,95.978,93.608,95.309,94.124,92.756,91.336,88.618,86.931,84.235,81.013,79.753,77.523,75.76,73.133,70.192,68.677,65.522,63.989,63.011,61.433,60.226,57.998,57.353,56.484,55.636,54.963,54.949,55.273,52.679,54.452,54.223,53.321,53.369,53.961,52.626,54.263,53.841,54.176,55.921,56.146,54.817,56.113,56.17,57.151,58.454,58.87,60.279,59.681,61.84,60.316,61.358,63.961,63.164,65.725,65.179,67.234,68.039,66.655,69.647,70.417,71.121,71.014,72.962,75.765,77.929,81.659,83.746,86.578,91.521,96.63,100.815,104.917,111.542,116.417,122.147,125.295,127.794,130.961,131.155,129.509,126.956,125.947,121.443,116.806,112.108,105.675,101.956,97.344,90.393,86.162,82.975,80.64,76.838,75.925
METER_007,2026-01-29,61.736,63.896,63.315,65.299,64.412,64.766,65.579,66.464,68.251,68.945,70.02,71.916,70.819,74.335,73.828,74.594,76.876,78.482,81.372,84.49,85.768,88.131,91.02,96.091,100.319,103.249,109.412,112.556,118.722,122.895,127.407,131.944,135.469,138.481,141.501,145.234,145.445,146.556,143.982,144.783,140.838,139.648,137.083,132.94,130.565,125.417,125.055,121.586,118.564,116.729,115.075,113.847,110.95,111.528,108.948,106.626,106.283,103.643,103.592,99.375,96.788,95.173,93.8,91.14,87.27,83.345,81.645,79.237,77.453,73.879,72.887,69.47,68.43,66.574,65.556,65.033,61.29,61.11,59.951,59.825,59.445,60.373,58.884,59.288,57.92,58.156,59.879,57.612,60.345,60.001,60.821,59.456,59.299,62.095,61.113,62.233
METER_008,2026-01-29,68.869,66.306,65.468,66.444,66.968,64.926,63.849,65.792,63.314,63.795,62.973,65.044,63.622,63.674,64.498,65.014,64.402,65.83,66.215,65.381,65.782,66.398,65.711,66.601,67.357,67.47,68.012,71.35,71.325,72.058,71.543,74.521,74.965,74.45,76.241,76.753,79.023,81.214,80.699,83.803,84.028,85.283,87.858,89.77,94.397,98.224,100.729,102.954,108.426,114.027,118.945,125.021,128.666,133.08,139.312,143.365,148.985,151.748,154.824,157.163,159.704,159.671,157.771,157.484,153.732,151.983,148.479,143.842,141.858,137.659,135.209,132.77,130.469,126.782,126.087,124.067,121.241,120.171,119.585,116.306,116.486,114.45,110.331,110.523,106.488,102.798,100.078,97.8,96.078,90.998,89.208,85.783,83.295,80.283,77.094,75.705
METER_009,2026-01-29,122.599,123.079,123.296,123.17,121.6,121.764,118.287,116.275,115.165,112.199,110.17,107.208,103.443,100.682,96.031,93.324,91.212,86.669,86.14,83.675,80.989,77.611,77.804,74.537,73.892,72.153,71.359,72.359,69.329,70.829,68.378,70.346,68.112,67.873,67.898,69.503,68.837,69.286,70.203,71.773,71.823,70.984,71.69,72.84,73.448,75.209,76.377,75.386,77.13,76.435,78.615,80.755,79.462,80.228,81.321,84.349,83.198,85.248,85.808,87.617,88.117,90.373,93.276,93.709,95.067,97.722,100.057,105.633,107.451,113.617,117.704,123.94,130.77,137.066,143.228,152.19,156.572,162.91,166.814,166.69,168.964,166.727,164.583,162.089,157.731,150.742,145.324,136.992,132.115,124.083,117.357,114.539,107.533,103.988,101.61,97.402
METER_001,2026-01-30,29.02,28.66,30.105,28.893,29.948,31.131,31.64,30.735,31.962,31.222,33.428,31.938,32.981,34.986,33.624,35.248,36.184,36.363,37.399,37.711,40.142,41.18,43.452,44.77,46.222,48.047,50.41,52.195,55.349,55.986,58.64,62.223,62.082,63.463,65.982,65.618,67.839,68.639,66.735,65.806,66.034,63.345,63.092,60.879,60.043,57.877,57.025,54.805,53.942,55.29,52.377,52.841,50.293,50.839,49.704,49.367,48.774,48.21,47.663,46.772,46.599,43.161,41.554,42.669,40.391,40.438,38.272,35.203,34.483,34.637,32.776,31.995,30.673,31.736,31.278,28.624,28.166,28.56,28.096,28.003,28.893,28.315,28.496,27.732,28.495,26.948,27.865,28.518,26.505,28.157,28.384,26.897,29.025,28.073,27.324,29.034
METER_002,2026-01-30,35.636,35.254,33.309,33.53,33.872,34.364,33.934,33.371,32.265,31.16,33.037,32.691,32.847,33.524,31.347,33.682,33.922,32.629,33.098,32.164,34.319,34.336,34.879,34.608,34.198,35.592,35.813,34.628,36.513,37.068,35.947,37.158,38.266,39.538,37.443,37.961,39.217,41.317,39.921,42.254,41.924,44.003,43.614,46.732,47.695,50.356,52.1,52.229,53.928,58.559,60.108,61.969,65.49,67.004,70.83,73.761,75.548,77.722,78.769,79.887,81.31,81.042,80.409,80.267,77.019,76.349,75.101,74.281,72.456,68.736,68.907,66.338,65.36,64.827,64.405,61.268,60.496,60.999,61.221,60.674,58.568,58.138,55.2,54.916,55.412,51.398,51.773,50.558,48.909,47.756,44.369,42.511,43.584,40.566,40.088,39.823
METER_003,2026-01-30,66.454,65.768,65.944,65.827,65.434,65.451,65.595,64.028,63.713,62.318,59.946,57.544,56.741,55.244,53.726,51.425,49.1,46.787,47.051,46.275,43.622,43.522,41.64,41.8,40.903,40.889,38.61,38.628,37.315,38.459,38.691,36.555,36.454,37.611,36.934,37.137,37.477,38.317,39.191,39.087,37.655,37.701,40.209,39.864,41.058,41.321,40.96,40.46,41.322,42.872,42.468,43.876,42.995,45.246,45.829,44.448,45.031,46.677,47.673,47.464,49.818,50.349,50.904,50.931,51.674,52.993,56.108,57.914,59.065,61.838,63.843,67.372,71.194,74.055,78.455,81.646,85.251,88.496,90.855,92.213,91.304,90.845,89.193,87.271,85.875,82.629,77.94,74.976,70.323,66.513,63.288,60.434,58.792,55.849,55.922,53.241
METER_004,2026-01-30,46.345,46.649,47.31,48.001,46.284,48.041,49.631,50.67,51.344,51.592,52.394,51.113,51.476,54.106,54.932,56.099,57.774,58.225,59.937,60.051,61.756,65.404,66.503,68.696,73.277,76.974,79.467,82.018,86.42,91.139,94.735,97.035,98.908,102.41,103.837,105.158,105.073,106.78,105.839,105.5,103.815,101.507,99.87,96.04,95.384,92.862,90.189,88.024,88.253,86.17,84.308,83.315,82.391,79.853,79.736,77.661,76.443,76.625,75.089,72.615,71.57,70.838,68.518,66.393,63.848,62.974,59.6,58.857,56.393,54.855,52.048,51.632,50.318,49.118,48.556,47.599,45.288,44.182,43.432,43.106,43.969,42.28,44.062,42.682,44.156,44.051,42.627,43.426,43.975,44.359,43.304,44.614,43.432,45.078,44.148,45.255
METER_005,2026-01-30,51.201,51.184,50.253,49.775,49.675,50.24,48.42,49.365,47.442,47.188,48.116,48.24,47.649,48.657,48.067,47.407,48.603,49.943,48.784,50.081,50.911,51.274,49.572,50.524,50.573,52.365,52.336,53.389,52.273,54.454,54.501,54.204,55.69,57.764,58.486,59.108,58.589,59.786,61.274,61.196,63.622,65.49,65.344,69.677,70.554,72.668,76.532,77.514,81.22,86.654,90.72,92,98.129,100.479,105.342,107.959,113.212,115.7,117.207,119.011,118.156,118.948,119.056,116.66,117.234,114.602,113.018,109.504,106.199,104.656,101.24,99.845,96.864,95.955,93.969,92.159,93.053,91.562,89.099,89.137,87.267,84.492,82.811,83.521,80.902,79.068,76.892,74.196,72.467,69.589,67.399,64.451,62.076,61.962,58.124,57.547
METER_006,2026-01-30,93.791,96.043,94.96,95.548,92.915,93.404,92.633,90.329,87.546,85.912,85.535,82.794,79.368,77.667,74.453,71.29,71.106,68.217,65.281,62.353,61.443,61.774,59.508,57.675,57.905,55.626,54.254,55.084,54.139,53.372,52.53,52.862,53.106,53.534,54.728,54.58,54.138,55.061,54.482,54.989,54.655,55.246,55.607,56.873,55.801,56.269,58.849,58.282,58.524,60.414,60.39,60.379,61.674,64.209,64.118,63.616,64.4,67.197,66.963,68.529,69.451,70.547,70.933,73.645,75.378,76.444,76.978,79.734,84.902,88.872,90.86,95.808,100.065,105.631,111.616,115.641,122.096,125.723,127.103,129.66,131.411,128.974,127.622,125.186,122.377,116.577,112.91,106.52,100.037,97.256,92.155,88.462,82.797,81.761,78.062,75.945
METER_007,2026-01-30,63.504,62.02,63.651,64.254,66.218,65.905,67.079,67.975,69.107,68.594,71.175,71.347,72.193,74.749,73.28,76.857,76.211,78.262,80.276,84.865,85.077,90.307,92.017,95.236,100.165,105.149,107.789,114.509,119.414,124.764,127.934,133.52,136.232,141.411,142.971,144.429,145.445,144.577,143.761,143.58,142.146,139.788,137.64,132.255,130.022,126.584,124.295,121.866,119.143,118.079,114.366,112.918,110.837,110.483,107.667,107.587,107.219,103.541,102.343,101.275,97.717,94.607,94.17,89.652,88.008,85.186,80.628,78.427,76.861,73.069,71.915,70.308,67.595,67.496,66.401,64.49,63.076,62.975,60.21,61.27,60.625,60.49,60.521,58.446,57.881,59.657,58.072,59.984,59.016,60.475,59.842,60.44,60.663,59.773,61.865,62.893
METER_008,2026-01-30,68.954,66.905,66.843,67.31,66.622,64.006,64.727,65.1,64.377,65.173,63.505,65.251,64.278,64.234,62.729,63.497,65.469,64.213,65.022,65.054,65.92,66.94,66.938,66.409,68.612,67.584,69.401,71.229,71.927,70.984,71.852,74.763,75.739,75.448,77.83,78.635,79.246,78.814,81.904,81.823,84.866,86.926,88.41,91.03,94.661,97.713,99.816,104.161,109.755,114.299,118.539,122.633,129.301,135.257,139.535,144.001,147.858,152.353,155.514,158.609,158.748,159.61,158.033,157.8,153.269,152.674,149.412,145.115,141.902,139.639,136.537,131.242,130.26,127.543,124.271,123.357,121.62,120.59,118.856,117.221,116.21,112.993,110.863,109.282,106.925,103.647,99.956,97.948,95.088,93.563,90.069,87.621,83.991,80.866,78.294,76.859
METER_009,2026-01-30,123.4,122.755,124.181,122.42,123.292,119.812,120.549,118.205,114.563,111.762,108.269,107.076,104.142,98.966,95.206,93.719,90.424,87.638,86.001,81.899,81.732,79.591,77.074,74.948,75.012,72.335,70.754,72.564,70.907,70.503,68.72,70.618,70.649,69.372,69.629,68.181,70.096,70.481,69.263,71.095,71.969,72.537,72.728,72.034,72.398,73.847,73.882,77.337,77.868,78.137,78.779,79.187,79.779,80.742,81.27,83.927,85.336,85.439,85.864,87.903,90.497,91.751,92.441,94.071,95.194,97.183,102.195,104.496,109.305,112.87,120.012,125.614,131.818,137.978,144.347,151.787,158.255,160.659,165.133,167.266,168.513,167.635,165.214,162.82,155.785,151.063,144.861,138.728,131.884,124.887,117.978,112.308,109.158,105.371,101.196,98.209
