timestamp,load_kw
2026-01-01 00:00:00,307
2026-01-01 00:15:00,310.519
2026-01-01 00:30:00,312.401
2026-01-01 00:45:00,308.149
2026-01-01 01:00:00,303.246
2026-01-01 01:15:00,306.772
2026-01-01 01:30:00,305.713
2026-01-01 01:45:00,305.239
2026-01-01 02:00:00,300.125
2026-01-01 02:15:00,299.699
2026-01-01 02:30:00,293.465
2026-01-01 02:45:00,295.337
2026-01-01 03:00:00,292.606
2026-01-01 03:15:00,287.359
2026-01-01 03:30:00,283.732
2026-01-01 03:45:00,282.447
2026-01-01 04:00:00,275.898
2026-01-01 04:15:00,278.009
2026-01-01 04:30:00,278.636
2026-01-01 04:45:00,277.115
2026-01-01 05:00:00,282.028
2026-01-01 05:15:00,282.019
2026-01-01 05:30:00,277.916
2026-01-01 05:45:00,288.41
2026-01-01 06:00:00,290.322
2026-01-01 06:15:00,293.213
2026-01-01 06:30:00,299.822
2026-01-01 06:45:00,306.707
2026-01-01 07:00:00,311.818
2026-01-01 07:15:00,318.963
2026-01-01 07:30:00,321.037
2026-01-01 07:45:00,325.315
2026-01-01 08:00:00,337.277
2026-01-01 08:15:00,339.074
2026-01-01 08:30:00,344.835
2026-01-01 08:45:00,342.922
2026-01-01 09:00:00,351.49
2026-01-01 09:15:00,353.683
2026-01-01 09:30:00,353.735
2026-01-01 09:45:00,352.656
2026-01-01 10:00:00,353.366
2026-01-01 10:15:00,352.933
2026-01-01 10:30:00,353.651
2026-01-01 10:45:00,352.121
2026-01-01 11:00:00,353.646
2026-01-01 11:15:00,354.303
2026-01-01 11:30:00,357.695
2026-01-01 11:45:00,358.277
2026-01-01 12:00:00,361.859
2026-01-01 12:15:00,368.402
2026-01-01 12:30:00,376.357
2026-01-01 12:45:00,380.729
2026-01-01 13:00:00,385.655
2026-01-01 13:15:00,390.558
2026-01-01 13:30:00,393.885
2026-01-01 13:45:00,401.272
2026-01-01 14:00:00,407.506
2026-01-01 14:15:00,409.308
2026-01-01 14:30:00,412.103
2026-01-01 14:45:00,416.756
2026-01-01 15:00:00,418.776
2026-01-01 15:15:00,413.201
2026-01-01 15:30:00,415.821
2026-01-01 15:45:00,413.087
2026-01-01 16:00:00,403.212
2026-01-01 16:15:00,404.369
2026-01-01 16:30:00,400.734
2026-01-01 16:45:00,396.662
2026-01-01 17:00:00,398.09
2026-01-01 17:15:00,396.271
2026-01-01 17:30:00,397.166
2026-01-01 17:45:00,397.594
2026-01-01 18:00:00,400.836
2026-01-01 18:15:00,402.652
2026-01-01 18:30:00,408.15
2026-01-01 18:45:00,412.709
2026-01-01 19:00:00,415.662
2026-01-01 19:15:00,423.739
2026-01-01 19:30:00,425.929
2026-01-01 19:45:00,423.196
2026-01-01 20:00:00,417.594
2026-01-01 20:15:00,414.712
2026-01-01 20:30:00,411.22
2026-01-01 20:45:00,401.29
2026-01-01 21:00:00,394.688
2026-01-01 21:15:00,383.915
2026-01-01 21:30:00,371.325
2026-01-01 21:45:00,359.471
2026-01-01 22:00:00,346.038
2026-01-01 22:15:00,333.686
2026-01-01 22:30:00,323.82
2026-01-01 22:45:00,310.762
2026-01-01 23:00:00,310.721
2026-01-01 23:15:00,298.355
2026-01-01 23:30:00,293.573
2026-01-01 23:45:00,284.818
2026-01-02 00:00:00,309.374
2026-01-02 00:15:00,311.799
2026-01-02 00:30:00,305.646
2026-01-02 00:45:00,310.396
2026-01-02 01:00:00,310.612
2026-01-02 01:15:00,304.605
2026-01-02 01:30:00,306.13
2026-01-02 01:45:00,297.953
2026-01-02 02:00:00,299.905
2026-01-02 02:15:00,297.541
2026-01-02 02:30:00,297.192
2026-01-02 02:45:00,292.54
2026-01-02 03:00:00,288.239
2026-01-02 03:15:00,289.37
2026-01-02 03:30:00,283.551
2026-01-02 03:45:00,282.069
2026-01-02 04:00:00,276.824
2026-01-02 04:15:00,277.86
2026-01-02 04:30:00,278.02
2026-01-02 04:45:00,276.096
2026-01-02 05:00:00,276.832
2026-01-02 05:15:00,278.651
2026-01-02 05:30:00,281.038
2026-01-02 05:45:00,284.789
2026-01-02 06:00:00,290.395
2026-01-02 06:15:00,294.769
2026-01-02 06:30:00,300.589
2026-01-02 06:45:00,306.029
2026-01-02 07:00:00,308.712
2026-01-02 07:15:00,317.212
2026-01-02 07:30:00,324.26
2026-01-02 07:45:00,329.238
2026-01-02 08:00:00,335.037
2026-01-02 08:15:00,339.426
2026-01-02 08:30:00,346.74
2026-01-02 08:45:00,348.594
2026-01-02 09:00:00,349.466
2026-01-02 09:15:00,349.389
2026-01-02 09:30:00,352.387
2026-01-02 09:45:00,355.433
2026-01-02 10:00:00,355.734
2026-01-02 10:15:00,355.064
2026-01-02 10:30:00,352.679
2026-01-02 10:45:00,355.726
2026-01-02 11:00:00,356.792
2026-01-02 11:15:00,355.602
2026-01-02 11:30:00,355.464
2026-01-02 11:45:00,357.882
2026-01-02 12:00:00,363.15
2026-01-02 12:15:00,368.119
2026-01-02 12:30:00,375.535
2026-01-02 12:45:00,382.257
2026-01-02 13:00:00,383.138
2026-01-02 13:15:00,391.465
2026-01-02 13:30:00,395.177
2026-01-02 13:45:00,403.453
2026-01-02 14:00:00,408.012
2026-01-02 14:15:00,411.727
2026-01-02 14:30:00,418.915
2026-01-02 14:45:00,417.746
2026-01-02 15:00:00,417.662
2026-01-02 15:15:00,417.747
2026-01-02 15:30:00,415.76
2026-01-02 15:45:00,410.297
2026-01-02 16:00:00,409.076
2026-01-02 16:15:00,407.537
2026-01-02 16:30:00,400.502
2026-01-02 16:45:00,398.274
2026-01-02 17:00:00,398.89
2026-01-02 17:15:00,394.265
2026-01-02 17:30:00,394.125
2026-01-02 17:45:00,399.737
2026-01-02 18:00:00,400.752
2026-01-02 18:15:00,406.548
2026-01-02 18:30:00,412.011
2026-01-02 18:45:00,414.267
2026-01-02 19:00:00,418.068
2026-01-02 19:15:00,420.733
2026-01-02 19:30:00,420.768
2026-01-02 19:45:00,420.995
2026-01-02 20:00:00,422.581
2026-01-02 20:15:00,419.026
2026-01-02 20:30:00,413.915
2026-01-02 20:45:00,405.627
2026-01-02 21:00:00,394.204
2026-01-02 21:15:00,383.954
2026-01-02 21:30:00,373.185
2026-01-02 21:45:00,359.197
2026-01-02 22:00:00,349.734
2026-01-02 22:15:00,336.93
2026-01-02 22:30:00,326.239
2026-01-02 22:45:00,315.207
2026-01-02 23:00:00,303.265
2026-01-02 23:15:00,296.322
2026-01-02 23:30:00,290.642
2026-01-02 23:45:00,288.169
2026-01-03 00:00:00,304.869
2026-01-03 00:15:00,307.603
2026-01-03 00:30:00,311.351
2026-01-03 00:45:00,307.881
2026-01-03 01:00:00,308.465
2026-01-03 01:15:00,305.786
2026-01-03 01:30:00,303.552
2026-01-03 01:45:00,304.353
2026-01-03 02:00:00,299.876
2026-01-03 02:15:00,294.571
2026-01-03 02:30:00,291.707
2026-01-03 02:45:00,291.253
2026-01-03 03:00:00,288.048
2026-01-03 03:15:00,282.959
2026-01-03 03:30:00,278.185
2026-01-03 03:45:00,275.601
2026-01-03 04:00:00,277.424
2026-01-03 04:15:00,271.204
2026-01-03 04:30:00,268.413
2026-01-03 04:45:00,270.415
2026-01-03 05:00:00,270.108
2026-01-03 05:15:00,270.974
2026-01-03 05:30:00,273.693
2026-01-03 05:45:00,273.92
2026-01-03 06:00:00,276.571
2026-01-03 06:15:00,282.672
2026-01-03 06:30:00,287.888
2026-01-03 06:45:00,289.273
2026-01-03 07:00:00,298.006
2026-01-03 07:15:00,303.499
2026-01-03 07:30:00,306.051
2026-01-03 07:45:00,308.122
2026-01-03 08:00:00,315.062
2026-01-03 08:15:00,319.322
2026-01-03 08:30:00,322.607
2026-01-03 08:45:00,328.493
2026-01-03 09:00:00,328.624
2026-01-03 09:15:00,329.983
2026-01-03 09:30:00,332.418
2026-01-03 09:45:00,336.477
2026-01-03 10:00:00,335.052
2026-01-03 10:15:00,333.535
2026-01-03 10:30:00,335.058
2026-01-03 10:45:00,339.01
2026-01-03 11:00:00,336.406
2026-01-03 11:15:00,338.643
2026-01-03 11:30:00,336.493
2026-01-03 11:45:00,339.181
2026-01-03 12:00:00,345.459
2026-01-03 12:15:00,348.206
2026-01-03 12:30:00,357.384
2026-01-03 12:45:00,360.1
2026-01-03 13:00:00,366.968
2026-01-03 13:15:00,370.798
2026-01-03 13:30:00,372.314
2026-01-03 13:45:00,385.914
2026-01-03 14:00:00,385.368
2026-01-03 14:15:00,389.903
2026-01-03 14:30:00,392.455
2026-01-03 14:45:00,397.463
2026-01-03 15:00:00,395.362
2026-01-03 15:15:00,390.894
2026-01-03 15:30:00,394.683
2026-01-03 15:45:00,391.488
2026-01-03 16:00:00,392.613
2026-01-03 16:15:00,381.525
2026-01-03 16:30:00,381.42
2026-01-03 16:45:00,382.465
2026-01-03 17:00:00,385.143
2026-01-03 17:15:00,380.322
2026-01-03 17:30:00,383.827
2026-01-03 17:45:00,385.738
2026-01-03 18:00:00,394.763
2026-01-03 18:15:00,398.682
2026-01-03 18:30:00,407.083
2026-01-03 18:45:00,409.631
2026-01-03 19:00:00,414.125
2026-01-03 19:15:00,417.156
2026-01-03 19:30:00,421.609
2026-01-03 19:45:00,422.147
2026-01-03 20:00:00,421.844
2026-01-03 20:15:00,417.235
2026-01-03 20:30:00,413.714
2026-01-03 20:45:00,403.67
2026-01-03 21:00:00,393.57
2026-01-03 21:15:00,381.253
2026-01-03 21:30:00,373.638
2026-01-03 21:45:00,360.41
2026-01-03 22:00:00,346.334
2026-01-03 22:15:00,335.425
2026-01-03 22:30:00,326.528
2026-01-03 22:45:00,310.964
2026-01-03 23:00:00,305.09
2026-01-03 23:15:00,297.804
2026-01-03 23:30:00,288.192
2026-01-03 23:45:00,284.633
2026-01-04 00:00:00,310.795
2026-01-04 00:15:00,308.791
2026-01-04 00:30:00,309.141
2026-01-04 00:45:00,309.182
2026-01-04 01:00:00,308.675
2026-01-04 01:15:00,307.841
2026-01-04 01:30:00,304.07
2026-01-04 01:45:00,302.301
2026-01-04 02:00:00,299.858
2026-01-04 02:15:00,298.724
2026-01-04 02:30:00,296.028
2026-01-04 02:45:00,294.485
2026-01-04 03:00:00,285.978
2026-01-04 03:15:00,284.063
2026-01-04 03:30:00,281.818
2026-01-04 03:45:00,276.873
2026-01-04 04:00:00,275.423
2026-01-04 04:15:00,277.441
2026-01-04 04:30:00,269.876
2026-01-04 04:45:00,273.88
2026-01-04 05:00:00,270.564
2026-01-04 05:15:00,271.038
2026-01-04 05:30:00,273.856
2026-01-04 05:45:00,274.004
2026-01-04 06:00:00,277.858
2026-01-04 06:15:00,282.057
2026-01-04 06:30:00,285.971
2026-01-04 06:45:00,290.658
2026-01-04 07:00:00,297.549
2026-01-04 07:15:00,304.233
2026-01-04 07:30:00,302.643
2026-01-04 07:45:00,310.257
2026-01-04 08:00:00,318.354
2026-01-04 08:15:00,320.203
2026-01-04 08:30:00,326.289
2026-01-04 08:45:00,327.911
2026-01-04 09:00:00,330.797
2026-01-04 09:15:00,331.467
2026-01-04 09:30:00,332.149
2026-01-04 09:45:00,332.052
2026-01-04 10:00:00,334.437
2026-01-04 10:15:00,335.228
2026-01-04 10:30:00,333.798
2026-01-04 10:45:00,334.295
2026-01-04 11:00:00,333.669
2026-01-04 11:15:00,338.309
2026-01-04 11:30:00,338.728
2026-01-04 11:45:00,341.825
2026-01-04 12:00:00,344.809
2026-01-04 12:15:00,353.274
2026-01-04 12:30:00,355.967
2026-01-04 12:45:00,361.567
2026-01-04 13:00:00,363.837
2026-01-04 13:15:00,371.285
2026-01-04 13:30:00,378.199
2026-01-04 13:45:00,379.529
2026-01-04 14:00:00,386.183
2026-01-04 14:15:00,390.963
2026-01-04 14:30:00,394.264
2026-01-04 14:45:00,393.338
2026-01-04 15:00:00,393.769
2026-01-04 15:15:00,393.369
2026-01-04 15:30:00,391.05
2026-01-04 15:45:00,392.659
2026-01-04 16:00:00,390.858
2026-01-04 16:15:00,389.209
2026-01-04 16:30:00,382.119
2026-01-04 16:45:00,383.82
2026-01-04 17:00:00,382.64
2026-01-04 17:15:00,383.661
2026-01-04 17:30:00,387.081
2026-01-04 17:45:00,388.835
2026-01-04 18:00:00,393.217
2026-01-04 18:15:00,396.874
2026-01-04 18:30:00,400.752
2026-01-04 18:45:00,410.53
2026-01-04 19:00:00,418.009
2026-01-04 19:15:00,420.476
2026-01-04 19:30:00,426.102
2026-01-04 19:45:00,427.276
2026-01-04 20:00:00,423.202
2026-01-04 20:15:00,418.757
2026-01-04 20:30:00,417.805
2026-01-04 20:45:00,407.059
2026-01-04 21:00:00,393.275
2026-01-04 21:15:00,386.043
2026-01-04 21:30:00,371.019
2026-01-04 21:45:00,359.726
2026-01-04 22:00:00,346.034
2026-01-04 22:15:00,332.667
2026-01-04 22:30:00,324.034
2026-01-04 22:45:00,313.862
2026-01-04 23:00:00,305.405
2026-01-04 23:15:00,294.265
2026-01-04 23:30:00,288.952
2026-01-04 23:45:00,281.777
2026-01-05 00:00:00,311.548
2026-01-05 00:15:00,313.027
2026-01-05 00:30:00,310.677
2026-01-05 00:45:00,310.685
2026-01-05 01:00:00,309.331
2026-01-05 01:15:00,309.254
2026-01-05 01:30:00,306.55
2026-01-05 01:45:00,303.623
2026-01-05 02:00:00,301.641
2026-01-05 02:15:00,300.334
2026-01-05 02:30:00,298.887
2026-01-05 02:45:00,295.312
2026-01-05 03:00:00,290.883
2026-01-05 03:15:00,290.242
2026-01-05 03:30:00,286.425
2026-01-05 03:45:00,288.867
2026-01-05 04:00:00,286.607
2026-01-05 04:15:00,278.847
2026-01-05 04:30:00,280.565
2026-01-05 04:45:00,279.319
2026-01-05 05:00:00,280.356
2026-01-05 05:15:00,281.025
2026-01-05 05:30:00,284.819
2026-01-05 05:45:00,284.313
2026-01-05 06:00:00,290.629
2026-01-05 06:15:00,297.57
2026-01-05 06:30:00,300.387
2026-01-05 06:45:00,307.647
2026-01-05 07:00:00,313.805
2026-01-05 07:15:00,319.224
2026-01-05 07:30:00,322.395
2026-01-05 07:45:00,329.246
2026-01-05 08:00:00,333.526
2026-01-05 08:15:00,337.666
2026-01-05 08:30:00,347.22
2026-01-05 08:45:00,347.88
2026-01-05 09:00:00,350.313
2026-01-05 09:15:00,353.061
2026-01-05 09:30:00,353.124
2026-01-05 09:45:00,357.353
2026-01-05 10:00:00,354.491
2026-01-05 10:15:00,353.116
2026-01-05 10:30:00,355.206
2026-01-05 10:45:00,353.381
2026-01-05 11:00:00,356.009
2026-01-05 11:15:00,351.19
2026-01-05 11:30:00,360.757
2026-01-05 11:45:00,363.044
2026-01-05 12:00:00,369.338
2026-01-05 12:15:00,369.387
2026-01-05 12:30:00,373.821
2026-01-05 12:45:00,380.294
2026-01-05 13:00:00,389.037
2026-01-05 13:15:00,392.96
2026-01-05 13:30:00,399.964
2026-01-05 13:45:00,405.261
2026-01-05 14:00:00,413.137
2026-01-05 14:15:00,417.684
2026-01-05 14:30:00,414.961
2026-01-05 14:45:00,417.672
2026-01-05 15:00:00,416.302
2026-01-05 15:15:00,416.572
2026-01-05 15:30:00,413.762
2026-01-05 15:45:00,410.162
2026-01-05 16:00:00,405.776
2026-01-05 16:15:00,405.215
2026-01-05 16:30:00,402.437
2026-01-05 16:45:00,403.612
2026-01-05 17:00:00,397.533
2026-01-05 17:15:00,393.593
2026-01-05 17:30:00,396.028
2026-01-05 17:45:00,397.581
2026-01-05 18:00:00,400.525
2026-01-05 18:15:00,405.529
2026-01-05 18:30:00,411.878
2026-01-05 18:45:00,413.511
2026-01-05 19:00:00,419.008
2026-01-05 19:15:00,426.149
2026-01-05 19:30:00,424.381
2026-01-05 19:45:00,425.352
2026-01-05 20:00:00,426.573
2026-01-05 20:15:00,416.841
2026-01-05 20:30:00,413.471
2026-01-05 20:45:00,404.184
2026-01-05 21:00:00,400.906
2026-01-05 21:15:00,387.902
2026-01-05 21:30:00,371.971
2026-01-05 21:45:00,363.977
2026-01-05 22:00:00,350.791
2026-01-05 22:15:00,339.24
2026-01-05 22:30:00,327.894
2026-01-05 22:45:00,315.955
2026-01-05 23:00:00,309.645
2026-01-05 23:15:00,302.032
2026-01-05 23:30:00,294.359
2026-01-05 23:45:00,287.533
2026-01-06 00:00:00,310.63
2026-01-06 00:15:00,308.605
2026-01-06 00:30:00,311.227
2026-01-06 00:45:00,311.037
2026-01-06 01:00:00,311.206
2026-01-06 01:15:00,307.479
2026-01-06 01:30:00,307.802
2026-01-06 01:45:00,304.891
2026-01-06 02:00:00,301.069
2026-01-06 02:15:00,299.073
2026-01-06 02:30:00,298.401
2026-01-06 02:45:00,289.865
2026-01-06 03:00:00,293.099
2026-01-06 03:15:00,287.225
2026-01-06 03:30:00,285.379
2026-01-06 03:45:00,284.255
2026-01-06 04:00:00,283.1
2026-01-06 04:15:00,282.277
2026-01-06 04:30:00,277.062
2026-01-06 04:45:00,283.26
2026-01-06 05:00:00,280.217
2026-01-06 05:15:00,281.222
2026-01-06 05:30:00,287.644
2026-01-06 05:45:00,287.378
2026-01-06 06:00:00,293.153
2026-01-06 06:15:00,296.806
2026-01-06 06:30:00,297.6
2026-01-06 06:45:00,304.247
2026-01-06 07:00:00,312.133
2026-01-06 07:15:00,317.259
2026-01-06 07:30:00,325.026
2026-01-06 07:45:00,330.542
2026-01-06 08:00:00,336.212
2026-01-06 08:15:00,344.305
2026-01-06 08:30:00,342.813
2026-01-06 08:45:00,348.703
2026-01-06 09:00:00,353.331
2026-01-06 09:15:00,353.211
2026-01-06 09:30:00,353.557
2026-01-06 09:45:00,356.936
2026-01-06 10:00:00,353.499
2026-01-06 10:15:00,353.704
2026-01-06 10:30:00,359.404
2026-01-06 10:45:00,355.198
2026-01-06 11:00:00,354.936
2026-01-06 11:15:00,359.614
2026-01-06 11:30:00,361.481
2026-01-06 11:45:00,362.11
2026-01-06 12:00:00,366.77
2026-01-06 12:15:00,372.779
2026-01-06 12:30:00,373.226
2026-01-06 12:45:00,383.908
2026-01-06 13:00:00,387.515
2026-01-06 13:15:00,396.356
2026-01-06 13:30:00,398.681
2026-01-06 13:45:00,402.811
2026-01-06 14:00:00,410.418
2026-01-06 14:15:00,413.468
2026-01-06 14:30:00,413.69
2026-01-06 14:45:00,419.406
2026-01-06 15:00:00,419.018
2026-01-06 15:15:00,414.973
2026-01-06 15:30:00,414.098
2026-01-06 15:45:00,413.991
2026-01-06 16:00:00,409.082
2026-01-06 16:15:00,406.584
2026-01-06 16:30:00,404.262
2026-01-06 16:45:00,400.67
2026-01-06 17:00:00,397.752
2026-01-06 17:15:00,397.081
2026-01-06 17:30:00,396.906
2026-01-06 17:45:00,403.442
2026-01-06 18:00:00,402.979
2026-01-06 18:15:00,407.957
2026-01-06 18:30:00,409.421
2026-01-06 18:45:00,412.997
2026-01-06 19:00:00,418.4
2026-01-06 19:15:00,419.674
2026-01-06 19:30:00,425.282
2026-01-06 19:45:00,425.286
2026-01-06 20:00:00,427.774
2026-01-06 20:15:00,418.137
2026-01-06 20:30:00,414.157
2026-01-06 20:45:00,410.08
2026-01-06 21:00:00,395.843
2026-01-06 21:15:00,384.207
2026-01-06 21:30:00,374.66
2026-01-06 21:45:00,363.816
2026-01-06 22:00:00,347.98
2026-01-06 22:15:00,340.836
2026-01-06 22:30:00,325.501
2026-01-06 22:45:00,315.509
2026-01-06 23:00:00,308.7
2026-01-06 23:15:00,302.256
2026-01-06 23:30:00,291.316
2026-01-06 23:45:00,290.304
2026-01-07 00:00:00,309.126
2026-01-07 00:15:00,312.74
2026-01-07 00:30:00,314.877
2026-01-07 00:45:00,313.464
2026-01-07 01:00:00,312.929
2026-01-07 01:15:00,311.356
2026-01-07 01:30:00,306.841
2026-01-07 01:45:00,304.161
2026-01-07 02:00:00,301.525
2026-01-07 02:15:00,303.963
2026-01-07 02:30:00,295.794
2026-01-07 02:45:00,296.752
2026-01-07 03:00:00,295.477
2026-01-07 03:15:00,289.54
2026-01-07 03:30:00,284.125
2026-01-07 03:45:00,285.392
2026-01-07 04:00:00,284.045
2026-01-07 04:15:00,282.678
2026-01-07 04:30:00,281.127
2026-01-07 04:45:00,278.185
2026-01-07 05:00:00,283.964
2026-01-07 05:15:00,287.719
2026-01-07 05:30:00,285.997
2026-01-07 05:45:00,287.923
2026-01-07 06:00:00,290.309
2026-01-07 06:15:00,298.737
2026-01-07 06:30:00,299.888
2026-01-07 06:45:00,303.274
2026-01-07 07:00:00,310.529
2026-01-07 07:15:00,321.921
2026-01-07 07:30:00,326.047
2026-01-07 07:45:00,329.755
2026-01-07 08:00:00,337.647
2026-01-07 08:15:00,340.524
2026-01-07 08:30:00,349.353
2026-01-07 08:45:00,350.943
2026-01-07 09:00:00,351.465
2026-01-07 09:15:00,355.362
2026-01-07 09:30:00,360.634
2026-01-07 09:45:00,355.948
2026-01-07 10:00:00,358.259
2026-01-07 10:15:00,354.225
2026-01-07 10:30:00,357.285
2026-01-07 10:45:00,359.204
2026-01-07 11:00:00,357.971
2026-01-07 11:15:00,355.942
2026-01-07 11:30:00,357.678
2026-01-07 11:45:00,366.686
2026-01-07 12:00:00,366.312
2026-01-07 12:15:00,374.053
2026-01-07 12:30:00,377.932
2026-01-07 12:45:00,381.429
2026-01-07 13:00:00,389.963
2026-01-07 13:15:00,393.93
2026-01-07 13:30:00,400.851
2026-01-07 13:45:00,403.837
2026-01-07 14:00:00,411.089
2026-01-07 14:15:00,415.443
2026-01-07 14:30:00,415.758
2026-01-07 14:45:00,422.11
2026-01-07 15:00:00,417.251
2026-01-07 15:15:00,419.766
2026-01-07 15:30:00,414.872
2026-01-07 15:45:00,410.501
2026-01-07 16:00:00,409.101
2026-01-07 16:15:00,408.77
2026-01-07 16:30:00,407.888
2026-01-07 16:45:00,401.511
2026-01-07 17:00:00,404.005
2026-01-07 17:15:00,397.771
2026-01-07 17:30:00,398.241
2026-01-07 17:45:00,403.459
2026-01-07 18:00:00,403.831
2026-01-07 18:15:00,404.969
2026-01-07 18:30:00,411.889
2026-01-07 18:45:00,413.797
2026-01-07 19:00:00,421.768
2026-01-07 19:15:00,424.289
2026-01-07 19:30:00,425.873
2026-01-07 19:45:00,425.496
2026-01-07 20:00:00,428.47
2026-01-07 20:15:00,421.403
2026-01-07 20:30:00,415.977
2026-01-07 20:45:00,407.204
2026-01-07 21:00:00,397.693
2026-01-07 21:15:00,385.45
2026-01-07 21:30:00,375.143
2026-01-07 21:45:00,363.678
2026-01-07 22:00:00,347.486
2026-01-07 22:15:00,341.828
2026-01-07 22:30:00,324.529
2026-01-07 22:45:00,322.075
2026-01-07 23:00:00,307.252
2026-01-07 23:15:00,302.145
2026-01-07 23:30:00,297.037
2026-01-07 23:45:00,287.879
2026-01-08 00:00:00,311.193
2026-01-08 00:15:00,312.739
2026-01-08 00:30:00,310.999
2026-01-08 00:45:00,310.746
2026-01-08 01:00:00,309.7
2026-01-08 01:15:00,310.532
2026-01-08 01:30:00,304.104
2026-01-08 01:45:00,305.521
2026-01-08 02:00:00,302.497
2026-01-08 02:15:00,301.997
2026-01-08 02:30:00,297.307
2026-01-08 02:45:00,299.152
2026-01-08 03:00:00,290.795
2026-01-08 03:15:00,290.115
2026-01-08 03:30:00,287.234
2026-01-08 03:45:00,285.151
2026-01-08 04:00:00,281.582
2026-01-08 04:15:00,282.404
2026-01-08 04:30:00,284.059
2026-01-08 04:45:00,281.303
2026-01-08 05:00:00,278.619
2026-01-08 05:15:00,284.291
2026-01-08 05:30:00,289.563
2026-01-08 05:45:00,289.24
2026-01-08 06:00:00,289.82
2026-01-08 06:15:00,294.254
2026-01-08 06:30:00,302.224
2026-01-08 06:45:00,308.212
2026-01-08 07:00:00,313.068
2026-01-08 07:15:00,320.109
2026-01-08 07:30:00,325.743
2026-01-08 07:45:00,333.918
2026-01-08 08:00:00,338.208
2026-01-08 08:15:00,340.85
2026-01-08 08:30:00,346.66
2026-01-08 08:45:00,349.611
2026-01-08 09:00:00,353.267
2026-01-08 09:15:00,351.121
2026-01-08 09:30:00,354.063
2026-01-08 09:45:00,354.307
2026-01-08 10:00:00,356.805
2026-01-08 10:15:00,355.009
2026-01-08 10:30:00,357.593
2026-01-08 10:45:00,358.281
2026-01-08 11:00:00,358.408
2026-01-08 11:15:00,356.934
2026-01-08 11:30:00,362.69
2026-01-08 11:45:00,363.89
2026-01-08 12:00:00,365.537
2026-01-08 12:15:00,371.076
2026-01-08 12:30:00,380.491
2026-01-08 12:45:00,383.786
2026-01-08 13:00:00,387.542
2026-01-08 13:15:00,390.5
2026-01-08 13:30:00,402.526
2026-01-08 13:45:00,410.933
2026-01-08 14:00:00,410.836
2026-01-08 14:15:00,416.221
2026-01-08 14:30:00,423.393
2026-01-08 14:45:00,418.705
2026-01-08 15:00:00,419.263
2026-01-08 15:15:00,419.046
2026-01-08 15:30:00,416.197
2026-01-08 15:45:00,414.552
2026-01-08 16:00:00,408.264
2026-01-08 16:15:00,409.787
2026-01-08 16:30:00,403.525
2026-01-08 16:45:00,400.123
2026-01-08 17:00:00,403.147
2026-01-08 17:15:00,401.816
2026-01-08 17:30:00,400.408
2026-01-08 17:45:00,400.316
2026-01-08 18:00:00,399.481
2026-01-08 18:15:00,408.604
2026-01-08 18:30:00,412.821
2026-01-08 18:45:00,412.57
2026-01-08 19:00:00,420.414
2026-01-08 19:15:00,424.238
2026-01-08 19:30:00,424.9
2026-01-08 19:45:00,421.781
2026-01-08 20:00:00,429.188
2026-01-08 20:15:00,420.37
2026-01-08 20:30:00,417.37
2026-01-08 20:45:00,411.848
2026-01-08 21:00:00,397.491
2026-01-08 21:15:00,388.678
2026-01-08 21:30:00,372.055
2026-01-08 21:45:00,363.742
2026-01-08 22:00:00,351.437
2026-01-08 22:15:00,340.235
2026-01-08 22:30:00,325.312
2026-01-08 22:45:00,317.669
2026-01-08 23:00:00,306.857
2026-01-08 23:15:00,306.005
2026-01-08 23:30:00,293.414
2026-01-08 23:45:00,289.144
2026-01-09 00:00:00,312.028
2026-01-09 00:15:00,312.134
2026-01-09 00:30:00,308.704
2026-01-09 00:45:00,310.518
2026-01-09 01:00:00,311.01
2026-01-09 01:15:00,309.58
2026-01-09 01:30:00,308.292
2026-01-09 01:45:00,304.881
2026-01-09 02:00:00,303.486
2026-01-09 02:15:00,299.228
2026-01-09 02:30:00,298.083
2026-01-09 02:45:00,297.061
2026-01-09 03:00:00,294.341
2026-01-09 03:15:00,288.956
2026-01-09 03:30:00,288.75
2026-01-09 03:45:00,283.436
2026-01-09 04:00:00,283.087
2026-01-09 04:15:00,281.148
2026-01-09 04:30:00,283.037
2026-01-09 04:45:00,281.348
2026-01-09 05:00:00,282.637
2026-01-09 05:15:00,284.348
2026-01-09 05:30:00,284.871
2026-01-09 05:45:00,288.568
2026-01-09 06:00:00,296.691
2026-01-09 06:15:00,295.846
2026-01-09 06:30:00,304.887
2026-01-09 06:45:00,305.456
2026-01-09 07:00:00,317.36
2026-01-09 07:15:00,321.808
2026-01-09 07:30:00,325.397
2026-01-09 07:45:00,334.66
2026-01-09 08:00:00,336.649
2026-01-09 08:15:00,340.467
2026-01-09 08:30:00,347.852
2026-01-09 08:45:00,355.63
2026-01-09 09:00:00,351.036
2026-01-09 09:15:00,354.456
2026-01-09 09:30:00,356.657
2026-01-09 09:45:00,357.555
2026-01-09 10:00:00,356.425
2026-01-09 10:15:00,356.803
2026-01-09 10:30:00,358.157
2026-01-09 10:45:00,360.505
2026-01-09 11:00:00,360.89
2026-01-09 11:15:00,364.504
2026-01-09 11:30:00,367.798
2026-01-09 11:45:00,364.448
2026-01-09 12:00:00,369.226
2026-01-09 12:15:00,373.913
2026-01-09 12:30:00,379.389
2026-01-09 12:45:00,386.453
2026-01-09 13:00:00,387.316
2026-01-09 13:15:00,395.885
2026-01-09 13:30:00,401.338
2026-01-09 13:45:00,406.156
2026-01-09 14:00:00,413.242
2026-01-09 14:15:00,415.583
2026-01-09 14:30:00,421.493
2026-01-09 14:45:00,420.965
2026-01-09 15:00:00,417.112
2026-01-09 15:15:00,418.532
2026-01-09 15:30:00,417.954
2026-01-09 15:45:00,414.072
2026-01-09 16:00:00,414.768
2026-01-09 16:15:00,407.098
2026-01-09 16:30:00,399.842
2026-01-09 16:45:00,404.321
2026-01-09 17:00:00,401.057
2026-01-09 17:15:00,398.916
2026-01-09 17:30:00,397.756
2026-01-09 17:45:00,399.747
2026-01-09 18:00:00,401.418
2026-01-09 18:15:00,404.383
2026-01-09 18:30:00,412.253
2026-01-09 18:45:00,419.436
2026-01-09 19:00:00,420.033
2026-01-09 19:15:00,422.247
2026-01-09 19:30:00,426.502
2026-01-09 19:45:00,430.879
2026-01-09 20:00:00,423.807
2026-01-09 20:15:00,420.718
2026-01-09 20:30:00,414.665
2026-01-09 20:45:00,410.239
2026-01-09 21:00:00,400.177
2026-01-09 21:15:00,388.719
2026-01-09 21:30:00,372.183
2026-01-09 21:45:00,366.157
2026-01-09 22:00:00,352.106
2026-01-09 22:15:00,341.898
2026-01-09 22:30:00,329.328
2026-01-09 22:45:00,320.818
2026-01-09 23:00:00,309.676
2026-01-09 23:15:00,304.575
2026-01-09 23:30:00,296.965
2026-01-09 23:45:00,294.109
2026-01-10 00:00:00,312.699
2026-01-10 00:15:00,315.101
2026-01-10 00:30:00,313.767
2026-01-10 00:45:00,309.781
2026-01-10 01:00:00,313.225
2026-01-10 01:15:00,310.596
2026-01-10 01:30:00,307.936
2026-01-10 01:45:00,305.557
2026-01-10 02:00:00,303.796
2026-01-10 02:15:00,298.433
2026-01-10 02:30:00,297.126
2026-01-10 02:45:00,296.541
2026-01-10 03:00:00,291.578
2026-01-10 03:15:00,286.748
2026-01-10 03:30:00,282.748
2026-01-10 03:45:00,278.736
2026-01-10 04:00:00,279.753
2026-01-10 04:15:00,278.735
2026-01-10 04:30:00,274.951
2026-01-10 04:45:00,272.658
2026-01-10 05:00:00,275.288
2026-01-10 05:15:00,273.743
2026-01-10 05:30:00,276.992
2026-01-10 05:45:00,275.402
2026-01-10 06:00:00,280.196
2026-01-10 06:15:00,280.813
2026-01-10 06:30:00,289.499
2026-01-10 06:45:00,295.034
2026-01-10 07:00:00,297.92
2026-01-10 07:15:00,303.312
2026-01-10 07:30:00,307.055
2026-01-10 07:45:00,314.146
2026-01-10 08:00:00,318.094
2026-01-10 08:15:00,323.324
2026-01-10 08:30:00,326.882
2026-01-10 08:45:00,332.755
2026-01-10 09:00:00,332.82
2026-01-10 09:15:00,331.023
2026-01-10 09:30:00,336.602
2026-01-10 09:45:00,342.022
2026-01-10 10:00:00,338.041
2026-01-10 10:15:00,337.867
2026-01-10 10:30:00,333.506
2026-01-10 10:45:00,337.532
2026-01-10 11:00:00,338.544
2026-01-10 11:15:00,339.812
2026-01-10 11:30:00,339.659
2026-01-10 11:45:00,343.654
2026-01-10 12:00:00,347.977
2026-01-10 12:15:00,350.946
2026-01-10 12:30:00,356.815
2026-01-10 12:45:00,361.178
2026-01-10 13:00:00,365.148
2026-01-10 13:15:00,374.656
2026-01-10 13:30:00,380.737
2026-01-10 13:45:00,379.27
2026-01-10 14:00:00,385.814
2026-01-10 14:15:00,392.44
2026-01-10 14:30:00,397.93
2026-01-10 14:45:00,396.609
2026-01-10 15:00:00,399.04
2026-01-10 15:15:00,396.505
2026-01-10 15:30:00,395.69
2026-01-10 15:45:00,394.757
2026-01-10 16:00:00,391.914
2026-01-10 16:15:00,391.352
2026-01-10 16:30:00,388.643
2026-01-10 16:45:00,385.012
2026-01-10 17:00:00,387.561
2026-01-10 17:15:00,389.688
2026-01-10 17:30:00,390.975
2026-01-10 17:45:00,389.506
2026-01-10 18:00:00,394.282
2026-01-10 18:15:00,399.507
2026-01-10 18:30:00,404.711
2026-01-10 18:45:00,411.907
2026-01-10 19:00:00,420.102
2026-01-10 19:15:00,426.248
2026-01-10 19:30:00,427.649
2026-01-10 19:45:00,427.347
2026-01-10 20:00:00,430.868
2026-01-10 20:15:00,424.851
2026-01-10 20:30:00,415.335
2026-01-10 20:45:00,411.514
2026-01-10 21:00:00,399.855
2026-01-10 21:15:00,388.617
2026-01-10 21:30:00,373.985
2026-01-10 21:45:00,366.603
2026-01-10 22:00:00,351.796
2026-01-10 22:15:00,338.784
2026-01-10 22:30:00,326.747
2026-01-10 22:45:00,317.755
2026-01-10 23:00:00,307.857
2026-01-10 23:15:00,303.531
2026-01-10 23:30:00,288.668
2026-01-10 23:45:00,285.668
2026-01-11 00:00:00,314.824
2026-01-11 00:15:00,310.137
2026-01-11 00:30:00,313.442
2026-01-11 00:45:00,312.482
2026-01-11 01:00:00,310.447
2026-01-11 01:15:00,308.543
2026-01-11 01:30:00,306.598
2026-01-11 01:45:00,306.011
2026-01-11 02:00:00,304.828
2026-01-11 02:15:00,298.23
2026-01-11 02:30:00,293.989
2026-01-11 02:45:00,295.183
2026-01-11 03:00:00,294.24
2026-01-11 03:15:00,286.558
2026-01-11 03:30:00,288.032
2026-01-11 03:45:00,279.672
2026-01-11 04:00:00,274.55
2026-01-11 04:15:00,277.954
2026-01-11 04:30:00,276.304
2026-01-11 04:45:00,275.71
2026-01-11 05:00:00,275.862
2026-01-11 05:15:00,275.819
2026-01-11 05:30:00,277.184
2026-01-11 05:45:00,279.226
2026-01-11 06:00:00,285.187
2026-01-11 06:15:00,283.651
2026-01-11 06:30:00,290.654
2026-01-11 06:45:00,292.638
2026-01-11 07:00:00,299.939
2026-01-11 07:15:00,305.694
2026-01-11 07:30:00,309.727
2026-01-11 07:45:00,314.427
2026-01-11 08:00:00,317.689
2026-01-11 08:15:00,321.808
2026-01-11 08:30:00,330.529
2026-01-11 08:45:00,335.039
2026-01-11 09:00:00,331.938
2026-01-11 09:15:00,338.754
2026-01-11 09:30:00,334.598
2026-01-11 09:45:00,337.845
2026-01-11 10:00:00,333.713
2026-01-11 10:15:00,339.271
2026-01-11 10:30:00,336.802
2026-01-11 10:45:00,336.135
2026-01-11 11:00:00,337.865
2026-01-11 11:15:00,343.797
2026-01-11 11:30:00,342.649
2026-01-11 11:45:00,346.599
2026-01-11 12:00:00,345.765
2026-01-11 12:15:00,350.079
2026-01-11 12:30:00,361.553
2026-01-11 12:45:00,364.933
2026-01-11 13:00:00,369.364
2026-01-11 13:15:00,374.118
2026-01-11 13:30:00,381.946
2026-01-11 13:45:00,385.998
2026-01-11 14:00:00,389.225
2026-01-11 14:15:00,394.036
2026-01-11 14:30:00,396.63
2026-01-11 14:45:00,393.698
2026-01-11 15:00:00,396.7
2026-01-11 15:15:00,398.27
2026-01-11 15:30:00,398.054
2026-01-11 15:45:00,394.934
2026-01-11 16:00:00,393.169
2026-01-11 16:15:00,392.003
2026-01-11 16:30:00,389.187
2026-01-11 16:45:00,385.96
2026-01-11 17:00:00,387.042
2026-01-11 17:15:00,388.069
2026-01-11 17:30:00,390.399
2026-01-11 17:45:00,392.085
2026-01-11 18:00:00,395.002
2026-01-11 18:15:00,401.586
2026-01-11 18:30:00,407.347
2026-01-11 18:45:00,417.203
2026-01-11 19:00:00,419.634
2026-01-11 19:15:00,427.736
2026-01-11 19:30:00,429.119
2026-01-11 19:45:00,427.932
2026-01-11 20:00:00,428.007
2026-01-11 20:15:00,429.21
2026-01-11 20:30:00,418.966
2026-01-11 20:45:00,410.075
2026-01-11 21:00:00,399.384
2026-01-11 21:15:00,391.674
2026-01-11 21:30:00,378.353
2026-01-11 21:45:00,361.579
2026-01-11 22:00:00,352.705
2026-01-11 22:15:00,338.871
2026-01-11 22:30:00,325.217
2026-01-11 22:45:00,318.251
2026-01-11 23:00:00,306.037
2026-01-11 23:15:00,296.757
2026-01-11 23:30:00,289.823
2026-01-11 23:45:00,285.626
2026-01-12 00:00:00,311.719
2026-01-12 00:15:00,313.824
2026-01-12 00:30:00,312.75
2026-01-12 00:45:00,313.404
2026-01-12 01:00:00,311.267
2026-01-12 01:15:00,310.573
2026-01-12 01:30:00,305.705
2026-01-12 01:45:00,308.411
2026-01-12 02:00:00,305.147
2026-01-12 02:15:00,304.294
2026-01-12 02:30:00,299.314
2026-01-12 02:45:00,298.603
2026-01-12 03:00:00,296.427
2026-01-12 03:15:00,295.701
2026-01-12 03:30:00,287.083
2026-01-12 03:45:00,284.638
2026-01-12 04:00:00,286.388
2026-01-12 04:15:00,284.116
2026-01-12 04:30:00,282.281
2026-01-12 04:45:00,283.373
2026-01-12 05:00:00,284.322
2026-01-12 05:15:00,286.196
2026-01-12 05:30:00,289.235
2026-01-12 05:45:00,288.662
2026-01-12 06:00:00,295.769
2026-01-12 06:15:00,297.058
2026-01-12 06:30:00,301.867
2026-01-12 06:45:00,309.077
2026-01-12 07:00:00,315.197
2026-01-12 07:15:00,321.28
2026-01-12 07:30:00,326.188
2026-01-12 07:45:00,331.524
2026-01-12 08:00:00,338.205
2026-01-12 08:15:00,344.061
2026-01-12 08:30:00,348.281
2026-01-12 08:45:00,349.226
2026-01-12 09:00:00,354.487
2026-01-12 09:15:00,355.322
2026-01-12 09:30:00,357.685
2026-01-12 09:45:00,361.921
2026-01-12 10:00:00,359.075
2026-01-12 10:15:00,363.228
2026-01-12 10:30:00,357.233
2026-01-12 10:45:00,357.869
2026-01-12 11:00:00,356.998
2026-01-12 11:15:00,360.945
2026-01-12 11:30:00,362.594
2026-01-12 11:45:00,365.456
2026-01-12 12:00:00,369.425
2026-01-12 12:15:00,374.322
2026-01-12 12:30:00,381.408
2026-01-12 12:45:00,386.112
2026-01-12 13:00:00,392.777
2026-01-12 13:15:00,397.971
2026-01-12 13:30:00,401.14
2026-01-12 13:45:00,409.429
2026-01-12 14:00:00,415.428
2026-01-12 14:15:00,418.706
2026-01-12 14:30:00,419.337
2026-01-12 14:45:00,421.921
2026-01-12 15:00:00,423.264
2026-01-12 15:15:00,424.54
2026-01-12 15:30:00,416.899
2026-01-12 15:45:00,415.593
2026-01-12 16:00:00,410.201
2026-01-12 16:15:00,410.184
2026-01-12 16:30:00,404.364
2026-01-12 16:45:00,405.895
2026-01-12 17:00:00,401.38
2026-01-12 17:15:00,401.084
2026-01-12 17:30:00,401.104
2026-01-12 17:45:00,406.241
2026-01-12 18:00:00,404.242
2026-01-12 18:15:00,411.834
2026-01-12 18:30:00,416.362
2026-01-12 18:45:00,419.477
2026-01-12 19:00:00,424.041
2026-01-12 19:15:00,426.972
2026-01-12 19:30:00,430.954
2026-01-12 19:45:00,430.14
2026-01-12 20:00:00,432.614
2026-01-12 20:15:00,425.944
2026-01-12 20:30:00,418.872
2026-01-12 20:45:00,413.19
2026-01-12 21:00:00,402.065
2026-01-12 21:15:00,392.287
2026-01-12 21:30:00,378.02
2026-01-12 21:45:00,361.599
2026-01-12 22:00:00,356.043
2026-01-12 22:15:00,341.609
2026-01-12 22:30:00,331.687
2026-01-12 22:45:00,321.289
2026-01-12 23:00:00,310.21
2026-01-12 23:15:00,303.108
2026-01-12 23:30:00,297.48
2026-01-12 23:45:00,293.018
2026-01-13 00:00:00,311.11
2026-01-13 00:15:00,313.065
2026-01-13 00:30:00,312.129
2026-01-13 00:45:00,313.482
2026-01-13 01:00:00,314.214
2026-01-13 01:15:00,311.67
2026-01-13 01:30:00,310.96
2026-01-13 01:45:00,308.187
2026-01-13 02:00:00,309.515
2026-01-13 02:15:00,302.045
2026-01-13 02:30:00,297.863
2026-01-13 02:45:00,296.409
2026-01-13 03:00:00,293.815
2026-01-13 03:15:00,291.85
2026-01-13 03:30:00,288.392
2026-01-13 03:45:00,286.564
2026-01-13 04:00:00,285.259
2026-01-13 04:15:00,283.803
2026-01-13 04:30:00,283.782
2026-01-13 04:45:00,284.077
2026-01-13 05:00:00,285.511
2026-01-13 05:15:00,281.992
2026-01-13 05:30:00,286.904
2026-01-13 05:45:00,289.166
2026-01-13 06:00:00,292.561
2026-01-13 06:15:00,299.924
2026-01-13 06:30:00,302.612
2026-01-13 06:45:00,313.457
2026-01-13 07:00:00,312.296
2026-01-13 07:15:00,325.143
2026-01-13 07:30:00,328.82
2026-01-13 07:45:00,336.981
2026-01-13 08:00:00,335.943
2026-01-13 08:15:00,347.234
2026-01-13 08:30:00,350.503
2026-01-13 08:45:00,352.912
2026-01-13 09:00:00,354.367
2026-01-13 09:15:00,359.3
2026-01-13 09:30:00,360.563
2026-01-13 09:45:00,358.622
2026-01-13 10:00:00,361.418
2026-01-13 10:15:00,361.222
2026-01-13 10:30:00,361.16
2026-01-13 10:45:00,359.367
2026-01-13 11:00:00,357.647
2026-01-13 11:15:00,360
2026-01-13 11:30:00,366.402
2026-01-13 11:45:00,367.79
2026-01-13 12:00:00,372.579
2026-01-13 12:15:00,377.006
2026-01-13 12:30:00,382.313
2026-01-13 12:45:00,387.623
2026-01-13 13:00:00,392.151
2026-01-13 13:15:00,400.581
2026-01-13 13:30:00,401.939
2026-01-13 13:45:00,409.022
2026-01-13 14:00:00,415.992
2026-01-13 14:15:00,419.524
2026-01-13 14:30:00,424.255
2026-01-13 14:45:00,419.322
2026-01-13 15:00:00,421.895
2026-01-13 15:15:00,425.274
2026-01-13 15:30:00,422.955
2026-01-13 15:45:00,415.284
2026-01-13 16:00:00,412.542
2026-01-13 16:15:00,411.15
2026-01-13 16:30:00,407.621
2026-01-13 16:45:00,405.595
2026-01-13 17:00:00,400.933
2026-01-13 17:15:00,404.64
2026-01-13 17:30:00,398.983
2026-01-13 17:45:00,400.189
2026-01-13 18:00:00,411.076
2026-01-13 18:15:00,409.058
2026-01-13 18:30:00,414.446
2026-01-13 18:45:00,419.872
2026-01-13 19:00:00,422.225
2026-01-13 19:15:00,427.502
2026-01-13 19:30:00,429.364
2026-01-13 19:45:00,427.532
2026-01-13 20:00:00,432.314
2026-01-13 20:15:00,427.42
2026-01-13 20:30:00,414.151
2026-01-13 20:45:00,408.235
2026-01-13 21:00:00,399.439
2026-01-13 21:15:00,388.832
2026-01-13 21:30:00,378.41
2026-01-13 21:45:00,368.983
2026-01-13 22:00:00,351.978
2026-01-13 22:15:00,343.053
2026-01-13 22:30:00,328.541
2026-01-13 22:45:00,321.971
2026-01-13 23:00:00,316.577
2026-01-13 23:15:00,303.644
2026-01-13 23:30:00,294.069
2026-01-13 23:45:00,290.672
2026-01-14 00:00:00,315.725
2026-01-14 00:15:00,313.88
2026-01-14 00:30:00,315.323
2026-01-14 00:45:00,313.532
2026-01-14 01:00:00,311.455
2026-01-14 01:15:00,309.992
2026-01-14 01:30:00,313.421
2026-01-14 01:45:00,312.692
2026-01-14 02:00:00,309.749
2026-01-14 02:15:00,302.97
2026-01-14 02:30:00,301.2
2026-01-14 02:45:00,300.698
2026-01-14 03:00:00,294.191
2026-01-14 03:15:00,295.555
2026-01-14 03:30:00,291.67
2026-01-14 03:45:00,287.811
2026-01-14 04:00:00,287.174
2026-01-14 04:15:00,284.715
2026-01-14 04:30:00,283.755
2026-01-14 04:45:00,285.221
2026-01-14 05:00:00,283.725
2026-01-14 05:15:00,288.46
2026-01-14 05:30:00,285.071
2026-01-14 05:45:00,292.585
2026-01-14 06:00:00,293.458
2026-01-14 06:15:00,302.408
2026-01-14 06:30:00,304.434
2026-01-14 06:45:00,307.777
2026-01-14 07:00:00,313.554
2026-01-14 07:15:00,321.93
2026-01-14 07:30:00,325.114
2026-01-14 07:45:00,335.263
2026-01-14 08:00:00,342.778
2026-01-14 08:15:00,347.557
2026-01-14 08:30:00,351.681
2026-01-14 08:45:00,355.089
2026-01-14 09:00:00,359.041
2026-01-14 09:15:00,360.011
2026-01-14 09:30:00,356.683
2026-01-14 09:45:00,359.172
2026-01-14 10:00:00,361.888
2026-01-14 10:15:00,360.311
2026-01-14 10:30:00,358.282
2026-01-14 10:45:00,362.627
2026-01-14 11:00:00,360.948
2026-01-14 11:15:00,359.286
2026-01-14 11:30:00,364.615
2026-01-14 11:45:00,368.024
2026-01-14 12:00:00,372.395
2026-01-14 12:15:00,377.6
2026-01-14 12:30:00,380.958
2026-01-14 12:45:00,386.394
2026-01-14 13:00:00,392.229
2026-01-14 13:15:00,395.887
2026-01-14 13:30:00,405.9
2026-01-14 13:45:00,410.728
2026-01-14 14:00:00,414.336
2026-01-14 14:15:00,421.371
2026-01-14 14:30:00,425.124
2026-01-14 14:45:00,425.031
2026-01-14 15:00:00,425.732
2026-01-14 15:15:00,421.612
2026-01-14 15:30:00,421.438
2026-01-14 15:45:00,416.249
2026-01-14 16:00:00,414.845
2026-01-14 16:15:00,411.652
2026-01-14 16:30:00,410.882
2026-01-14 16:45:00,404.572
2026-01-14 17:00:00,401.702
2026-01-14 17:15:00,401.962
2026-01-14 17:30:00,400.899
2026-01-14 17:45:00,408.205
2026-01-14 18:00:00,409.855
2026-01-14 18:15:00,410.229
2026-01-14 18:30:00,416.687
2026-01-14 18:45:00,419.004
2026-01-14 19:00:00,427.243
2026-01-14 19:15:00,423.752
2026-01-14 19:30:00,431.845
2026-01-14 19:45:00,431.398
2026-01-14 20:00:00,424.418
2026-01-14 20:15:00,422.295
2026-01-14 20:30:00,419.997
2026-01-14 20:45:00,410.821
2026-01-14 21:00:00,400.429
2026-01-14 21:15:00,389.847
2026-01-14 21:30:00,378.233
2026-01-14 21:45:00,369.102
2026-01-14 22:00:00,356.75
2026-01-14 22:15:00,341.65
2026-01-14 22:30:00,330.263
2026-01-14 22:45:00,324.426
2026-01-14 23:00:00,314.303
2026-01-14 23:15:00,304.187
2026-01-14 23:30:00,300.906
2026-01-14 23:45:00,293.18
2026-01-15 00:00:00,318.314
2026-01-15 00:15:00,314.624
2026-01-15 00:30:00,317.544
2026-01-15 00:45:00,314.319
2026-01-15 01:00:00,313.324
2026-01-15 01:15:00,312.419
2026-01-15 01:30:00,308.833
2026-01-15 01:45:00,310.159
2026-01-15 02:00:00,308.32
2026-01-15 02:15:00,301.93
2026-01-15 02:30:00,301.321
2026-01-15 02:45:00,298.281
2026-01-15 03:00:00,292.503
2026-01-15 03:15:00,291.82
2026-01-15 03:30:00,290.741
2026-01-15 03:45:00,284.921
2026-01-15 04:00:00,286.648
2026-01-15 04:15:00,286.838
2026-01-15 04:30:00,284.676
2026-01-15 04:45:00,285.449
2026-01-15 05:00:00,281.984
2026-01-15 05:15:00,284.947
2026-01-15 05:30:00,288.041
2026-01-15 05:45:00,293.716
2026-01-15 06:00:00,296.95
2026-01-15 06:15:00,298.282
2026-01-15 06:30:00,303.439
2026-01-15 06:45:00,309.61
2026-01-15 07:00:00,314.434
2026-01-15 07:15:00,321.994
2026-01-15 07:30:00,328.902
2026-01-15 07:45:00,332.858
2026-01-15 08:00:00,340.246
2026-01-15 08:15:00,348.193
2026-01-15 08:30:00,349.148
2026-01-15 08:45:00,357.048
2026-01-15 09:00:00,358.733
2026-01-15 09:15:00,357.698
2026-01-15 09:30:00,358.121
2026-01-15 09:45:00,360.913
2026-01-15 10:00:00,363.026
2026-01-15 10:15:00,360.08
2026-01-15 10:30:00,360.482
2026-01-15 10:45:00,363.108
2026-01-15 11:00:00,360.46
2026-01-15 11:15:00,364.219
2026-01-15 11:30:00,367.727
2026-01-15 11:45:00,369.411
2026-01-15 12:00:00,371.441
2026-01-15 12:15:00,376.955
2026-01-15 12:30:00,382.272
2026-01-15 12:45:00,386.381
2026-01-15 13:00:00,391.623
2026-01-15 13:15:00,400.672
2026-01-15 13:30:00,407.445
2026-01-15 13:45:00,409.778
2026-01-15 14:00:00,417.144
2026-01-15 14:15:00,418.98
2026-01-15 14:30:00,421.248
2026-01-15 14:45:00,427.025
2026-01-15 15:00:00,423.888
2026-01-15 15:15:00,424.411
2026-01-15 15:30:00,423.982
2026-01-15 15:45:00,420.4
2026-01-15 16:00:00,419.621
2026-01-15 16:15:00,414.87
2026-01-15 16:30:00,415.804
2026-01-15 16:45:00,405.183
2026-01-15 17:00:00,402.883
2026-01-15 17:15:00,404.989
2026-01-15 17:30:00,404.366
2026-01-15 17:45:00,403.616
2026-01-15 18:00:00,407.676
2026-01-15 18:15:00,412.114
2026-01-15 18:30:00,416.239
2026-01-15 18:45:00,420.817
2026-01-15 19:00:00,425.138
2026-01-15 19:15:00,429.644
2026-01-15 19:30:00,432.317
2026-01-15 19:45:00,432.66
2026-01-15 20:00:00,428.563
2026-01-15 20:15:00,430.608
2026-01-15 20:30:00,421.63
2026-01-15 20:45:00,409.796
2026-01-15 21:00:00,402.449
2026-01-15 21:15:00,391.118
2026-01-15 21:30:00,379.237
2026-01-15 21:45:00,366.743
2026-01-15 22:00:00,352.506
2026-01-15 22:15:00,339.459
2026-01-15 22:30:00,332.481
2026-01-15 22:45:00,319.959
2026-01-15 23:00:00,312.696
2026-01-15 23:15:00,308.199
2026-01-15 23:30:00,298.263
2026-01-15 23:45:00,290.534
2026-01-16 00:00:00,316.203
2026-01-16 00:15:00,315.717
2026-01-16 00:30:00,315.682
2026-01-16 00:45:00,315.378
2026-01-16 01:00:00,312.985
2026-01-16 01:15:00,316.051
2026-01-16 01:30:00,312.991
2026-01-16 01:45:00,307.051
2026-01-16 02:00:00,307.919
2026-01-16 02:15:00,303.589
2026-01-16 02:30:00,303.856
2026-01-16 02:45:00,297.252
2026-01-16 03:00:00,297.18
2026-01-16 03:15:00,292.547
2026-01-16 03:30:00,291.144
2026-01-16 03:45:00,286.838
2026-01-16 04:00:00,286.02
2026-01-16 04:15:00,285.09
2026-01-16 04:30:00,285.726
2026-01-16 04:45:00,284.811
2026-01-16 05:00:00,287.81
2026-01-16 05:15:00,283.283
2026-01-16 05:30:00,288.673
2026-01-16 05:45:00,292.314
2026-01-16 06:00:00,295.002
2026-01-16 06:15:00,300.196
2026-01-16 06:30:00,304.946
2026-01-16 06:45:00,308.732
2026-01-16 07:00:00,317.573
2026-01-16 07:15:00,322.235
2026-01-16 07:30:00,328.603
2026-01-16 07:45:00,337.722
2026-01-16 08:00:00,343.316
2026-01-16 08:15:00,347.695
2026-01-16 08:30:00,353.143
2026-01-16 08:45:00,356.383
2026-01-16 09:00:00,357.276
2026-01-16 09:15:00,358.555
2026-01-16 09:30:00,360.702
2026-01-16 09:45:00,362.031
2026-01-16 10:00:00,362.081
2026-01-16 10:15:00,360.744
2026-01-16 10:30:00,358.244
2026-01-16 10:45:00,359.938
2026-01-16 11:00:00,359.811
2026-01-16 11:15:00,365.148
2026-01-16 11:30:00,364.759
2026-01-16 11:45:00,367.946
2026-01-16 12:00:00,371.286
2026-01-16 12:15:00,377.712
2026-01-16 12:30:00,381.994
2026-01-16 12:45:00,389.682
2026-01-16 13:00:00,392.703
2026-01-16 13:15:00,401.007
2026-01-16 13:30:00,404.726
2026-01-16 13:45:00,413.064
2026-01-16 14:00:00,417.643
2026-01-16 14:15:00,422.211
2026-01-16 14:30:00,422.533
2026-01-16 14:45:00,422.527
2026-01-16 15:00:00,427.634
2026-01-16 15:15:00,425.131
2026-01-16 15:30:00,421.34
2026-01-16 15:45:00,423.305
2026-01-16 16:00:00,417.848
2026-01-16 16:15:00,414.969
2026-01-16 16:30:00,409.306
2026-01-16 16:45:00,405.247
2026-01-16 17:00:00,406.858
2026-01-16 17:15:00,401.529
2026-01-16 17:30:00,401.384
2026-01-16 17:45:00,409.308
2026-01-16 18:00:00,406.643
2026-01-16 18:15:00,413.109
2026-01-16 18:30:00,418.856
2026-01-16 18:45:00,422.7
2026-01-16 19:00:00,426.378
2026-01-16 19:15:00,431.862
2026-01-16 19:30:00,428.113
2026-01-16 19:45:00,431.554
2026-01-16 20:00:00,428.534
2026-01-16 20:15:00,428.347
2026-01-16 20:30:00,419.901
2026-01-16 20:45:00,411.719
2026-01-16 21:00:00,401.553
2026-01-16 21:15:00,393.868
2026-01-16 21:30:00,383.422
2026-01-16 21:45:00,368.288
2026-01-16 22:00:00,355.814
2026-01-16 22:15:00,344.569
2026-01-16 22:30:00,333.359
2026-01-16 22:45:00,325.748
2026-01-16 23:00:00,313.112
2026-01-16 23:15:00,308.397
2026-01-16 23:30:00,298.419
2026-01-16 23:45:00,294.086
2026-01-17 00:00:00,314.417
2026-01-17 00:15:00,313.371
2026-01-17 00:30:00,317.455
2026-01-17 00:45:00,315.888
2026-01-17 01:00:00,313.976
2026-01-17 01:15:00,316.64
2026-01-17 01:30:00,313.053
2026-01-17 01:45:00,309.567
2026-01-17 02:00:00,307.501
2026-01-17 02:15:00,304.415
2026-01-17 02:30:00,303.595
2026-01-17 02:45:00,299.152
2026-01-17 03:00:00,292.49
2026-01-17 03:15:00,287.381
2026-01-17 03:30:00,281.76
2026-01-17 03:45:00,284.005
2026-01-17 04:00:00,278.744
2026-01-17 04:15:00,278.709
2026-01-17 04:30:00,276.46
2026-01-17 04:45:00,277.201
2026-01-17 05:00:00,275.694
2026-01-17 05:15:00,275.332
2026-01-17 05:30:00,278.512
2026-01-17 05:45:00,285.183
2026-01-17 06:00:00,282.895
2026-01-17 06:15:00,287.372
2026-01-17 06:30:00,288.67
2026-01-17 06:45:00,294.352
2026-01-17 07:00:00,305.269
2026-01-17 07:15:00,305.696
2026-01-17 07:30:00,314.484
2026-01-17 07:45:00,315.838
2026-01-17 08:00:00,323.1
2026-01-17 08:15:00,325.45
2026-01-17 08:30:00,329.757
2026-01-17 08:45:00,331.69
2026-01-17 09:00:00,336.742
2026-01-17 09:15:00,339.836
2026-01-17 09:30:00,337.376
2026-01-17 09:45:00,342.048
2026-01-17 10:00:00,342.781
2026-01-17 10:15:00,342.815
2026-01-17 10:30:00,344.586
2026-01-17 10:45:00,342.727
2026-01-17 11:00:00,344.349
2026-01-17 11:15:00,343.747
2026-01-17 11:30:00,348.268
2026-01-17 11:45:00,346.642
2026-01-17 12:00:00,355.114
2026-01-17 12:15:00,355.429
2026-01-17 12:30:00,360.068
2026-01-17 12:45:00,368.033
2026-01-17 13:00:00,370.093
2026-01-17 13:15:00,377.204
2026-01-17 13:30:00,382.571
2026-01-17 13:45:00,390.3
2026-01-17 14:00:00,393.321
2026-01-17 14:15:00,401.763
2026-01-17 14:30:00,398.612
2026-01-17 14:45:00,400.6
2026-01-17 15:00:00,405.826
2026-01-17 15:15:00,402.59
2026-01-17 15:30:00,402.835
2026-01-17 15:45:00,400.861
2026-01-17 16:00:00,394.788
2026-01-17 16:15:00,392.335
2026-01-17 16:30:00,395.497
2026-01-17 16:45:00,388.469
2026-01-17 17:00:00,392.493
2026-01-17 17:15:00,391.211
2026-01-17 17:30:00,390.101
2026-01-17 17:45:00,397.409
2026-01-17 18:00:00,397.836
2026-01-17 18:15:00,407.863
2026-01-17 18:30:00,409.355
2026-01-17 18:45:00,418.43
2026-01-17 19:00:00,425.28
2026-01-17 19:15:00,425.695
2026-01-17 19:30:00,430.322
2026-01-17 19:45:00,432.927
2026-01-17 20:00:00,428.633
2026-01-17 20:15:00,431.034
2026-01-17 20:30:00,421.446
2026-01-17 20:45:00,413.98
2026-01-17 21:00:00,403.351
2026-01-17 21:15:00,389.726
2026-01-17 21:30:00,380.648
2026-01-17 21:45:00,367.615
2026-01-17 22:00:00,353.257
2026-01-17 22:15:00,337.891
2026-01-17 22:30:00,328.584
2026-01-17 22:45:00,318.941
2026-01-17 23:00:00,309.684
2026-01-17 23:15:00,304.723
2026-01-17 23:30:00,291.863
2026-01-17 23:45:00,290.65
2026-01-18 00:00:00,317.347
2026-01-18 00:15:00,316.509
2026-01-18 00:30:00,318.059
2026-01-18 00:45:00,315.029
2026-01-18 01:00:00,313.562
2026-01-18 01:15:00,311.604
2026-01-18 01:30:00,313.026
2026-01-18 01:45:00,305.631
2026-01-18 02:00:00,303.089
2026-01-18 02:15:00,305.96
2026-01-18 02:30:00,297.789
2026-01-18 02:45:00,299.673
2026-01-18 03:00:00,291.749
2026-01-18 03:15:00,292.6
2026-01-18 03:30:00,288.939
2026-01-18 03:45:00,284.334
2026-01-18 04:00:00,281.435
2026-01-18 04:15:00,276.319
2026-01-18 04:30:00,276.899
2026-01-18 04:45:00,278.013
2026-01-18 05:00:00,279.301
2026-01-18 05:15:00,280.907
2026-01-18 05:30:00,278.022
2026-01-18 05:45:00,282.11
2026-01-18 06:00:00,286.59
2026-01-18 06:15:00,286.917
2026-01-18 06:30:00,293.374
2026-01-18 06:45:00,297.521
2026-01-18 07:00:00,304.022
2026-01-18 07:15:00,306.693
2026-01-18 07:30:00,310.586
2026-01-18 07:45:00,322.786
2026-01-18 08:00:00,320.722
2026-01-18 08:15:00,324.956
2026-01-18 08:30:00,332.165
2026-01-18 08:45:00,335.16
2026-01-18 09:00:00,336.545
2026-01-18 09:15:00,342.11
2026-01-18 09:30:00,339.356
2026-01-18 09:45:00,340.911
2026-01-18 10:00:00,342.232
2026-01-18 10:15:00,337.78
2026-01-18 10:30:00,342.053
2026-01-18 10:45:00,338.76
2026-01-18 11:00:00,340.089
2026-01-18 11:15:00,340.875
2026-01-18 11:30:00,346.451
2026-01-18 11:45:00,349.2
2026-01-18 12:00:00,354.167
2026-01-18 12:15:00,354.049
2026-01-18 12:30:00,358.992
2026-01-18 12:45:00,368.662
2026-01-18 13:00:00,370.547
2026-01-18 13:15:00,380.84
2026-01-18 13:30:00,384.763
2026-01-18 13:45:00,387.677
2026-01-18 14:00:00,394.699
2026-01-18 14:15:00,392.153
2026-01-18 14:30:00,400.706
2026-01-18 14:45:00,403.989
2026-01-18 15:00:00,399.674
2026-01-18 15:15:00,402.408
2026-01-18 15:30:00,400.282
2026-01-18 15:45:00,398.265
2026-01-18 16:00:00,393.971
2026-01-18 16:15:00,393.979
2026-01-18 16:30:00,395.841
2026-01-18 16:45:00,395.837
2026-01-18 17:00:00,390.985
2026-01-18 17:15:00,392.011
2026-01-18 17:30:00,391.528
2026-01-18 17:45:00,400.619
2026-01-18 18:00:00,402.569
2026-01-18 18:15:00,408.705
2026-01-18 18:30:00,413.252
2026-01-18 18:45:00,419.438
2026-01-18 19:00:00,427.366
2026-01-18 19:15:00,430.552
2026-01-18 19:30:00,431.45
2026-01-18 19:45:00,433.32
2026-01-18 20:00:00,433.659
2026-01-18 20:15:00,427.572
2026-01-18 20:30:00,425.275
2026-01-18 20:45:00,413.111
2026-01-18 21:00:00,403.156
2026-01-18 21:15:00,395.655
2026-01-18 21:30:00,380.508
2026-01-18 21:45:00,367.575
2026-01-18 22:00:00,355.885
2026-01-18 22:15:00,341.356
2026-01-18 22:30:00,329.335
2026-01-18 22:45:00,319.036
2026-01-18 23:00:00,312.214
2026-01-18 23:15:00,297.963
2026-01-18 23:30:00,295.867
2026-01-18 23:45:00,291.374
2026-01-19 00:00:00,315.749
2026-01-19 00:15:00,318.058
2026-01-19 00:30:00,316.732
2026-01-19 00:45:00,315.172
2026-01-19 01:00:00,315.284
2026-01-19 01:15:00,311.831
2026-01-19 01:30:00,311.308
2026-01-19 01:45:00,310.049
2026-01-19 02:00:00,309.415
2026-01-19 02:15:00,306.95
2026-01-19 02:30:00,303.324
2026-01-19 02:45:00,298.114
2026-01-19 03:00:00,299.066
2026-01-19 03:15:00,291.813
2026-01-19 03:30:00,290.23
2026-01-19 03:45:00,289.769
2026-01-19 04:00:00,287.081
2026-01-19 04:15:00,284.269
2026-01-19 04:30:00,288.418
2026-01-19 04:45:00,288.187
2026-01-19 05:00:00,288.143
2026-01-19 05:15:00,287.494
2026-01-19 05:30:00,291.716
2026-01-19 05:45:00,290.715
2026-01-19 06:00:00,297.968
2026-01-19 06:15:00,301.417
2026-01-19 06:30:00,308.401
2026-01-19 06:45:00,312.207
2026-01-19 07:00:00,320.961
2026-01-19 07:15:00,323.084
2026-01-19 07:30:00,330.835
2026-01-19 07:45:00,336.26
2026-01-19 08:00:00,339.919
2026-01-19 08:15:00,344.272
2026-01-19 08:30:00,348.844
2026-01-19 08:45:00,356.323
2026-01-19 09:00:00,360.582
2026-01-19 09:15:00,359.209
2026-01-19 09:30:00,363.8
2026-01-19 09:45:00,359.887
2026-01-19 10:00:00,362.41
2026-01-19 10:15:00,362.658
2026-01-19 10:30:00,364.46
2026-01-19 10:45:00,365.001
2026-01-19 11:00:00,363.397
2026-01-19 11:15:00,368.637
2026-01-19 11:30:00,363.972
2026-01-19 11:45:00,372.18
2026-01-19 12:00:00,370.629
2026-01-19 12:15:00,381.454
2026-01-19 12:30:00,382.806
2026-01-19 12:45:00,388.725
2026-01-19 13:00:00,399.36
2026-01-19 13:15:00,401.682
2026-01-19 13:30:00,407.358
2026-01-19 13:45:00,414.081
2026-01-19 14:00:00,420.094
2026-01-19 14:15:00,422.582
2026-01-19 14:30:00,426.029
2026-01-19 14:45:00,428.888
2026-01-19 15:00:00,426.175
2026-01-19 15:15:00,427.984
2026-01-19 15:30:00,425.981
2026-01-19 15:45:00,425.005
2026-01-19 16:00:00,420.354
2026-01-19 16:15:00,412.47
2026-01-19 16:30:00,411.668
2026-01-19 16:45:00,406.086
2026-01-19 17:00:00,404.525
2026-01-19 17:15:00,402.987
2026-01-19 17:30:00,404.97
2026-01-19 17:45:00,404.673
2026-01-19 18:00:00,409.462
2026-01-19 18:15:00,414.681
2026-01-19 18:30:00,418.008
2026-01-19 18:45:00,420.86
2026-01-19 19:00:00,424.772
2026-01-19 19:15:00,428.045
2026-01-19 19:30:00,433.732
2026-01-19 19:45:00,432.217
2026-01-19 20:00:00,431.216
2026-01-19 20:15:00,428.207
2026-01-19 20:30:00,426.417
2026-01-19 20:45:00,413.277
2026-01-19 21:00:00,404.981
2026-01-19 21:15:00,392.37
2026-01-19 21:30:00,383.392
2026-01-19 21:45:00,369.931
2026-01-19 22:00:00,357.049
2026-01-19 22:15:00,347.931
2026-01-19 22:30:00,333.242
2026-01-19 22:45:00,324.735
2026-01-19 23:00:00,318.564
2026-01-19 23:15:00,305.55
2026-01-19 23:30:00,297.275
2026-01-19 23:45:00,290.579
2026-01-20 00:00:00,318.515
2026-01-20 00:15:00,315.198
2026-01-20 00:30:00,320.741
2026-01-20 00:45:00,317.809
2026-01-20 01:00:00,316.819
2026-01-20 01:15:00,310.585
2026-01-20 01:30:00,309.655
2026-01-20 01:45:00,311.952
2026-01-20 02:00:00,306.866
2026-01-20 02:15:00,307.398
2026-01-20 02:30:00,305.622
2026-01-20 02:45:00,299.242
2026-01-20 03:00:00,296.557
2026-01-20 03:15:00,296.384
2026-01-20 03:30:00,292.636
2026-01-20 03:45:00,289.529
2026-01-20 04:00:00,287.862
2026-01-20 04:15:00,291.228
2026-01-20 04:30:00,288.45
2026-01-20 04:45:00,286.361
2026-01-20 05:00:00,290.749
2026-01-20 05:15:00,288.226
2026-01-20 05:30:00,293.676
2026-01-20 05:45:00,291.824
2026-01-20 06:00:00,296.487
2026-01-20 06:15:00,300.991
2026-01-20 06:30:00,309.74
2026-01-20 06:45:00,309.065
2026-01-20 07:00:00,318.857
2026-01-20 07:15:00,324.289
2026-01-20 07:30:00,332.683
2026-01-20 07:45:00,338.243
2026-01-20 08:00:00,344.549
2026-01-20 08:15:00,348.469
2026-01-20 08:30:00,351.888
2026-01-20 08:45:00,351.198
2026-01-20 09:00:00,359.411
2026-01-20 09:15:00,361.445
2026-01-20 09:30:00,363.099
2026-01-20 09:45:00,363.501
2026-01-20 10:00:00,365.889
2026-01-20 10:15:00,366.778
2026-01-20 10:30:00,365.654
2026-01-20 10:45:00,362.444
2026-01-20 11:00:00,369.612
2026-01-20 11:15:00,364.223
2026-01-20 11:30:00,369.178
2026-01-20 11:45:00,373.297
2026-01-20 12:00:00,376.71
2026-01-20 12:15:00,376.443
2026-01-20 12:30:00,387.754
2026-01-20 12:45:00,388.811
2026-01-20 13:00:00,395.639
2026-01-20 13:15:00,399.287
2026-01-20 13:30:00,408.721
2026-01-20 13:45:00,412.451
2026-01-20 14:00:00,416.237
2026-01-20 14:15:00,419.99
2026-01-20 14:30:00,424.009
2026-01-20 14:45:00,424.369
2026-01-20 15:00:00,429.712
2026-01-20 15:15:00,424.948
2026-01-20 15:30:00,426.981
2026-01-20 15:45:00,423.521
2026-01-20 16:00:00,416.224
2026-01-20 16:15:00,414.861
2026-01-20 16:30:00,412.429
2026-01-20 16:45:00,408.618
2026-01-20 17:00:00,408.104
2026-01-20 17:15:00,404.567
2026-01-20 17:30:00,406.305
2026-01-20 17:45:00,407.076
2026-01-20 18:00:00,413.428
2026-01-20 18:15:00,414.487
2026-01-20 18:30:00,422.006
2026-01-20 18:45:00,424.097
2026-01-20 19:00:00,429.027
2026-01-20 19:15:00,430.864
2026-01-20 19:30:00,433.798
2026-01-20 19:45:00,436.772
2026-01-20 20:00:00,430.208
2026-01-20 20:15:00,429.55
2026-01-20 20:30:00,422.659
2026-01-20 20:45:00,417.289
2026-01-20 21:00:00,404.31
2026-01-20 21:15:00,391.02
2026-01-20 21:30:00,381.284
2026-01-20 21:45:00,369.514
2026-01-20 22:00:00,358.895
2026-01-20 22:15:00,341.227
2026-01-20 22:30:00,334.002
2026-01-20 22:45:00,327.066
2026-01-20 23:00:00,314.433
2026-01-20 23:15:00,309.303
2026-01-20 23:30:00,298.613
2026-01-20 23:45:00,293.184
2026-01-21 00:00:00,317.631
2026-01-21 00:15:00,317.684
2026-01-21 00:30:00,318.997
2026-01-21 00:45:00,316.768
2026-01-21 01:00:00,316.415
2026-01-21 01:15:00,312.905
2026-01-21 01:30:00,312.713
2026-01-21 01:45:00,311.152
2026-01-21 02:00:00,307.937
2026-01-21 02:15:00,308.667
2026-01-21 02:30:00,305.402
2026-01-21 02:45:00,295.992
2026-01-21 03:00:00,298.301
2026-01-21 03:15:00,300.417
2026-01-21 03:30:00,293.917
2026-01-21 03:45:00,291.75
2026-01-21 04:00:00,287.134
2026-01-21 04:15:00,288.479
2026-01-21 04:30:00,288.875
2026-01-21 04:45:00,287.435
2026-01-21 05:00:00,285.222
2026-01-21 05:15:00,289.854
2026-01-21 05:30:00,286.234
2026-01-21 05:45:00,292.251
2026-01-21 06:00:00,298.896
2026-01-21 06:15:00,305.117
2026-01-21 06:30:00,305.284
2026-01-21 06:45:00,312.31
2026-01-21 07:00:00,315.083
2026-01-21 07:15:00,328.853
2026-01-21 07:30:00,330.987
2026-01-21 07:45:00,339.892
2026-01-21 08:00:00,338.987
2026-01-21 08:15:00,348.157
2026-01-21 08:30:00,353.77
2026-01-21 08:45:00,354.245
2026-01-21 09:00:00,358.224
2026-01-21 09:15:00,365.012
2026-01-21 09:30:00,363.294
2026-01-21 09:45:00,363.855
2026-01-21 10:00:00,363.401
2026-01-21 10:15:00,362.417
2026-01-21 10:30:00,365.726
2026-01-21 10:45:00,367.878
2026-01-21 11:00:00,365.992
2026-01-21 11:15:00,365.502
2026-01-21 11:30:00,366.845
2026-01-21 11:45:00,373.482
2026-01-21 12:00:00,375.943
2026-01-21 12:15:00,379.365
2026-01-21 12:30:00,384.469
2026-01-21 12:45:00,393.934
2026-01-21 13:00:00,397.479
2026-01-21 13:15:00,402.794
2026-01-21 13:30:00,408.963
2026-01-21 13:45:00,414.929
2026-01-21 14:00:00,418.917
2026-01-21 14:15:00,422.512
2026-01-21 14:30:00,424.617
2026-01-21 14:45:00,428.028
2026-01-21 15:00:00,428.067
2026-01-21 15:15:00,426.229
2026-01-21 15:30:00,426.312
2026-01-21 15:45:00,421.181
2026-01-21 16:00:00,417.039
2026-01-21 16:15:00,415.932
2026-01-21 16:30:00,415.033
2026-01-21 16:45:00,406.411
2026-01-21 17:00:00,404.868
2026-01-21 17:15:00,408.364
2026-01-21 17:30:00,407.328
2026-01-21 17:45:00,410.106
2026-01-21 18:00:00,408.068
2026-01-21 18:15:00,413.679
2026-01-21 18:30:00,423.8
2026-01-21 18:45:00,425.874
2026-01-21 19:00:00,429.76
2026-01-21 19:15:00,431.682
2026-01-21 19:30:00,431.595
2026-01-21 19:45:00,436.146
2026-01-21 20:00:00,434.3
2026-01-21 20:15:00,428.552
2026-01-21 20:30:00,427.09
2026-01-21 20:45:00,412.614
2026-01-21 21:00:00,408.616
2026-01-21 21:15:00,395.789
2026-01-21 21:30:00,386.776
2026-01-21 21:45:00,370.289
2026-01-21 22:00:00,357.918
2026-01-21 22:15:00,344.532
2026-01-21 22:30:00,334.424
2026-01-21 22:45:00,327.138
2026-01-21 23:00:00,321.245
2026-01-21 23:15:00,305.193
2026-01-21 23:30:00,303.335
2026-01-21 23:45:00,297.933
2026-01-22 00:00:00,317.301
2026-01-22 00:15:00,318.128
2026-01-22 00:30:00,315.135
2026-01-22 00:45:00,317.379
2026-01-22 01:00:00,318.09
2026-01-22 01:15:00,319.03
2026-01-22 01:30:00,314.018
2026-01-22 01:45:00,313.454
2026-01-22 02:00:00,310.348
2026-01-22 02:15:00,307.061
2026-01-22 02:30:00,303.365
2026-01-22 02:45:00,300.503
2026-01-22 03:00:00,300.362
2026-01-22 03:15:00,294.383
2026-01-22 03:30:00,292.095
2026-01-22 03:45:00,287.707
2026-01-22 04:00:00,290.3
2026-01-22 04:15:00,284.32
2026-01-22 04:30:00,285.792
2026-01-22 04:45:00,287.79
2026-01-22 05:00:00,289.974
2026-01-22 05:15:00,292.149
2026-01-22 05:30:00,289.877
2026-01-22 05:45:00,291.353
2026-01-22 06:00:00,298.976
2026-01-22 06:15:00,306.362
2026-01-22 06:30:00,309.647
2026-01-22 06:45:00,311.041
2026-01-22 07:00:00,320.526
2026-01-22 07:15:00,321.933
2026-01-22 07:30:00,333.329
2026-01-22 07:45:00,340.068
2026-01-22 08:00:00,341.754
2026-01-22 08:15:00,350.211
2026-01-22 08:30:00,353.797
2026-01-22 08:45:00,357.496
2026-01-22 09:00:00,361.737
2026-01-22 09:15:00,364.475
2026-01-22 09:30:00,363.623
2026-01-22 09:45:00,365.159
2026-01-22 10:00:00,365.993
2026-01-22 10:15:00,362.66
2026-01-22 10:30:00,366.458
2026-01-22 10:45:00,364.601
2026-01-22 11:00:00,363.636
2026-01-22 11:15:00,370.138
2026-01-22 11:30:00,366.505
2026-01-22 11:45:00,372.76
2026-01-22 12:00:00,375.178
2026-01-22 12:15:00,380.1
2026-01-22 12:30:00,381.027
2026-01-22 12:45:00,391.719
2026-01-22 13:00:00,396.638
2026-01-22 13:15:00,407.098
2026-01-22 13:30:00,412.48
2026-01-22 13:45:00,410.926
2026-01-22 14:00:00,422.829
2026-01-22 14:15:00,423.577
2026-01-22 14:30:00,428.184
2026-01-22 14:45:00,425.484
2026-01-22 15:00:00,431.48
2026-01-22 15:15:00,427.708
2026-01-22 15:30:00,423.75
2026-01-22 15:45:00,422.427
2026-01-22 16:00:00,418.29
2026-01-22 16:15:00,413.419
2026-01-22 16:30:00,412.876
2026-01-22 16:45:00,412.765
2026-01-22 17:00:00,406.438
2026-01-22 17:15:00,406.846
2026-01-22 17:30:00,408.713
2026-01-22 17:45:00,411.541
2026-01-22 18:00:00,413.332
2026-01-22 18:15:00,417.382
2026-01-22 18:30:00,421.73
2026-01-22 18:45:00,426.742
2026-01-22 19:00:00,430.54
2026-01-22 19:15:00,434.882
2026-01-22 19:30:00,437.461
2026-01-22 19:45:00,434.959
2026-01-22 20:00:00,433.909
2026-01-22 20:15:00,427.371
2026-01-22 20:30:00,422.259
2026-01-22 20:45:00,417.07
2026-01-22 21:00:00,406.571
2026-01-22 21:15:00,398.095
2026-01-22 21:30:00,384.583
2026-01-22 21:45:00,371.287
2026-01-22 22:00:00,356.9
2026-01-22 22:15:00,347.803
2026-01-22 22:30:00,333.971
2026-01-22 22:45:00,327.81
2026-01-22 23:00:00,316.416
2026-01-22 23:15:00,310.117
2026-01-22 23:30:00,300.944
2026-01-22 23:45:00,297.031
2026-01-23 00:00:00,317.244
2026-01-23 00:15:00,321.418
2026-01-23 00:30:00,319.321
2026-01-23 00:45:00,317.652
2026-01-23 01:00:00,316.843
2026-01-23 01:15:00,315.973
2026-01-23 01:30:00,316.044
2026-01-23 01:45:00,312.296
2026-01-23 02:00:00,308.998
2026-01-23 02:15:00,311.426
2026-01-23 02:30:00,307.177
2026-01-23 02:45:00,301.426
2026-01-23 03:00:00,297.945
2026-01-23 03:15:00,298.067
2026-01-23 03:30:00,294.019
2026-01-23 03:45:00,290.274
2026-01-23 04:00:00,289.222
2026-01-23 04:15:00,285.893
2026-01-23 04:30:00,287.172
2026-01-23 04:45:00,291.062
2026-01-23 05:00:00,288.922
2026-01-23 05:15:00,287.133
2026-01-23 05:30:00,294.339
2026-01-23 05:45:00,293.645
2026-01-23 06:00:00,302.561
2026-01-23 06:15:00,304.414
2026-01-23 06:30:00,306.866
2026-01-23 06:45:00,314.224
2026-01-23 07:00:00,320.246
2026-01-23 07:15:00,329.65
2026-01-23 07:30:00,329.894
2026-01-23 07:45:00,340.072
2026-01-23 08:00:00,344.334
2026-01-23 08:15:00,344.269
2026-01-23 08:30:00,356.134
2026-01-23 08:45:00,355.252
2026-01-23 09:00:00,365.576
2026-01-23 09:15:00,361.837
2026-01-23 09:30:00,363.326
2026-01-23 09:45:00,362.648
2026-01-23 10:00:00,363.348
2026-01-23 10:15:00,363.853
2026-01-23 10:30:00,364.226
2026-01-23 10:45:00,364.714
2026-01-23 11:00:00,364.604
2026-01-23 11:15:00,368.508
2026-01-23 11:30:00,368.206
2026-01-23 11:45:00,370.139
2026-01-23 12:00:00,375.906
2026-01-23 12:15:00,379.602
2026-01-23 12:30:00,387.216
2026-01-23 12:45:00,391.004
2026-01-23 13:00:00,396.66
2026-01-23 13:15:00,400.921
2026-01-23 13:30:00,408.12
2026-01-23 13:45:00,414.812
2026-01-23 14:00:00,421.527
2026-01-23 14:15:00,423.916
2026-01-23 14:30:00,428.987
2026-01-23 14:45:00,431.65
2026-01-23 15:00:00,429.054
2026-01-23 15:15:00,428.072
2026-01-23 15:30:00,427.454
2026-01-23 15:45:00,427.388
2026-01-23 16:00:00,421.485
2026-01-23 16:15:00,417.236
2026-01-23 16:30:00,411.253
2026-01-23 16:45:00,411.687
2026-01-23 17:00:00,410.175
2026-01-23 17:15:00,406.457
2026-01-23 17:30:00,411.33
2026-01-23 17:45:00,410.701
2026-01-23 18:00:00,410.685
2026-01-23 18:15:00,413.393
2026-01-23 18:30:00,422.674
2026-01-23 18:45:00,427.377
2026-01-23 19:00:00,428.194
2026-01-23 19:15:00,435.657
2026-01-23 19:30:00,434.919
2026-01-23 19:45:00,435.19
2026-01-23 20:00:00,437.259
2026-01-23 20:15:00,427.288
2026-01-23 20:30:00,428.773
2026-01-23 20:45:00,418.224
2026-01-23 21:00:00,407.969
2026-01-23 21:15:00,397.15
2026-01-23 21:30:00,382.207
2026-01-23 21:45:00,373.738
2026-01-23 22:00:00,360.803
2026-01-23 22:15:00,347.81
2026-01-23 22:30:00,336.32
2026-01-23 22:45:00,327.461
2026-01-23 23:00:00,317.446
2026-01-23 23:15:00,310.317
2026-01-23 23:30:00,300.69
2026-01-23 23:45:00,296.788
2026-01-24 00:00:00,320.828
2026-01-24 00:15:00,320.651
2026-01-24 00:30:00,319.257
2026-01-24 00:45:00,315.366
2026-01-24 01:00:00,319.586
2026-01-24 01:15:00,315.214
2026-01-24 01:30:00,313.331
2026-01-24 01:45:00,310.539
2026-01-24 02:00:00,306.601
2026-01-24 02:15:00,304.98
2026-01-24 02:30:00,304.339
2026-01-24 02:45:00,301.288
2026-01-24 03:00:00,296.733
2026-01-24 03:15:00,291.144
2026-01-24 03:30:00,286.889
2026-01-24 03:45:00,282.87
2026-01-24 04:00:00,283.487
2026-01-24 04:15:00,281.63
2026-01-24 04:30:00,278.586
2026-01-24 04:45:00,279.835
2026-01-24 05:00:00,277.981
2026-01-24 05:15:00,280.086
2026-01-24 05:30:00,281.483
2026-01-24 05:45:00,282.568
2026-01-24 06:00:00,285.218
2026-01-24 06:15:00,289.325
2026-01-24 06:30:00,296.606
2026-01-24 06:45:00,303.311
2026-01-24 07:00:00,305.438
2026-01-24 07:15:00,306.28
2026-01-24 07:30:00,314.519
2026-01-24 07:45:00,322.767
2026-01-24 08:00:00,325.16
2026-01-24 08:15:00,330.953
2026-01-24 08:30:00,336.819
2026-01-24 08:45:00,336.828
2026-01-24 09:00:00,338.308
2026-01-24 09:15:00,341.592
2026-01-24 09:30:00,343.632
2026-01-24 09:45:00,345.659
2026-01-24 10:00:00,342.775
2026-01-24 10:15:00,341.938
2026-01-24 10:30:00,348.687
2026-01-24 10:45:00,346.124
2026-01-24 11:00:00,347.503
2026-01-24 11:15:00,349.338
2026-01-24 11:30:00,350.843
2026-01-24 11:45:00,352.254
2026-01-24 12:00:00,353.734
2026-01-24 12:15:00,359.928
2026-01-24 12:30:00,369.902
2026-01-24 12:45:00,368.873
2026-01-24 13:00:00,376.293
2026-01-24 13:15:00,379.686
2026-01-24 13:30:00,389.827
2026-01-24 13:45:00,393.503
2026-01-24 14:00:00,395.141
2026-01-24 14:15:00,401.304
2026-01-24 14:30:00,403.028
2026-01-24 14:45:00,407.464
2026-01-24 15:00:00,406.595
2026-01-24 15:15:00,404.428
2026-01-24 15:30:00,407.867
2026-01-24 15:45:00,400.751
2026-01-24 16:00:00,403.892
2026-01-24 16:15:00,399.198
2026-01-24 16:30:00,392.989
2026-01-24 16:45:00,395.819
2026-01-24 17:00:00,393.049
2026-01-24 17:15:00,395.383
2026-01-24 17:30:00,399.434
2026-01-24 17:45:00,402.551
2026-01-24 18:00:00,404.435
2026-01-24 18:15:00,409.416
2026-01-24 18:30:00,419.103
2026-01-24 18:45:00,423.713
2026-01-24 19:00:00,427.947
2026-01-24 19:15:00,433.429
2026-01-24 19:30:00,434.725
2026-01-24 19:45:00,435.917
2026-01-24 20:00:00,435.514
2026-01-24 20:15:00,432.375
2026-01-24 20:30:00,427.689
2026-01-24 20:45:00,413.629
2026-01-24 21:00:00,407.903
2026-01-24 21:15:00,395.747
2026-01-24 21:30:00,381.551
2026-01-24 21:45:00,372.508
2026-01-24 22:00:00,356.9
2026-01-24 22:15:00,346.405
2026-01-24 22:30:00,332.104
2026-01-24 22:45:00,323.87
2026-01-24 23:00:00,316.028
2026-01-24 23:15:00,305.353
2026-01-24 23:30:00,297.763
2026-01-24 23:45:00,288.73
2026-01-25 00:00:00,315.967
2026-01-25 00:15:00,322.353
2026-01-25 00:30:00,316.638
2026-01-25 00:45:00,321.788
2026-01-25 01:00:00,319.807
2026-01-25 01:15:00,317.149
2026-01-25 01:30:00,312.349
2026-01-25 01:45:00,310.654
2026-01-25 02:00:00,311.857
2026-01-25 02:15:00,303.08
2026-01-25 02:30:00,304.886
2026-01-25 02:45:00,302.492
2026-01-25 03:00:00,295.933
2026-01-25 03:15:00,295.297
2026-01-25 03:30:00,292.27
2026-01-25 03:45:00,284.88
2026-01-25 04:00:00,286.142
2026-01-25 04:15:00,281.648
2026-01-25 04:30:00,279.956
2026-01-25 04:45:00,283.16
2026-01-25 05:00:00,278.58
2026-01-25 05:15:00,280.255
2026-01-25 05:30:00,280.282
2026-01-25 05:45:00,283.606
2026-01-25 06:00:00,289.985
2026-01-25 06:15:00,293.042
2026-01-25 06:30:00,294.038
2026-01-25 06:45:00,296.978
2026-01-25 07:00:00,307.423
2026-01-25 07:15:00,309.892
2026-01-25 07:30:00,320.563
2026-01-25 07:45:00,323.23
2026-01-25 08:00:00,324.854
2026-01-25 08:15:00,328.618
2026-01-25 08:30:00,335.089
2026-01-25 08:45:00,335.439
2026-01-25 09:00:00,337.081
2026-01-25 09:15:00,342.762
2026-01-25 09:30:00,345.282
2026-01-25 09:45:00,345.578
2026-01-25 10:00:00,346.291
2026-01-25 10:15:00,348.451
2026-01-25 10:30:00,347.011
2026-01-25 10:45:00,343.667
2026-01-25 11:00:00,349.321
2026-01-25 11:15:00,349.688
2026-01-25 11:30:00,351.627
2026-01-25 11:45:00,353.345
2026-01-25 12:00:00,353.221
2026-01-25 12:15:00,360.724
2026-01-25 12:30:00,364.651
2026-01-25 12:45:00,372.516
2026-01-25 13:00:00,375.372
2026-01-25 13:15:00,381.346
2026-01-25 13:30:00,387.878
2026-01-25 13:45:00,393.832
2026-01-25 14:00:00,398.426
2026-01-25 14:15:00,403.313
2026-01-25 14:30:00,403.296
2026-01-25 14:45:00,403.596
2026-01-25 15:00:00,406.373
2026-01-25 15:15:00,405.902
2026-01-25 15:30:00,404.365
2026-01-25 15:45:00,402.758
2026-01-25 16:00:00,402.485
2026-01-25 16:15:00,399.552
2026-01-25 16:30:00,393.438
2026-01-25 16:45:00,394.821
2026-01-25 17:00:00,392.542
2026-01-25 17:15:00,393.748
2026-01-25 17:30:00,399.135
2026-01-25 17:45:00,402.202
2026-01-25 18:00:00,404.917
2026-01-25 18:15:00,409.85
2026-01-25 18:30:00,415.255
2026-01-25 18:45:00,423.172
2026-01-25 19:00:00,426.188
2026-01-25 19:15:00,435.168
2026-01-25 19:30:00,433.544
2026-01-25 19:45:00,439.077
2026-01-25 20:00:00,436.927
2026-01-25 20:15:00,430.268
2026-01-25 20:30:00,428.981
2026-01-25 20:45:00,421.613
2026-01-25 21:00:00,409.39
2026-01-25 21:15:00,397.387
2026-01-25 21:30:00,382.336
2026-01-25 21:45:00,375.866
2026-01-25 22:00:00,355.488
2026-01-25 22:15:00,347.433
2026-01-25 22:30:00,333.046
2026-01-25 22:45:00,322.917
2026-01-25 23:00:00,313.187
2026-01-25 23:15:00,306.122
2026-01-25 23:30:00,301.557
2026-01-25 23:45:00,293.458
2026-01-26 00:00:00,318.204
2026-01-26 00:15:00,320.615
2026-01-26 00:30:00,321.763
2026-01-26 00:45:00,321.197
2026-01-26 01:00:00,316.413
2026-01-26 01:15:00,321.191
2026-01-26 01:30:00,315.246
2026-01-26 01:45:00,317.529
2026-01-26 02:00:00,315.612
2026-01-26 02:15:00,307.988
2026-01-26 02:30:00,306.723
2026-01-26 02:45:00,303.867
2026-01-26 03:00:00,302.135
2026-01-26 03:15:00,296.789
2026-01-26 03:30:00,292.356
2026-01-26 03:45:00,290.794
2026-01-26 04:00:00,292.603
2026-01-26 04:15:00,287.993
2026-01-26 04:30:00,292.738
2026-01-26 04:45:00,285.419
2026-01-26 05:00:00,289.778
2026-01-26 05:15:00,290.679
2026-01-26 05:30:00,293.188
2026-01-26 05:45:00,298.541
2026-01-26 06:00:00,297.319
2026-01-26 06:15:00,307.835
2026-01-26 06:30:00,308.594
2026-01-26 06:45:00,317.602
2026-01-26 07:00:00,318.827
2026-01-26 07:15:00,326.64
2026-01-26 07:30:00,336.946
2026-01-26 07:45:00,342.045
2026-01-26 08:00:00,346.115
2026-01-26 08:15:00,350.122
2026-01-26 08:30:00,356.345
2026-01-26 08:45:00,360.814
2026-01-26 09:00:00,366.051
2026-01-26 09:15:00,363.119
2026-01-26 09:30:00,364.22
2026-01-26 09:45:00,364.694
2026-01-26 10:00:00,368.314
2026-01-26 10:15:00,368.049
2026-01-26 10:30:00,367.31
2026-01-26 10:45:00,368.179
2026-01-26 11:00:00,370.735
2026-01-26 11:15:00,370.545
2026-01-26 11:30:00,368.767
2026-01-26 11:45:00,372.277
2026-01-26 12:00:00,380.127
2026-01-26 12:15:00,382.328
2026-01-26 12:30:00,384.199
2026-01-26 12:45:00,392.633
2026-01-26 13:00:00,399.18
2026-01-26 13:15:00,404.931
2026-01-26 13:30:00,415.772
2026-01-26 13:45:00,416.571
2026-01-26 14:00:00,424.16
2026-01-26 14:15:00,426.167
2026-01-26 14:30:00,429.482
2026-01-26 14:45:00,431.98
2026-01-26 15:00:00,431.247
2026-01-26 15:15:00,432.395
2026-01-26 15:30:00,430.432
2026-01-26 15:45:00,422.722
2026-01-26 16:00:00,420.633
2026-01-26 16:15:00,419.06
2026-01-26 16:30:00,415.888
2026-01-26 16:45:00,410.747
2026-01-26 17:00:00,409.393
2026-01-26 17:15:00,411.924
2026-01-26 17:30:00,409.501
2026-01-26 17:45:00,410.581
2026-01-26 18:00:00,414.128
2026-01-26 18:15:00,414.722
2026-01-26 18:30:00,422.371
2026-01-26 18:45:00,426.567
2026-01-26 19:00:00,433.607
2026-01-26 19:15:00,440.513
2026-01-26 19:30:00,436.277
2026-01-26 19:45:00,441.293
2026-01-26 20:00:00,437.492
2026-01-26 20:15:00,431.395
2026-01-26 20:30:00,428.252
2026-01-26 20:45:00,418.534
2026-01-26 21:00:00,407.706
2026-01-26 21:15:00,396.993
2026-01-26 21:30:00,385.509
2026-01-26 21:45:00,372.71
2026-01-26 22:00:00,361.167
2026-01-26 22:15:00,350.802
2026-01-26 22:30:00,335.63
2026-01-26 22:45:00,324.995
2026-01-26 23:00:00,315.992
2026-01-26 23:15:00,310.164
2026-01-26 23:30:00,302.09
2026-01-26 23:45:00,295.794
2026-01-27 00:00:00,321.308
2026-01-27 00:15:00,320.758
2026-01-27 00:30:00,323.337
2026-01-27 00:45:00,320.745
2026-01-27 01:00:00,319.549
2026-01-27 01:15:00,319.458
2026-01-27 01:30:00,315.994
2026-01-27 01:45:00,319.565
2026-01-27 02:00:00,313.259
2026-01-27 02:15:00,308.986
2026-01-27 02:30:00,308.799
2026-01-27 02:45:00,303.276
2026-01-27 03:00:00,302.247
2026-01-27 03:15:00,300.139
2026-01-27 03:30:00,294.619
2026-01-27 03:45:00,292.913
2026-01-27 04:00:00,292.052
2026-01-27 04:15:00,290.454
2026-01-27 04:30:00,286.914
2026-01-27 04:45:00,288.462
2026-01-27 05:00:00,291.147
2026-01-27 05:15:00,293.613
2026-01-27 05:30:00,291.915
2026-01-27 05:45:00,294.867
2026-01-27 06:00:00,302.289
2026-01-27 06:15:00,307.519
2026-01-27 06:30:00,310.138
2026-01-27 06:45:00,315.209
2026-01-27 07:00:00,322.767
2026-01-27 07:15:00,330.025
2026-01-27 07:30:00,334.93
2026-01-27 07:45:00,341.431
2026-01-27 08:00:00,347.554
2026-01-27 08:15:00,353.414
2026-01-27 08:30:00,355.074
2026-01-27 08:45:00,362.281
2026-01-27 09:00:00,365.447
2026-01-27 09:15:00,365.55
2026-01-27 09:30:00,365.524
2026-01-27 09:45:00,365.845
2026-01-27 10:00:00,365.519
2026-01-27 10:15:00,365.256
2026-01-27 10:30:00,365.222
2026-01-27 10:45:00,368.06
2026-01-27 11:00:00,367.791
2026-01-27 11:15:00,369.436
2026-01-27 11:30:00,373.69
2026-01-27 11:45:00,371.519
2026-01-27 12:00:00,376.568
2026-01-27 12:15:00,384.277
2026-01-27 12:30:00,388.361
2026-01-27 12:45:00,393.061
2026-01-27 13:00:00,398.936
2026-01-27 13:15:00,405.473
2026-01-27 13:30:00,414.644
2026-01-27 13:45:00,419.942
2026-01-27 14:00:00,424.678
2026-01-27 14:15:00,429.167
2026-01-27 14:30:00,430.555
2026-01-27 14:45:00,431.008
2026-01-27 15:00:00,429.069
2026-01-27 15:15:00,431.484
2026-01-27 15:30:00,426.793
2026-01-27 15:45:00,428.417
2026-01-27 16:00:00,419.895
2026-01-27 16:15:00,419.051
2026-01-27 16:30:00,415.64
2026-01-27 16:45:00,414.604
2026-01-27 17:00:00,408.467
2026-01-27 17:15:00,411.963
2026-01-27 17:30:00,410.424
2026-01-27 17:45:00,412.852
2026-01-27 18:00:00,413.776
2026-01-27 18:15:00,417.011
2026-01-27 18:30:00,424.327
2026-01-27 18:45:00,427.855
2026-01-27 19:00:00,430.607
2026-01-27 19:15:00,437.101
2026-01-27 19:30:00,433.617
2026-01-27 19:45:00,440.996
2026-01-27 20:00:00,435.146
2026-01-27 20:15:00,435.907
2026-01-27 20:30:00,425.548
2026-01-27 20:45:00,419.447
2026-01-27 21:00:00,408.415
2026-01-27 21:15:00,398.682
2026-01-27 21:30:00,382.974
2026-01-27 21:45:00,371.392
2026-01-27 22:00:00,361.768
2026-01-27 22:15:00,352.517
2026-01-27 22:30:00,341.163
2026-01-27 22:45:00,330.353
2026-01-27 23:00:00,315.937
2026-01-27 23:15:00,311.814
2026-01-27 23:30:00,303.711
2026-01-27 23:45:00,299.998
2026-01-28 00:00:00,320.616
2026-01-28 00:15:00,321.669
2026-01-28 00:30:00,318.294
2026-01-28 00:45:00,320.519
2026-01-28 01:00:00,321.491
2026-01-28 01:15:00,318.433
2026-01-28 01:30:00,318.049
2026-01-28 01:45:00,314.518
2026-01-28 02:00:00,310.532
2026-01-28 02:15:00,312.27
2026-01-28 02:30:00,305.28
2026-01-28 02:45:00,305.523
2026-01-28 03:00:00,303.087
2026-01-28 03:15:00,297.907
2026-01-28 03:30:00,298.332
2026-01-28 03:45:00,293.83
2026-01-28 04:00:00,295.951
2026-01-28 04:15:00,289.94
2026-01-28 04:30:00,287.935
2026-01-28 04:45:00,290.664
2026-01-28 05:00:00,291.861
2026-01-28 05:15:00,291.659
2026-01-28 05:30:00,293.908
2026-01-28 05:45:00,298.388
2026-01-28 06:00:00,300.064
2026-01-28 06:15:00,305.151
2026-01-28 06:30:00,312.309
2026-01-28 06:45:00,317.602
2026-01-28 07:00:00,323.256
2026-01-28 07:15:00,325.709
2026-01-28 07:30:00,338.664
2026-01-28 07:45:00,341.166
2026-01-28 08:00:00,347.216
2026-01-28 08:15:00,352.065
2026-01-28 08:30:00,356.661
2026-01-28 08:45:00,361.278
2026-01-28 09:00:00,363.35
2026-01-28 09:15:00,367.057
2026-01-28 09:30:00,370.942
2026-01-28 09:45:00,367.219
2026-01-28 10:00:00,368.763
2026-01-28 10:15:00,366.579
2026-01-28 10:30:00,371.009
2026-01-28 10:45:00,370.667
2026-01-28 11:00:00,369.521
2026-01-28 11:15:00,371.751
2026-01-28 11:30:00,374.239
2026-01-28 11:45:00,377.064
2026-01-28 12:00:00,379.173
2026-01-28 12:15:00,383.314
2026-01-28 12:30:00,388.363
2026-01-28 12:45:00,395.919
2026-01-28 13:00:00,399.34
2026-01-28 13:15:00,409.399
2026-01-28 13:30:00,414.179
2026-01-28 13:45:00,419.452
2026-01-28 14:00:00,421.362
2026-01-28 14:15:00,426.781
2026-01-28 14:30:00,428.742
2026-01-28 14:45:00,431.915
2026-01-28 15:00:00,432.176
2026-01-28 15:15:00,430.005
2026-01-28 15:30:00,430.593
2026-01-28 15:45:00,425.925
2026-01-28 16:00:00,422.613
2026-01-28 16:15:00,418.088
2026-01-28 16:30:00,418.067
2026-01-28 16:45:00,410.713
2026-01-28 17:00:00,412.813
2026-01-28 17:15:00,410.559
2026-01-28 17:30:00,408.25
2026-01-28 17:45:00,411.287
2026-01-28 18:00:00,414.993
2026-01-28 18:15:00,417.384
2026-01-28 18:30:00,425.902
2026-01-28 18:45:00,429.139
2026-01-28 19:00:00,434.397
2026-01-28 19:15:00,435.2
2026-01-28 19:30:00,439.022
2026-01-28 19:45:00,438.692
2026-01-28 20:00:00,439.753
2026-01-28 20:15:00,432.13
2026-01-28 20:30:00,427.343
2026-01-28 20:45:00,419.588
2026-01-28 21:00:00,410.068
2026-01-28 21:15:00,398.394
2026-01-28 21:30:00,386.314
2026-01-28 21:45:00,373.679
2026-01-28 22:00:00,364.751
2026-01-28 22:15:00,349.414
2026-01-28 22:30:00,338.468
2026-01-28 22:45:00,329.319
2026-01-28 23:00:00,315.65
2026-01-28 23:15:00,312.406
2026-01-28 23:30:00,307.4
2026-01-28 23:45:00,298.413
2026-01-29 00:00:00,321.467
2026-01-29 00:15:00,320.878
2026-01-29 00:30:00,324.461
2026-01-29 00:45:00,319.143
2026-01-29 01:00:00,318.191
2026-01-29 01:15:00,318.977
2026-01-29 01:30:00,317.636
2026-01-29 01:45:00,317.639
2026-01-29 02:00:00,312.552
2026-01-29 02:15:00,311.26
2026-01-29 02:30:00,304.825
2026-01-29 02:45:00,304.311
2026-01-29 03:00:00,306.045
2026-01-29 03:15:00,301.46
2026-01-29 03:30:00,293.808
2026-01-29 03:45:00,296.953
2026-01-29 04:00:00,291.661
2026-01-29 04:15:00,293.938
2026-01-29 04:30:00,288.139
2026-01-29 04:45:00,292.574
2026-01-29 05:00:00,293.535
2026-01-29 05:15:00,292.97
2026-01-29 05:30:00,295.644
2026-01-29 05:45:00,298.406
2026-01-29 06:00:00,304.336
2026-01-29 06:15:00,306.146
2026-01-29 06:30:00,312.337
2026-01-29 06:45:00,316.452
2026-01-29 07:00:00,324.378
2026-01-29 07:15:00,326.896
2026-01-29 07:30:00,336.464
2026-01-29 07:45:00,342.468
2026-01-29 08:00:00,345.439
2026-01-29 08:15:00,349.981
2026-01-29 08:30:00,355.168
2026-01-29 08:45:00,363.589
2026-01-29 09:00:00,360.367
2026-01-29 09:15:00,366.159
2026-01-29 09:30:00,366.475
2026-01-29 09:45:00,368.033
2026-01-29 10:00:00,369.079
2026-01-29 10:15:00,370.903
2026-01-29 10:30:00,370.797
2026-01-29 10:45:00,367.314
2026-01-29 11:00:00,369.737
2026-01-29 11:15:00,367.977
2026-01-29 11:30:00,372.173
2026-01-29 11:45:00,375.636
2026-01-29 12:00:00,381.363
2026-01-29 12:15:00,386.345
2026-01-29 12:30:00,391.801
2026-01-29 12:45:00,395.218
2026-01-29 13:00:00,405.351
2026-01-29 13:15:00,407.526
2026-01-29 13:30:00,412.71
2026-01-29 13:45:00,422.985
2026-01-29 14:00:00,427.312
2026-01-29 14:15:00,431.347
2026-01-29 14:30:00,430.919
2026-01-29 14:45:00,431.299
2026-01-29 15:00:00,433.42
2026-01-29 15:15:00,435.52
2026-01-29 15:30:00,429.43
2026-01-29 15:45:00,424.385
2026-01-29 16:00:00,422.54
2026-01-29 16:15:00,419.287
2026-01-29 16:30:00,418.654
2026-01-29 16:45:00,417.833
2026-01-29 17:00:00,409.267
2026-01-29 17:15:00,410.228
2026-01-29 17:30:00,413.388
2026-01-29 17:45:00,412.274
2026-01-29 18:00:00,418.411
2026-01-29 18:15:00,419.831
2026-01-29 18:30:00,423.116
2026-01-29 18:45:00,429.96
2026-01-29 19:00:00,434.834
2026-01-29 19:15:00,437.452
2026-01-29 19:30:00,437.136
2026-01-29 19:45:00,442.669
2026-01-29 20:00:00,441.536
2026-01-29 20:15:00,436.809
2026-01-29 20:30:00,427.895
2026-01-29 20:45:00,422.683
2026-01-29 21:00:00,408.468
2026-01-29 21:15:00,399.742
2026-01-29 21:30:00,389.471
2026-01-29 21:45:00,373.11
2026-01-29 22:00:00,360.814
2026-01-29 22:15:00,352.442
2026-01-29 22:30:00,340.109
2026-01-29 22:45:00,329.357
2026-01-29 23:00:00,318.423
2026-01-29 23:15:00,312.883
2026-01-29 23:30:00,307.309
2026-01-29 23:45:00,298.542
2026-01-30 00:00:00,322.447
2026-01-30 00:15:00,323.558
2026-01-30 00:30:00,321.881
2026-01-30 00:45:00,321.574
2026-01-30 01:00:00,318.128
2026-01-30 01:15:00,322.631
2026-01-30 01:30:00,321.853
2026-01-30 01:45:00,318.498
2026-01-30 02:00:00,314.272
2026-01-30 02:15:00,309.392
2026-01-30 02:30:00,312.456
2026-01-30 02:45:00,304.32
2026-01-30 03:00:00,301.062
2026-01-30 03:15:00,304.184
2026-01-30 03:30:00,296.149
2026-01-30 03:45:00,295.151
2026-01-30 04:00:00,296.689
2026-01-30 04:15:00,292.164
2026-01-30 04:30:00,291.55
2026-01-30 04:45:00,288.635
2026-01-30 05:00:00,292.193
2026-01-30 05:15:00,297.49
2026-01-30 05:30:00,295.554
2026-01-30 05:45:00,298.073
2026-01-30 06:00:00,303.078
2026-01-30 06:15:00,309.493
2026-01-30 06:30:00,310.89
2026-01-30 06:45:00,315.942
2026-01-30 07:00:00,322.009
2026-01-30 07:15:00,330.478
2026-01-30 07:30:00,335.044
2026-01-30 07:45:00,340.037
2026-01-30 08:00:00,344.506
2026-01-30 08:15:00,354.32
2026-01-30 08:30:00,357.41
2026-01-30 08:45:00,359.562
2026-01-30 09:00:00,362.333
2026-01-30 09:15:00,369.9
2026-01-30 09:30:00,367.442
2026-01-30 09:45:00,368.832
2026-01-30 10:00:00,367.705
2026-01-30 10:15:00,367.292
2026-01-30 10:30:00,367.736
2026-01-30 10:45:00,370.065
2026-01-30 11:00:00,370.535
2026-01-30 11:15:00,371.353
2026-01-30 11:30:00,375.655
2026-01-30 11:45:00,371.314
2026-01-30 12:00:00,377.189
2026-01-30 12:15:00,389.959
2026-01-30 12:30:00,390.371
2026-01-30 12:45:00,394.38
2026-01-30 13:00:00,400.972
2026-01-30 13:15:00,407.63
2026-01-30 13:30:00,415.559
2026-01-30 13:45:00,416.812
2026-01-30 14:00:00,423.408
2026-01-30 14:15:00,432.131
2026-01-30 14:30:00,433.364
2026-01-30 14:45:00,434.278
2026-01-30 15:00:00,436.904
2026-01-30 15:15:00,434.885
2026-01-30 15:30:00,431.374
2026-01-30 15:45:00,430.565
2026-01-30 16:00:00,425.544
2026-01-30 16:15:00,423.8
2026-01-30 16:30:00,419.077
2026-01-30 16:45:00,415.493
2026-01-30 17:00:00,413.498
2026-01-30 17:15:00,413.594
2026-01-30 17:30:00,409.674
2026-01-30 17:45:00,412.99
2026-01-30 18:00:00,414.474
2026-01-30 18:15:00,421.322
2026-01-30 18:30:00,428.279
2026-01-30 18:45:00,426.937
2026-01-30 19:00:00,434.35
2026-01-30 19:15:00,439.522
2026-01-30 19:30:00,439.806
2026-01-30 19:45:00,442.793
2026-01-30 20:00:00,441.412
2026-01-30 20:15:00,433.044
2026-01-30 20:30:00,427.384
2026-01-30 20:45:00,421.308
2026-01-30 21:00:00,417.217
2026-01-30 21:15:00,400.671
2026-01-30 21:30:00,390.007
2026-01-30 21:45:00,378.194
2026-01-30 22:00:00,362.216
2026-01-30 22:15:00,353.63
2026-01-30 22:30:00,338.899
2026-01-30 22:45:00,327.369
2026-01-30 23:00:00,319.706
2026-01-30 23:15:00,313.289
2026-01-30 23:30:00,303.668
2026-01-30 23:45:00,300.845
2026-01-31 00:00:00,320.885
2026-01-31 00:15:00,322.224
2026-01-31 00:30:00,317.958
2026-01-31 00:45:00,323.724
2026-01-31 01:00:00,324.101
2026-01-31 01:15:00,322.88
2026-01-31 01:30:00,317.612
2026-01-31 01:45:00,314.578
2026-01-31 02:00:00,310.336
2026-01-31 02:15:00,309.532
2026-01-31 02:30:00,305.026
2026-01-31 02:45:00,303.637
2026-01-31 03:00:00,297.955
2026-01-31 03:15:00,294.563
2026-01-31 03:30:00,289.026
2026-01-31 03:45:00,288.086
2026-01-31 04:00:00,285.398
2026-01-31 04:15:00,283.974
2026-01-31 04:30:00,287.102
2026-01-31 04:45:00,279.337
2026-01-31 05:00:00,279.576
2026-01-31 05:15:00,286.051
2026-01-31 05:30:00,284.43
2026-01-31 05:45:00,289.208
2026-01-31 06:00:00,292.093
2026-01-31 06:15:00,289.224
2026-01-31 06:30:00,294.849
2026-01-31 06:45:00,301.147
2026-01-31 07:00:00,307.929
2026-01-31 07:15:00,310.119
2026-01-31 07:30:00,320.362
2026-01-31 07:45:00,322.403
2026-01-31 08:00:00,327.784
2026-01-31 08:15:00,332.334
2026-01-31 08:30:00,334.549
2026-01-31 08:45:00,340.076
2026-01-31 09:00:00,341.602
2026-01-31 09:15:00,346.248
2026-01-31 09:30:00,345.818
2026-01-31 09:45:00,345.414
2026-01-31 10:00:00,347.169
2026-01-31 10:15:00,349.879
2026-01-31 10:30:00,352.01
2026-01-31 10:45:00,348.436
2026-01-31 11:00:00,350.136
2026-01-31 11:15:00,351.26
2026-01-31 11:30:00,352.692
2026-01-31 11:45:00,353.104
2026-01-31 12:00:00,358.704
2026-01-31 12:15:00,362.474
2026-01-31 12:30:00,370.918
2026-01-31 12:45:00,375.361
2026-01-31 13:00:00,383.725
2026-01-31 13:15:00,385.673
2026-01-31 13:30:00,394.041
2026-01-31 13:45:00,397.182
2026-01-31 14:00:00,398.532
2026-01-31 14:15:00,406.606
2026-01-31 14:30:00,404.934
2026-01-31 14:45:00,411.449
2026-01-31 15:00:00,411.647
2026-01-31 15:15:00,412.182
2026-01-31 15:30:00,410.432
2026-01-31 15:45:00,408.548
2026-01-31 16:00:00,405.523
2026-01-31 16:15:00,404.036
2026-01-31 16:30:00,398.121
2026-01-31 16:45:00,400.908
2026-01-31 17:00:00,396.056
2026-01-31 17:15:00,401.498
2026-01-31 17:30:00,401.584
2026-01-31 17:45:00,402.042
2026-01-31 18:00:00,407.389
2026-01-31 18:15:00,416.322
2026-01-31 18:30:00,420.729
2026-01-31 18:45:00,429.209
2026-01-31 19:00:00,433.72
2026-01-31 19:15:00,436.498
2026-01-31 19:30:00,442.211
2026-01-31 19:45:00,438.934
2026-01-31 20:00:00,439.856
2026-01-31 20:15:00,435.097
2026-01-31 20:30:00,430.514
2026-01-31 20:45:00,425.583
2026-01-31 21:00:00,412.469
2026-01-31 21:15:00,399.487
2026-01-31 21:30:00,384.245
2026-01-31 21:45:00,375.818
2026-01-31 22:00:00,357.34
2026-01-31 22:15:00,350.402
2026-01-31 22:30:00,335.737
2026-01-31 22:45:00,325.395
2026-01-31 23:00:00,316.697
2026-01-31 23:15:00,309.208
2026-01-31 23:30:00,303.106
2026-01-31 23:45:00,294.751
2026-02-01 00:00:00,321.537
2026-02-01 00:15:00,320.931
2026-02-01 00:30:00,324.642
2026-02-01 00:45:00,325.168
2026-02-01 01:00:00,319.229
2026-02-01 01:15:00,321.818
2026-02-01 01:30:00,321.993
2026-02-01 01:45:00,315.773
2026-02-01 02:00:00,311.657
2026-02-01 02:15:00,305.723
2026-02-01 02:30:00,305.744
2026-02-01 02:45:00,302.403
2026-02-01 03:00:00,296.657
2026-02-01 03:15:00,297.439
2026-02-01 03:30:00,292.012
2026-02-01 03:45:00,289.76
2026-02-01 04:00:00,285.27
2026-02-01 04:15:00,284.518
2026-02-01 04:30:00,281.909
2026-02-01 04:45:00,282.871
2026-02-01 05:00:00,285.82
2026-02-01 05:15:00,281.348
2026-02-01 05:30:00,285.46
2026-02-01 05:45:00,286.9
2026-02-01 06:00:00,289.433
2026-02-01 06:15:00,290.768
2026-02-01 06:30:00,300.718
2026-02-01 06:45:00,299.777
2026-02-01 07:00:00,304.819
2026-02-01 07:15:00,313.941
2026-02-01 07:30:00,322.066
2026-02-01 07:45:00,325.756
2026-02-01 08:00:00,326.136
2026-02-01 08:15:00,332.446
2026-02-01 08:30:00,336.381
2026-02-01 08:45:00,341.661
2026-02-01 09:00:00,346.363
2026-02-01 09:15:00,343.466
2026-02-01 09:30:00,345.23
2026-02-01 09:45:00,347.673
2026-02-01 10:00:00,349.092
2026-02-01 10:15:00,350.1
2026-02-01 10:30:00,352.786
2026-02-01 10:45:00,345.243
2026-02-01 11:00:00,348.888
2026-02-01 11:15:00,353.029
2026-02-01 11:30:00,351.52
2026-02-01 11:45:00,351.503
2026-02-01 12:00:00,357.429
2026-02-01 12:15:00,366.372
2026-02-01 12:30:00,373.303
2026-02-01 12:45:00,374.784
2026-02-01 13:00:00,380.543
2026-02-01 13:15:00,382.998
2026-02-01 13:30:00,389.236
2026-02-01 13:45:00,397.693
2026-02-01 14:00:00,400.355
2026-02-01 14:15:00,403.73
2026-02-01 14:30:00,407.004
2026-02-01 14:45:00,407.373
2026-02-01 15:00:00,409.338
2026-02-01 15:15:00,408.771
2026-02-01 15:30:00,412.364
2026-02-01 15:45:00,405.053
2026-02-01 16:00:00,406.61
2026-02-01 16:15:00,402.958
2026-02-01 16:30:00,401.603
2026-02-01 16:45:00,395.619
2026-02-01 17:00:00,397.249
2026-02-01 17:15:00,398.878
2026-02-01 17:30:00,404.414
2026-02-01 17:45:00,407.435
2026-02-01 18:00:00,412.809
2026-02-01 18:15:00,418.512
2026-02-01 18:30:00,421.025
2026-02-01 18:45:00,423.883
2026-02-01 19:00:00,434.081
2026-02-01 19:15:00,439.321
2026-02-01 19:30:00,438.766
2026-02-01 19:45:00,443.654
2026-02-01 20:00:00,441.846
2026-02-01 20:15:00,438.179
2026-02-01 20:30:00,434.095
2026-02-01 20:45:00,424.96
2026-02-01 21:00:00,411.071
2026-02-01 21:15:00,400.021
2026-02-01 21:30:00,386.169
2026-02-01 21:45:00,371.803
2026-02-01 22:00:00,359.449
2026-02-01 22:15:00,347.911
2026-02-01 22:30:00,335.711
2026-02-01 22:45:00,328.398
2026-02-01 23:00:00,316.785
2026-02-01 23:15:00,306.676
2026-02-01 23:30:00,299.37
2026-02-01 23:45:00,295.686
2026-02-02 00:00:00,323.165
2026-02-02 00:15:00,324.805
2026-02-02 00:30:00,320.708
2026-02-02 00:45:00,321.204
2026-02-02 01:00:00,321.284
2026-02-02 01:15:00,320.353
2026-02-02 01:30:00,320.25
2026-02-02 01:45:00,322.819
2026-02-02 02:00:00,317.804
2026-02-02 02:15:00,314.033
2026-02-02 02:30:00,307.276
2026-02-02 02:45:00,306.753
2026-02-02 03:00:00,300.355
2026-02-02 03:15:00,300.154
2026-02-02 03:30:00,296.436
2026-02-02 03:45:00,294.473
2026-02-02 04:00:00,295.355
2026-02-02 04:15:00,292.151
2026-02-02 04:30:00,292.11
2026-02-02 04:45:00,290.479
2026-02-02 05:00:00,290.435
2026-02-02 05:15:00,288.749
2026-02-02 05:30:00,296.282
2026-02-02 05:45:00,297.08
2026-02-02 06:00:00,298.091
2026-02-02 06:15:00,308.046
2026-02-02 06:30:00,315.74
2026-02-02 06:45:00,317.939
2026-02-02 07:00:00,327.13
2026-02-02 07:15:00,330.628
2026-02-02 07:30:00,337.985
2026-02-02 07:45:00,345.185
2026-02-02 08:00:00,348.814
2026-02-02 08:15:00,355.064
2026-02-02 08:30:00,359.624
2026-02-02 08:45:00,362.619
2026-02-02 09:00:00,369.146
2026-02-02 09:15:00,364.809
2026-02-02 09:30:00,369.35
2026-02-02 09:45:00,369.826
2026-02-02 10:00:00,370.07
2026-02-02 10:15:00,368.915
2026-02-02 10:30:00,370.366
2026-02-02 10:45:00,376.479
2026-02-02 11:00:00,369.669
2026-02-02 11:15:00,374.796
2026-02-02 11:30:00,378.946
2026-02-02 11:45:00,375.24
2026-02-02 12:00:00,383.962
2026-02-02 12:15:00,388.479
2026-02-02 12:30:00,391.797
2026-02-02 12:45:00,395.534
2026-02-02 13:00:00,405.397
2026-02-02 13:15:00,407.94
2026-02-02 13:30:00,411.964
2026-02-02 13:45:00,424.778
2026-02-02 14:00:00,429.123
2026-02-02 14:15:00,433.652
2026-02-02 14:30:00,430.873
2026-02-02 14:45:00,434.515
2026-02-02 15:00:00,437.601
2026-02-02 15:15:00,434.954
2026-02-02 15:30:00,431.523
2026-02-02 15:45:00,435.727
2026-02-02 16:00:00,426.309
2026-02-02 16:15:00,425.658
2026-02-02 16:30:00,421.442
2026-02-02 16:45:00,417.978
2026-02-02 17:00:00,415.773
2026-02-02 17:15:00,411.964
2026-02-02 17:30:00,418.058
2026-02-02 17:45:00,415.589
2026-02-02 18:00:00,419.306
2026-02-02 18:15:00,426.626
2026-02-02 18:30:00,423.992
2026-02-02 18:45:00,430.811
2026-02-02 19:00:00,436.942
2026-02-02 19:15:00,441.002
2026-02-02 19:30:00,442.237
2026-02-02 19:45:00,445.042
2026-02-02 20:00:00,441.469
2026-02-02 20:15:00,436.419
2026-02-02 20:30:00,431.913
2026-02-02 20:45:00,421.047
2026-02-02 21:00:00,412.434
2026-02-02 21:15:00,400.82
2026-02-02 21:30:00,391.784
2026-02-02 21:45:00,381.432
2026-02-02 22:00:00,365.022
2026-02-02 22:15:00,352.171
2026-02-02 22:30:00,342.72
2026-02-02 22:45:00,331.571
2026-02-02 23:00:00,317.989
2026-02-02 23:15:00,312.907
2026-02-02 23:30:00,305.224
2026-02-02 23:45:00,301.751
2026-02-03 00:00:00,321.881
2026-02-03 00:15:00,323.565
2026-02-03 00:30:00,325.097
2026-02-03 00:45:00,323.918
2026-02-03 01:00:00,322.793
2026-02-03 01:15:00,322.52
2026-02-03 01:30:00,319.155
2026-02-03 01:45:00,318.302
2026-02-03 02:00:00,313.34
2026-02-03 02:15:00,312.631
2026-02-03 02:30:00,307.998
2026-02-03 02:45:00,310.43
2026-02-03 03:00:00,300.542
2026-02-03 03:15:00,303.231
2026-02-03 03:30:00,298.647
2026-02-03 03:45:00,294.818
2026-02-03 04:00:00,294.506
2026-02-03 04:15:00,293.471
2026-02-03 04:30:00,289.785
2026-02-03 04:45:00,292.874
2026-02-03 05:00:00,293.347
2026-02-03 05:15:00,297.784
2026-02-03 05:30:00,299.902
2026-02-03 05:45:00,301.848
2026-02-03 06:00:00,301.602
2026-02-03 06:15:00,307.235
2026-02-03 06:30:00,314.423
2026-02-03 06:45:00,319.506
2026-02-03 07:00:00,327.425
2026-02-03 07:15:00,328.934
2026-02-03 07:30:00,338.392
2026-02-03 07:45:00,346.243
2026-02-03 08:00:00,352.298
2026-02-03 08:15:00,358.096
2026-02-03 08:30:00,356.514
2026-02-03 08:45:00,365.637
2026-02-03 09:00:00,363.971
2026-02-03 09:15:00,371.701
2026-02-03 09:30:00,371.391
2026-02-03 09:45:00,374.068
2026-02-03 10:00:00,369.076
2026-02-03 10:15:00,367.869
2026-02-03 10:30:00,371.14
2026-02-03 10:45:00,369.755
2026-02-03 11:00:00,374.3
2026-02-03 11:15:00,374.966
2026-02-03 11:30:00,376.894
2026-02-03 11:45:00,376.375
2026-02-03 12:00:00,380.612
2026-02-03 12:15:00,384.694
2026-02-03 12:30:00,389.293
2026-02-03 12:45:00,397.054
2026-02-03 13:00:00,405.968
2026-02-03 13:15:00,412.92
2026-02-03 13:30:00,419.645
2026-02-03 13:45:00,424.643
2026-02-03 14:00:00,429.744
2026-02-03 14:15:00,433.901
2026-02-03 14:30:00,435.506
2026-02-03 14:45:00,434.638
2026-02-03 15:00:00,435.315
2026-02-03 15:15:00,434.248
2026-02-03 15:30:00,434.768
2026-02-03 15:45:00,427.919
2026-02-03 16:00:00,426.185
2026-02-03 16:15:00,424.976
2026-02-03 16:30:00,423.378
2026-02-03 16:45:00,416.064
2026-02-03 17:00:00,413.532
2026-02-03 17:15:00,417.44
2026-02-03 17:30:00,410.865
2026-02-03 17:45:00,416.043
2026-02-03 18:00:00,421.156
2026-02-03 18:15:00,422.091
2026-02-03 18:30:00,428.175
2026-02-03 18:45:00,431.686
2026-02-03 19:00:00,436.075
2026-02-03 19:15:00,439.164
2026-02-03 19:30:00,442.472
2026-02-03 19:45:00,444.168
2026-02-03 20:00:00,442.584
2026-02-03 20:15:00,437.376
2026-02-03 20:30:00,430.045
2026-02-03 20:45:00,419.714
2026-02-03 21:00:00,414.432
2026-02-03 21:15:00,405.385
2026-02-03 21:30:00,389.632
2026-02-03 21:45:00,378.909
2026-02-03 22:00:00,363.866
2026-02-03 22:15:00,352.51
2026-02-03 22:30:00,344.419
2026-02-03 22:45:00,332.929
2026-02-03 23:00:00,319.753
2026-02-03 23:15:00,311.299
2026-02-03 23:30:00,305.761
2026-02-03 23:45:00,300.462
2026-02-04 00:00:00,320.463
2026-02-04 00:15:00,321.809
2026-02-04 00:30:00,323.215
2026-02-04 00:45:00,326.097
2026-02-04 01:00:00,323.677
2026-02-04 01:15:00,324.904
2026-02-04 01:30:00,323.642
2026-02-04 01:45:00,319.054
2026-02-04 02:00:00,317.594
2026-02-04 02:15:00,310.02
2026-02-04 02:30:00,307.385
2026-02-04 02:45:00,306.604
2026-02-04 03:00:00,304.886
2026-02-04 03:15:00,300.291
2026-02-04 03:30:00,298.052
2026-02-04 03:45:00,298.71
2026-02-04 04:00:00,293.787
2026-02-04 04:15:00,292.423
2026-02-04 04:30:00,291.13
2026-02-04 04:45:00,288.211
2026-02-04 05:00:00,293.203
2026-02-04 05:15:00,294.445
2026-02-04 05:30:00,296.729
2026-02-04 05:45:00,300.751
2026-02-04 06:00:00,306.093
2026-02-04 06:15:00,307.73
2026-02-04 06:30:00,317.349
2026-02-04 06:45:00,321.18
2026-02-04 07:00:00,325.272
2026-02-04 07:15:00,333.06
2026-02-04 07:30:00,339.883
2026-02-04 07:45:00,343.45
2026-02-04 08:00:00,346.908
2026-02-04 08:15:00,351.343
2026-02-04 08:30:00,362.93
2026-02-04 08:45:00,362.119
2026-02-04 09:00:00,366.099
2026-02-04 09:15:00,367.573
2026-02-04 09:30:00,371.087
2026-02-04 09:45:00,372.261
2026-02-04 10:00:00,372.595
2026-02-04 10:15:00,370.796
2026-02-04 10:30:00,371.609
2026-02-04 10:45:00,372.679
2026-02-04 11:00:00,372.683
2026-02-04 11:15:00,372.637
2026-02-04 11:30:00,378.243
2026-02-04 11:45:00,381.418
2026-02-04 12:00:00,384.735
2026-02-04 12:15:00,388.862
2026-02-04 12:30:00,398.011
2026-02-04 12:45:00,398.287
2026-02-04 13:00:00,405.356
2026-02-04 13:15:00,411.738
2026-02-04 13:30:00,422.339
2026-02-04 13:45:00,425.208
2026-02-04 14:00:00,423.384
2026-02-04 14:15:00,430.312
2026-02-04 14:30:00,436.378
2026-02-04 14:45:00,437.888
2026-02-04 15:00:00,438.445
2026-02-04 15:15:00,433.056
2026-02-04 15:30:00,436.943
2026-02-04 15:45:00,431.018
2026-02-04 16:00:00,427.413
2026-02-04 16:15:00,424.038
2026-02-04 16:30:00,421.291
2026-02-04 16:45:00,418.497
2026-02-04 17:00:00,418.892
2026-02-04 17:15:00,411.783
2026-02-04 17:30:00,416.127
2026-02-04 17:45:00,420.972
2026-02-04 18:00:00,419.216
2026-02-04 18:15:00,420.78
2026-02-04 18:30:00,429.221
2026-02-04 18:45:00,431.913
2026-02-04 19:00:00,435.907
2026-02-04 19:15:00,435.978
2026-02-04 19:30:00,442.284
2026-02-04 19:45:00,442.92
2026-02-04 20:00:00,440.574
2026-02-04 20:15:00,438.81
2026-02-04 20:30:00,430.653
2026-02-04 20:45:00,424.662
2026-02-04 21:00:00,410.529
2026-02-04 21:15:00,401.976
2026-02-04 21:30:00,391.155
2026-02-04 21:45:00,378.76
2026-02-04 22:00:00,364.631
2026-02-04 22:15:00,353.783
2026-02-04 22:30:00,342.067
2026-02-04 22:45:00,332.688
2026-02-04 23:00:00,322.671
2026-02-04 23:15:00,313.761
2026-02-04 23:30:00,308.408
2026-02-04 23:45:00,302.575
2026-02-05 00:00:00,321.284
2026-02-05 00:15:00,322.176
2026-02-05 00:30:00,322.488
2026-02-05 00:45:00,323.732
2026-02-05 01:00:00,322.978
2026-02-05 01:15:00,323.118
2026-02-05 01:30:00,321.762
2026-02-05 01:45:00,315.459
2026-02-05 02:00:00,318.176
2026-02-05 02:15:00,311.401
2026-02-05 02:30:00,311.004
2026-02-05 02:45:00,307.208
2026-02-05 03:00:00,306.366
2026-02-05 03:15:00,299.514
2026-02-05 03:30:00,302.249
2026-02-05 03:45:00,296.653
2026-02-05 04:00:00,296.824
2026-02-05 04:15:00,294.828
2026-02-05 04:30:00,292.317
2026-02-05 04:45:00,292.97
2026-02-05 05:00:00,296.189
2026-02-05 05:15:00,294.386
2026-02-05 05:30:00,299.515
2026-02-05 05:45:00,298.734
2026-02-05 06:00:00,305.763
2026-02-05 06:15:00,311.627
2026-02-05 06:30:00,316.278
2026-02-05 06:45:00,320.529
2026-02-05 07:00:00,326.208
2026-02-05 07:15:00,332.329
2026-02-05 07:30:00,339.01
2026-02-05 07:45:00,342.731
2026-02-05 08:00:00,348.768
2026-02-05 08:15:00,359.078
2026-02-05 08:30:00,360.795
2026-02-05 08:45:00,363.739
2026-02-05 09:00:00,366.77
2026-02-05 09:15:00,367.168
2026-02-05 09:30:00,373.944
2026-02-05 09:45:00,369.87
2026-02-05 10:00:00,374.043
2026-02-05 10:15:00,369.219
2026-02-05 10:30:00,373.394
2026-02-05 10:45:00,368.459
2026-02-05 11:00:00,374.908
2026-02-05 11:15:00,372.936
2026-02-05 11:30:00,374.039
2026-02-05 11:45:00,380.126
2026-02-05 12:00:00,381.232
2026-02-05 12:15:00,389.406
2026-02-05 12:30:00,392.392
2026-02-05 12:45:00,399.694
2026-02-05 13:00:00,402.153
2026-02-05 13:15:00,415.858
2026-02-05 13:30:00,420.168
2026-02-05 13:45:00,425.517
2026-02-05 14:00:00,427.541
2026-02-05 14:15:00,430.332
2026-02-05 14:30:00,439.41
2026-02-05 14:45:00,436.393
2026-02-05 15:00:00,441.153
2026-02-05 15:15:00,435.855
2026-02-05 15:30:00,435.373
2026-02-05 15:45:00,429.039
2026-02-05 16:00:00,431.113
2026-02-05 16:15:00,426.847
2026-02-05 16:30:00,422.918
2026-02-05 16:45:00,417.928
2026-02-05 17:00:00,414.42
2026-02-05 17:15:00,413.19
2026-02-05 17:30:00,414.807
2026-02-05 17:45:00,416.138
2026-02-05 18:00:00,419.819
2026-02-05 18:15:00,423.835
2026-02-05 18:30:00,426.995
2026-02-05 18:45:00,432.16
2026-02-05 19:00:00,440.275
2026-02-05 19:15:00,439.722
2026-02-05 19:30:00,448.396
2026-02-05 19:45:00,442.965
2026-02-05 20:00:00,440.11
2026-02-05 20:15:00,438.357
2026-02-05 20:30:00,430.672
2026-02-05 20:45:00,426.671
2026-02-05 21:00:00,414.028
2026-02-05 21:15:00,400.395
2026-02-05 21:30:00,394.754
2026-02-05 21:45:00,376.503
2026-02-05 22:00:00,368.997
2026-02-05 22:15:00,356.325
2026-02-05 22:30:00,340.236
2026-02-05 22:45:00,334.943
2026-02-05 23:00:00,319.554
2026-02-05 23:15:00,313.354
2026-02-05 23:30:00,306.235
2026-02-05 23:45:00,303.397
2026-02-06 00:00:00,325.364
2026-02-06 00:15:00,324.031
2026-02-06 00:30:00,325.982
2026-02-06 00:45:00,324.284
2026-02-06 01:00:00,326.908
2026-02-06 01:15:00,326.693
2026-02-06 01:30:00,320.035
2026-02-06 01:45:00,316.534
2026-02-06 02:00:00,318.405
2026-02-06 02:15:00,311.943
2026-02-06 02:30:00,308.061
2026-02-06 02:45:00,308.281
2026-02-06 03:00:00,303.194
2026-02-06 03:15:00,301.737
2026-02-06 03:30:00,296.372
2026-02-06 03:45:00,300.416
2026-02-06 04:00:00,298.527
2026-02-06 04:15:00,294.07
2026-02-06 04:30:00,294.93
2026-02-06 04:45:00,290.989
2026-02-06 05:00:00,292.542
2026-02-06 05:15:00,299.32
2026-02-06 05:30:00,300.556
2026-02-06 05:45:00,301.709
2026-02-06 06:00:00,305.795
2026-02-06 06:15:00,312.21
2026-02-06 06:30:00,313.732
2026-02-06 06:45:00,322.454
2026-02-06 07:00:00,325.773
2026-02-06 07:15:00,334.959
2026-02-06 07:30:00,338.603
2026-02-06 07:45:00,347.505
2026-02-06 08:00:00,350.262
2026-02-06 08:15:00,354.568
2026-02-06 08:30:00,361.996
2026-02-06 08:45:00,363.96
2026-02-06 09:00:00,365.466
2026-02-06 09:15:00,369.605
2026-02-06 09:30:00,365.004
2026-02-06 09:45:00,374.036
2026-02-06 10:00:00,375.097
2026-02-06 10:15:00,371.207
2026-02-06 10:30:00,369.666
2026-02-06 10:45:00,372.446
2026-02-06 11:00:00,375.376
2026-02-06 11:15:00,374.967
2026-02-06 11:30:00,376.2
2026-02-06 11:45:00,377.197
2026-02-06 12:00:00,382.2
2026-02-06 12:15:00,389.098
2026-02-06 12:30:00,390.797
2026-02-06 12:45:00,401.165
2026-02-06 13:00:00,407.458
2026-02-06 13:15:00,412.498
2026-02-06 13:30:00,421.333
2026-02-06 13:45:00,422.014
2026-02-06 14:00:00,428.105
2026-02-06 14:15:00,431.839
2026-02-06 14:30:00,439.092
2026-02-06 14:45:00,440.092
2026-02-06 15:00:00,437.867
2026-02-06 15:15:00,437.063
2026-02-06 15:30:00,433.989
2026-02-06 15:45:00,433.367
2026-02-06 16:00:00,429.147
2026-02-06 16:15:00,424.828
2026-02-06 16:30:00,420.332
2026-02-06 16:45:00,420.291
2026-02-06 17:00:00,416.26
2026-02-06 17:15:00,414.773
2026-02-06 17:30:00,417.389
2026-02-06 17:45:00,422.011
2026-02-06 18:00:00,420.673
2026-02-06 18:15:00,424.967
2026-02-06 18:30:00,428.606
2026-02-06 18:45:00,435.643
2026-02-06 19:00:00,435.566
2026-02-06 19:15:00,440.289
2026-02-06 19:30:00,445.55
2026-02-06 19:45:00,443.103
2026-02-06 20:00:00,439.479
2026-02-06 20:15:00,438.401
2026-02-06 20:30:00,431.532
2026-02-06 20:45:00,428.904
2026-02-06 21:00:00,414.819
2026-02-06 21:15:00,404.277
2026-02-06 21:30:00,392.43
2026-02-06 21:45:00,382.231
2026-02-06 22:00:00,365.993
2026-02-06 22:15:00,352.69
2026-02-06 22:30:00,341.942
2026-02-06 22:45:00,330.8
2026-02-06 23:00:00,325.319
2026-02-06 23:15:00,311.582
2026-02-06 23:30:00,308.097
2026-02-06 23:45:00,303.017
2026-02-07 00:00:00,328.47
2026-02-07 00:15:00,326.804
2026-02-07 00:30:00,326.364
2026-02-07 00:45:00,325.834
2026-02-07 01:00:00,327.26
2026-02-07 01:15:00,324.932
2026-02-07 01:30:00,318.596
2026-02-07 01:45:00,318.678
2026-02-07 02:00:00,316.288
2026-02-07 02:15:00,312.645
2026-02-07 02:30:00,312.852
2026-02-07 02:45:00,307.622
2026-02-07 03:00:00,301.386
2026-02-07 03:15:00,299.269
2026-02-07 03:30:00,298.425
2026-02-07 03:45:00,293.129
2026-02-07 04:00:00,285.828
2026-02-07 04:15:00,283.854
2026-02-07 04:30:00,285.134
2026-02-07 04:45:00,285.787
2026-02-07 05:00:00,286.702
2026-02-07 05:15:00,286.885
2026-02-07 05:30:00,284.087
2026-02-07 05:45:00,286.074
2026-02-07 06:00:00,291.34
2026-02-07 06:15:00,295.973
2026-02-07 06:30:00,300.18
2026-02-07 06:45:00,304.263
2026-02-07 07:00:00,313.376
2026-02-07 07:15:00,318.958
2026-02-07 07:30:00,322.297
2026-02-07 07:45:00,328.219
2026-02-07 08:00:00,335.177
2026-02-07 08:15:00,335.825
2026-02-07 08:30:00,341.649
2026-02-07 08:45:00,342.153
2026-02-07 09:00:00,343.135
2026-02-07 09:15:00,346.553
2026-02-07 09:30:00,349.095
2026-02-07 09:45:00,348.256
2026-02-07 10:00:00,344.767
2026-02-07 10:15:00,348.672
2026-02-07 10:30:00,351.238
2026-02-07 10:45:00,353.507
2026-02-07 11:00:00,353.131
2026-02-07 11:15:00,353.539
2026-02-07 11:30:00,356.498
2026-02-07 11:45:00,359.437
2026-02-07 12:00:00,360.671
2026-02-07 12:15:00,368.509
2026-02-07 12:30:00,372.897
2026-02-07 12:45:00,376.953
2026-02-07 13:00:00,382.499
2026-02-07 13:15:00,391.646
2026-02-07 13:30:00,396.623
2026-02-07 13:45:00,397.895
2026-02-07 14:00:00,407.968
2026-02-07 14:15:00,405.537
2026-02-07 14:30:00,412.117
2026-02-07 14:45:00,411.943
2026-02-07 15:00:00,411.907
2026-02-07 15:15:00,416.378
2026-02-07 15:30:00,416.213
2026-02-07 15:45:00,412.587
2026-02-07 16:00:00,413.587
2026-02-07 16:15:00,406.932
2026-02-07 16:30:00,407.085
2026-02-07 16:45:00,403.182
2026-02-07 17:00:00,401.403
2026-02-07 17:15:00,403.304
2026-02-07 17:30:00,404.873
2026-02-07 17:45:00,408.27
2026-02-07 18:00:00,413.059
2026-02-07 18:15:00,420.878
2026-02-07 18:30:00,425.323
2026-02-07 18:45:00,430.972
2026-02-07 19:00:00,439.402
2026-02-07 19:15:00,440.99
2026-02-07 19:30:00,447.954
2026-02-07 19:45:00,449.715
2026-02-07 20:00:00,444.21
2026-02-07 20:15:00,439.991
2026-02-07 20:30:00,435.737
2026-02-07 20:45:00,423.155
2026-02-07 21:00:00,413.561
2026-02-07 21:15:00,403.926
2026-02-07 21:30:00,393.778
2026-02-07 21:45:00,377.108
2026-02-07 22:00:00,363.817
2026-02-07 22:15:00,349.04
2026-02-07 22:30:00,336.887
2026-02-07 22:45:00,328.247
2026-02-07 23:00:00,319.422
2026-02-07 23:15:00,311.447
2026-02-07 23:30:00,303.535
2026-02-07 23:45:00,296.269
2026-02-08 00:00:00,325.901
2026-02-08 00:15:00,325.659
2026-02-08 00:30:00,327.47
2026-02-08 00:45:00,327.507
2026-02-08 01:00:00,323.467
2026-02-08 01:15:00,325.968
2026-02-08 01:30:00,319.145
2026-02-08 01:45:00,321.101
2026-02-08 02:00:00,318.191
2026-02-08 02:15:00,309.466
2026-02-08 02:30:00,307.923
2026-02-08 02:45:00,305.81
2026-02-08 03:00:00,305.227
2026-02-08 03:15:00,296.949
2026-02-08 03:30:00,292.736
2026-02-08 03:45:00,291.571
2026-02-08 04:00:00,291.821
2026-02-08 04:15:00,284.617
2026-02-08 04:30:00,281.445
2026-02-08 04:45:00,282.483
2026-02-08 05:00:00,286.614
2026-02-08 05:15:00,286.224
2026-02-08 05:30:00,290.79
2026-02-08 05:45:00,290.721
2026-02-08 06:00:00,292.079
2026-02-08 06:15:00,293.939
2026-02-08 06:30:00,301.202
2026-02-08 06:45:00,303.865
2026-02-08 07:00:00,307.654
2026-02-08 07:15:00,314.568
2026-02-08 07:30:00,323.493
2026-02-08 07:45:00,328.854
2026-02-08 08:00:00,331.974
2026-02-08 08:15:00,333.714
2026-02-08 08:30:00,339.872
2026-02-08 08:45:00,343.992
2026-02-08 09:00:00,347.179
2026-02-08 09:15:00,347.162
2026-02-08 09:30:00,353.803
2026-02-08 09:45:00,350.8
2026-02-08 10:00:00,351.488
2026-02-08 10:15:00,356.742
2026-02-08 10:30:00,351.776
2026-02-08 10:45:00,353.777
2026-02-08 11:00:00,353.572
2026-02-08 11:15:00,353.42
2026-02-08 11:30:00,355.446
2026-02-08 11:45:00,359.359
2026-02-08 12:00:00,363.669
2026-02-08 12:15:00,368.497
2026-02-08 12:30:00,373.602
2026-02-08 12:45:00,378.494
2026-02-08 13:00:00,382.582
2026-02-08 13:15:00,389.518
2026-02-08 13:30:00,394.662
2026-02-08 13:45:00,401.131
2026-02-08 14:00:00,406.368
2026-02-08 14:15:00,411.529
2026-02-08 14:30:00,411.223
2026-02-08 14:45:00,417.363
2026-02-08 15:00:00,415.098
2026-02-08 15:15:00,414.94
2026-02-08 15:30:00,413.478
2026-02-08 15:45:00,412.182
2026-02-08 16:00:00,407.334
2026-02-08 16:15:00,410.208
2026-02-08 16:30:00,406.184
2026-02-08 16:45:00,404.491
2026-02-08 17:00:00,403.943
2026-02-08 17:15:00,404.048
2026-02-08 17:30:00,403.578
2026-02-08 17:45:00,408.251
2026-02-08 18:00:00,415.754
2026-02-08 18:15:00,422.864
2026-02-08 18:30:00,427.355
2026-02-08 18:45:00,433.259
2026-02-08 19:00:00,436.663
2026-02-08 19:15:00,440.528
2026-02-08 19:30:00,443.047
2026-02-08 19:45:00,447.676
2026-02-08 20:00:00,443.476
2026-02-08 20:15:00,440.223
2026-02-08 20:30:00,436.971
2026-02-08 20:45:00,424.767
2026-02-08 21:00:00,416.542
2026-02-08 21:15:00,403.783
2026-02-08 21:30:00,387.652
2026-02-08 21:45:00,380.162
2026-02-08 22:00:00,363.029
2026-02-08 22:15:00,355.436
2026-02-08 22:30:00,340.503
2026-02-08 22:45:00,329.257
2026-02-08 23:00:00,321.329
2026-02-08 23:15:00,311.494
2026-02-08 23:30:00,306.15
2026-02-08 23:45:00,297.788
2026-02-09 00:00:00,328.929
2026-02-09 00:15:00,328.33
2026-02-09 00:30:00,326.588
2026-02-09 00:45:00,322.763
2026-02-09 01:00:00,324.735
2026-02-09 01:15:00,324.364
2026-02-09 01:30:00,323.579
2026-02-09 01:45:00,316.133
2026-02-09 02:00:00,313.707
2026-02-09 02:15:00,318.759
2026-02-09 02:30:00,308.253
2026-02-09 02:45:00,307.098
2026-02-09 03:00:00,307.474
2026-02-09 03:15:00,304.508
2026-02-09 03:30:00,299.326
2026-02-09 03:45:00,298.315
2026-02-09 04:00:00,296.95
2026-02-09 04:15:00,294.781
2026-02-09 04:30:00,297.18
2026-02-09 04:45:00,297.374
2026-02-09 05:00:00,296.182
2026-02-09 05:15:00,297.073
2026-02-09 05:30:00,293.385
2026-02-09 05:45:00,302.556
2026-02-09 06:00:00,308.842
2026-02-09 06:15:00,309.044
2026-02-09 06:30:00,314.052
2026-02-09 06:45:00,319.998
2026-02-09 07:00:00,327.811
2026-02-09 07:15:00,331.557
2026-02-09 07:30:00,338.525
2026-02-09 07:45:00,344.613
2026-02-09 08:00:00,353.37
2026-02-09 08:15:00,363.237
2026-02-09 08:30:00,362.899
2026-02-09 08:45:00,364.589
2026-02-09 09:00:00,367.821
2026-02-09 09:15:00,370.989
2026-02-09 09:30:00,371.257
2026-02-09 09:45:00,373.522
2026-02-09 10:00:00,377.38
2026-02-09 10:15:00,376.062
2026-02-09 10:30:00,376.368
2026-02-09 10:45:00,375.479
2026-02-09 11:00:00,376.37
2026-02-09 11:15:00,377.908
2026-02-09 11:30:00,375.289
2026-02-09 11:45:00,380.261
2026-02-09 12:00:00,383.777
2026-02-09 12:15:00,385.691
2026-02-09 12:30:00,394.907
2026-02-09 12:45:00,402.263
2026-02-09 13:00:00,406.45
2026-02-09 13:15:00,417.296
2026-02-09 13:30:00,421.511
2026-02-09 13:45:00,428.87
2026-02-09 14:00:00,431.461
2026-02-09 14:15:00,434.983
2026-02-09 14:30:00,437.639
2026-02-09 14:45:00,439.925
2026-02-09 15:00:00,438.943
2026-02-09 15:15:00,435.513
2026-02-09 15:30:00,437.758
2026-02-09 15:45:00,433.672
2026-02-09 16:00:00,429.14
2026-02-09 16:15:00,431.008
2026-02-09 16:30:00,426.462
2026-02-09 16:45:00,420.666
2026-02-09 17:00:00,415.565
2026-02-09 17:15:00,414.581
2026-02-09 17:30:00,419.68
2026-02-09 17:45:00,417.126
2026-02-09 18:00:00,423.708
2026-02-09 18:15:00,424.114
2026-02-09 18:30:00,432.873
2026-02-09 18:45:00,435.601
2026-02-09 19:00:00,444.487
2026-02-09 19:15:00,446.945
2026-02-09 19:30:00,447.641
2026-02-09 19:45:00,450.334
2026-02-09 20:00:00,444.114
2026-02-09 20:15:00,441.68
2026-02-09 20:30:00,435.631
2026-02-09 20:45:00,427.577
2026-02-09 21:00:00,418
2026-02-09 21:15:00,408.885
2026-02-09 21:30:00,395.175
2026-02-09 21:45:00,380.903
2026-02-09 22:00:00,369.937
2026-02-09 22:15:00,353.976
2026-02-09 22:30:00,343.239
2026-02-09 22:45:00,334.127
2026-02-09 23:00:00,326.076
2026-02-09 23:15:00,316.093
2026-02-09 23:30:00,308.831
2026-02-09 23:45:00,305.075
2026-02-10 00:00:00,325.838
2026-02-10 00:15:00,330.758
2026-02-10 00:30:00,326.553
2026-02-10 00:45:00,323.112
2026-02-10 01:00:00,327.426
2026-02-10 01:15:00,323.298
2026-02-10 01:30:00,320.673
2026-02-10 01:45:00,323.445
2026-02-10 02:00:00,315.731
2026-02-10 02:15:00,313.914
2026-02-10 02:30:00,311.23
2026-02-10 02:45:00,311.143
2026-02-10 03:00:00,308.668
2026-02-10 03:15:00,302.943
2026-02-10 03:30:00,303.165
2026-02-10 03:45:00,297.835
2026-02-10 04:00:00,296.79
2026-02-10 04:15:00,294.125
2026-02-10 04:30:00,295.436
2026-02-10 04:45:00,294.795
2026-02-10 05:00:00,297.226
2026-02-10 05:15:00,298.347
2026-02-10 05:30:00,301.236
2026-02-10 05:45:00,303.328
2026-02-10 06:00:00,309.084
2026-02-10 06:15:00,314.857
2026-02-10 06:30:00,313.778
2026-02-10 06:45:00,323.277
2026-02-10 07:00:00,329.564
2026-02-10 07:15:00,332.505
2026-02-10 07:30:00,340.725
2026-02-10 07:45:00,347.424
2026-02-10 08:00:00,355.821
2026-02-10 08:15:00,358.164
2026-02-10 08:30:00,366.102
2026-02-10 08:45:00,365.94
2026-02-10 09:00:00,372.027
2026-02-10 09:15:00,369.743
2026-02-10 09:30:00,375.037
2026-02-10 09:45:00,376.014
2026-02-10 10:00:00,376.851
2026-02-10 10:15:00,375.55
2026-02-10 10:30:00,377.693
2026-02-10 10:45:00,371.814
2026-02-10 11:00:00,376.346
2026-02-10 11:15:00,375.827
2026-02-10 11:30:00,380.557
2026-02-10 11:45:00,381.983
2026-02-10 12:00:00,385.128
2026-02-10 12:15:00,390.941
2026-02-10 12:30:00,395.627
2026-02-10 12:45:00,400.099
2026-02-10 13:00:00,404.012
2026-02-10 13:15:00,417.823
2026-02-10 13:30:00,420.125
2026-02-10 13:45:00,427.427
2026-02-10 14:00:00,430.971
2026-02-10 14:15:00,437.248
2026-02-10 14:30:00,439.264
2026-02-10 14:45:00,443.829
2026-02-10 15:00:00,439.441
2026-02-10 15:15:00,445.299
2026-02-10 15:30:00,436.799
2026-02-10 15:45:00,436.374
2026-02-10 16:00:00,431.261
2026-02-10 16:15:00,430.147
2026-02-10 16:30:00,427.837
2026-02-10 16:45:00,419.807
2026-02-10 17:00:00,418.377
2026-02-10 17:15:00,418.362
2026-02-10 17:30:00,418.547
2026-02-10 17:45:00,423.105
2026-02-10 18:00:00,422.908
2026-02-10 18:15:00,426.102
2026-02-10 18:30:00,431.058
2026-02-10 18:45:00,439.705
2026-02-10 19:00:00,436.895
2026-02-10 19:15:00,445.429
2026-02-10 19:30:00,449.306
2026-02-10 19:45:00,446.566
2026-02-10 20:00:00,444.894
2026-02-10 20:15:00,441.418
2026-02-10 20:30:00,437.106
2026-02-10 20:45:00,425.77
2026-02-10 21:00:00,417.669
2026-02-10 21:15:00,404.337
2026-02-10 21:30:00,392.113
2026-02-10 21:45:00,378.169
2026-02-10 22:00:00,367.227
2026-02-10 22:15:00,354.799
2026-02-10 22:30:00,345.394
2026-02-10 22:45:00,339.38
2026-02-10 23:00:00,322.959
2026-02-10 23:15:00,316.818
2026-02-10 23:30:00,310.482
2026-02-10 23:45:00,307.655
2026-02-11 00:00:00,329.263
2026-02-11 00:15:00,328.63
2026-02-11 00:30:00,324.565
2026-02-11 00:45:00,326.801
2026-02-11 01:00:00,327.69
2026-02-11 01:15:00,326.34
2026-02-11 01:30:00,322.716
2026-02-11 01:45:00,324.571
2026-02-11 02:00:00,319.767
2026-02-11 02:15:00,315.179
2026-02-11 02:30:00,309.861
2026-02-11 02:45:00,310.216
2026-02-11 03:00:00,307.015
2026-02-11 03:15:00,298.538
2026-02-11 03:30:00,300.195
2026-02-11 03:45:00,296.667
2026-02-11 04:00:00,295.031
2026-02-11 04:15:00,298.211
2026-02-11 04:30:00,294.801
2026-02-11 04:45:00,293.831
2026-02-11 05:00:00,299.92
2026-02-11 05:15:00,295.858
2026-02-11 05:30:00,301.97
2026-02-11 05:45:00,302.233
2026-02-11 06:00:00,306.962
2026-02-11 06:15:00,312.011
2026-02-11 06:30:00,316.405
2026-02-11 06:45:00,320.941
2026-02-11 07:00:00,330.545
2026-02-11 07:15:00,338.587
2026-02-11 07:30:00,343.1
2026-02-11 07:45:00,348.805
2026-02-11 08:00:00,352.48
2026-02-11 08:15:00,360.55
2026-02-11 08:30:00,363.174
2026-02-11 08:45:00,369.796
2026-02-11 09:00:00,368.554
2026-02-11 09:15:00,374.453
2026-02-11 09:30:00,374.85
2026-02-11 09:45:00,376.945
2026-02-11 10:00:00,374.748
2026-02-11 10:15:00,374.492
2026-02-11 10:30:00,377.364
2026-02-11 10:45:00,376.23
2026-02-11 11:00:00,375.371
2026-02-11 11:15:00,376.29
2026-02-11 11:30:00,376.783
2026-02-11 11:45:00,381.779
2026-02-11 12:00:00,386.613
2026-02-11 12:15:00,393.602
2026-02-11 12:30:00,391.981
2026-02-11 12:45:00,402.326
2026-02-11 13:00:00,410.887
2026-02-11 13:15:00,420.537
2026-02-11 13:30:00,426.01
2026-02-11 13:45:00,429.114
2026-02-11 14:00:00,431.406
2026-02-11 14:15:00,438.01
2026-02-11 14:30:00,442.431
2026-02-11 14:45:00,439.039
2026-02-11 15:00:00,440.234
2026-02-11 15:15:00,441.061
2026-02-11 15:30:00,436.645
2026-02-11 15:45:00,436.061
2026-02-11 16:00:00,435.306
2026-02-11 16:15:00,428.907
2026-02-11 16:30:00,425.859
2026-02-11 16:45:00,422.527
2026-02-11 17:00:00,422.172
2026-02-11 17:15:00,422.373
2026-02-11 17:30:00,419.873
2026-02-11 17:45:00,418.51
2026-02-11 18:00:00,425.147
2026-02-11 18:15:00,430.93
2026-02-11 18:30:00,435.398
2026-02-11 18:45:00,441.131
2026-02-11 19:00:00,443.397
2026-02-11 19:15:00,447.515
2026-02-11 19:30:00,450.406
2026-02-11 19:45:00,447.576
2026-02-11 20:00:00,450.674
2026-02-11 20:15:00,445.23
2026-02-11 20:30:00,437.516
2026-02-11 20:45:00,430.234
2026-02-11 21:00:00,415.925
2026-02-11 21:15:00,407.235
2026-02-11 21:30:00,395.106
2026-02-11 21:45:00,382.06
2026-02-11 22:00:00,368.933
2026-02-11 22:15:00,356.173
2026-02-11 22:30:00,347.981
2026-02-11 22:45:00,335.312
2026-02-11 23:00:00,324.154
2026-02-11 23:15:00,317.882
2026-02-11 23:30:00,310.922
2026-02-11 23:45:00,302.279
2026-02-12 00:00:00,327.68
2026-02-12 00:15:00,327.493
2026-02-12 00:30:00,328.805
2026-02-12 00:45:00,325.653
2026-02-12 01:00:00,329.632
2026-02-12 01:15:00,327.764
2026-02-12 01:30:00,326.401
2026-02-12 01:45:00,320.814
2026-02-12 02:00:00,319.259
2026-02-12 02:15:00,316.716
2026-02-12 02:30:00,316.267
2026-02-12 02:45:00,313.894
2026-02-12 03:00:00,306.898
2026-02-12 03:15:00,304.429
2026-02-12 03:30:00,301.845
2026-02-12 03:45:00,302.128
2026-02-12 04:00:00,294.308
2026-02-12 04:15:00,298.298
2026-02-12 04:30:00,296.103
2026-02-12 04:45:00,299.227
2026-02-12 05:00:00,293.86
2026-02-12 05:15:00,297.302
2026-02-12 05:30:00,304.164
2026-02-12 05:45:00,302.213
2026-02-12 06:00:00,308.107
2026-02-12 06:15:00,311.018
2026-02-12 06:30:00,317.98
2026-02-12 06:45:00,323.625
2026-02-12 07:00:00,328.096
2026-02-12 07:15:00,334.115
2026-02-12 07:30:00,343.341
2026-02-12 07:45:00,348.969
2026-02-12 08:00:00,354.275
2026-02-12 08:15:00,359.815
2026-02-12 08:30:00,362.615
2026-02-12 08:45:00,370.077
2026-02-12 09:00:00,368.014
2026-02-12 09:15:00,374.968
2026-02-12 09:30:00,375.881
2026-02-12 09:45:00,376.394
2026-02-12 10:00:00,377.146
2026-02-12 10:15:00,377.769
2026-02-12 10:30:00,374.18
2026-02-12 10:45:00,377.144
2026-02-12 11:00:00,376.462
2026-02-12 11:15:00,376.342
2026-02-12 11:30:00,383.266
2026-02-12 11:45:00,385.171
2026-02-12 12:00:00,386.049
2026-02-12 12:15:00,391.847
2026-02-12 12:30:00,394.284
2026-02-12 12:45:00,403.135
2026-02-12 13:00:00,410.79
2026-02-12 13:15:00,416.475
2026-02-12 13:30:00,424.4
2026-02-12 13:45:00,427.251
2026-02-12 14:00:00,433.281
2026-02-12 14:15:00,438.021
2026-02-12 14:30:00,443.502
2026-02-12 14:45:00,439.178
2026-02-12 15:00:00,439.058
2026-02-12 15:15:00,443.4
2026-02-12 15:30:00,439.21
2026-02-12 15:45:00,436.029
2026-02-12 16:00:00,433.733
2026-02-12 16:15:00,430.497
2026-02-12 16:30:00,427.029
2026-02-12 16:45:00,420.804
2026-02-12 17:00:00,419.229
2026-02-12 17:15:00,418.25
2026-02-12 17:30:00,416.951
2026-02-12 17:45:00,423.95
2026-02-12 18:00:00,423.995
2026-02-12 18:15:00,429.71
2026-02-12 18:30:00,432.357
2026-02-12 18:45:00,439.332
2026-02-12 19:00:00,444.498
2026-02-12 19:15:00,444.511
2026-02-12 19:30:00,453.579
2026-02-12 19:45:00,447.462
2026-02-12 20:00:00,448.9
2026-02-12 20:15:00,443.845
2026-02-12 20:30:00,436.108
2026-02-12 20:45:00,429.225
2026-02-12 21:00:00,421.561
2026-02-12 21:15:00,408.226
2026-02-12 21:30:00,396.963
2026-02-12 21:45:00,382.699
2026-02-12 22:00:00,369.693
2026-02-12 22:15:00,358.957
2026-02-12 22:30:00,342.338
2026-02-12 22:45:00,333.379
2026-02-12 23:00:00,325.016
2026-02-12 23:15:00,315.779
2026-02-12 23:30:00,309.947
2026-02-12 23:45:00,305.766
2026-02-13 00:00:00,328.478
2026-02-13 00:15:00,324.409
2026-02-13 00:30:00,324.235
2026-02-13 00:45:00,328.627
2026-02-13 01:00:00,322.416
2026-02-13 01:15:00,323.823
2026-02-13 01:30:00,327.545
2026-02-13 01:45:00,321.255
2026-02-13 02:00:00,318.543
2026-02-13 02:15:00,319.595
2026-02-13 02:30:00,315.105
2026-02-13 02:45:00,310.562
2026-02-13 03:00:00,307.749
2026-02-13 03:15:00,305.006
2026-02-13 03:30:00,306.14
2026-02-13 03:45:00,296.406
2026-02-13 04:00:00,298.396
2026-02-13 04:15:00,301.062
2026-02-13 04:30:00,294.172
2026-02-13 04:45:00,296.004
2026-02-13 05:00:00,299.302
2026-02-13 05:15:00,299.628
2026-02-13 05:30:00,297.696
2026-02-13 05:45:00,304.122
2026-02-13 06:00:00,305.555
2026-02-13 06:15:00,313.818
2026-02-13 06:30:00,319.423
2026-02-13 06:45:00,324.034
2026-02-13 07:00:00,330.825
2026-02-13 07:15:00,337.479
2026-02-13 07:30:00,344.016
2026-02-13 07:45:00,349.325
2026-02-13 08:00:00,358.033
2026-02-13 08:15:00,358.529
2026-02-13 08:30:00,365.565
2026-02-13 08:45:00,373.072
2026-02-13 09:00:00,373.872
2026-02-13 09:15:00,374.242
2026-02-13 09:30:00,378.158
2026-02-13 09:45:00,379.153
2026-02-13 10:00:00,376.953
2026-02-13 10:15:00,375.025
2026-02-13 10:30:00,375.261
2026-02-13 10:45:00,374.753
2026-02-13 11:00:00,378.984
2026-02-13 11:15:00,379.369
2026-02-13 11:30:00,382.426
2026-02-13 11:45:00,386.792
2026-02-13 12:00:00,387.45
2026-02-13 12:15:00,393.529
2026-02-13 12:30:00,395.616
2026-02-13 12:45:00,398.768
2026-02-13 13:00:00,409.373
2026-02-13 13:15:00,416.464
2026-02-13 13:30:00,423.206
2026-02-13 13:45:00,428.967
2026-02-13 14:00:00,435.291
2026-02-13 14:15:00,438.754
2026-02-13 14:30:00,443.946
2026-02-13 14:45:00,442.484
2026-02-13 15:00:00,442.582
2026-02-13 15:15:00,442.038
2026-02-13 15:30:00,436.043
2026-02-13 15:45:00,434.678
2026-02-13 16:00:00,431.862
2026-02-13 16:15:00,432.381
2026-02-13 16:30:00,428.618
2026-02-13 16:45:00,421.654
2026-02-13 17:00:00,421.439
2026-02-13 17:15:00,419.071
2026-02-13 17:30:00,421.896
2026-02-13 17:45:00,421.825
2026-02-13 18:00:00,423.737
2026-02-13 18:15:00,427.293
2026-02-13 18:30:00,433.994
2026-02-13 18:45:00,438.931
2026-02-13 19:00:00,444.436
2026-02-13 19:15:00,450.387
2026-02-13 19:30:00,454.634
2026-02-13 19:45:00,445.889
2026-02-13 20:00:00,447.241
2026-02-13 20:15:00,443.701
2026-02-13 20:30:00,436.297
2026-02-13 20:45:00,428.621
2026-02-13 21:00:00,422.667
2026-02-13 21:15:00,404.511
2026-02-13 21:30:00,395.26
2026-02-13 21:45:00,383.095
2026-02-13 22:00:00,371.331
2026-02-13 22:15:00,357.048
2026-02-13 22:30:00,345.028
2026-02-13 22:45:00,337.249
2026-02-13 23:00:00,327.297
2026-02-13 23:15:00,319.766
2026-02-13 23:30:00,309.112
2026-02-13 23:45:00,305.766
2026-02-14 00:00:00,329.336
2026-02-14 00:15:00,328.441
2026-02-14 00:30:00,328.14
2026-02-14 00:45:00,326.917
2026-02-14 01:00:00,326.502
2026-02-14 01:15:00,326.66
2026-02-14 01:30:00,323.446
2026-02-14 01:45:00,324.055
2026-02-14 02:00:00,319.693
2026-02-14 02:15:00,314.072
2026-02-14 02:30:00,313.931
2026-02-14 02:45:00,306.776
2026-02-14 03:00:00,307.568
2026-02-14 03:15:00,301.371
2026-02-14 03:30:00,297.599
2026-02-14 03:45:00,297.331
2026-02-14 04:00:00,291.308
2026-02-14 04:15:00,287.503
2026-02-14 04:30:00,287.735
2026-02-14 04:45:00,287.016
2026-02-14 05:00:00,288.53
2026-02-14 05:15:00,285.42
2026-02-14 05:30:00,287.526
2026-02-14 05:45:00,291.767
2026-02-14 06:00:00,297.272
2026-02-14 06:15:00,300.391
2026-02-14 06:30:00,303.776
2026-02-14 06:45:00,309.508
2026-02-14 07:00:00,318.029
2026-02-14 07:15:00,320.136
2026-02-14 07:30:00,325.866
2026-02-14 07:45:00,327.474
2026-02-14 08:00:00,336.358
2026-02-14 08:15:00,342.929
2026-02-14 08:30:00,345.283
2026-02-14 08:45:00,344.404
2026-02-14 09:00:00,350.774
2026-02-14 09:15:00,353.196
2026-02-14 09:30:00,351.323
2026-02-14 09:45:00,352.052
2026-02-14 10:00:00,353.231
2026-02-14 10:15:00,354.229
2026-02-14 10:30:00,356.156
2026-02-14 10:45:00,353.458
2026-02-14 11:00:00,357.303
2026-02-14 11:15:00,359.007
2026-02-14 11:30:00,360.265
2026-02-14 11:45:00,360.308
2026-02-14 12:00:00,369.801
2026-02-14 12:15:00,368.776
2026-02-14 12:30:00,377.011
2026-02-14 12:45:00,379.658
2026-02-14 13:00:00,388.438
2026-02-14 13:15:00,392.849
2026-02-14 13:30:00,401.306
2026-02-14 13:45:00,404.574
2026-02-14 14:00:00,408.897
2026-02-14 14:15:00,414.119
2026-02-14 14:30:00,417.371
2026-02-14 14:45:00,417.179
2026-02-14 15:00:00,417.811
2026-02-14 15:15:00,420.172
2026-02-14 15:30:00,421.872
2026-02-14 15:45:00,418.041
2026-02-14 16:00:00,412.419
2026-02-14 16:15:00,415.064
2026-02-14 16:30:00,406.518
2026-02-14 16:45:00,408.261
2026-02-14 17:00:00,404.041
2026-02-14 17:15:00,406.831
2026-02-14 17:30:00,410.769
2026-02-14 17:45:00,414.932
2026-02-14 18:00:00,414.064
2026-02-14 18:15:00,426.937
2026-02-14 18:30:00,428.747
2026-02-14 18:45:00,433.709
2026-02-14 19:00:00,439.01
2026-02-14 19:15:00,445.95
2026-02-14 19:30:00,449.956
2026-02-14 19:45:00,449.672
2026-02-14 20:00:00,449.11
2026-02-14 20:15:00,444.274
2026-02-14 20:30:00,438.407
2026-02-14 20:45:00,428.945
2026-02-14 21:00:00,415.737
2026-02-14 21:15:00,404.572
2026-02-14 21:30:00,398.437
2026-02-14 21:45:00,381.795
2026-02-14 22:00:00,368.238
2026-02-14 22:15:00,355.473
2026-02-14 22:30:00,345.082
2026-02-14 22:45:00,333.767
2026-02-14 23:00:00,326.008
2026-02-14 23:15:00,311.959
2026-02-14 23:30:00,306.316
2026-02-14 23:45:00,301.18
2026-02-15 00:00:00,328.22
2026-02-15 00:15:00,328.766
2026-02-15 00:30:00,328.32
2026-02-15 00:45:00,329.119
2026-02-15 01:00:00,329.256
2026-02-15 01:15:00,326.802
2026-02-15 01:30:00,328.207
2026-02-15 01:45:00,318.598
2026-02-15 02:00:00,321.273
2026-02-15 02:15:00,316.653
2026-02-15 02:30:00,314.962
2026-02-15 02:45:00,307.027
2026-02-15 03:00:00,307.73
2026-02-15 03:15:00,300.286
2026-02-15 03:30:00,297.889
2026-02-15 03:45:00,296.865
2026-02-15 04:00:00,292.046
2026-02-15 04:15:00,286.512
2026-02-15 04:30:00,286.784
2026-02-15 04:45:00,283.192
2026-02-15 05:00:00,287.365
2026-02-15 05:15:00,289.666
2026-02-15 05:30:00,289.292
2026-02-15 05:45:00,290.124
2026-02-15 06:00:00,292.621
2026-02-15 06:15:00,298.244
2026-02-15 06:30:00,302.743
2026-02-15 06:45:00,309.796
2026-02-15 07:00:00,310.197
2026-02-15 07:15:00,316.858
2026-02-15 07:30:00,328.929
2026-02-15 07:45:00,331.173
2026-02-15 08:00:00,335.056
2026-02-15 08:15:00,338.501
2026-02-15 08:30:00,345.201
2026-02-15 08:45:00,343.288
2026-02-15 09:00:00,351.081
2026-02-15 09:15:00,352.174
2026-02-15 09:30:00,348.348
2026-02-15 09:45:00,355.65
2026-02-15 10:00:00,358.354
2026-02-15 10:15:00,357.48
2026-02-15 10:30:00,353.737
2026-02-15 10:45:00,351.356
2026-02-15 11:00:00,357.048
2026-02-15 11:15:00,356.867
2026-02-15 11:30:00,360.927
2026-02-15 11:45:00,363.591
2026-02-15 12:00:00,365.569
2026-02-15 12:15:00,371.284
2026-02-15 12:30:00,376.695
2026-02-15 12:45:00,382.107
2026-02-15 13:00:00,387.261
2026-02-15 13:15:00,396.553
2026-02-15 13:30:00,401.958
2026-02-15 13:45:00,406.116
2026-02-15 14:00:00,411.339
2026-02-15 14:15:00,412.168
2026-02-15 14:30:00,416.242
2026-02-15 14:45:00,415.284
2026-02-15 15:00:00,419.864
2026-02-15 15:15:00,419.35
2026-02-15 15:30:00,416.91
2026-02-15 15:45:00,414.657
2026-02-15 16:00:00,416.189
2026-02-15 16:15:00,413.703
2026-02-15 16:30:00,408.667
2026-02-15 16:45:00,405.341
2026-02-15 17:00:00,407.472
2026-02-15 17:15:00,408.029
2026-02-15 17:30:00,408.677
2026-02-15 17:45:00,415.042
2026-02-15 18:00:00,419.404
2026-02-15 18:15:00,425.266
2026-02-15 18:30:00,424.319
2026-02-15 18:45:00,437.465
2026-02-15 19:00:00,443.744
2026-02-15 19:15:00,446.037
2026-02-15 19:30:00,447.675
2026-02-15 19:45:00,452.019
2026-02-15 20:00:00,450.654
2026-02-15 20:15:00,444.874
2026-02-15 20:30:00,442.211
2026-02-15 20:45:00,429.139
2026-02-15 21:00:00,422.17
2026-02-15 21:15:00,406.609
2026-02-15 21:30:00,396.888
2026-02-15 21:45:00,386.609
2026-02-15 22:00:00,371.894
2026-02-15 22:15:00,357.903
2026-02-15 22:30:00,341.944
2026-02-15 22:45:00,333.921
2026-02-15 23:00:00,320.806
2026-02-15 23:15:00,317.665
2026-02-15 23:30:00,309.4
2026-02-15 23:45:00,303.48
2026-02-16 00:00:00,326.819
2026-02-16 00:15:00,335.444
2026-02-16 00:30:00,334.343
2026-02-16 00:45:00,326.822
2026-02-16 01:00:00,327.089
2026-02-16 01:15:00,328.053
2026-02-16 01:30:00,329.969
2026-02-16 01:45:00,322.897
2026-02-16 02:00:00,320.547
2026-02-16 02:15:00,321.308
2026-02-16 02:30:00,311.791
2026-02-16 02:45:00,312.71
2026-02-16 03:00:00,309.626
2026-02-16 03:15:00,303.89
2026-02-16 03:30:00,305.559
2026-02-16 03:45:00,299.829
2026-02-16 04:00:00,300.949
2026-02-16 04:15:00,299.798
2026-02-16 04:30:00,296.52
2026-02-16 04:45:00,300.148
2026-02-16 05:00:00,296.813
2026-02-16 05:15:00,301.066
2026-02-16 05:30:00,302.808
2026-02-16 05:45:00,304.697
2026-02-16 06:00:00,310.145
2026-02-16 06:15:00,313.268
2026-02-16 06:30:00,317.377
2026-02-16 06:45:00,325.414
2026-02-16 07:00:00,333.655
2026-02-16 07:15:00,340.814
2026-02-16 07:30:00,343.79
2026-02-16 07:45:00,350.249
2026-02-16 08:00:00,359.043
2026-02-16 08:15:00,363.111
2026-02-16 08:30:00,368.471
2026-02-16 08:45:00,371.977
2026-02-16 09:00:00,371.418
2026-02-16 09:15:00,379.026
2026-02-16 09:30:00,376.974
2026-02-16 09:45:00,377.434
2026-02-16 10:00:00,377.105
2026-02-16 10:15:00,379.36
2026-02-16 10:30:00,377.616
2026-02-16 10:45:00,377.688
2026-02-16 11:00:00,381.08
2026-02-16 11:15:00,381.295
2026-02-16 11:30:00,382.007
2026-02-16 11:45:00,385.757
2026-02-16 12:00:00,388.337
2026-02-16 12:15:00,393.379
2026-02-16 12:30:00,401.532
2026-02-16 12:45:00,403.938
2026-02-16 13:00:00,412.903
2026-02-16 13:15:00,418.404
2026-02-16 13:30:00,423.75
2026-02-16 13:45:00,431.294
2026-02-16 14:00:00,433.992
2026-02-16 14:15:00,441.6
2026-02-16 14:30:00,442.53
2026-02-16 14:45:00,443.273
2026-02-16 15:00:00,442.105
2026-02-16 15:15:00,440.163
2026-02-16 15:30:00,440.442
2026-02-16 15:45:00,439.17
2026-02-16 16:00:00,435.582
2026-02-16 16:15:00,432.918
2026-02-16 16:30:00,427.679
2026-02-16 16:45:00,427.423
2026-02-16 17:00:00,424.496
2026-02-16 17:15:00,421.191
2026-02-16 17:30:00,422.429
2026-02-16 17:45:00,423.096
2026-02-16 18:00:00,430.459
2026-02-16 18:15:00,431.529
2026-02-16 18:30:00,433.784
2026-02-16 18:45:00,440.403
2026-02-16 19:00:00,443.33
2026-02-16 19:15:00,447.051
2026-02-16 19:30:00,452.257
2026-02-16 19:45:00,450.285
2026-02-16 20:00:00,446.122
2026-02-16 20:15:00,446.774
2026-02-16 20:30:00,441.741
2026-02-16 20:45:00,430.63
2026-02-16 21:00:00,419.566
2026-02-16 21:15:00,409.725
2026-02-16 21:30:00,400.31
2026-02-16 21:45:00,384.749
2026-02-16 22:00:00,371.106
2026-02-16 22:15:00,358.481
2026-02-16 22:30:00,348.668
2026-02-16 22:45:00,334.353
2026-02-16 23:00:00,326.785
2026-02-16 23:15:00,319.413
2026-02-16 23:30:00,307.718
2026-02-16 23:45:00,309.314
2026-02-17 00:00:00,328.569
2026-02-17 00:15:00,333.926
2026-02-17 00:30:00,328.009
2026-02-17 00:45:00,327.409
2026-02-17 01:00:00,328.85
2026-02-17 01:15:00,331.302
2026-02-17 01:30:00,327.986
2026-02-17 01:45:00,325.666
2026-02-17 02:00:00,324.944
2026-02-17 02:15:00,318.065
2026-02-17 02:30:00,315.874
2026-02-17 02:45:00,315.288
2026-02-17 03:00:00,311.022
2026-02-17 03:15:00,309.23
2026-02-17 03:30:00,306.2
2026-02-17 03:45:00,301.713
2026-02-17 04:00:00,298.704
2026-02-17 04:15:00,302.077
2026-02-17 04:30:00,293.863
2026-02-17 04:45:00,293.909
2026-02-17 05:00:00,298.676
2026-02-17 05:15:00,302.004
2026-02-17 05:30:00,303.131
2026-02-17 05:45:00,306.588
2026-02-17 06:00:00,309.87
2026-02-17 06:15:00,313.596
2026-02-17 06:30:00,323.46
2026-02-17 06:45:00,326.281
2026-02-17 07:00:00,328.421
2026-02-17 07:15:00,340.664
2026-02-17 07:30:00,343.741
2026-02-17 07:45:00,354.003
2026-02-17 08:00:00,356.685
2026-02-17 08:15:00,363.856
2026-02-17 08:30:00,369.822
2026-02-17 08:45:00,369.826
2026-02-17 09:00:00,374.228
2026-02-17 09:15:00,374.634
2026-02-17 09:30:00,379.24
2026-02-17 09:45:00,378.445
2026-02-17 10:00:00,377.684
2026-02-17 10:15:00,377.403
2026-02-17 10:30:00,378.917
2026-02-17 10:45:00,381.303
2026-02-17 11:00:00,376.32
2026-02-17 11:15:00,378.827
2026-02-17 11:30:00,383.427
2026-02-17 11:45:00,384.55
2026-02-17 12:00:00,388.435
2026-02-17 12:15:00,394.98
2026-02-17 12:30:00,400.922
2026-02-17 12:45:00,404.679
2026-02-17 13:00:00,407.756
2026-02-17 13:15:00,420.996
2026-02-17 13:30:00,424.273
2026-02-17 13:45:00,427.16
2026-02-17 14:00:00,439.175
2026-02-17 14:15:00,440.417
2026-02-17 14:30:00,445.252
2026-02-17 14:45:00,445.23
2026-02-17 15:00:00,442.488
2026-02-17 15:15:00,446.881
2026-02-17 15:30:00,441.719
2026-02-17 15:45:00,440.634
2026-02-17 16:00:00,436.037
2026-02-17 16:15:00,433.272
2026-02-17 16:30:00,428.317
2026-02-17 16:45:00,422.085
2026-02-17 17:00:00,426.099
2026-02-17 17:15:00,421.003
2026-02-17 17:30:00,424.076
2026-02-17 17:45:00,426.834
2026-02-17 18:00:00,428.67
2026-02-17 18:15:00,427.334
2026-02-17 18:30:00,433.723
2026-02-17 18:45:00,442.555
2026-02-17 19:00:00,448.415
2026-02-17 19:15:00,448.9
2026-02-17 19:30:00,448.109
2026-02-17 19:45:00,450.816
2026-02-17 20:00:00,447.265
2026-02-17 20:15:00,448.472
2026-02-17 20:30:00,439.321
2026-02-17 20:45:00,429.581
2026-02-17 21:00:00,427.11
2026-02-17 21:15:00,409.202
2026-02-17 21:30:00,399.174
2026-02-17 21:45:00,385.109
2026-02-17 22:00:00,369.715
2026-02-17 22:15:00,361.046
2026-02-17 22:30:00,350.979
2026-02-17 22:45:00,334.006
2026-02-17 23:00:00,330.9
2026-02-17 23:15:00,322.878
2026-02-17 23:30:00,316.232
2026-02-17 23:45:00,305.457
2026-02-18 00:00:00,330.679
2026-02-18 00:15:00,327.183
2026-02-18 00:30:00,328.489
2026-02-18 00:45:00,330.938
2026-02-18 01:00:00,331.977
2026-02-18 01:15:00,326.543
2026-02-18 01:30:00,326.309
2026-02-18 01:45:00,320.123
2026-02-18 02:00:00,324.343
2026-02-18 02:15:00,318.397
2026-02-18 02:30:00,318.691
2026-02-18 02:45:00,313.975
2026-02-18 03:00:00,309.453
2026-02-18 03:15:00,308.461
2026-02-18 03:30:00,304.22
2026-02-18 03:45:00,301.922
2026-02-18 04:00:00,302.739
2026-02-18 04:15:00,300.968
2026-02-18 04:30:00,299.928
2026-02-18 04:45:00,297.256
2026-02-18 05:00:00,295.81
2026-02-18 05:15:00,303.912
2026-02-18 05:30:00,303.476
2026-02-18 05:45:00,306.189
2026-02-18 06:00:00,308.41
2026-02-18 06:15:00,314.932
2026-02-18 06:30:00,326.413
2026-02-18 06:45:00,324.524
2026-02-18 07:00:00,332.905
2026-02-18 07:15:00,338.218
2026-02-18 07:30:00,345.301
2026-02-18 07:45:00,351.666
2026-02-18 08:00:00,358.592
2026-02-18 08:15:00,361.98
2026-02-18 08:30:00,367.88
2026-02-18 08:45:00,371.489
2026-02-18 09:00:00,375.192
2026-02-18 09:15:00,376.061
2026-02-18 09:30:00,380.64
2026-02-18 09:45:00,378.631
2026-02-18 10:00:00,374.538
2026-02-18 10:15:00,380.396
2026-02-18 10:30:00,379.988
2026-02-18 10:45:00,377.636
2026-02-18 11:00:00,377.695
2026-02-18 11:15:00,380.94
2026-02-18 11:30:00,382.945
2026-02-18 11:45:00,383.894
2026-02-18 12:00:00,390.037
2026-02-18 12:15:00,395.419
2026-02-18 12:30:00,398.847
2026-02-18 12:45:00,407.627
2026-02-18 13:00:00,412.173
2026-02-18 13:15:00,419.734
2026-02-18 13:30:00,428.268
2026-02-18 13:45:00,431.145
2026-02-18 14:00:00,435.935
2026-02-18 14:15:00,441.155
2026-02-18 14:30:00,447.524
2026-02-18 14:45:00,444.934
2026-02-18 15:00:00,444.958
2026-02-18 15:15:00,445.566
2026-02-18 15:30:00,442.201
2026-02-18 15:45:00,439.15
2026-02-18 16:00:00,436.407
2026-02-18 16:15:00,432.751
2026-02-18 16:30:00,426.071
2026-02-18 16:45:00,424.997
2026-02-18 17:00:00,422.926
2026-02-18 17:15:00,419.572
2026-02-18 17:30:00,427.764
2026-02-18 17:45:00,427.289
2026-02-18 18:00:00,425.08
2026-02-18 18:15:00,427.427
2026-02-18 18:30:00,435.646
2026-02-18 18:45:00,440.461
2026-02-18 19:00:00,448.087
2026-02-18 19:15:00,450.982
2026-02-18 19:30:00,454.029
2026-02-18 19:45:00,451.539
2026-02-18 20:00:00,449.986
2026-02-18 20:15:00,446.204
2026-02-18 20:30:00,440.144
2026-02-18 20:45:00,431.605
2026-02-18 21:00:00,421.218
2026-02-18 21:15:00,411.826
2026-02-18 21:30:00,397.443
2026-02-18 21:45:00,385.789
2026-02-18 22:00:00,370.93
2026-02-18 22:15:00,360.299
2026-02-18 22:30:00,350.796
2026-02-18 22:45:00,336.028
2026-02-18 23:00:00,330.001
2026-02-18 23:15:00,325.904
2026-02-18 23:30:00,317.11
2026-02-18 23:45:00,307.084
2026-02-19 00:00:00,330.261
2026-02-19 00:15:00,327.729
2026-02-19 00:30:00,332.76
2026-02-19 00:45:00,331.306
2026-02-19 01:00:00,330.091
2026-02-19 01:15:00,332.21
2026-02-19 01:30:00,328.636
2026-02-19 01:45:00,325.573
2026-02-19 02:00:00,325.046
2026-02-19 02:15:00,318.729
2026-02-19 02:30:00,315.871
2026-02-19 02:45:00,314.404
2026-02-19 03:00:00,313.798
2026-02-19 03:15:00,307.362
2026-02-19 03:30:00,306.009
2026-02-19 03:45:00,299.264
2026-02-19 04:00:00,302.243
2026-02-19 04:15:00,298.5
2026-02-19 04:30:00,298.906
2026-02-19 04:45:00,300.469
2026-02-19 05:00:00,300.211
2026-02-19 05:15:00,300.146
2026-02-19 05:30:00,303.899
2026-02-19 05:45:00,305.676
2026-02-19 06:00:00,309.109
2026-02-19 06:15:00,313.24
2026-02-19 06:30:00,319.446
2026-02-19 06:45:00,327.787
2026-02-19 07:00:00,329.735
2026-02-19 07:15:00,341.336
2026-02-19 07:30:00,345.002
2026-02-19 07:45:00,352.197
2026-02-19 08:00:00,362.901
2026-02-19 08:15:00,364.474
2026-02-19 08:30:00,369.68
2026-02-19 08:45:00,371.56
2026-02-19 09:00:00,379.247
2026-02-19 09:15:00,377.463
2026-02-19 09:30:00,375.125
2026-02-19 09:45:00,380.417
2026-02-19 10:00:00,376.301
2026-02-19 10:15:00,380.532
2026-02-19 10:30:00,382.441
2026-02-19 10:45:00,379.222
2026-02-19 11:00:00,380.699
2026-02-19 11:15:00,385.849
2026-02-19 11:30:00,383.692
2026-02-19 11:45:00,388.878
2026-02-19 12:00:00,391.466
2026-02-19 12:15:00,397.874
2026-02-19 12:30:00,400.358
2026-02-19 12:45:00,408.639
2026-02-19 13:00:00,412.123
2026-02-19 13:15:00,418.062
2026-02-19 13:30:00,427.856
2026-02-19 13:45:00,432.375
2026-02-19 14:00:00,436.921
2026-02-19 14:15:00,441.323
2026-02-19 14:30:00,444.804
2026-02-19 14:45:00,442.204
2026-02-19 15:00:00,445.631
2026-02-19 15:15:00,444.981
2026-02-19 15:30:00,440.402
2026-02-19 15:45:00,436.7
2026-02-19 16:00:00,432.867
2026-02-19 16:15:00,435.183
2026-02-19 16:30:00,431.035
2026-02-19 16:45:00,428.762
2026-02-19 17:00:00,425.489
2026-02-19 17:15:00,422.973
2026-02-19 17:30:00,426.752
2026-02-19 17:45:00,427.087
2026-02-19 18:00:00,429.985
2026-02-19 18:15:00,433.299
2026-02-19 18:30:00,438.447
2026-02-19 18:45:00,441.729
2026-02-19 19:00:00,449.671
2026-02-19 19:15:00,449.827
2026-02-19 19:30:00,455.645
2026-02-19 19:45:00,454.268
2026-02-19 20:00:00,450.721
2026-02-19 20:15:00,449.063
2026-02-19 20:30:00,444.956
2026-02-19 20:45:00,433.204
2026-02-19 21:00:00,422.191
2026-02-19 21:15:00,413.975
2026-02-19 21:30:00,397.448
2026-02-19 21:45:00,387.58
2026-02-19 22:00:00,374.656
2026-02-19 22:15:00,362.879
2026-02-19 22:30:00,349.295
2026-02-19 22:45:00,338.786
2026-02-19 23:00:00,330.2
2026-02-19 23:15:00,321.094
2026-02-19 23:30:00,315.434
2026-02-19 23:45:00,308.254
2026-02-20 00:00:00,327.733
2026-02-20 00:15:00,332.804
2026-02-20 00:30:00,331.343
2026-02-20 00:45:00,330.231
2026-02-20 01:00:00,327.952
2026-02-20 01:15:00,329.534
2026-02-20 01:30:00,330.094
2026-02-20 01:45:00,327.254
2026-02-20 02:00:00,324.613
2026-02-20 02:15:00,322.18
2026-02-20 02:30:00,317.541
2026-02-20 02:45:00,315.286
2026-02-20 03:00:00,312.997
2026-02-20 03:15:00,307.666
2026-02-20 03:30:00,305.3
2026-02-20 03:45:00,302.259
2026-02-20 04:00:00,302.493
2026-02-20 04:15:00,298.474
2026-02-20 04:30:00,296.269
2026-02-20 04:45:00,299.178
2026-02-20 05:00:00,300.859
2026-02-20 05:15:00,303.399
2026-02-20 05:30:00,302.534
2026-02-20 05:45:00,309.269
2026-02-20 06:00:00,309.474
2026-02-20 06:15:00,313.512
2026-02-20 06:30:00,322.739
2026-02-20 06:45:00,325.828
2026-02-20 07:00:00,337.047
2026-02-20 07:15:00,338.718
2026-02-20 07:30:00,349.224
2026-02-20 07:45:00,349.595
2026-02-20 08:00:00,361.654
2026-02-20 08:15:00,363.098
2026-02-20 08:30:00,365.883
2026-02-20 08:45:00,372.68
2026-02-20 09:00:00,374.809
2026-02-20 09:15:00,376.327
2026-02-20 09:30:00,375.039
2026-02-20 09:45:00,380.902
2026-02-20 10:00:00,380.111
2026-02-20 10:15:00,379.174
2026-02-20 10:30:00,379.399
2026-02-20 10:45:00,382.804
2026-02-20 11:00:00,380.09
2026-02-20 11:15:00,379.664
2026-02-20 11:30:00,385.163
2026-02-20 11:45:00,386.453
2026-02-20 12:00:00,394.985
2026-02-20 12:15:00,398.841
2026-02-20 12:30:00,403.093
2026-02-20 12:45:00,406.514
2026-02-20 13:00:00,412.572
2026-02-20 13:15:00,421.946
2026-02-20 13:30:00,424.204
2026-02-20 13:45:00,431.667
2026-02-20 14:00:00,442.745
2026-02-20 14:15:00,445.053
2026-02-20 14:30:00,441.747
2026-02-20 14:45:00,443.842
2026-02-20 15:00:00,447.494
2026-02-20 15:15:00,445.994
2026-02-20 15:30:00,445.129
2026-02-20 15:45:00,442.184
2026-02-20 16:00:00,435.94
2026-02-20 16:15:00,434.552
2026-02-20 16:30:00,429.744
2026-02-20 16:45:00,426.222
2026-02-20 17:00:00,426.519
2026-02-20 17:15:00,426.213
2026-02-20 17:30:00,421.764
2026-02-20 17:45:00,426.923
2026-02-20 18:00:00,427.583
2026-02-20 18:15:00,435.872
2026-02-20 18:30:00,437.305
2026-02-20 18:45:00,444.489
2026-02-20 19:00:00,447.383
2026-02-20 19:15:00,451.568
2026-02-20 19:30:00,452.915
2026-02-20 19:45:00,455.569
2026-02-20 20:00:00,452.302
2026-02-20 20:15:00,448.819
2026-02-20 20:30:00,444.481
2026-02-20 20:45:00,436.809
2026-02-20 21:00:00,426.448
2026-02-20 21:15:00,410.661
2026-02-20 21:30:00,403.025
2026-02-20 21:45:00,388.102
2026-02-20 22:00:00,370.926
2026-02-20 22:15:00,361.48
2026-02-20 22:30:00,351.151
2026-02-20 22:45:00,341.768
2026-02-20 23:00:00,331.431
2026-02-20 23:15:00,321.709
2026-02-20 23:30:00,311.857
2026-02-20 23:45:00,307.627
2026-02-21 00:00:00,334.336
2026-02-21 00:15:00,333.098
2026-02-21 00:30:00,332.815
2026-02-21 00:45:00,328.146
2026-02-21 01:00:00,332.709
2026-02-21 01:15:00,330.379
2026-02-21 01:30:00,327.789
2026-02-21 01:45:00,323.681
2026-02-21 02:00:00,322.751
2026-02-21 02:15:00,318.501
2026-02-21 02:30:00,318.194
2026-02-21 02:45:00,314.889
2026-02-21 03:00:00,310.041
2026-02-21 03:15:00,305.954
2026-02-21 03:30:00,301.341
2026-02-21 03:45:00,296.295
2026-02-21 04:00:00,294.438
2026-02-21 04:15:00,294.274
2026-02-21 04:30:00,290.981
2026-02-21 04:45:00,289.902
2026-02-21 05:00:00,292.598
2026-02-21 05:15:00,290.703
2026-02-21 05:30:00,294.103
2026-02-21 05:45:00,297.395
2026-02-21 06:00:00,297.169
2026-02-21 06:15:00,303.647
2026-02-21 06:30:00,307.388
2026-02-21 06:45:00,307.717
2026-02-21 07:00:00,317.196
2026-02-21 07:15:00,322.01
2026-02-21 07:30:00,329.192
2026-02-21 07:45:00,332.306
2026-02-21 08:00:00,340.636
2026-02-21 08:15:00,343.764
2026-02-21 08:30:00,350.092
2026-02-21 08:45:00,351.268
2026-02-21 09:00:00,352.975
2026-02-21 09:15:00,351.206
2026-02-21 09:30:00,355.715
2026-02-21 09:45:00,357.227
2026-02-21 10:00:00,356.513
2026-02-21 10:15:00,357.646
2026-02-21 10:30:00,355.838
2026-02-21 10:45:00,357.848
2026-02-21 11:00:00,356.388
2026-02-21 11:15:00,361.993
2026-02-21 11:30:00,361.94
2026-02-21 11:45:00,367.913
2026-02-21 12:00:00,366.182
2026-02-21 12:15:00,370.74
2026-02-21 12:30:00,380.669
2026-02-21 12:45:00,385.178
2026-02-21 13:00:00,391.989
2026-02-21 13:15:00,399.267
2026-02-21 13:30:00,405.375
2026-02-21 13:45:00,409.103
2026-02-21 14:00:00,418.367
2026-02-21 14:15:00,417.376
2026-02-21 14:30:00,416.952
2026-02-21 14:45:00,420.592
2026-02-21 15:00:00,420.242
2026-02-21 15:15:00,422.667
2026-02-21 15:30:00,422.425
2026-02-21 15:45:00,417.64
2026-02-21 16:00:00,417.98
2026-02-21 16:15:00,416.158
2026-02-21 16:30:00,409.546
2026-02-21 16:45:00,410.313
2026-02-21 17:00:00,411.345
2026-02-21 17:15:00,411.436
2026-02-21 17:30:00,414.552
2026-02-21 17:45:00,410.935
2026-02-21 18:00:00,420.822
2026-02-21 18:15:00,422.184
2026-02-21 18:30:00,432.556
2026-02-21 18:45:00,437.055
2026-02-21 19:00:00,446.644
2026-02-21 19:15:00,450.461
2026-02-21 19:30:00,452.426
2026-02-21 19:45:00,456.388
2026-02-21 20:00:00,454.585
2026-02-21 20:15:00,450.959
2026-02-21 20:30:00,441.056
2026-02-21 20:45:00,434.462
2026-02-21 21:00:00,424.639
2026-02-21 21:15:00,416.655
2026-02-21 21:30:00,398.395
2026-02-21 21:45:00,386.372
2026-02-21 22:00:00,373.857
2026-02-21 22:15:00,356.737
2026-02-21 22:30:00,349.782
2026-02-21 22:45:00,336.972
2026-02-21 23:00:00,325.791
2026-02-21 23:15:00,321.564
2026-02-21 23:30:00,312.952
2026-02-21 23:45:00,306.27
2026-02-22 00:00:00,330.252
2026-02-22 00:15:00,332.884
2026-02-22 00:30:00,335.882
2026-02-22 00:45:00,335.045
2026-02-22 01:00:00,331.583
2026-02-22 01:15:00,330.273
2026-02-22 01:30:00,325.05
2026-02-22 01:45:00,327.74
2026-02-22 02:00:00,326.867
2026-02-22 02:15:00,322.051
2026-02-22 02:30:00,317.665
2026-02-22 02:45:00,309.059
2026-02-22 03:00:00,309.113
2026-02-22 03:15:00,303.13
2026-02-22 03:30:00,298.482
2026-02-22 03:45:00,296.3
2026-02-22 04:00:00,295.203
2026-02-22 04:15:00,290.342
2026-02-22 04:30:00,290.08
2026-02-22 04:45:00,290.13
2026-02-22 05:00:00,289.684
2026-02-22 05:15:00,289.485
2026-02-22 05:30:00,288.89
2026-02-22 05:45:00,294.044
2026-02-22 06:00:00,298.136
2026-02-22 06:15:00,302.865
2026-02-22 06:30:00,304.618
2026-02-22 06:45:00,311.372
2026-02-22 07:00:00,315.584
2026-02-22 07:15:00,323.755
2026-02-22 07:30:00,332.02
2026-02-22 07:45:00,332.706
2026-02-22 08:00:00,339.701
2026-02-22 08:15:00,345.029
2026-02-22 08:30:00,346.159
2026-02-22 08:45:00,351.123
2026-02-22 09:00:00,357.163
2026-02-22 09:15:00,354.358
2026-02-22 09:30:00,358.074
2026-02-22 09:45:00,360.826
2026-02-22 10:00:00,355.561
2026-02-22 10:15:00,359.676
2026-02-22 10:30:00,360.177
2026-02-22 10:45:00,360.829
2026-02-22 11:00:00,360.884
2026-02-22 11:15:00,363.217
2026-02-22 11:30:00,362.788
2026-02-22 11:45:00,368.297
2026-02-22 12:00:00,370.785
2026-02-22 12:15:00,373.339
2026-02-22 12:30:00,383.027
2026-02-22 12:45:00,384.916
2026-02-22 13:00:00,392.138
2026-02-22 13:15:00,397.606
2026-02-22 13:30:00,402.184
2026-02-22 13:45:00,410.839
2026-02-22 14:00:00,413.841
2026-02-22 14:15:00,420.655
2026-02-22 14:30:00,420.266
2026-02-22 14:45:00,422.107
2026-02-22 15:00:00,426.092
2026-02-22 15:15:00,421.614
2026-02-22 15:30:00,420.214
2026-02-22 15:45:00,419.432
2026-02-22 16:00:00,419.105
2026-02-22 16:15:00,413.729
2026-02-22 16:30:00,414.824
2026-02-22 16:45:00,406.992
2026-02-22 17:00:00,411.73
2026-02-22 17:15:00,411.392
2026-02-22 17:30:00,414.797
2026-02-22 17:45:00,417.401
2026-02-22 18:00:00,422.259
2026-02-22 18:15:00,430.5
2026-02-22 18:30:00,437.265
2026-02-22 18:45:00,439.89
2026-02-22 19:00:00,444.503
2026-02-22 19:15:00,451.693
2026-02-22 19:30:00,455.622
2026-02-22 19:45:00,457.789
2026-02-22 20:00:00,452.893
2026-02-22 20:15:00,453.736
2026-02-22 20:30:00,446.848
2026-02-22 20:45:00,437.648
2026-02-22 21:00:00,426.114
2026-02-22 21:15:00,414.048
2026-02-22 21:30:00,401.364
2026-02-22 21:45:00,388.855
2026-02-22 22:00:00,373.949
2026-02-22 22:15:00,357.925
2026-02-22 22:30:00,349.561
2026-02-22 22:45:00,336.463
2026-02-22 23:00:00,325.272
2026-02-22 23:15:00,316.056
2026-02-22 23:30:00,311.651
2026-02-22 23:45:00,300.198
2026-02-23 00:00:00,333.264
2026-02-23 00:15:00,332.601
2026-02-23 00:30:00,333.209
2026-02-23 00:45:00,334.643
2026-02-23 01:00:00,331.181
2026-02-23 01:15:00,333.744
2026-02-23 01:30:00,328.133
2026-02-23 01:45:00,326.015
2026-02-23 02:00:00,321.157
2026-02-23 02:15:00,320.299
2026-02-23 02:30:00,318.256
2026-02-23 02:45:00,316.174
2026-02-23 03:00:00,313.838
2026-02-23 03:15:00,311.795
2026-02-23 03:30:00,307.756
2026-02-23 03:45:00,307.399
2026-02-23 04:00:00,301.732
2026-02-23 04:15:00,300.126
2026-02-23 04:30:00,302.791
2026-02-23 04:45:00,299.415
2026-02-23 05:00:00,299.451
2026-02-23 05:15:00,303.247
2026-02-23 05:30:00,305.172
2026-02-23 05:45:00,306.954
2026-02-23 06:00:00,314.18
2026-02-23 06:15:00,317.073
2026-02-23 06:30:00,320.793
2026-02-23 06:45:00,327.242
2026-02-23 07:00:00,332.75
2026-02-23 07:15:00,340.035
2026-02-23 07:30:00,348.452
2026-02-23 07:45:00,353.503
2026-02-23 08:00:00,360.324
2026-02-23 08:15:00,368.764
2026-02-23 08:30:00,370.913
2026-02-23 08:45:00,375.503
2026-02-23 09:00:00,379.247
2026-02-23 09:15:00,377.894
2026-02-23 09:30:00,380.147
2026-02-23 09:45:00,380.858
2026-02-23 10:00:00,383.78
2026-02-23 10:15:00,380.641
2026-02-23 10:30:00,382.692
2026-02-23 10:45:00,375.708
2026-02-23 11:00:00,382.453
2026-02-23 11:15:00,383.196
2026-02-23 11:30:00,386.316
2026-02-23 11:45:00,391.225
2026-02-23 12:00:00,389.185
2026-02-23 12:15:00,395.357
2026-02-23 12:30:00,404.591
2026-02-23 12:45:00,407.651
2026-02-23 13:00:00,416.511
2026-02-23 13:15:00,420.565
2026-02-23 13:30:00,430.003
2026-02-23 13:45:00,435.868
2026-02-23 14:00:00,439.621
2026-02-23 14:15:00,441.279
2026-02-23 14:30:00,446.342
2026-02-23 14:45:00,450.287
2026-02-23 15:00:00,452.111
2026-02-23 15:15:00,450.802
2026-02-23 15:30:00,445.606
2026-02-23 15:45:00,439.572
2026-02-23 16:00:00,438.012
2026-02-23 16:15:00,437.208
2026-02-23 16:30:00,430.722
2026-02-23 16:45:00,430.97
2026-02-23 17:00:00,430.704
2026-02-23 17:15:00,426.534
2026-02-23 17:30:00,429.009
2026-02-23 17:45:00,428.496
2026-02-23 18:00:00,426.495
2026-02-23 18:15:00,433.486
2026-02-23 18:30:00,441.791
2026-02-23 18:45:00,447.534
2026-02-23 19:00:00,450.562
2026-02-23 19:15:00,452.295
2026-02-23 19:30:00,457.969
2026-02-23 19:45:00,454.267
2026-02-23 20:00:00,450.405
2026-02-23 20:15:00,451.768
2026-02-23 20:30:00,446.939
2026-02-23 20:45:00,435.774
2026-02-23 21:00:00,428.517
2026-02-23 21:15:00,416.39
2026-02-23 21:30:00,400.502
2026-02-23 21:45:00,388.534
2026-02-23 22:00:00,377.113
2026-02-23 22:15:00,364.404
2026-02-23 22:30:00,350.838
2026-02-23 22:45:00,340.363
2026-02-23 23:00:00,327.949
2026-02-23 23:15:00,321.743
2026-02-23 23:30:00,314.945
2026-02-23 23:45:00,313.351
2026-02-24 00:00:00,330.139
2026-02-24 00:15:00,329.904
2026-02-24 00:30:00,331.94
2026-02-24 00:45:00,332.901
2026-02-24 01:00:00,329.985
2026-02-24 01:15:00,326.087
2026-02-24 01:30:00,326.47
2026-02-24 01:45:00,328.612
2026-02-24 02:00:00,324.608
2026-02-24 02:15:00,319.5
2026-02-24 02:30:00,320.872
2026-02-24 02:45:00,315.264
2026-02-24 03:00:00,313.079
2026-02-24 03:15:00,310.364
2026-02-24 03:30:00,309.079
2026-02-24 03:45:00,303.899
2026-02-24 04:00:00,300.097
2026-02-24 04:15:00,302.795
2026-02-24 04:30:00,298.642
2026-02-24 04:45:00,302.288
2026-02-24 05:00:00,302.74
2026-02-24 05:15:00,302.48
2026-02-24 05:30:00,305.785
2026-02-24 05:45:00,306.968
2026-02-24 06:00:00,312.212
2026-02-24 06:15:00,316.416
2026-02-24 06:30:00,324.697
2026-02-24 06:45:00,328.759
2026-02-24 07:00:00,337.31
2026-02-24 07:15:00,339.836
2026-02-24 07:30:00,349.352
2026-02-24 07:45:00,353.439
2026-02-24 08:00:00,358.325
2026-02-24 08:15:00,367.35
2026-02-24 08:30:00,368.369
2026-02-24 08:45:00,374.15
2026-02-24 09:00:00,376.18
2026-02-24 09:15:00,381.491
2026-02-24 09:30:00,380.509
2026-02-24 09:45:00,379.762
2026-02-24 10:00:00,381.974
2026-02-24 10:15:00,380.754
2026-02-24 10:30:00,382.694
2026-02-24 10:45:00,382.505
2026-02-24 11:00:00,382.184
2026-02-24 11:15:00,384.898
2026-02-24 11:30:00,388.545
2026-02-24 11:45:00,389.337
2026-02-24 12:00:00,393.685
2026-02-24 12:15:00,399.829
2026-02-24 12:30:00,407.483
2026-02-24 12:45:00,410.909
2026-02-24 13:00:00,414.915
2026-02-24 13:15:00,422.493
2026-02-24 13:30:00,428.862
2026-02-24 13:45:00,433.794
2026-02-24 14:00:00,439.832
2026-02-24 14:15:00,441.996
2026-02-24 14:30:00,450.581
2026-02-24 14:45:00,447.239
2026-02-24 15:00:00,447.957
2026-02-24 15:15:00,447.893
2026-02-24 15:30:00,447.065
2026-02-24 15:45:00,443.888
2026-02-24 16:00:00,440.993
2026-02-24 16:15:00,433.435
2026-02-24 16:30:00,434.453
2026-02-24 16:45:00,430.458
2026-02-24 17:00:00,427.492
2026-02-24 17:15:00,428.759
2026-02-24 17:30:00,425.854
2026-02-24 17:45:00,431.983
2026-02-24 18:00:00,431.67
2026-02-24 18:15:00,433.46
2026-02-24 18:30:00,442.31
2026-02-24 18:45:00,444.774
2026-02-24 19:00:00,447.293
2026-02-24 19:15:00,455.871
2026-02-24 19:30:00,454.118
2026-02-24 19:45:00,453.928
2026-02-24 20:00:00,457.447
2026-02-24 20:15:00,450.915
2026-02-24 20:30:00,447.444
2026-02-24 20:45:00,437.137
2026-02-24 21:00:00,425.522
2026-02-24 21:15:00,416.49
2026-02-24 21:30:00,406.92
2026-02-24 21:45:00,387.331
2026-02-24 22:00:00,372.923
2026-02-24 22:15:00,361.412
2026-02-24 22:30:00,352.348
2026-02-24 22:45:00,339.086
2026-02-24 23:00:00,334.844
2026-02-24 23:15:00,322.479
2026-02-24 23:30:00,319.312
2026-02-24 23:45:00,310.687
2026-02-25 00:00:00,331.601
2026-02-25 00:15:00,334.598
2026-02-25 00:30:00,330.245
2026-02-25 00:45:00,334.02
2026-02-25 01:00:00,335.018
2026-02-25 01:15:00,330.346
2026-02-25 01:30:00,325.037
2026-02-25 01:45:00,329.602
2026-02-25 02:00:00,325.888
2026-02-25 02:15:00,325.127
2026-02-25 02:30:00,318.447
2026-02-25 02:45:00,316.068
2026-02-25 03:00:00,312.375
2026-02-25 03:15:00,309.639
2026-02-25 03:30:00,305.141
2026-02-25 03:45:00,304.174
2026-02-25 04:00:00,300.388
2026-02-25 04:15:00,301.845
2026-02-25 04:30:00,300.166
2026-02-25 04:45:00,300.796
2026-02-25 05:00:00,304.158
2026-02-25 05:15:00,300.039
2026-02-25 05:30:00,302.834
2026-02-25 05:45:00,310.092
2026-02-25 06:00:00,313.37
2026-02-25 06:15:00,314.444
2026-02-25 06:30:00,322.302
2026-02-25 06:45:00,329.745
2026-02-25 07:00:00,337.614
2026-02-25 07:15:00,342.558
2026-02-25 07:30:00,348.594
2026-02-25 07:45:00,357.157
2026-02-25 08:00:00,363.138
2026-02-25 08:15:00,365.144
2026-02-25 08:30:00,370.292
2026-02-25 08:45:00,374.402
2026-02-25 09:00:00,380.084
2026-02-25 09:15:00,379.29
2026-02-25 09:30:00,383.628
2026-02-25 09:45:00,382.936
2026-02-25 10:00:00,381.935
2026-02-25 10:15:00,382.407
2026-02-25 10:30:00,379.24
2026-02-25 10:45:00,383.876
2026-02-25 11:00:00,383.671
2026-02-25 11:15:00,380.933
2026-02-25 11:30:00,392.009
2026-02-25 11:45:00,392.655
2026-02-25 12:00:00,395.912
2026-02-25 12:15:00,396.533
2026-02-25 12:30:00,401.217
2026-02-25 12:45:00,408.024
2026-02-25 13:00:00,413.946
2026-02-25 13:15:00,424.675
2026-02-25 13:30:00,430.109
2026-02-25 13:45:00,436.826
2026-02-25 14:00:00,438.739
2026-02-25 14:15:00,450.002
2026-02-25 14:30:00,447.012
2026-02-25 14:45:00,449.08
2026-02-25 15:00:00,451.908
2026-02-25 15:15:00,450.177
2026-02-25 15:30:00,444.861
2026-02-25 15:45:00,443.537
2026-02-25 16:00:00,437.401
2026-02-25 16:15:00,435.868
2026-02-25 16:30:00,432.594
2026-02-25 16:45:00,431.703
2026-02-25 17:00:00,430.646
2026-02-25 17:15:00,427.175
2026-02-25 17:30:00,426.768
2026-02-25 17:45:00,430.996
2026-02-25 18:00:00,436.311
2026-02-25 18:15:00,436.64
2026-02-25 18:30:00,444.364
2026-02-25 18:45:00,445.938
2026-02-25 19:00:00,449.548
2026-02-25 19:15:00,455.884
2026-02-25 19:30:00,455.934
2026-02-25 19:45:00,459.781
2026-02-25 20:00:00,454.931
2026-02-25 20:15:00,449.334
2026-02-25 20:30:00,445.492
2026-02-25 20:45:00,436.96
2026-02-25 21:00:00,426.311
2026-02-25 21:15:00,412.98
2026-02-25 21:30:00,401.675
2026-02-25 21:45:00,392.528
2026-02-25 22:00:00,378.338
2026-02-25 22:15:00,365.341
2026-02-25 22:30:00,353.261
2026-02-25 22:45:00,340.743
2026-02-25 23:00:00,330.699
2026-02-25 23:15:00,321.134
2026-02-25 23:30:00,316.829
2026-02-25 23:45:00,310.991
2026-02-26 00:00:00,330.372
2026-02-26 00:15:00,335.041
2026-02-26 00:30:00,332.014
2026-02-26 00:45:00,333.482
2026-02-26 01:00:00,330.052
2026-02-26 01:15:00,331.584
2026-02-26 01:30:00,331.042
2026-02-26 01:45:00,331.44
2026-02-26 02:00:00,328.687
2026-02-26 02:15:00,323.865
2026-02-26 02:30:00,323.096
2026-02-26 02:45:00,317.289
2026-02-26 03:00:00,317.976
2026-02-26 03:15:00,312.044
2026-02-26 03:30:00,308.144
2026-02-26 03:45:00,304.168
2026-02-26 04:00:00,304.692
2026-02-26 04:15:00,300.068
2026-02-26 04:30:00,304.311
2026-02-26 04:45:00,301.745
2026-02-26 05:00:00,305.281
2026-02-26 05:15:00,304.765
2026-02-26 05:30:00,307.254
2026-02-26 05:45:00,310.237
2026-02-26 06:00:00,312.602
2026-02-26 06:15:00,323.306
2026-02-26 06:30:00,323.336
2026-02-26 06:45:00,330.936
2026-02-26 07:00:00,332.839
2026-02-26 07:15:00,341.082
2026-02-26 07:30:00,352.233
2026-02-26 07:45:00,356.9
2026-02-26 08:00:00,361.201
2026-02-26 08:15:00,369.693
2026-02-26 08:30:00,375.316
2026-02-26 08:45:00,375.307
2026-02-26 09:00:00,378.479
2026-02-26 09:15:00,383.577
2026-02-26 09:30:00,381.757
2026-02-26 09:45:00,383.814
2026-02-26 10:00:00,385.404
2026-02-26 10:15:00,383.978
2026-02-26 10:30:00,382.799
2026-02-26 10:45:00,382.008
2026-02-26 11:00:00,382.905
2026-02-26 11:15:00,390.302
2026-02-26 11:30:00,385.163
2026-02-26 11:45:00,392.086
2026-02-26 12:00:00,396.811
2026-02-26 12:15:00,398.986
2026-02-26 12:30:00,405.181
2026-02-26 12:45:00,413.749
2026-02-26 13:00:00,417.159
2026-02-26 13:15:00,427.216
2026-02-26 13:30:00,432.66
2026-02-26 13:45:00,434.921
2026-02-26 14:00:00,440.265
2026-02-26 14:15:00,445.574
2026-02-26 14:30:00,454.002
2026-02-26 14:45:00,449.43
2026-02-26 15:00:00,452.278
2026-02-26 15:15:00,449.002
2026-02-26 15:30:00,447.055
2026-02-26 15:45:00,444.143
2026-02-26 16:00:00,441.164
2026-02-26 16:15:00,438.394
2026-02-26 16:30:00,435.324
2026-02-26 16:45:00,432.387
2026-02-26 17:00:00,427.074
2026-02-26 17:15:00,423.462
2026-02-26 17:30:00,426.515
2026-02-26 17:45:00,432.053
2026-02-26 18:00:00,433.274
2026-02-26 18:15:00,438.714
2026-02-26 18:30:00,440.88
2026-02-26 18:45:00,446.968
2026-02-26 19:00:00,451.369
2026-02-26 19:15:00,455.229
2026-02-26 19:30:00,454.825
2026-02-26 19:45:00,458.827
2026-02-26 20:00:00,453.092
2026-02-26 20:15:00,451.37
2026-02-26 20:30:00,448.539
2026-02-26 20:45:00,441.923
2026-02-26 21:00:00,421.602
2026-02-26 21:15:00,414.246
2026-02-26 21:30:00,399.911
2026-02-26 21:45:00,385.94
2026-02-26 22:00:00,375.869
2026-02-26 22:15:00,368.765
2026-02-26 22:30:00,351.372
2026-02-26 22:45:00,340.744
2026-02-26 23:00:00,333.366
2026-02-26 23:15:00,323.222
2026-02-26 23:30:00,320.711
2026-02-26 23:45:00,311.095
2026-02-27 00:00:00,336.922
2026-02-27 00:15:00,336.052
2026-02-27 00:30:00,332.489
2026-02-27 00:45:00,333.308
2026-02-27 01:00:00,331.298
2026-02-27 01:15:00,330.651
2026-02-27 01:30:00,335.916
2026-02-27 01:45:00,325.514
2026-02-27 02:00:00,326.048
2026-02-27 02:15:00,322.858
2026-02-27 02:30:00,320.448
2026-02-27 02:45:00,318.539
2026-02-27 03:00:00,314.941
2026-02-27 03:15:00,311.499
2026-02-27 03:30:00,304.764
2026-02-27 03:45:00,306.163
2026-02-27 04:00:00,307.159
2026-02-27 04:15:00,302.327
2026-02-27 04:30:00,302.686
2026-02-27 04:45:00,300.587
2026-02-27 05:00:00,303.33
2026-02-27 05:15:00,306.083
2026-02-27 05:30:00,305.559
2026-02-27 05:45:00,308.843
2026-02-27 06:00:00,311.735
2026-02-27 06:15:00,323.618
2026-02-27 06:30:00,322.103
2026-02-27 06:45:00,330.806
2026-02-27 07:00:00,334.874
2026-02-27 07:15:00,344.421
2026-02-27 07:30:00,348.054
2026-02-27 07:45:00,354.579
2026-02-27 08:00:00,359.276
2026-02-27 08:15:00,368.095
2026-02-27 08:30:00,371.663
2026-02-27 08:45:00,376.601
2026-02-27 09:00:00,378.856
2026-02-27 09:15:00,378.198
2026-02-27 09:30:00,382.753
2026-02-27 09:45:00,382.018
2026-02-27 10:00:00,385.328
2026-02-27 10:15:00,384.536
2026-02-27 10:30:00,382.936
2026-02-27 10:45:00,384.729
2026-02-27 11:00:00,382.213
2026-02-27 11:15:00,387.449
2026-02-27 11:30:00,385.957
2026-02-27 11:45:00,388.786
2026-02-27 12:00:00,395.464
2026-02-27 12:15:00,397.475
2026-02-27 12:30:00,409.641
2026-02-27 12:45:00,411.669
2026-02-27 13:00:00,412.754
2026-02-27 13:15:00,424.954
2026-02-27 13:30:00,434.486
2026-02-27 13:45:00,438.871
2026-02-27 14:00:00,441.078
2026-02-27 14:15:00,444.725
2026-02-27 14:30:00,450.69
2026-02-27 14:45:00,449.662
2026-02-27 15:00:00,451.076
2026-02-27 15:15:00,451.827
2026-02-27 15:30:00,444.594
2026-02-27 15:45:00,443.606
2026-02-27 16:00:00,443.696
2026-02-27 16:15:00,433.211
2026-02-27 16:30:00,435.777
2026-02-27 16:45:00,432.461
2026-02-27 17:00:00,429.838
2026-02-27 17:15:00,428.344
2026-02-27 17:30:00,429.292
2026-02-27 17:45:00,432.804
2026-02-27 18:00:00,435.436
2026-02-27 18:15:00,440.903
2026-02-27 18:30:00,442.424
2026-02-27 18:45:00,450.351
2026-02-27 19:00:00,451.646
2026-02-27 19:15:00,457.211
2026-02-27 19:30:00,457.268
2026-02-27 19:45:00,456.324
2026-02-27 20:00:00,453.529
2026-02-27 20:15:00,455.435
2026-02-27 20:30:00,445.906
2026-02-27 20:45:00,438.231
2026-02-27 21:00:00,429.138
2026-02-27 21:15:00,417.009
2026-02-27 21:30:00,406.12
2026-02-27 21:45:00,391.17
2026-02-27 22:00:00,376.16
2026-02-27 22:15:00,362.723
2026-02-27 22:30:00,353.753
2026-02-27 22:45:00,342.665
2026-02-27 23:00:00,333.521
2026-02-27 23:15:00,325.433
2026-02-27 23:30:00,315.163
2026-02-27 23:45:00,310.681
2026-02-28 00:00:00,334.124
2026-02-28 00:15:00,337.26
2026-02-28 00:30:00,338.036
2026-02-28 00:45:00,337.952
2026-02-28 01:00:00,330.516
2026-02-28 01:15:00,332.54
2026-02-28 01:30:00,328.408
2026-02-28 01:45:00,327.272
2026-02-28 02:00:00,325.948
2026-02-28 02:15:00,322.347
2026-02-28 02:30:00,315.762
2026-02-28 02:45:00,314.019
2026-02-28 03:00:00,310.018
2026-02-28 03:15:00,306.971
2026-02-28 03:30:00,305.451
2026-02-28 03:45:00,302.134
2026-02-28 04:00:00,297.582
2026-02-28 04:15:00,297.558
2026-02-28 04:30:00,294.032
2026-02-28 04:45:00,293.329
2026-02-28 05:00:00,295.307
2026-02-28 05:15:00,295.164
2026-02-28 05:30:00,298.828
2026-02-28 05:45:00,297.307
2026-02-28 06:00:00,300.761
2026-02-28 06:15:00,302.471
2026-02-28 06:30:00,309.925
2026-02-28 06:45:00,315.658
2026-02-28 07:00:00,318.102
2026-02-28 07:15:00,324.035
2026-02-28 07:30:00,333.643
2026-02-28 07:45:00,337.747
2026-02-28 08:00:00,340.235
2026-02-28 08:15:00,348.53
2026-02-28 08:30:00,348.655
2026-02-28 08:45:00,351.77
2026-02-28 09:00:00,359.094
2026-02-28 09:15:00,359.062
2026-02-28 09:30:00,359.647
2026-02-28 09:45:00,360.5
2026-02-28 10:00:00,361.396
2026-02-28 10:15:00,362.039
2026-02-28 10:30:00,364.29
2026-02-28 10:45:00,360.483
2026-02-28 11:00:00,365.85
2026-02-28 11:15:00,363.926
2026-02-28 11:30:00,365.354
2026-02-28 11:45:00,366.592
2026-02-28 12:00:00,371.643
2026-02-28 12:15:00,379.883
2026-02-28 12:30:00,381.064
2026-02-28 12:45:00,389.471
2026-02-28 13:00:00,394.425
2026-02-28 13:15:00,402.846
2026-02-28 13:30:00,410.716
2026-02-28 13:45:00,412.221
2026-02-28 14:00:00,413.156
2026-02-28 14:15:00,423.277
2026-02-28 14:30:00,423.906
2026-02-28 14:45:00,424.051
2026-02-28 15:00:00,425.98
2026-02-28 15:15:00,426.48
2026-02-28 15:30:00,424.66
2026-02-28 15:45:00,422.293
2026-02-28 16:00:00,420.578
2026-02-28 16:15:00,417.944
2026-02-28 16:30:00,413.962
2026-02-28 16:45:00,414.734
2026-02-28 17:00:00,416.384
2026-02-28 17:15:00,415.723
2026-02-28 17:30:00,416.879
2026-02-28 17:45:00,423.975
2026-02-28 18:00:00,424.356
2026-02-28 18:15:00,432.086
2026-02-28 18:30:00,434.058
2026-02-28 18:45:00,442.898
2026-02-28 19:00:00,449.383
2026-02-28 19:15:00,453.701
2026-02-28 19:30:00,457.114
2026-02-28 19:45:00,458.57
2026-02-28 20:00:00,455.928
2026-02-28 20:15:00,453.464
2026-02-28 20:30:00,448.418
2026-02-28 20:45:00,438.478
2026-02-28 21:00:00,428.656
2026-02-28 21:15:00,417.109
2026-02-28 21:30:00,402.328
2026-02-28 21:45:00,391.88
2026-02-28 22:00:00,375.833
2026-02-28 22:15:00,363.828
2026-02-28 22:30:00,350.712
2026-02-28 22:45:00,345.304
2026-02-28 23:00:00,330.764
2026-02-28 23:15:00,322.627
2026-02-28 23:30:00,314.045
2026-02-28 23:45:00,308.22
2026-03-01 00:00:00,336.71
2026-03-01 00:15:00,336.415
2026-03-01 00:30:00,337.404
2026-03-01 00:45:00,337.427
2026-03-01 01:00:00,335.105
2026-03-01 01:15:00,332.655
2026-03-01 01:30:00,331.949
2026-03-01 01:45:00,326.978
2026-03-01 02:00:00,325.259
2026-03-01 02:15:00,322.009
2026-03-01 02:30:00,316.551
2026-03-01 02:45:00,315.398
2026-03-01 03:00:00,311.29
2026-03-01 03:15:00,304.445
2026-03-01 03:30:00,303.032
2026-03-01 03:45:00,298.605
2026-03-01 04:00:00,298.239
2026-03-01 04:15:00,297.953
2026-03-01 04:30:00,294.221
2026-03-01 04:45:00,294.972
2026-03-01 05:00:00,294.064
2026-03-01 05:15:00,292.411
2026-03-01 05:30:00,298.78
2026-03-01 05:45:00,296.623
2026-03-01 06:00:00,302.388
2026-03-01 06:15:00,306.803
2026-03-01 06:30:00,307.448
2026-03-01 06:45:00,316.599
2026-03-01 07:00:00,322.22
2026-03-01 07:15:00,327.806
2026-03-01 07:30:00,334.878
2026-03-01 07:45:00,332.274
2026-03-01 08:00:00,344.08
2026-03-01 08:15:00,351.196
2026-03-01 08:30:00,353.937
2026-03-01 08:45:00,356.554
2026-03-01 09:00:00,358.414
2026-03-01 09:15:00,359.346
2026-03-01 09:30:00,357.822
2026-03-01 09:45:00,364.443
2026-03-01 10:00:00,363.187
2026-03-01 10:15:00,362.169
2026-03-01 10:30:00,358.261
2026-03-01 10:45:00,364.639
2026-03-01 11:00:00,365.909
2026-03-01 11:15:00,364.612
2026-03-01 11:30:00,362.77
2026-03-01 11:45:00,371.658
2026-03-01 12:00:00,374.028
2026-03-01 12:15:00,379.455
2026-03-01 12:30:00,386.289
2026-03-01 12:45:00,388.366
2026-03-01 13:00:00,395.858
2026-03-01 13:15:00,403.487
2026-03-01 13:30:00,411.213
2026-03-01 13:45:00,412.826
2026-03-01 14:00:00,418.924
2026-03-01 14:15:00,419.518
2026-03-01 14:30:00,426.353
2026-03-01 14:45:00,426.175
2026-03-01 15:00:00,426.905
2026-03-01 15:15:00,428.639
2026-03-01 15:30:00,423.587
2026-03-01 15:45:00,427.067
2026-03-01 16:00:00,420.502
2026-03-01 16:15:00,419.802
2026-03-01 16:30:00,414.285
2026-03-01 16:45:00,414.571
2026-03-01 17:00:00,417.677
2026-03-01 17:15:00,418.623
2026-03-01 17:30:00,418.671
2026-03-01 17:45:00,423.66
2026-03-01 18:00:00,427.207
2026-03-01 18:15:00,433.054
2026-03-01 18:30:00,438.51
2026-03-01 18:45:00,445.492
2026-03-01 19:00:00,450.176
2026-03-01 19:15:00,453.954
2026-03-01 19:30:00,460.808
2026-03-01 19:45:00,461.976
2026-03-01 20:00:00,459.191
2026-03-01 20:15:00,457.035
2026-03-01 20:30:00,449.622
2026-03-01 20:45:00,438.99
2026-03-01 21:00:00,428.831
2026-03-01 21:15:00,415.862
2026-03-01 21:30:00,404.692
2026-03-01 21:45:00,393.262
2026-03-01 22:00:00,371.592
2026-03-01 22:15:00,364.016
2026-03-01 22:30:00,352.307
2026-03-01 22:45:00,342.116
2026-03-01 23:00:00,328.241
2026-03-01 23:15:00,319.257
2026-03-01 23:30:00,314.92
2026-03-01 23:45:00,308.265
