user_id,timestamp,load_kw
QUALITY_002,2026-01-01 00:00:00,32.209
QUALITY_003,2026-01-01 00:00:00,65.035
QUALITY_004,2026-01-01 00:00:00,42.989
QUALITY_005,2026-01-01 00:00:00,49.06
QUALITY_006,2026-01-01 00:00:00,90.987
QUALITY_007,2026-01-01 00:00:00,58.773
QUALITY_008,2026-01-01 00:00:00,65.766
QUALITY_001,2026-01-01 00:15:00,28.556
QUALITY_002,2026-01-01 00:15:00,32.426
QUALITY_003,2026-01-01 00:15:00,65
QUALITY_004,2026-01-01 00:15:00,43.288
QUALITY_005,2026-01-01 00:15:00,49.778
QUALITY_006,2026-01-01 00:15:00,91.471
QUALITY_007,2026-01-01 00:15:00,61.489
QUALITY_008,2026-01-01 00:15:00,65.494
QUALITY_001,2026-01-01 00:30:00,28.357
QUALITY_002,2026-01-01 00:30:00,32.525
QUALITY_003,2026-01-01 00:30:00,65.043
QUALITY_004,2026-01-01 00:30:00,45.137
QUALITY_005,2026-01-01 00:30:00,49.415
QUALITY_006,2026-01-01 00:30:00,91.924
QUALITY_007,2026-01-01 00:30:00,62.32
QUALITY_008,2026-01-01 00:30:00,64.128
QUALITY_001,2026-01-01 00:45:00,28.358
QUALITY_002,2026-01-01 00:45:00,32.215
QUALITY_003,2026-01-01 00:45:00,63.302
QUALITY_004,2026-01-01 00:45:00,44.981
QUALITY_005,2026-01-01 00:45:00,47.969
QUALITY_006,2026-01-01 00:45:00,91.324
QUALITY_007,2026-01-01 00:45:00,63.117
QUALITY_008,2026-01-01 00:45:00,62.228
QUALITY_001,2026-01-01 01:00:00,28.171
QUALITY_002,2026-01-01 01:00:00,30.694
QUALITY_003,2026-01-01 01:00:00,62.506
QUALITY_004,2026-01-01 01:00:00,44.747
QUALITY_005,2026-01-01 01:00:00,46.629
QUALITY_006,2026-01-01 01:00:00,90.499
QUALITY_007,2026-01-01 01:00:00,63.387
QUALITY_008,2026-01-01 01:00:00,63.247
QUALITY_001,2026-01-01 01:15:00,30.052
QUALITY_002,2026-01-01 01:15:00,32.343
QUALITY_003,2026-01-01 01:15:00,62
QUALITY_004,2026-01-01 01:15:00,46.151
QUALITY_004,2026-01-01 01:15:00,48.651
QUALITY_005,2026-01-01 01:15:00,46.686
QUALITY_006,2026-01-01 01:15:00,89.54
QUALITY_007,2026-01-01 01:15:00,64.377
QUALITY_008,2026-01-01 01:15:00,63.008
QUALITY_001,2026-01-01 01:30:00,30.207
QUALITY_002,2026-01-01 01:30:00,32.18
QUALITY_003,2026-01-01 01:30:00,63.249
QUALITY_004,2026-01-01 01:30:00,47.165
QUALITY_005,2026-01-01 01:30:00,45.766
QUALITY_006,2026-01-01 01:30:00,87.146
QUALITY_007,2026-01-01 01:30:00,64.892
QUALITY_008,2026-01-01 01:30:00,63.307
QUALITY_001,2026-01-01 01:45:00,29.875
QUALITY_002,2026-01-01 01:45:00,31.859
QUALITY_003,2026-01-01 01:45:00,60.675
QUALITY_004,2026-01-01 01:45:00,47.434
QUALITY_005,2026-01-01 01:45:00,47.292
QUALITY_006,2026-01-01 01:45:00,88.104
QUALITY_007,2026-01-01 01:45:00,65.163
QUALITY_008,2026-01-01 01:45:00,62.207
QUALITY_001,2026-01-01 02:00:00,30.312
QUALITY_002,2026-01-01 02:00:00,31.375
QUALITY_003,2026-01-01 02:00:00,60.4
QUALITY_004,2026-01-01 02:00:00,46.78
QUALITY_005,2026-01-01 02:00:00,45.225
QUALITY_006,2026-01-01 02:00:00,86.033
QUALITY_007,2026-01-01 02:00:00,65.962
QUALITY_008,2026-01-01 02:00:00,61.607
QUALITY_001,2026-01-01 02:15:00,30.704
QUALITY_002,2026-01-01 02:15:00,31.489
QUALITY_003,2026-01-01 02:15:00,58.751
QUALITY_004,2026-01-01 02:15:00,48.039
QUALITY_005,2026-01-01 02:15:00,46.464
QUALITY_006,2026-01-01 02:15:00,84.252
QUALITY_007,2026-01-01 02:15:00,66.879
QUALITY_008,2026-01-01 02:15:00,60.359
QUALITY_001,2026-01-01 02:30:00,29.716
QUALITY_002,2026-01-01 02:30:00,32.012
QUALITY_003,2026-01-01 02:30:00,56.238
QUALITY_004,2026-01-01 02:30:00,50.4
QUALITY_005,2026-01-01 02:30:00,45.056
QUALITY_006,2026-01-01 02:30:00,80.043
QUALITY_007,2026-01-01 02:30:00,66.281
QUALITY_007,2026-01-01 02:30:00,68.781
QUALITY_008,2026-01-01 02:30:00,61.733
QUALITY_001,2026-01-01 02:45:00,31.758
QUALITY_002,2026-01-01 02:45:00,30.478
QUALITY_003,2026-01-01 02:45:00,56.102
QUALITY_004,2026-01-01 02:45:00,51.023
QUALITY_005,2026-01-01 02:45:00,47.422
QUALITY_006,2026-01-01 02:45:00,78.554
QUALITY_007,2026-01-01 02:45:00,68.128
QUALITY_008,2026-01-01 02:45:00,61.705
QUALITY_001,2026-01-01 03:00:00,32.279
QUALITY_002,2026-01-01 03:00:00,31.594
QUALITY_003,2026-01-01 03:00:00,54.864
QUALITY_004,2026-01-01 03:00:00,51.902
QUALITY_005,2026-01-01 03:00:00,45.16
QUALITY_006,2026-01-01 03:00:00,76.807
QUALITY_007,2026-01-01 03:00:00,70.508
QUALITY_008,2026-01-01 03:00:00,61.968
QUALITY_001,2026-01-01 03:15:00,32.196
QUALITY_002,2026-01-01 03:15:00,29.642
QUALITY_003,2026-01-01 03:15:00,52.912
QUALITY_004,2026-01-01 03:15:00,50.324
QUALITY_005,2026-01-01 03:15:00,47.372
QUALITY_006,2026-01-01 03:15:00,74.913
QUALITY_007,2026-01-01 03:15:00,70.025
QUALITY_008,2026-01-01 03:15:00,62.61
QUALITY_001,2026-01-01 03:30:00,34
QUALITY_002,2026-01-01 03:30:00,30.826
QUALITY_003,2026-01-01 03:30:00,49.964
QUALITY_004,2026-01-01 03:30:00,51.089
QUALITY_005,2026-01-01 03:30:00,46.809
QUALITY_006,2026-01-01 03:30:00,71.044
QUALITY_007,2026-01-01 03:30:00,71.661
QUALITY_008,2026-01-01 03:30:00,60.744
QUALITY_001,2026-01-01 03:45:00,33.185
QUALITY_002,2026-01-01 03:45:00,30.856
QUALITY_003,2026-01-01 03:45:00,49.962
QUALITY_004,2026-01-01 03:45:00,53.276
QUALITY_005,2026-01-01 03:45:00,46.96
QUALITY_006,2026-01-01 03:45:00,68.208
QUALITY_007,2026-01-01 03:45:00,71.729
QUALITY_001,2026-01-01 04:00:00,34.093
QUALITY_002,2026-01-01 04:00:00,30.472
QUALITY_003,2026-01-01 04:00:00,45.958
QUALITY_004,2026-01-01 04:00:00,53.007
QUALITY_005,2026-01-01 04:00:00,46.104
QUALITY_006,2026-01-01 04:00:00,66.264
QUALITY_007,2026-01-01 04:00:00,75.612
QUALITY_008,2026-01-01 04:00:00,62.208
QUALITY_001,2026-01-01 04:15:00,34.343
QUALITY_002,2026-01-01 04:15:00,30.582
QUALITY_003,2026-01-01 04:15:00,45.567
QUALITY_004,2026-01-01 04:15:00,55.813
QUALITY_005,2026-01-01 04:15:00,46.788
QUALITY_006,2026-01-01 04:15:00,64.916
QUALITY_007,2026-01-01 04:15:00,75.81
QUALITY_008,2026-01-01 04:15:00,61.915
QUALITY_001,2026-01-01 04:30:00,37.312
QUALITY_002,2026-01-01 04:30:00,31.672
QUALITY_003,2026-01-01 04:30:00,45.552
QUALITY_004,2026-01-01 04:30:00,56.476
QUALITY_005,2026-01-01 04:30:00,45.5
QUALITY_006,2026-01-01 04:30:00,62.124
QUALITY_007,2026-01-01 04:30:00,78.413
QUALITY_008,2026-01-01 04:30:00,60.931
QUALITY_001,2026-01-01 04:45:00,37.529
QUALITY_002,2026-01-01 04:45:00,30.906
QUALITY_003,2026-01-01 04:45:00,42.014
QUALITY_004,2026-01-01 04:45:00,58.746
QUALITY_005,2026-01-01 04:45:00,46.394
QUALITY_006,2026-01-01 04:45:00,61.526
QUALITY_007,2026-01-01 04:45:00,79.371
QUALITY_008,2026-01-01 04:45:00,63.578
QUALITY_001,2026-01-01 05:00:00,39.095
QUALITY_002,2026-01-01 05:00:00,30.904
QUALITY_003,2026-01-01 05:00:00,42.463
QUALITY_004,2026-01-01 05:00:00,61.654
QUALITY_005,2026-01-01 05:00:00,47.993
QUALITY_006,2026-01-01 05:00:00,59.919
QUALITY_007,2026-01-01 05:00:00,82.299
QUALITY_008,2026-01-01 05:00:00,62.763
QUALITY_001,2026-01-01 05:15:00,40.341
QUALITY_002,2026-01-01 05:15:00,32.025
QUALITY_003,2026-01-01 05:15:00,39.973
QUALITY_004,2026-01-01 05:15:00,63.235
QUALITY_005,2026-01-01 05:15:00,48.452
QUALITY_006,2026-01-01 05:15:00,57.993
QUALITY_007,2026-01-01 05:15:00,84.561
QUALITY_008,2026-01-01 05:15:00,63.226
QUALITY_001,2026-01-01 05:30:00,39.523
QUALITY_002,2026-01-01 05:30:00,31.534
QUALITY_003,2026-01-01 05:30:00,38.649
QUALITY_004,2026-01-01 05:30:00,63.613
QUALITY_005,2026-01-01 05:30:00,48.596
QUALITY_006,2026-01-01 05:30:00,56.001
QUALITY_007,2026-01-01 05:30:00,89.369
QUALITY_008,2026-01-01 05:30:00,64.66
QUALITY_001,2026-01-01 05:45:00,42.772
QUALITY_002,2026-01-01 05:45:00,31.774
QUALITY_003,2026-01-01 05:45:00,39.363
QUALITY_004,2026-01-01 05:45:00,68.472
QUALITY_005,2026-01-01 05:45:00,49.722
QUALITY_006,2026-01-01 05:45:00,56.307
QUALITY_007,2026-01-01 05:45:00,91.116
QUALITY_008,2026-01-01 05:45:00,64.507
QUALITY_001,2026-01-01 06:00:00,45.403
QUALITY_002,2026-01-01 06:00:00,32.14
QUALITY_003,2026-01-01 06:00:00,38.41
QUALITY_004,2026-01-01 06:00:00,69.857
QUALITY_005,2026-01-01 06:00:00,50.386
QUALITY_006,2026-01-01 06:00:00,54.126
QUALITY_007,2026-01-01 06:00:00,95.157
QUALITY_008,2026-01-01 06:00:00,63.888
QUALITY_001,2026-01-01 06:15:00,45.352
QUALITY_002,2026-01-01 06:15:00,32.681
QUALITY_003,2026-01-01 06:15:00,39.105
QUALITY_004,2026-01-01 06:15:00,73.927
QUALITY_005,2026-01-01 06:15:00,48.516
QUALITY_006,2026-01-01 06:15:00,53.632
QUALITY_007,2026-01-01 06:15:00,99.599
QUALITY_008,2026-01-01 06:15:00,65.001
QUALITY_001,2026-01-01 06:30:00,48.907
QUALITY_002,2026-01-01 06:30:00,34.637
QUALITY_003,2026-01-01 06:30:00,37.391
QUALITY_005,2026-01-01 06:30:00,51.058
QUALITY_006,2026-01-01 06:30:00,52.447
QUALITY_007,2026-01-01 06:30:00,104.343
QUALITY_008,2026-01-01 06:30:00,67.746
QUALITY_001,2026-01-01 06:45:00,49.335
QUALITY_002,2026-01-01 06:45:00,33.34
QUALITY_003,2026-01-01 06:45:00,38.268
QUALITY_004,2026-01-01 06:45:00,80.977
QUALITY_005,2026-01-01 06:45:00,51.273
QUALITY_006,2026-01-01 06:45:00,53.514
QUALITY_007,2026-01-01 06:45:00,109.77
QUALITY_008,2026-01-01 06:45:00,66.16
QUALITY_001,2026-01-01 07:00:00,53.637
QUALITY_002,2026-01-01 07:00:00,33.788
QUALITY_003,2026-01-01 07:00:00,35.488
QUALITY_004,2026-01-01 07:00:00,82.956
QUALITY_005,2026-01-01 07:00:00,52.537
QUALITY_006,2026-01-01 07:00:00,53.412
QUALITY_007,2026-01-01 07:00:00,114.38
QUALITY_008,2026-01-01 07:00:00,67.577
QUALITY_001,2026-01-01 07:15:00,53.753
QUALITY_002,2026-01-01 07:15:00,35.273
QUALITY_003,2026-01-01 07:15:00,36.45
QUALITY_004,2026-01-01 07:15:00,87.783
QUALITY_005,2026-01-01 07:15:00,53.013
QUALITY_006,2026-01-01 07:15:00,52.691
QUALITY_007,2026-01-01 07:15:00,119.299
QUALITY_008,2026-01-01 07:15:00,68.982
QUALITY_001,2026-01-01 07:30:00,56.314
QUALITY_002,2026-01-01 07:30:00,35.484
QUALITY_003,2026-01-01 07:30:00,35.91
QUALITY_004,2026-01-01 07:30:00,89.134
QUALITY_005,2026-01-01 07:30:00,52.587
QUALITY_006,2026-01-01 07:30:00,51.608
QUALITY_007,2026-01-01 07:30:00,124.328
QUALITY_008,2026-01-01 07:30:00,68.857
QUALITY_001,2026-01-01 07:45:00,58.887
QUALITY_002,2026-01-01 07:45:00,34.622
QUALITY_003,2026-01-01 07:45:00,35.283
QUALITY_004,2026-01-01 07:45:00,91.936
QUALITY_005,2026-01-01 07:45:00,51.988
QUALITY_006,2026-01-01 07:45:00,52.599
QUALITY_007,2026-01-01 07:45:00,126.498
QUALITY_008,2026-01-01 07:45:00,70.044
QUALITY_001,2026-01-01 08:00:00,60.092
QUALITY_002,2026-01-01 08:00:00,37.064
QUALITY_003,2026-01-01 08:00:00,37.034
QUALITY_004,2026-01-01 08:00:00,96.898
QUALITY_005,2026-01-01 08:00:00,54.35
QUALITY_006,2026-01-01 08:00:00,51.839
QUALITY_007,2026-01-01 08:00:00,129.894
QUALITY_008,2026-01-01 08:00:00,70.724
QUALITY_001,2026-01-01 08:15:00,61.683
QUALITY_002,2026-01-01 08:15:00,36.223
QUALITY_003,2026-01-01 08:15:00,36.393
QUALITY_004,2026-01-01 08:15:00,97.101
QUALITY_005,2026-01-01 08:15:00,55.52
QUALITY_006,2026-01-01 08:15:00,52.154
QUALITY_007,2026-01-01 08:15:00,135.469
QUALITY_008,2026-01-01 08:15:00,73.353
QUALITY_001,2026-01-01 08:30:00,63.322
QUALITY_002,2026-01-01 08:30:00,38.499
QUALITY_003,2026-01-01 08:30:00,37.515
QUALITY_004,2026-01-01 08:30:00,100.558
QUALITY_005,2026-01-01 08:30:00,54.325
QUALITY_006,2026-01-01 08:30:00,50.616
QUALITY_007,2026-01-01 08:30:00,136.082
QUALITY_008,2026-01-01 08:30:00,72.903
QUALITY_001,2026-01-01 08:45:00,62.867
QUALITY_002,2026-01-01 08:45:00,37.425
QUALITY_003,2026-01-01 08:45:00,35.391
QUALITY_004,2026-01-01 08:45:00,99.85
QUALITY_005,2026-01-01 08:45:00,56.03
QUALITY_006,2026-01-01 08:45:00,51.359
QUALITY_007,2026-01-01 08:45:00,138.39
QUALITY_008,2026-01-01 08:45:00,73.665
QUALITY_001,2026-01-01 09:00:00,64.785
QUALITY_002,2026-01-01 09:00:00,39.109
QUALITY_003,2026-01-01 09:00:00,37.407
QUALITY_004,2026-01-01 09:00:00,101.04
QUALITY_005,2026-01-01 09:00:00,57.112
QUALITY_006,2026-01-01 09:00:00,52.037
QUALITY_007,2026-01-01 09:00:00,140.861
QUALITY_008,2026-01-01 09:00:00,74.663
QUALITY_001,2026-01-01 09:15:00,65.756
QUALITY_002,2026-01-01 09:15:00,40.038
QUALITY_003,2026-01-01 09:15:00,35.263
QUALITY_004,2026-01-01 09:15:00,103.081
QUALITY_005,2026-01-01 09:15:00,58.742
QUALITY_006,2026-01-01 09:15:00,50.803
QUALITY_007,2026-01-01 09:15:00,139.329
QUALITY_008,2026-01-01 09:15:00,76.28
QUALITY_001,2026-01-01 09:30:00,63.473
QUALITY_002,2026-01-01 09:30:00,39.555
QUALITY_003,2026-01-01 09:30:00,37.022
QUALITY_004,2026-01-01 09:30:00,102.925
QUALITY_005,2026-01-01 09:30:00,57.843
QUALITY_006,2026-01-01 09:30:00,52.917
QUALITY_007,2026-01-01 09:30:00,139.738
QUALITY_008,2026-01-01 09:30:00,76.981
QUALITY_001,2026-01-01 09:45:00,62.893
QUALITY_002,2026-01-01 09:45:00,39.117
QUALITY_003,2026-01-01 09:45:00,37.276
QUALITY_004,2026-01-01 09:45:00,100.831
QUALITY_005,2026-01-01 09:45:00,60.371
QUALITY_006,2026-01-01 09:45:00,52.168
QUALITY_007,2026-01-01 09:45:00,138.958
QUALITY_008,2026-01-01 09:45:00,79.909
QUALITY_001,2026-01-01 10:00:00,63.452
QUALITY_002,2026-01-01 10:00:00,41.388
QUALITY_003,2026-01-01 10:00:00,35.72
QUALITY_004,2026-01-01 10:00:00,100.068
QUALITY_005,2026-01-01 10:00:00,61.281
QUALITY_006,2026-01-01 10:00:00,51.457
QUALITY_007,2026-01-01 10:00:00,135.1
QUALITY_008,2026-01-01 10:00:00,81.08
QUALITY_001,2026-01-01 10:15:00,62.534
QUALITY_002,2026-01-01 10:15:00,41.676
QUALITY_003,2026-01-01 10:15:00,35.977
QUALITY_004,2026-01-01 10:15:00,98.407
QUALITY_005,2026-01-01 10:15:00,61.068
QUALITY_006,2026-01-01 10:15:00,53.271
QUALITY_007,2026-01-01 10:15:00,134.466
QUALITY_008,2026-01-01 10:15:00,81.523
QUALITY_001,2026-01-01 10:30:00,60.66
QUALITY_002,2026-01-01 10:30:00,43.53
QUALITY_003,2026-01-01 10:30:00,38.844
QUALITY_004,2026-01-01 10:30:00,94.071
QUALITY_005,2026-01-01 10:30:00,63.117
QUALITY_006,2026-01-01 10:30:00,53.429
QUALITY_007,2026-01-01 10:30:00,131.917
QUALITY_008,2026-01-01 10:30:00,85.429
QUALITY_001,2026-01-01 10:45:00,57.728
QUALITY_002,2026-01-01 10:45:00,43.458
QUALITY_003,2026-01-01 10:45:00,37.298
QUALITY_004,2026-01-01 10:45:00,93.763
QUALITY_005,2026-01-01 10:45:00,65.601
QUALITY_006,2026-01-01 10:45:00,54.273
QUALITY_007,2026-01-01 10:45:00,126.57
QUALITY_008,2026-01-01 10:45:00,88.135
QUALITY_001,2026-01-01 11:00:00,57.507
QUALITY_002,2026-01-01 11:00:00,45.623
QUALITY_003,2026-01-01 11:00:00,38.033
QUALITY_004,2026-01-01 11:00:00,89.791
QUALITY_005,2026-01-01 11:00:00,68.211
QUALITY_006,2026-01-01 11:00:00,54.481
QUALITY_007,2026-01-01 11:00:00,125.825
QUALITY_008,2026-01-01 11:00:00,90.089
QUALITY_001,2026-01-01 11:15:00,57.014
QUALITY_002,2026-01-01 11:15:00,47.898
QUALITY_003,2026-01-01 11:15:00,39.396
QUALITY_004,2026-01-01 11:15:00,87.674
QUALITY_005,2026-01-01 11:15:00,68.692
QUALITY_006,2026-01-01 11:15:00,53.629
QUALITY_007,2026-01-01 11:15:00,122.805
QUALITY_008,2026-01-01 11:15:00,93.641
QUALITY_001,2026-01-01 11:30:00,55.529
QUALITY_002,2026-01-01 11:30:00,47.415
QUALITY_003,2026-01-01 11:30:00,39.057
QUALITY_004,2026-01-01 11:30:00,86.345
QUALITY_005,2026-01-01 11:30:00,72.661
QUALITY_006,2026-01-01 11:30:00,56.688
QUALITY_007,2026-01-01 11:30:00,120.049
QUALITY_008,2026-01-01 11:30:00,96.661
QUALITY_001,2026-01-01 11:45:00,52.525
QUALITY_002,2026-01-01 11:45:00,50.529
QUALITY_003,2026-01-01 11:45:00,39.339
QUALITY_004,2026-01-01 11:45:00,84.619
QUALITY_005,2026-01-01 11:45:00,74.131
QUALITY_006,2026-01-01 11:45:00,57.134
QUALITY_007,2026-01-01 11:45:00,116.184
QUALITY_008,2026-01-01 11:45:00,98.856
QUALITY_001,2026-01-01 12:00:00,52.427
QUALITY_002,2026-01-01 12:00:00,52.114
QUALITY_003,2026-01-01 12:00:00,39.544
QUALITY_004,2026-01-01 12:00:00,82.347
QUALITY_005,2026-01-01 12:00:00,78.147
QUALITY_006,2026-01-01 12:00:00,57.28
QUALITY_007,2026-01-01 12:00:00,113.329
QUALITY_008,2026-01-01 12:00:00,104.592
QUALITY_001,2026-01-01 12:15:00,53.035
QUALITY_002,2026-01-01 12:15:00,53.903
QUALITY_003,2026-01-01 12:15:00,41.285
QUALITY_004,2026-01-01 12:15:00,82.277
QUALITY_005,2026-01-01 12:15:00,81.288
QUALITY_006,2026-01-01 12:15:00,56.614
QUALITY_007,2026-01-01 12:15:00,110.906
QUALITY_008,2026-01-01 12:15:00,108.728
QUALITY_001,2026-01-01 12:30:00,51.995
QUALITY_002,2026-01-01 12:30:00,58.165
QUALITY_003,2026-01-01 12:30:00,41.966
QUALITY_004,2026-01-01 12:30:00,81.602
QUALITY_005,2026-01-01 12:30:00,84.423
QUALITY_006,2026-01-01 12:30:00,58.206
QUALITY_007,2026-01-01 12:30:00,111.141
QUALITY_008,2026-01-01 12:30:00,113.326
QUALITY_001,2026-01-01 12:45:00,50.075
QUALITY_002,2026-01-01 12:45:00,59.736
QUALITY_003,2026-01-01 12:45:00,42.146
QUALITY_004,2026-01-01 12:45:00,79.49
QUALITY_005,2026-01-01 12:45:00,89.233
QUALITY_006,2026-01-01 12:45:00,60.049
QUALITY_007,2026-01-01 12:45:00,107.987
QUALITY_008,2026-01-01 12:45:00,117.808
QUALITY_001,2026-01-01 13:00:00,49.052
QUALITY_002,2026-01-01 13:00:00,61.949
QUALITY_003,2026-01-01 13:00:00,40.758
QUALITY_004,2026-01-01 13:00:00,78.771
QUALITY_005,2026-01-01 13:00:00,94.56
QUALITY_006,2026-01-01 13:00:00,60.565
QUALITY_008,2026-01-01 13:00:00,124.115
QUALITY_001,2026-01-01 13:15:00,48.824
QUALITY_002,2026-01-01 13:15:00,64.211
QUALITY_003,2026-01-01 13:15:00,41.654
QUALITY_004,2026-01-01 13:15:00,78.429
QUALITY_005,2026-01-01 13:15:00,97.804
QUALITY_006,2026-01-01 13:15:00,59.636
QUALITY_007,2026-01-01 13:15:00,106.708
QUALITY_008,2026-01-01 13:15:00,129.002
QUALITY_001,2026-01-01 13:30:00,47.05
QUALITY_002,2026-01-01 13:30:00,66.676
QUALITY_003,2026-01-01 13:30:00,42.087
QUALITY_004,2026-01-01 13:30:00,77.636
QUALITY_005,2026-01-01 13:30:00,100.105
QUALITY_006,2026-01-01 13:30:00,60.331
QUALITY_007,2026-01-01 13:30:00,105.328
QUALITY_008,2026-01-01 13:30:00,133.07
QUALITY_001,2026-01-01 13:45:00,48.747
QUALITY_002,2026-01-01 13:45:00,69.175
QUALITY_003,2026-01-01 13:45:00,42.824
QUALITY_004,2026-01-01 13:45:00,75.048
QUALITY_005,2026-01-01 13:45:00,104.187
QUALITY_006,2026-01-01 13:45:00,61.291
QUALITY_007,2026-01-01 13:45:00,103.168
QUALITY_008,2026-01-01 13:45:00,139.987
QUALITY_001,2026-01-01 14:00:00,46.332
QUALITY_002,2026-01-01 14:00:00,70.983
QUALITY_003,2026-01-01 14:00:00,44.875
QUALITY_004,2026-01-01 14:00:00,74.505
QUALITY_005,2026-01-01 14:00:00,107.38
QUALITY_006,2026-01-01 14:00:00,63.431
QUALITY_007,2026-01-01 14:00:00,102.574
QUALITY_008,2026-01-01 14:00:00,143.297
QUALITY_001,2026-01-01 14:15:00,45.707
QUALITY_002,2026-01-01 14:15:00,73.25
QUALITY_003,2026-01-01 14:15:00,43.762
QUALITY_004,2026-01-01 14:15:00,73.206
QUALITY_005,2026-01-01 14:15:00,109.546
QUALITY_006,2026-01-01 14:15:00,63.837
QUALITY_007,2026-01-01 14:15:00,101.129
QUALITY_008,2026-01-01 14:15:00,146.877
QUALITY_001,2026-01-01 14:30:00,45.638
QUALITY_002,2026-01-01 14:30:00,75.727
QUALITY_003,2026-01-01 14:30:00,44.494
QUALITY_004,2026-01-01 14:30:00,72.168
QUALITY_005,2026-01-01 14:30:00,111.2
QUALITY_006,2026-01-01 14:30:00,62.876
QUALITY_007,2026-01-01 14:30:00,99.375
QUALITY_008,2026-01-01 14:30:00,150.421
QUALITY_001,2026-01-01 14:45:00,44.648
QUALITY_002,2026-01-01 14:45:00,74.993
QUALITY_003,2026-01-01 14:45:00,47.171
QUALITY_004,2026-01-01 14:45:00,70.833
QUALITY_005,2026-01-01 14:45:00,114.776
QUALITY_006,2026-01-01 14:45:00,64.335
QUALITY_007,2026-01-01 14:45:00,94.781
QUALITY_008,2026-01-01 14:45:00,151.325
QUALITY_001,2026-01-01 15:00:00,43.407
QUALITY_002,2026-01-01 15:00:00,77.81
QUALITY_003,2026-01-01 15:00:00,47.825
QUALITY_004,2026-01-01 15:00:00,69.063
QUALITY_005,2026-01-01 15:00:00,114.498
QUALITY_006,2026-01-01 15:00:00,66.173
QUALITY_007,2026-01-01 15:00:00,95.257
QUALITY_008,2026-01-01 15:00:00,153.244
QUALITY_001,2026-01-01 15:15:00,41.671
QUALITY_002,2026-01-01 15:15:00,76.26
QUALITY_003,2026-01-01 15:15:00,47.039
QUALITY_004,2026-01-01 15:15:00,66.871
QUALITY_005,2026-01-01 15:15:00,114.813
QUALITY_006,2026-01-01 15:15:00,66.547
QUALITY_007,2026-01-01 15:15:00,91.688
QUALITY_008,2026-01-01 15:15:00,151.401
QUALITY_001,2026-01-01 15:30:00,42.354
QUALITY_002,2026-01-01 15:30:00,76.086
QUALITY_003,2026-01-01 15:30:00,49.07
QUALITY_004,2026-01-01 15:30:00,66.495
QUALITY_005,2026-01-01 15:30:00,112.704
QUALITY_006,2026-01-01 15:30:00,69.112
QUALITY_007,2026-01-01 15:30:00,89.645
QUALITY_008,2026-01-01 15:30:00,150.193
QUALITY_001,2026-01-01 15:45:00,41.195
QUALITY_002,2026-01-01 15:45:00,76.33
QUALITY_004,2026-01-01 15:45:00,62.667
QUALITY_005,2026-01-01 15:45:00,113.938
QUALITY_006,2026-01-01 15:45:00,69.958
QUALITY_007,2026-01-01 15:45:00,85.22
QUALITY_008,2026-01-01 15:45:00,149.316
QUALITY_001,2026-01-01 16:00:00,37.683
QUALITY_002,2026-01-01 16:00:00,74.35
QUALITY_003,2026-01-01 16:00:00,49.116
QUALITY_004,2026-01-01 16:00:00,61.428
QUALITY_005,2026-01-01 16:00:00,110.534
QUALITY_006,2026-01-01 16:00:00,70.101
QUALITY_007,2026-01-01 16:00:00,82.73
QUALITY_008,2026-01-01 16:00:00,147.295
QUALITY_001,2026-01-01 16:15:00,38.018
QUALITY_002,2026-01-01 16:15:00,73.879
QUALITY_003,2026-01-01 16:15:00,52.041
QUALITY_004,2026-01-01 16:15:00,59.117
QUALITY_005,2026-01-01 16:15:00,109.304
QUALITY_006,2026-01-01 16:15:00,72.01
QUALITY_007,2026-01-01 16:15:00,80.641
QUALITY_008,2026-01-01 16:15:00,144.957
QUALITY_001,2026-01-01 16:30:00,35.072
QUALITY_002,2026-01-01 16:30:00,71.801
QUALITY_003,2026-01-01 16:30:00,53.568
QUALITY_004,2026-01-01 16:30:00,57.475
QUALITY_005,2026-01-01 16:30:00,108.211
QUALITY_006,2026-01-01 16:30:00,74.607
QUALITY_007,2026-01-01 16:30:00,79.684
QUALITY_008,2026-01-01 16:30:00,141.346
QUALITY_001,2026-01-01 16:45:00,36.426
QUALITY_002,2026-01-01 16:45:00,70.504
QUALITY_003,2026-01-01 16:45:00,53.893
QUALITY_004,2026-01-01 16:45:00,55.295
QUALITY_005,2026-01-01 16:45:00,104.337
QUALITY_006,2026-01-01 16:45:00,76.207
QUALITY_007,2026-01-01 16:45:00,74.813
QUALITY_008,2026-01-01 16:45:00,137.936
QUALITY_001,2026-01-01 17:00:00,34.02
QUALITY_002,2026-01-01 17:00:00,69.956
QUALITY_003,2026-01-01 17:00:00,56.508
QUALITY_004,2026-01-01 17:00:00,53.586
QUALITY_005,2026-01-01 17:00:00,103.601
QUALITY_006,2026-01-01 17:00:00,80.419
QUALITY_007,2026-01-01 17:00:00,74.245
QUALITY_008,2026-01-01 17:00:00,136.627
QUALITY_001,2026-01-01 17:15:00,32.587
QUALITY_002,2026-01-01 17:15:00,67.507
QUALITY_003,2026-01-01 17:15:00,60.474
QUALITY_004,2026-01-01 17:15:00,52.58
QUALITY_005,2026-01-01 17:15:00,99.325
QUALITY_006,2026-01-01 17:15:00,83.798
QUALITY_007,2026-01-01 17:15:00,70.915
QUALITY_008,2026-01-01 17:15:00,133.264
QUALITY_001,2026-01-01 17:30:00,32.151
QUALITY_002,2026-01-01 17:30:00,66.843
QUALITY_003,2026-01-01 17:30:00,61.064
QUALITY_004,2026-01-01 17:30:00,50.744
QUALITY_005,2026-01-01 17:30:00,97.591
QUALITY_006,2026-01-01 17:30:00,88.773
QUALITY_007,2026-01-01 17:30:00,67.837
QUALITY_008,2026-01-01 17:30:00,128.182
QUALITY_001,2026-01-01 17:45:00,30.824
QUALITY_002,2026-01-01 17:45:00,64.642
QUALITY_003,2026-01-01 17:45:00,65.97
QUALITY_004,2026-01-01 17:45:00,48.299
QUALITY_005,2026-01-01 17:45:00,95.811
QUALITY_006,2026-01-01 17:45:00,92.048
QUALITY_007,2026-01-01 17:45:00,67.154
QUALITY_008,2026-01-01 17:45:00,127.543
QUALITY_001,2026-01-01 18:00:00,30.052
QUALITY_002,2026-01-01 18:00:00,63.274
QUALITY_003,2026-01-01 18:00:00,67.702
QUALITY_004,2026-01-01 18:00:00,48.492
QUALITY_005,2026-01-01 18:00:00,94.592
QUALITY_006,2026-01-01 18:00:00,96.724
QUALITY_007,2026-01-01 18:00:00,64.069
QUALITY_008,2026-01-01 18:00:00,124.975
QUALITY_001,2026-01-01 18:15:00,28.033
QUALITY_002,2026-01-01 18:15:00,61.295
QUALITY_003,2026-01-01 18:15:00,72.349
QUALITY_004,2026-01-01 18:15:00,46.879
QUALITY_005,2026-01-01 18:15:00,92.489
QUALITY_006,2026-01-01 18:15:00,101.607
QUALITY_007,2026-01-01 18:15:00,64.811
QUALITY_008,2026-01-01 18:15:00,121.093
QUALITY_001,2026-01-01 18:30:00,29.415
QUALITY_002,2026-01-01 18:30:00,61.858
QUALITY_003,2026-01-01 18:30:00,75.715
QUALITY_004,2026-01-01 18:30:00,45.193
QUALITY_005,2026-01-01 18:30:00,90.323
QUALITY_006,2026-01-01 18:30:00,105.646
QUALITY_007,2026-01-01 18:30:00,63.225
QUALITY_008,2026-01-01 18:30:00,119.209
QUALITY_001,2026-01-01 18:45:00,27.743
QUALITY_002,2026-01-01 18:45:00,60.987
QUALITY_003,2026-01-01 18:45:00,77.754
QUALITY_004,2026-01-01 18:45:00,45.258
QUALITY_005,2026-01-01 18:45:00,88.846
QUALITY_006,2026-01-01 18:45:00,112.121
QUALITY_007,2026-01-01 18:45:00,60.61
QUALITY_008,2026-01-01 18:45:00,119.05
QUALITY_001,2026-01-01 19:00:00,26.986
QUALITY_002,2026-01-01 19:00:00,58.524
QUALITY_003,2026-01-01 19:00:00,82.123
QUALITY_004,2026-01-01 19:00:00,44.339
QUALITY_005,2026-01-01 19:00:00,88.009
QUALITY_006,2026-01-01 19:00:00,115.681
QUALITY_007,2026-01-01 19:00:00,58.897
QUALITY_008,2026-01-01 19:00:00,117.089
QUALITY_001,2026-01-01 19:15:00,28.209
QUALITY_002,2026-01-01 19:15:00,58.793
QUALITY_003,2026-01-01 19:15:00,85.593
QUALITY_004,2026-01-01 19:15:00,42.406
QUALITY_005,2026-01-01 19:15:00,87.78
QUALITY_006,2026-01-01 19:15:00,120.958
QUALITY_007,2026-01-01 19:15:00,59.944
QUALITY_008,2026-01-01 19:15:00,114.818
QUALITY_001,2026-01-01 19:30:00,28.314
QUALITY_002,2026-01-01 19:30:00,58.937
QUALITY_003,2026-01-01 19:30:00,87.349
QUALITY_004,2026-01-01 19:30:00,41.96
QUALITY_005,2026-01-01 19:30:00,86.952
QUALITY_006,2026-01-01 19:30:00,122.417
QUALITY_007,2026-01-01 19:30:00,58.783
QUALITY_008,2026-01-01 19:30:00,114.35
QUALITY_001,2026-01-01 19:45:00,26.04
QUALITY_002,2026-01-01 19:45:00,57.658
QUALITY_003,2026-01-01 19:45:00,87.442
QUALITY_004,2026-01-01 19:45:00,42.648
QUALITY_005,2026-01-01 19:45:00,84.101
QUALITY_006,2026-01-01 19:45:00,125.307
QUALITY_007,2026-01-01 19:45:00,57.482
QUALITY_008,2026-01-01 19:45:00,112.693
QUALITY_001,2026-01-01 20:00:00,25.305
QUALITY_002,2026-01-01 20:00:00,55.219
QUALITY_003,2026-01-01 20:00:00,86.794
QUALITY_004,2026-01-01 20:00:00,42.996
QUALITY_005,2026-01-01 20:00:00,83.696
QUALITY_006,2026-01-01 20:00:00,123.584
QUALITY_007,2026-01-01 20:00:00,56.805
QUALITY_008,2026-01-01 20:00:00,110.14
QUALITY_001,2026-01-01 20:15:00,26.37
QUALITY_002,2026-01-01 20:15:00,54.254
QUALITY_003,2026-01-01 20:15:00,87.3
QUALITY_004,2026-01-01 20:15:00,41.617
QUALITY_005,2026-01-01 20:15:00,82.188
QUALITY_006,2026-01-01 20:15:00,122.983
QUALITY_007,2026-01-01 20:15:00,55.909
QUALITY_008,2026-01-01 20:15:00,107.837
QUALITY_001,2026-01-01 20:30:00,25.816
QUALITY_002,2026-01-01 20:30:00,54.518
QUALITY_003,2026-01-01 20:30:00,86.506
QUALITY_004,2026-01-01 20:30:00,42.703
QUALITY_005,2026-01-01 20:30:00,80.433
QUALITY_006,2026-01-01 20:30:00,121.244
QUALITY_007,2026-01-01 20:30:00,57.827
QUALITY_008,2026-01-01 20:30:00,106.279
QUALITY_001,2026-01-01 20:45:00,26.578
QUALITY_002,2026-01-01 20:45:00,53.518
QUALITY_003,2026-01-01 20:45:00,84.024
QUALITY_004,2026-01-01 20:45:00,40.729
QUALITY_005,2026-01-01 20:45:00,77.809
QUALITY_006,2026-01-01 20:45:00,118.632
QUALITY_007,2026-01-01 20:45:00,56.876
QUALITY_008,2026-01-01 20:45:00,105.261
QUALITY_001,2026-01-01 21:00:00,26.756
QUALITY_002,2026-01-01 21:00:00,50.84
QUALITY_003,2026-01-01 21:00:00,82.996
QUALITY_004,2026-01-01 21:00:00,41.568
QUALITY_005,2026-01-01 21:00:00,76.197
QUALITY_006,2026-01-01 21:00:00,116.331
QUALITY_007,2026-01-01 21:00:00,56.846
QUALITY_008,2026-01-01 21:00:00,103.06
QUALITY_001,2026-01-01 21:15:00,26.339
QUALITY_002,2026-01-01 21:15:00,49.558
QUALITY_003,2026-01-01 21:15:00,77.916
QUALITY_004,2026-01-01 21:15:00,42.289
QUALITY_005,2026-01-01 21:15:00,75.745
QUALITY_006,2026-01-01 21:15:00,112.068
QUALITY_007,2026-01-01 21:15:00,57.56
QUALITY_008,2026-01-01 21:15:00,98.688
QUALITY_001,2026-01-01 21:30:00,26.333
QUALITY_002,2026-01-01 21:30:00,48.025
QUALITY_003,2026-01-01 21:30:00,75.998
QUALITY_004,2026-01-01 21:30:00,41.754
QUALITY_005,2026-01-01 21:30:00,73.53
QUALITY_006,2026-01-01 21:30:00,105.685
QUALITY_007,2026-01-01 21:30:00,55.58
QUALITY_008,2026-01-01 21:30:00,96.84
QUALITY_001,2026-01-01 21:45:00,25.025
QUALITY_002,2026-01-01 21:45:00,47.552
QUALITY_003,2026-01-01 21:45:00,72.889
QUALITY_004,2026-01-01 21:45:00,41.408
QUALITY_005,2026-01-01 21:45:00,70.044
QUALITY_006,2026-01-01 21:45:00,102.553
QUALITY_007,2026-01-01 21:45:00,55.183
QUALITY_008,2026-01-01 21:45:00,95.485
QUALITY_001,2026-01-01 22:00:00,26.021
QUALITY_002,2026-01-01 22:00:00,46.952
QUALITY_003,2026-01-01 22:00:00,67.001
QUALITY_004,2026-01-01 22:00:00,40.298
QUALITY_005,2026-01-01 22:00:00,67.616
QUALITY_006,2026-01-01 22:00:00,98.15
QUALITY_007,2026-01-01 22:00:00,55.493
QUALITY_008,2026-01-01 22:00:00,91.521
QUALITY_001,2026-01-01 22:15:00,26.469
QUALITY_002,2026-01-01 22:15:00,43.417
QUALITY_003,2026-01-01 22:15:00,64.018
QUALITY_004,2026-01-01 22:15:00,41.924
QUALITY_005,2026-01-01 22:15:00,66.398
QUALITY_007,2026-01-01 22:15:00,57.912
QUALITY_008,2026-01-01 22:15:00,87.093
QUALITY_001,2026-01-01 22:30:00,25.454
QUALITY_002,2026-01-01 22:30:00,44.368
QUALITY_003,2026-01-01 22:30:00,61.959
QUALITY_004,2026-01-01 22:30:00,40.489
QUALITY_005,2026-01-01 22:30:00,64.221
QUALITY_006,2026-01-01 22:30:00,87.329
QUALITY_007,2026-01-01 22:30:00,56.521
QUALITY_008,2026-01-01 22:30:00,86.508
QUALITY_001,2026-01-01 22:45:00,25.882
QUALITY_002,2026-01-01 22:45:00,40.493
QUALITY_003,2026-01-01 22:45:00,59.385
QUALITY_004,2026-01-01 22:45:00,40.739
QUALITY_005,2026-01-01 22:45:00,61.583
QUALITY_006,2026-01-01 22:45:00,82.68
QUALITY_007,2026-01-01 22:45:00,56.289
QUALITY_008,2026-01-01 22:45:00,81.752
QUALITY_001,2026-01-01 23:00:00,27.911
QUALITY_002,2026-01-01 23:00:00,41.661
QUALITY_003,2026-01-01 23:00:00,56.367
QUALITY_004,2026-01-01 23:00:00,43.091
QUALITY_005,2026-01-01 23:00:00,60.821
QUALITY_006,2026-01-01 23:00:00,80.87
QUALITY_007,2026-01-01 23:00:00,57.663
QUALITY_008,2026-01-01 23:00:00,81.435
QUALITY_001,2026-01-01 23:15:00,27.225
QUALITY_002,2026-01-01 23:15:00,39.989
QUALITY_003,2026-01-01 23:15:00,53.931
QUALITY_004,2026-01-01 23:15:00,42.148
QUALITY_005,2026-01-01 23:15:00,58.48
QUALITY_006,2026-01-01 23:15:00,76.582
QUALITY_007,2026-01-01 23:15:00,57.6
QUALITY_008,2026-01-01 23:15:00,78.057
QUALITY_001,2026-01-01 23:30:00,27.567
QUALITY_002,2026-01-01 23:30:00,38.84
QUALITY_003,2026-01-01 23:30:00,52.63
QUALITY_004,2026-01-01 23:30:00,42.388
QUALITY_005,2026-01-01 23:30:00,56.899
QUALITY_006,2026-01-01 23:30:00,75.249
QUALITY_007,2026-01-01 23:30:00,57.413
QUALITY_008,2026-01-01 23:30:00,76.499
QUALITY_001,2026-01-01 23:45:00,28.307
QUALITY_002,2026-01-01 23:45:00,35.797
QUALITY_003,2026-01-01 23:45:00,52.221
QUALITY_004,2026-01-01 23:45:00,42.106
QUALITY_005,2026-01-01 23:45:00,54.503
QUALITY_006,2026-01-01 23:45:00,71.884
QUALITY_007,2026-01-01 23:45:00,57.93
QUALITY_008,2026-01-01 23:45:00,72.784
QUALITY_001,2026-01-02 00:00:00,27.005
QUALITY_003,2026-01-02 00:00:00,63.583
QUALITY_004,2026-01-02 00:00:00,43.844
QUALITY_005,2026-01-02 00:00:00,49.691
QUALITY_006,2026-01-02 00:00:00,90.902
QUALITY_007,2026-01-02 00:00:00,60.978
QUALITY_008,2026-01-02 00:00:00,66.6
QUALITY_001,2026-01-02 00:15:00,29.289
QUALITY_002,2026-01-02 00:15:00,33.573
QUALITY_003,2026-01-02 00:15:00,63.241
QUALITY_004,2026-01-02 00:15:00,45.292
QUALITY_005,2026-01-02 00:15:00,48.228
QUALITY_006,2026-01-02 00:15:00,92.176
QUALITY_007,2026-01-02 00:15:00,60.081
QUALITY_008,2026-01-02 00:15:00,63.599
QUALITY_001,2026-01-02 00:30:00,27.104
QUALITY_002,2026-01-02 00:30:00,31.255
QUALITY_003,2026-01-02 00:30:00,63.036
QUALITY_004,2026-01-02 00:30:00,45.699
QUALITY_005,2026-01-02 00:30:00,48.448
QUALITY_006,2026-01-02 00:30:00,90.104
QUALITY_007,2026-01-02 00:30:00,60.465
QUALITY_008,2026-01-02 00:30:00,65.148
QUALITY_001,2026-01-02 00:45:00,28.37
QUALITY_002,2026-01-02 00:45:00,31.746
QUALITY_003,2026-01-02 00:45:00,64.079
QUALITY_004,2026-01-02 00:45:00,46.02
QUALITY_005,2026-01-02 00:45:00,47.914
QUALITY_006,2026-01-02 00:45:00,92.267
QUALITY_007,2026-01-02 00:45:00,60.836
QUALITY_008,2026-01-02 00:45:00,62.367
QUALITY_001,2026-01-02 01:00:00,29.688
QUALITY_002,2026-01-02 01:00:00,32.858
QUALITY_003,2026-01-02 01:00:00,62.799
QUALITY_004,2026-01-02 01:00:00,46.878
QUALITY_005,2026-01-02 01:00:00,48.345
QUALITY_006,2026-01-02 01:00:00,90.044
QUALITY_007,2026-01-02 01:00:00,61.948
QUALITY_008,2026-01-02 01:00:00,63.868
QUALITY_001,2026-01-02 01:15:00,28.928
QUALITY_002,2026-01-02 01:15:00,32.366
QUALITY_003,2026-01-02 01:15:00,62.022
QUALITY_004,2026-01-02 01:15:00,46.256
QUALITY_005,2026-01-02 01:15:00,45.971
QUALITY_006,2026-01-02 01:15:00,89.062
QUALITY_007,2026-01-02 01:15:00,63.42
QUALITY_008,2026-01-02 01:15:00,61.596
QUALITY_001,2026-01-02 01:30:00,29.017
QUALITY_002,2026-01-02 01:30:00,31.604
QUALITY_003,2026-01-02 01:30:00,62.691
QUALITY_004,2026-01-02 01:30:00,47.789
QUALITY_005,2026-01-02 01:30:00,45.886
QUALITY_006,2026-01-02 01:30:00,89.143
QUALITY_007,2026-01-02 01:30:00,64.803
QUALITY_008,2026-01-02 01:30:00,62.883
QUALITY_001,2026-01-02 01:45:00,28.926
QUALITY_002,2026-01-02 01:45:00,30.273
QUALITY_003,2026-01-02 01:45:00,59.946
QUALITY_004,2026-01-02 01:45:00,46.888
QUALITY_005,2026-01-02 01:45:00,46.191
QUALITY_006,2026-01-02 01:45:00,85.729
QUALITY_007,2026-01-02 01:45:00,64.662
QUALITY_008,2026-01-02 01:45:00,62.903
QUALITY_001,2026-01-02 02:00:00,29.944
QUALITY_002,2026-01-02 02:00:00,30.323
QUALITY_003,2026-01-02 02:00:00,60.01
QUALITY_004,2026-01-02 02:00:00,48.727
QUALITY_005,2026-01-02 02:00:00,46.06
QUALITY_006,2026-01-02 02:00:00,84.841
QUALITY_007,2026-01-02 02:00:00,66.176
QUALITY_008,2026-01-02 02:00:00,60.862
QUALITY_001,2026-01-02 02:15:00,30.574
QUALITY_002,2026-01-02 02:15:00,31.341
QUALITY_003,2026-01-02 02:15:00,57.768
QUALITY_004,2026-01-02 02:15:00,48.811
QUALITY_005,2026-01-02 02:15:00,47.221
QUALITY_006,2026-01-02 02:15:00,81.826
QUALITY_007,2026-01-02 02:15:00,66.885
QUALITY_008,2026-01-02 02:15:00,61.131
QUALITY_001,2026-01-02 02:30:00,29.751
QUALITY_002,2026-01-02 02:30:00,29.951
QUALITY_003,2026-01-02 02:30:00,57.657
QUALITY_004,2026-01-02 02:30:00,50.288
QUALITY_005,2026-01-02 02:30:00,47.262
QUALITY_006,2026-01-02 02:30:00,82.283
QUALITY_007,2026-01-02 02:30:00,68.712
QUALITY_008,2026-01-02 02:30:00,60.86
QUALITY_001,2026-01-02 02:45:00,30.728
QUALITY_002,2026-01-02 02:45:00,31.976
QUALITY_003,2026-01-02 02:45:00,54.539
QUALITY_004,2026-01-02 02:45:00,49.429
QUALITY_005,2026-01-02 02:45:00,46.31
QUALITY_006,2026-01-02 02:45:00,79.558
QUALITY_007,2026-01-02 02:45:00,69.589
QUALITY_008,2026-01-02 02:45:00,61.464
QUALITY_001,2026-01-02 03:00:00,32.151
QUALITY_002,2026-01-02 03:00:00,30.671
QUALITY_003,2026-01-02 03:00:00,53.754
QUALITY_004,2026-01-02 03:00:00,50.414
QUALITY_005,2026-01-02 03:00:00,45.59
QUALITY_006,2026-01-02 03:00:00,75.659
QUALITY_007,2026-01-02 03:00:00,70.708
QUALITY_008,2026-01-02 03:00:00,60.65
QUALITY_001,2026-01-02 03:15:00,33.505
QUALITY_002,2026-01-02 03:15:00,31.18
QUALITY_003,2026-01-02 03:15:00,52.668
QUALITY_004,2026-01-02 03:15:00,51.821
QUALITY_005,2026-01-02 03:15:00,45.925
QUALITY_006,2026-01-02 03:15:00,74.271
QUALITY_007,2026-01-02 03:15:00,70.997
QUALITY_008,2026-01-02 03:15:00,62.292
QUALITY_001,2026-01-02 03:30:00,33.812
QUALITY_002,2026-01-02 03:30:00,30.951
QUALITY_003,2026-01-02 03:30:00,49.432
QUALITY_004,2026-01-02 03:30:00,51.234
QUALITY_005,2026-01-02 03:30:00,47.353
QUALITY_006,2026-01-02 03:30:00,70.769
QUALITY_007,2026-01-02 03:30:00,72.487
QUALITY_008,2026-01-02 03:30:00,61.235
QUALITY_001,2026-01-02 03:45:00,32.373
QUALITY_002,2026-01-02 03:45:00,32.405
QUALITY_003,2026-01-02 03:45:00,48.029
QUALITY_004,2026-01-02 03:45:00,53.135
QUALITY_005,2026-01-02 03:45:00,45.925
QUALITY_006,2026-01-02 03:45:00,70.202
QUALITY_007,2026-01-02 03:45:00,73.705
QUALITY_008,2026-01-02 03:45:00,62.21
QUALITY_001,2026-01-02 04:00:00,33.197
QUALITY_002,2026-01-02 04:00:00,31.265
QUALITY_003,2026-01-02 04:00:00,46.188
QUALITY_004,2026-01-02 04:00:00,54.731
QUALITY_005,2026-01-02 04:00:00,45.266
QUALITY_006,2026-01-02 04:00:00,66.177
QUALITY_007,2026-01-02 04:00:00,74.118
QUALITY_008,2026-01-02 04:00:00,61.385
QUALITY_001,2026-01-02 04:15:00,35.844
QUALITY_002,2026-01-02 04:15:00,30.371
QUALITY_003,2026-01-02 04:15:00,45.146
QUALITY_004,2026-01-02 04:15:00,54.955
QUALITY_005,2026-01-02 04:15:00,47.729
QUALITY_006,2026-01-02 04:15:00,63.815
QUALITY_007,2026-01-02 04:15:00,75.052
QUALITY_008,2026-01-02 04:15:00,61.363
QUALITY_001,2026-01-02 04:30:00,35.938
QUALITY_002,2026-01-02 04:30:00,32.54
QUALITY_003,2026-01-02 04:30:00,44.012
QUALITY_004,2026-01-02 04:30:00,56.323
QUALITY_005,2026-01-02 04:30:00,46.999
QUALITY_006,2026-01-02 04:30:00,62.208
QUALITY_007,2026-01-02 04:30:00,77.231
QUALITY_008,2026-01-02 04:30:00,63.673
QUALITY_001,2026-01-02 04:45:00,36.228
QUALITY_002,2026-01-02 04:45:00,31.913
QUALITY_003,2026-01-02 04:45:00,42.235
QUALITY_004,2026-01-02 04:45:00,58.855
QUALITY_005,2026-01-02 04:45:00,46.503
QUALITY_006,2026-01-02 04:45:00,60.362
QUALITY_007,2026-01-02 04:45:00,80.698
QUALITY_008,2026-01-02 04:45:00,62.091
QUALITY_001,2026-01-02 05:00:00,36.989
QUALITY_002,2026-01-02 05:00:00,32.241
QUALITY_003,2026-01-02 05:00:00,40.669
QUALITY_004,2026-01-02 05:00:00,59.263
QUALITY_005,2026-01-02 05:00:00,47.249
QUALITY_006,2026-01-02 05:00:00,60.421
QUALITY_007,2026-01-02 05:00:00,83.438
QUALITY_008,2026-01-02 05:00:00,64.038
QUALITY_001,2026-01-02 05:15:00,38.197
QUALITY_002,2026-01-02 05:15:00,32.379
QUALITY_003,2026-01-02 05:15:00,41.456
QUALITY_004,2026-01-02 05:15:00,61.862
QUALITY_005,2026-01-02 05:15:00,46.795
QUALITY_006,2026-01-02 05:15:00,57.962
QUALITY_007,2026-01-02 05:15:00,85.763
QUALITY_008,2026-01-02 05:15:00,64.326
QUALITY_001,2026-01-02 05:30:00,39.51
QUALITY_002,2026-01-02 05:30:00,32.138
QUALITY_003,2026-01-02 05:30:00,39.354
QUALITY_004,2026-01-02 05:30:00,64.682
QUALITY_005,2026-01-02 05:30:00,47.626
QUALITY_006,2026-01-02 05:30:00,57.728
QUALITY_007,2026-01-02 05:30:00,87.373
QUALITY_008,2026-01-02 05:30:00,65.048
QUALITY_001,2026-01-02 05:45:00,42.709
QUALITY_002,2026-01-02 05:45:00,34.077
QUALITY_003,2026-01-02 05:45:00,38.135
QUALITY_004,2026-01-02 05:45:00,67.932
QUALITY_005,2026-01-02 05:45:00,47.519
QUALITY_006,2026-01-02 05:45:00,54.417
QUALITY_007,2026-01-02 05:45:00,93.351
QUALITY_008,2026-01-02 05:45:00,63.295
QUALITY_001,2026-01-02 06:00:00,43.277
QUALITY_002,2026-01-02 06:00:00,33.441
QUALITY_003,2026-01-02 06:00:00,38.293
QUALITY_004,2026-01-02 06:00:00,71.275
QUALITY_005,2026-01-02 06:00:00,48.756
QUALITY_006,2026-01-02 06:00:00,55.353
QUALITY_007,2026-01-02 06:00:00,95.751
QUALITY_008,2026-01-02 06:00:00,65.56
QUALITY_001,2026-01-02 06:15:00,46.913
QUALITY_002,2026-01-02 06:15:00,33.776
QUALITY_003,2026-01-02 06:15:00,38.503
QUALITY_004,2026-01-02 06:15:00,72.193
QUALITY_005,2026-01-02 06:15:00,50.277
QUALITY_006,2026-01-02 06:15:00,53.107
QUALITY_007,2026-01-02 06:15:00,99.475
QUALITY_008,2026-01-02 06:15:00,65.944
QUALITY_001,2026-01-02 06:30:00,48.789
QUALITY_002,2026-01-02 06:30:00,33.992
QUALITY_003,2026-01-02 06:30:00,36.841
QUALITY_004,2026-01-02 06:30:00,76.26
QUALITY_006,2026-01-02 06:30:00,53.789
QUALITY_007,2026-01-02 06:30:00,104.176
QUALITY_008,2026-01-02 06:30:00,66.55
QUALITY_001,2026-01-02 06:45:00,49.75
QUALITY_002,2026-01-02 06:45:00,34.375
QUALITY_003,2026-01-02 06:45:00,38.32
QUALITY_004,2026-01-02 06:45:00,78.761
QUALITY_005,2026-01-02 06:45:00,51.089
QUALITY_006,2026-01-02 06:45:00,53.734
QUALITY_007,2026-01-02 06:45:00,109.198
QUALITY_008,2026-01-02 06:45:00,67.524
QUALITY_001,2026-01-02 07:00:00,51.36
QUALITY_002,2026-01-02 07:00:00,34.852
QUALITY_003,2026-01-02 07:00:00,36.096
QUALITY_004,2026-01-02 07:00:00,83.459
QUALITY_005,2026-01-02 07:00:00,50.145
QUALITY_006,2026-01-02 07:00:00,52.8
QUALITY_007,2026-01-02 07:00:00,115.076
QUALITY_008,2026-01-02 07:00:00,67.348
QUALITY_001,2026-01-02 07:15:00,55.271
QUALITY_002,2026-01-02 07:15:00,34.859
QUALITY_003,2026-01-02 07:15:00,35.223
QUALITY_004,2026-01-02 07:15:00,86.574
QUALITY_005,2026-01-02 07:15:00,52.383
QUALITY_006,2026-01-02 07:15:00,52.902
QUALITY_007,2026-01-02 07:15:00,118.467
QUALITY_008,2026-01-02 07:15:00,69.913
QUALITY_001,2026-01-02 07:30:00,56.673
QUALITY_002,2026-01-02 07:30:00,36.378
QUALITY_003,2026-01-02 07:30:00,35.959
QUALITY_004,2026-01-02 07:30:00,90.863
QUALITY_005,2026-01-02 07:30:00,52.182
QUALITY_006,2026-01-02 07:30:00,52.205
QUALITY_007,2026-01-02 07:30:00,124.168
QUALITY_008,2026-01-02 07:30:00,70.446
QUALITY_001,2026-01-02 07:45:00,57.441
QUALITY_002,2026-01-02 07:45:00,36.044
QUALITY_003,2026-01-02 07:45:00,35.556
QUALITY_004,2026-01-02 07:45:00,93.699
QUALITY_005,2026-01-02 07:45:00,54.529
QUALITY_006,2026-01-02 07:45:00,51.969
QUALITY_007,2026-01-02 07:45:00,126.595
QUALITY_008,2026-01-02 07:45:00,70.626
QUALITY_001,2026-01-02 08:00:00,59.573
QUALITY_002,2026-01-02 08:00:00,37.369
QUALITY_003,2026-01-02 08:00:00,34.797
QUALITY_004,2026-01-02 08:00:00,96.959
QUALITY_005,2026-01-02 08:00:00,54.813
QUALITY_006,2026-01-02 08:00:00,51.526
QUALITY_007,2026-01-02 08:00:00,132.241
QUALITY_008,2026-01-02 08:00:00,70.334
QUALITY_001,2026-01-02 08:15:00,61.708
QUALITY_002,2026-01-02 08:15:00,37.732
QUALITY_003,2026-01-02 08:15:00,37.342
QUALITY_004,2026-01-02 08:15:00,99.046
QUALITY_005,2026-01-02 08:15:00,53.477
QUALITY_006,2026-01-02 08:15:00,50.121
QUALITY_007,2026-01-02 08:15:00,135.161
QUALITY_008,2026-01-02 08:15:00,71.178
QUALITY_001,2026-01-02 08:30:00,64.226
QUALITY_002,2026-01-02 08:30:00,37.949
QUALITY_003,2026-01-02 08:30:00,36.985
QUALITY_004,2026-01-02 08:30:00,101.118
QUALITY_005,2026-01-02 08:30:00,54.034
QUALITY_006,2026-01-02 08:30:00,52.428
QUALITY_007,2026-01-02 08:30:00,136.156
QUALITY_008,2026-01-02 08:30:00,72.142
QUALITY_001,2026-01-02 08:45:00,63.677
QUALITY_002,2026-01-02 08:45:00,38.569
QUALITY_003,2026-01-02 08:45:00,37.079
QUALITY_004,2026-01-02 08:45:00,101.026
QUALITY_005,2026-01-02 08:45:00,56.429
QUALITY_006,2026-01-02 08:45:00,51.814
QUALITY_007,2026-01-02 08:45:00,139.141
QUALITY_008,2026-01-02 08:45:00,75.824
QUALITY_001,2026-01-02 09:00:00,63.78
QUALITY_002,2026-01-02 09:00:00,37.536
QUALITY_003,2026-01-02 09:00:00,36.861
QUALITY_004,2026-01-02 09:00:00,102.952
QUALITY_005,2026-01-02 09:00:00,55.999
QUALITY_006,2026-01-02 09:00:00,52.338
QUALITY_007,2026-01-02 09:00:00,139.223
QUALITY_008,2026-01-02 09:00:00,75.976
QUALITY_002,2026-01-02 09:15:00,38.407
QUALITY_003,2026-01-02 09:15:00,35.733
QUALITY_004,2026-01-02 09:15:00,101.689
QUALITY_005,2026-01-02 09:15:00,58.346
QUALITY_006,2026-01-02 09:15:00,51.749
QUALITY_007,2026-01-02 09:15:00,140.37
QUALITY_008,2026-01-02 09:15:00,76.194
QUALITY_001,2026-01-02 09:30:00,65.434
QUALITY_002,2026-01-02 09:30:00,38.884
QUALITY_003,2026-01-02 09:30:00,35.601
QUALITY_004,2026-01-02 09:30:00,103.027
QUALITY_005,2026-01-02 09:30:00,58.664
QUALITY_006,2026-01-02 09:30:00,50.777
QUALITY_007,2026-01-02 09:30:00,139.333
QUALITY_008,2026-01-02 09:30:00,78.781
QUALITY_001,2026-01-02 09:45:00,63.532
QUALITY_002,2026-01-02 09:45:00,40.317
QUALITY_003,2026-01-02 09:45:00,37.626
QUALITY_004,2026-01-02 09:45:00,99.997
QUALITY_005,2026-01-02 09:45:00,60.545
QUALITY_006,2026-01-02 09:45:00,53.416
QUALITY_007,2026-01-02 09:45:00,137.958
QUALITY_008,2026-01-02 09:45:00,78.187
QUALITY_001,2026-01-02 10:00:00,63.273
QUALITY_002,2026-01-02 10:00:00,41.795
QUALITY_003,2026-01-02 10:00:00,37.169
QUALITY_004,2026-01-02 10:00:00,99.66
QUALITY_005,2026-01-02 10:00:00,60.428
QUALITY_006,2026-01-02 10:00:00,53.409
QUALITY_007,2026-01-02 10:00:00,137.264
QUALITY_008,2026-01-02 10:00:00,81.221
QUALITY_001,2026-01-02 10:15:00,62.742
QUALITY_002,2026-01-02 10:15:00,43.159
QUALITY_003,2026-01-02 10:15:00,37.347
QUALITY_004,2026-01-02 10:15:00,96.55
QUALITY_005,2026-01-02 10:15:00,62.91
QUALITY_006,2026-01-02 10:15:00,52.356
QUALITY_007,2026-01-02 10:15:00,133.251
QUALITY_008,2026-01-02 10:15:00,84.329
QUALITY_001,2026-01-02 10:30:00,59.394
QUALITY_002,2026-01-02 10:30:00,43.331
QUALITY_003,2026-01-02 10:30:00,36.5
QUALITY_004,2026-01-02 10:30:00,96.378
QUALITY_005,2026-01-02 10:30:00,64.522
QUALITY_006,2026-01-02 10:30:00,52.554
QUALITY_007,2026-01-02 10:30:00,131.717
QUALITY_008,2026-01-02 10:30:00,83.848
QUALITY_001,2026-01-02 10:45:00,58.436
QUALITY_002,2026-01-02 10:45:00,44.83
QUALITY_003,2026-01-02 10:45:00,37.686
QUALITY_004,2026-01-02 10:45:00,93.7
QUALITY_005,2026-01-02 10:45:00,66.004
QUALITY_006,2026-01-02 10:45:00,55.07
QUALITY_007,2026-01-02 10:45:00,128
QUALITY_008,2026-01-02 10:45:00,88.574
QUALITY_001,2026-01-02 11:00:00,58.461
QUALITY_002,2026-01-02 11:00:00,46.697
QUALITY_003,2026-01-02 11:00:00,37.345
QUALITY_004,2026-01-02 11:00:00,91.04
QUALITY_005,2026-01-02 11:00:00,68.848
QUALITY_006,2026-01-02 11:00:00,54.401
QUALITY_007,2026-01-02 11:00:00,123.691
QUALITY_008,2026-01-02 11:00:00,90.011
QUALITY_001,2026-01-02 11:15:00,56.916
QUALITY_002,2026-01-02 11:15:00,47.531
QUALITY_003,2026-01-02 11:15:00,37.703
QUALITY_004,2026-01-02 11:15:00,89.499
QUALITY_005,2026-01-02 11:15:00,69.629
QUALITY_006,2026-01-02 11:15:00,54.324
QUALITY_007,2026-01-02 11:15:00,122.397
QUALITY_008,2026-01-02 11:15:00,93.713
QUALITY_001,2026-01-02 11:30:00,54.554
QUALITY_002,2026-01-02 11:30:00,48.156
QUALITY_003,2026-01-02 11:30:00,38.691
QUALITY_004,2026-01-02 11:30:00,85.695
QUALITY_005,2026-01-02 11:30:00,72.672
QUALITY_006,2026-01-02 11:30:00,55.696
QUALITY_007,2026-01-02 11:30:00,118.114
QUALITY_008,2026-01-02 11:30:00,97.755
QUALITY_001,2026-01-02 11:45:00,53.458
QUALITY_002,2026-01-02 11:45:00,50.137
QUALITY_003,2026-01-02 11:45:00,39.398
QUALITY_004,2026-01-02 11:45:00,84.711
QUALITY_005,2026-01-02 11:45:00,74.969
QUALITY_006,2026-01-02 11:45:00,55.209
QUALITY_007,2026-01-02 11:45:00,115.913
QUALITY_008,2026-01-02 11:45:00,99.095
QUALITY_001,2026-01-02 12:00:00,51.961
QUALITY_002,2026-01-02 12:00:00,51.851
QUALITY_003,2026-01-02 12:00:00,41.288
QUALITY_004,2026-01-02 12:00:00,83.907
QUALITY_005,2026-01-02 12:00:00,77.651
QUALITY_006,2026-01-02 12:00:00,56.492
QUALITY_007,2026-01-02 12:00:00,114.397
QUALITY_008,2026-01-02 12:00:00,104.369
QUALITY_001,2026-01-02 12:15:00,50.489
QUALITY_002,2026-01-02 12:15:00,55.201
QUALITY_003,2026-01-02 12:15:00,40.713
QUALITY_004,2026-01-02 12:15:00,82.052
QUALITY_005,2026-01-02 12:15:00,83.461
QUALITY_006,2026-01-02 12:15:00,56.203
QUALITY_007,2026-01-02 12:15:00,112.42
QUALITY_008,2026-01-02 12:15:00,109.225
QUALITY_001,2026-01-02 12:30:00,51.069
QUALITY_002,2026-01-02 12:30:00,56.876
QUALITY_003,2026-01-02 12:30:00,42.348
QUALITY_004,2026-01-02 12:30:00,81.342
QUALITY_005,2026-01-02 12:30:00,84.413
QUALITY_006,2026-01-02 12:30:00,59.487
QUALITY_007,2026-01-02 12:30:00,110.128
QUALITY_008,2026-01-02 12:30:00,113.445
QUALITY_001,2026-01-02 12:45:00,51.498
QUALITY_002,2026-01-02 12:45:00,60.915
QUALITY_003,2026-01-02 12:45:00,41.57
QUALITY_004,2026-01-02 12:45:00,78.252
QUALITY_005,2026-01-02 12:45:00,90.282
QUALITY_006,2026-01-02 12:45:00,59.74
QUALITY_007,2026-01-02 12:45:00,108.334
QUALITY_008,2026-01-02 12:45:00,118.293
QUALITY_001,2026-01-02 13:00:00,48.502
QUALITY_002,2026-01-02 13:00:00,61.539
QUALITY_003,2026-01-02 13:00:00,43.007
QUALITY_004,2026-01-02 13:00:00,77.962
QUALITY_005,2026-01-02 13:00:00,93
QUALITY_006,2026-01-02 13:00:00,59.128
QUALITY_007,2026-01-02 13:00:00,107.312
QUALITY_001,2026-01-02 13:15:00,48.899
QUALITY_002,2026-01-02 13:15:00,66.5
QUALITY_003,2026-01-02 13:15:00,41.154
QUALITY_004,2026-01-02 13:15:00,78.158
QUALITY_005,2026-01-02 13:15:00,97.355
QUALITY_006,2026-01-02 13:15:00,59.399
QUALITY_007,2026-01-02 13:15:00,107.29
QUALITY_008,2026-01-02 13:15:00,129.357
QUALITY_001,2026-01-02 13:30:00,49.553
QUALITY_002,2026-01-02 13:30:00,67.518
QUALITY_003,2026-01-02 13:30:00,41.972
QUALITY_004,2026-01-02 13:30:00,75.898
QUALITY_005,2026-01-02 13:30:00,100.452
QUALITY_006,2026-01-02 13:30:00,59.784
QUALITY_007,2026-01-02 13:30:00,105.886
QUALITY_008,2026-01-02 13:30:00,134.093
QUALITY_001,2026-01-02 13:45:00,47.416
QUALITY_002,2026-01-02 13:45:00,70.457
QUALITY_003,2026-01-02 13:45:00,44.503
QUALITY_004,2026-01-02 13:45:00,74.647
QUALITY_005,2026-01-02 13:45:00,103.41
QUALITY_006,2026-01-02 13:45:00,63.02
QUALITY_007,2026-01-02 13:45:00,102.04
QUALITY_008,2026-01-02 13:45:00,137.66
QUALITY_001,2026-01-02 14:00:00,45.77
QUALITY_002,2026-01-02 14:00:00,71.294
QUALITY_003,2026-01-02 14:00:00,44.454
QUALITY_004,2026-01-02 14:00:00,73.591
QUALITY_005,2026-01-02 14:00:00,108.96
QUALITY_006,2026-01-02 14:00:00,63.943
QUALITY_007,2026-01-02 14:00:00,101.248
QUALITY_008,2026-01-02 14:00:00,141.926
QUALITY_001,2026-01-02 14:15:00,45.131
QUALITY_002,2026-01-02 14:15:00,75.432
QUALITY_003,2026-01-02 14:15:00,43.982
QUALITY_004,2026-01-02 14:15:00,73.807
QUALITY_005,2026-01-02 14:15:00,110.717
QUALITY_006,2026-01-02 14:15:00,62.658
QUALITY_007,2026-01-02 14:15:00,99.344
QUALITY_008,2026-01-02 14:15:00,147.068
QUALITY_001,2026-01-02 14:30:00,46.505
QUALITY_002,2026-01-02 14:30:00,76.113
QUALITY_003,2026-01-02 14:30:00,44.802
QUALITY_004,2026-01-02 14:30:00,72.625
QUALITY_005,2026-01-02 14:30:00,113.738
QUALITY_006,2026-01-02 14:30:00,65.132
QUALITY_007,2026-01-02 14:30:00,98.838
QUALITY_008,2026-01-02 14:30:00,148.369
QUALITY_001,2026-01-02 14:45:00,44.92
QUALITY_002,2026-01-02 14:45:00,77.895
QUALITY_003,2026-01-02 14:45:00,46.405
QUALITY_004,2026-01-02 14:45:00,69.788
QUALITY_005,2026-01-02 14:45:00,114.148
QUALITY_006,2026-01-02 14:45:00,64.59
QUALITY_007,2026-01-02 14:45:00,96.095
QUALITY_008,2026-01-02 14:45:00,151.062
QUALITY_001,2026-01-02 15:00:00,43.349
QUALITY_002,2026-01-02 15:00:00,78.046
QUALITY_003,2026-01-02 15:00:00,45.636
QUALITY_004,2026-01-02 15:00:00,69.256
QUALITY_005,2026-01-02 15:00:00,115.298
QUALITY_006,2026-01-02 15:00:00,66.077
QUALITY_007,2026-01-02 15:00:00,93.71
QUALITY_008,2026-01-02 15:00:00,152.374
QUALITY_001,2026-01-02 15:15:00,41.788
QUALITY_002,2026-01-02 15:15:00,77.752
QUALITY_003,2026-01-02 15:15:00,48.042
QUALITY_004,2026-01-02 15:15:00,66.549
QUALITY_005,2026-01-02 15:15:00,116.09
QUALITY_006,2026-01-02 15:15:00,67.526
QUALITY_007,2026-01-02 15:15:00,92.585
QUALITY_008,2026-01-02 15:15:00,153.518
QUALITY_001,2026-01-02 15:30:00,41.413
QUALITY_002,2026-01-02 15:30:00,76.99
QUALITY_003,2026-01-02 15:30:00,48.395
QUALITY_004,2026-01-02 15:30:00,64.45
QUALITY_005,2026-01-02 15:30:00,115.212
QUALITY_006,2026-01-02 15:30:00,69.3
QUALITY_007,2026-01-02 15:30:00,87.917
QUALITY_008,2026-01-02 15:30:00,151.479
QUALITY_001,2026-01-02 15:45:00,40.041
QUALITY_002,2026-01-02 15:45:00,74.99
QUALITY_003,2026-01-02 15:45:00,48.129
QUALITY_005,2026-01-02 15:45:00,114.307
QUALITY_006,2026-01-02 15:45:00,70.922
QUALITY_007,2026-01-02 15:45:00,87.95
QUALITY_008,2026-01-02 15:45:00,150.487
QUALITY_001,2026-01-02 16:00:00,39.717
QUALITY_002,2026-01-02 16:00:00,75.623
QUALITY_003,2026-01-02 16:00:00,48.769
QUALITY_004,2026-01-02 16:00:00,59.985
QUALITY_005,2026-01-02 16:00:00,112.813
QUALITY_006,2026-01-02 16:00:00,72.169
QUALITY_007,2026-01-02 16:00:00,84.895
QUALITY_008,2026-01-02 16:00:00,148.103
QUALITY_001,2026-01-02 16:15:00,38.5
QUALITY_002,2026-01-02 16:15:00,74.116
QUALITY_003,2026-01-02 16:15:00,52.337
QUALITY_004,2026-01-02 16:15:00,60.58
QUALITY_005,2026-01-02 16:15:00,109.828
QUALITY_006,2026-01-02 16:15:00,72.176
QUALITY_007,2026-01-02 16:15:00,81.406
QUALITY_008,2026-01-02 16:15:00,146.486
QUALITY_001,2026-01-02 16:30:00,35.642
QUALITY_002,2026-01-02 16:30:00,70.959
QUALITY_003,2026-01-02 16:30:00,52.676
QUALITY_004,2026-01-02 16:30:00,57.763
QUALITY_005,2026-01-02 16:30:00,107.801
QUALITY_006,2026-01-02 16:30:00,75.661
QUALITY_007,2026-01-02 16:30:00,78.058
QUALITY_008,2026-01-02 16:30:00,143.843
QUALITY_001,2026-01-02 16:45:00,35.389
QUALITY_002,2026-01-02 16:45:00,69.272
QUALITY_003,2026-01-02 16:45:00,56.008
QUALITY_004,2026-01-02 16:45:00,55.726
QUALITY_005,2026-01-02 16:45:00,103.791
QUALITY_006,2026-01-02 16:45:00,78.088
QUALITY_007,2026-01-02 16:45:00,74.928
QUALITY_008,2026-01-02 16:45:00,140.021
QUALITY_001,2026-01-02 17:00:00,35.316
QUALITY_002,2026-01-02 17:00:00,69.507
QUALITY_003,2026-01-02 17:00:00,57.601
QUALITY_004,2026-01-02 17:00:00,54.259
QUALITY_005,2026-01-02 17:00:00,102.051
QUALITY_006,2026-01-02 17:00:00,80.156
QUALITY_007,2026-01-02 17:00:00,73.541
QUALITY_008,2026-01-02 17:00:00,136.404
QUALITY_001,2026-01-02 17:15:00,32.529
QUALITY_002,2026-01-02 17:15:00,68.475
QUALITY_003,2026-01-02 17:15:00,59.277
QUALITY_004,2026-01-02 17:15:00,50.85
QUALITY_005,2026-01-02 17:15:00,99.951
QUALITY_006,2026-01-02 17:15:00,83.183
QUALITY_007,2026-01-02 17:15:00,72.193
QUALITY_008,2026-01-02 17:15:00,132.083
QUALITY_001,2026-01-02 17:30:00,31.463
QUALITY_002,2026-01-02 17:30:00,65.732
QUALITY_003,2026-01-02 17:30:00,61.508
QUALITY_004,2026-01-02 17:30:00,49.383
QUALITY_005,2026-01-02 17:30:00,96.961
QUALITY_006,2026-01-02 17:30:00,89.078
QUALITY_007,2026-01-02 17:30:00,67.85
QUALITY_008,2026-01-02 17:30:00,130.09
QUALITY_001,2026-01-02 17:45:00,32.148
QUALITY_002,2026-01-02 17:45:00,64.584
QUALITY_003,2026-01-02 17:45:00,65.164
QUALITY_003,2026-01-02 17:45:00,67.664
QUALITY_004,2026-01-02 17:45:00,50.302
QUALITY_005,2026-01-02 17:45:00,94.62
QUALITY_006,2026-01-02 17:45:00,92.919
QUALITY_007,2026-01-02 17:45:00,66.2
QUALITY_008,2026-01-02 17:45:00,127.79
QUALITY_001,2026-01-02 18:00:00,29.439
QUALITY_002,2026-01-02 18:00:00,62.346
QUALITY_003,2026-01-02 18:00:00,67.13
QUALITY_004,2026-01-02 18:00:00,49.084
QUALITY_005,2026-01-02 18:00:00,94.684
QUALITY_006,2026-01-02 18:00:00,98.069
QUALITY_007,2026-01-02 18:00:00,66.367
QUALITY_008,2026-01-02 18:00:00,123.542
QUALITY_001,2026-01-02 18:15:00,28.859
QUALITY_002,2026-01-02 18:15:00,62.234
QUALITY_003,2026-01-02 18:15:00,73.037
QUALITY_004,2026-01-02 18:15:00,45.848
QUALITY_005,2026-01-02 18:15:00,93.099
QUALITY_006,2026-01-02 18:15:00,103.471
QUALITY_007,2026-01-02 18:15:00,63.27
QUALITY_008,2026-01-02 18:15:00,123.289
QUALITY_001,2026-01-02 18:30:00,30.031
QUALITY_002,2026-01-02 18:30:00,60.767
QUALITY_003,2026-01-02 18:30:00,76.417
QUALITY_004,2026-01-02 18:30:00,46.121
QUALITY_005,2026-01-02 18:30:00,91.218
QUALITY_006,2026-01-02 18:30:00,107.457
QUALITY_007,2026-01-02 18:30:00,63.563
QUALITY_008,2026-01-02 18:30:00,119.518
QUALITY_001,2026-01-02 18:45:00,28.192
QUALITY_002,2026-01-02 18:45:00,60.984
QUALITY_003,2026-01-02 18:45:00,78.804
QUALITY_004,2026-01-02 18:45:00,44.02
QUALITY_005,2026-01-02 18:45:00,90.573
QUALITY_006,2026-01-02 18:45:00,111.694
QUALITY_007,2026-01-02 18:45:00,61.183
QUALITY_008,2026-01-02 18:45:00,117.305
QUALITY_001,2026-01-02 19:00:00,28.285
QUALITY_002,2026-01-02 19:00:00,58.981
QUALITY_003,2026-01-02 19:00:00,82.467
QUALITY_004,2026-01-02 19:00:00,43.242
QUALITY_005,2026-01-02 19:00:00,88.373
QUALITY_006,2026-01-02 19:00:00,116.72
QUALITY_006,2026-01-02 19:00:00,119.22
QUALITY_007,2026-01-02 19:00:00,61.168
QUALITY_008,2026-01-02 19:00:00,115.895
QUALITY_001,2026-01-02 19:15:00,28.394
QUALITY_002,2026-01-02 19:15:00,58.99
QUALITY_003,2026-01-02 19:15:00,84.653
QUALITY_004,2026-01-02 19:15:00,41.946
QUALITY_005,2026-01-02 19:15:00,87.695
QUALITY_006,2026-01-02 19:15:00,119.055
QUALITY_007,2026-01-02 19:15:00,59.203
QUALITY_008,2026-01-02 19:15:00,115.625
QUALITY_001,2026-01-02 19:30:00,25.999
QUALITY_002,2026-01-02 19:30:00,56.769
QUALITY_003,2026-01-02 19:30:00,86.267
QUALITY_004,2026-01-02 19:30:00,43.294
QUALITY_005,2026-01-02 19:30:00,84.956
QUALITY_006,2026-01-02 19:30:00,123.483
QUALITY_007,2026-01-02 19:30:00,58.938
QUALITY_008,2026-01-02 19:30:00,114.996
QUALITY_001,2026-01-02 19:45:00,25.468
QUALITY_002,2026-01-02 19:45:00,56.578
QUALITY_003,2026-01-02 19:45:00,87.935
QUALITY_004,2026-01-02 19:45:00,41.442
QUALITY_005,2026-01-02 19:45:00,85.676
QUALITY_006,2026-01-02 19:45:00,123.896
QUALITY_007,2026-01-02 19:45:00,56.569
QUALITY_008,2026-01-02 19:45:00,112.305
QUALITY_001,2026-01-02 20:00:00,26.26
QUALITY_002,2026-01-02 20:00:00,57.092
QUALITY_003,2026-01-02 20:00:00,87.652
QUALITY_004,2026-01-02 20:00:00,42.475
QUALITY_005,2026-01-02 20:00:00,84.78
QUALITY_006,2026-01-02 20:00:00,124.322
QUALITY_007,2026-01-02 20:00:00,57.273
QUALITY_008,2026-01-02 20:00:00,111.093
QUALITY_001,2026-01-02 20:15:00,25.311
QUALITY_002,2026-01-02 20:15:00,56.344
QUALITY_003,2026-01-02 20:15:00,88.856
QUALITY_004,2026-01-02 20:15:00,42.256
QUALITY_005,2026-01-02 20:15:00,80.878
QUALITY_006,2026-01-02 20:15:00,125.381
QUALITY_007,2026-01-02 20:15:00,58.028
QUALITY_008,2026-01-02 20:15:00,109.118
QUALITY_001,2026-01-02 20:30:00,27.087
QUALITY_002,2026-01-02 20:30:00,53.708
QUALITY_003,2026-01-02 20:30:00,85.943
QUALITY_004,2026-01-02 20:30:00,41.057
QUALITY_005,2026-01-02 20:30:00,82.052
QUALITY_006,2026-01-02 20:30:00,124.068
QUALITY_007,2026-01-02 20:30:00,56.344
QUALITY_008,2026-01-02 20:30:00,107.892
QUALITY_001,2026-01-02 20:45:00,26.163
QUALITY_002,2026-01-02 20:45:00,53.735
QUALITY_003,2026-01-02 20:45:00,85.808
QUALITY_004,2026-01-02 20:45:00,40.944
QUALITY_005,2026-01-02 20:45:00,78.162
QUALITY_006,2026-01-02 20:45:00,120.815
QUALITY_007,2026-01-02 20:45:00,57.692
QUALITY_008,2026-01-02 20:45:00,104.912
QUALITY_001,2026-01-02 21:00:00,26.233
QUALITY_002,2026-01-02 21:00:00,52.537
QUALITY_003,2026-01-02 21:00:00,81.149
QUALITY_004,2026-01-02 21:00:00,41.101
QUALITY_005,2026-01-02 21:00:00,75.84
QUALITY_006,2026-01-02 21:00:00,117.344
QUALITY_007,2026-01-02 21:00:00,55.875
QUALITY_008,2026-01-02 21:00:00,101.901
QUALITY_001,2026-01-02 21:15:00,26.246
QUALITY_002,2026-01-02 21:15:00,50.211
QUALITY_003,2026-01-02 21:15:00,79.469
QUALITY_004,2026-01-02 21:15:00,41.195
QUALITY_005,2026-01-02 21:15:00,74.29
QUALITY_006,2026-01-02 21:15:00,112.543
QUALITY_007,2026-01-02 21:15:00,57.165
QUALITY_008,2026-01-02 21:15:00,99.847
QUALITY_001,2026-01-02 21:30:00,25.934
QUALITY_002,2026-01-02 21:30:00,50.452
QUALITY_003,2026-01-02 21:30:00,74.363
QUALITY_004,2026-01-02 21:30:00,42.105
QUALITY_005,2026-01-02 21:30:00,73.303
QUALITY_006,2026-01-02 21:30:00,107.028
QUALITY_007,2026-01-02 21:30:00,56.927
QUALITY_008,2026-01-02 21:30:00,98.426
QUALITY_001,2026-01-02 21:45:00,26.746
QUALITY_002,2026-01-02 21:45:00,47.022
QUALITY_003,2026-01-02 21:45:00,71.198
QUALITY_004,2026-01-02 21:45:00,40.451
QUALITY_005,2026-01-02 21:45:00,72.094
QUALITY_006,2026-01-02 21:45:00,101.686
QUALITY_007,2026-01-02 21:45:00,57.411
QUALITY_008,2026-01-02 21:45:00,93.597
QUALITY_001,2026-01-02 22:00:00,27.324
QUALITY_002,2026-01-02 22:00:00,47.063
QUALITY_003,2026-01-02 22:00:00,68.166
QUALITY_004,2026-01-02 22:00:00,40.381
QUALITY_005,2026-01-02 22:00:00,68.857
QUALITY_006,2026-01-02 22:00:00,97.943
QUALITY_007,2026-01-02 22:00:00,56.306
QUALITY_008,2026-01-02 22:00:00,92.104
QUALITY_001,2026-01-02 22:15:00,26.015
QUALITY_002,2026-01-02 22:15:00,44.892
QUALITY_003,2026-01-02 22:15:00,65.687
QUALITY_004,2026-01-02 22:15:00,42.304
QUALITY_005,2026-01-02 22:15:00,65.322
QUALITY_006,2026-01-02 22:15:00,92.71
QUALITY_008,2026-01-02 22:15:00,89.36
QUALITY_001,2026-01-02 22:30:00,25.013
QUALITY_002,2026-01-02 22:30:00,44.427
QUALITY_003,2026-01-02 22:30:00,61.662
QUALITY_004,2026-01-02 22:30:00,41.959
QUALITY_005,2026-01-02 22:30:00,64.372
QUALITY_006,2026-01-02 22:30:00,88.806
QUALITY_007,2026-01-02 22:30:00,56.446
QUALITY_008,2026-01-02 22:30:00,84.866
QUALITY_001,2026-01-02 22:45:00,25.37
QUALITY_002,2026-01-02 22:45:00,40.695
QUALITY_003,2026-01-02 22:45:00,60.218
QUALITY_004,2026-01-02 22:45:00,41.699
QUALITY_005,2026-01-02 22:45:00,62.592
QUALITY_006,2026-01-02 22:45:00,84.633
QUALITY_007,2026-01-02 22:45:00,56.679
QUALITY_008,2026-01-02 22:45:00,81.687
QUALITY_001,2026-01-02 23:00:00,26.83
QUALITY_002,2026-01-02 23:00:00,39.578
QUALITY_003,2026-01-02 23:00:00,55.563
QUALITY_004,2026-01-02 23:00:00,41.295
QUALITY_005,2026-01-02 23:00:00,59.167
QUALITY_006,2026-01-02 23:00:00,80.832
QUALITY_007,2026-01-02 23:00:00,58.655
QUALITY_008,2026-01-02 23:00:00,79.532
QUALITY_001,2026-01-02 23:15:00,26.919
QUALITY_002,2026-01-02 23:15:00,39.095
QUALITY_003,2026-01-02 23:15:00,54.024
QUALITY_004,2026-01-02 23:15:00,42.337
QUALITY_005,2026-01-02 23:15:00,57.128
QUALITY_006,2026-01-02 23:15:00,76.819
QUALITY_007,2026-01-02 23:15:00,58.866
QUALITY_008,2026-01-02 23:15:00,78.562
QUALITY_001,2026-01-02 23:30:00,26.447
QUALITY_002,2026-01-02 23:30:00,37.527
QUALITY_003,2026-01-02 23:30:00,52.438
QUALITY_004,2026-01-02 23:30:00,42.806
QUALITY_005,2026-01-02 23:30:00,56.791
QUALITY_006,2026-01-02 23:30:00,74.633
QUALITY_007,2026-01-02 23:30:00,58.593
QUALITY_008,2026-01-02 23:30:00,74.221
QUALITY_001,2026-01-02 23:45:00,26.863
QUALITY_002,2026-01-02 23:45:00,36.615
QUALITY_003,2026-01-02 23:45:00,52.196
QUALITY_004,2026-01-02 23:45:00,44.568
QUALITY_005,2026-01-02 23:45:00,54.572
QUALITY_006,2026-01-02 23:45:00,73.355
QUALITY_007,2026-01-02 23:45:00,59.724
QUALITY_008,2026-01-02 23:45:00,73.996
QUALITY_001,2026-01-03 00:00:00,23.101
QUALITY_002,2026-01-03 00:00:00,28.395
QUALITY_004,2026-01-03 00:00:00,37.353
QUALITY_005,2026-01-03 00:00:00,42.977
QUALITY_006,2026-01-03 00:00:00,100.857
QUALITY_007,2026-01-03 00:00:00,51.508
QUALITY_008,2026-01-03 00:00:00,56.135
QUALITY_001,2026-01-03 00:15:00,25.046
QUALITY_002,2026-01-03 00:15:00,27.439
QUALITY_003,2026-01-03 00:15:00,70.959
QUALITY_004,2026-01-03 00:15:00,38.732
QUALITY_005,2026-01-03 00:15:00,43.846
QUALITY_006,2026-01-03 00:15:00,101.581
QUALITY_007,2026-01-03 00:15:00,52.143
QUALITY_008,2026-01-03 00:15:00,57.256
QUALITY_001,2026-01-03 00:30:00,24.308
QUALITY_002,2026-01-03 00:30:00,28.912
QUALITY_003,2026-01-03 00:30:00,72.48
QUALITY_004,2026-01-03 00:30:00,40.664
QUALITY_005,2026-01-03 00:30:00,41.806
QUALITY_006,2026-01-03 00:30:00,103.181
QUALITY_007,2026-01-03 00:30:00,52.984
QUALITY_008,2026-01-03 00:30:00,57.705
QUALITY_001,2026-01-03 00:45:00,24.197
QUALITY_002,2026-01-03 00:45:00,29.688
QUALITY_003,2026-01-03 00:45:00,70.971
QUALITY_004,2026-01-03 00:45:00,38.529
QUALITY_005,2026-01-03 00:45:00,41.677
QUALITY_006,2026-01-03 00:45:00,102.819
QUALITY_007,2026-01-03 00:45:00,54.123
QUALITY_008,2026-01-03 00:45:00,56.286
QUALITY_001,2026-01-03 01:00:00,26.67
QUALITY_002,2026-01-03 01:00:00,27.216
QUALITY_003,2026-01-03 01:00:00,72.247
QUALITY_004,2026-01-03 01:00:00,39.568
QUALITY_005,2026-01-03 01:00:00,41.605
QUALITY_006,2026-01-03 01:00:00,101.159
QUALITY_007,2026-01-03 01:00:00,56.139
QUALITY_008,2026-01-03 01:00:00,55.077
QUALITY_001,2026-01-03 01:15:00,26.359
QUALITY_002,2026-01-03 01:15:00,26.606
QUALITY_003,2026-01-03 01:15:00,70.49
QUALITY_004,2026-01-03 01:15:00,40.444
QUALITY_005,2026-01-03 01:15:00,41.324
QUALITY_006,2026-01-03 01:15:00,100.563
QUALITY_007,2026-01-03 01:15:00,54.551
QUALITY_008,2026-01-03 01:15:00,54.906
QUALITY_001,2026-01-03 01:30:00,25.254
QUALITY_002,2026-01-03 01:30:00,27.657
QUALITY_003,2026-01-03 01:30:00,69.635
QUALITY_004,2026-01-03 01:30:00,40.856
QUALITY_005,2026-01-03 01:30:00,41.014
QUALITY_006,2026-01-03 01:30:00,99.136
QUALITY_007,2026-01-03 01:30:00,55.562
QUALITY_008,2026-01-03 01:30:00,53.975
QUALITY_001,2026-01-03 01:45:00,27.154
QUALITY_002,2026-01-03 01:45:00,28.155
QUALITY_003,2026-01-03 01:45:00,68.83
QUALITY_004,2026-01-03 01:45:00,42.719
QUALITY_005,2026-01-03 01:45:00,40.394
QUALITY_006,2026-01-03 01:45:00,97.101
QUALITY_007,2026-01-03 01:45:00,56.197
QUALITY_008,2026-01-03 01:45:00,54.289
QUALITY_001,2026-01-03 02:00:00,27.941
QUALITY_002,2026-01-03 02:00:00,26.704
QUALITY_003,2026-01-03 02:00:00,67.634
QUALITY_004,2026-01-03 02:00:00,42.237
QUALITY_005,2026-01-03 02:00:00,40
QUALITY_006,2026-01-03 02:00:00,95.36
QUALITY_007,2026-01-03 02:00:00,58.163
QUALITY_008,2026-01-03 02:00:00,54.821
QUALITY_001,2026-01-03 02:15:00,25.829
QUALITY_002,2026-01-03 02:15:00,26.185
QUALITY_003,2026-01-03 02:15:00,66.59
QUALITY_004,2026-01-03 02:15:00,42.275
QUALITY_005,2026-01-03 02:15:00,40.707
QUALITY_006,2026-01-03 02:15:00,92.985
QUALITY_007,2026-01-03 02:15:00,57.468
QUALITY_008,2026-01-03 02:15:00,55.648
QUALITY_001,2026-01-03 02:30:00,27.175
QUALITY_002,2026-01-03 02:30:00,27.493
QUALITY_003,2026-01-03 02:30:00,63.276
QUALITY_004,2026-01-03 02:30:00,43.089
QUALITY_005,2026-01-03 02:30:00,40.679
QUALITY_006,2026-01-03 02:30:00,89.995
QUALITY_007,2026-01-03 02:30:00,60.126
QUALITY_008,2026-01-03 02:30:00,54.089
QUALITY_001,2026-01-03 02:45:00,26.583
QUALITY_002,2026-01-03 02:45:00,28.206
QUALITY_003,2026-01-03 02:45:00,63.388
QUALITY_004,2026-01-03 02:45:00,44.086
QUALITY_005,2026-01-03 02:45:00,39.615
QUALITY_006,2026-01-03 02:45:00,89.375
QUALITY_007,2026-01-03 02:45:00,60.447
QUALITY_008,2026-01-03 02:45:00,54.447
QUALITY_001,2026-01-03 03:00:00,29.124
QUALITY_002,2026-01-03 03:00:00,27.381
QUALITY_003,2026-01-03 03:00:00,60.21
QUALITY_004,2026-01-03 03:00:00,46.026
QUALITY_005,2026-01-03 03:00:00,40.344
QUALITY_006,2026-01-03 03:00:00,84.963
QUALITY_007,2026-01-03 03:00:00,59.807
QUALITY_008,2026-01-03 03:00:00,52.96
QUALITY_001,2026-01-03 03:15:00,28.396
QUALITY_002,2026-01-03 03:15:00,27.147
QUALITY_003,2026-01-03 03:15:00,59.273
QUALITY_004,2026-01-03 03:15:00,45.201
QUALITY_005,2026-01-03 03:15:00,39.876
QUALITY_006,2026-01-03 03:15:00,83.066
QUALITY_007,2026-01-03 03:15:00,62.52
QUALITY_008,2026-01-03 03:15:00,54.238
QUALITY_001,2026-01-03 03:30:00,29.018
QUALITY_002,2026-01-03 03:30:00,26.268
QUALITY_003,2026-01-03 03:30:00,57.544
QUALITY_004,2026-01-03 03:30:00,45.919
QUALITY_005,2026-01-03 03:30:00,39.878
QUALITY_006,2026-01-03 03:30:00,79.558
QUALITY_007,2026-01-03 03:30:00,63.787
QUALITY_008,2026-01-03 03:30:00,54.925
QUALITY_001,2026-01-03 03:45:00,28.997
QUALITY_002,2026-01-03 03:45:00,26.715
QUALITY_003,2026-01-03 03:45:00,55.821
QUALITY_004,2026-01-03 03:45:00,46.131
QUALITY_005,2026-01-03 03:45:00,41.626
QUALITY_006,2026-01-03 03:45:00,76.311
QUALITY_007,2026-01-03 03:45:00,65.534
QUALITY_008,2026-01-03 03:45:00,53.979
QUALITY_001,2026-01-03 04:00:00,31.352
QUALITY_002,2026-01-03 04:00:00,26.573
QUALITY_003,2026-01-03 04:00:00,53.371
QUALITY_004,2026-01-03 04:00:00,49.106
QUALITY_005,2026-01-03 04:00:00,42.024
QUALITY_006,2026-01-03 04:00:00,74.998
QUALITY_007,2026-01-03 04:00:00,66.328
QUALITY_008,2026-01-03 04:00:00,54.911
QUALITY_001,2026-01-03 04:15:00,31.101
QUALITY_002,2026-01-03 04:15:00,26.539
QUALITY_003,2026-01-03 04:15:00,51.099
QUALITY_004,2026-01-03 04:15:00,49.079
QUALITY_005,2026-01-03 04:15:00,39.9
QUALITY_006,2026-01-03 04:15:00,73.486
QUALITY_007,2026-01-03 04:15:00,65.968
QUALITY_008,2026-01-03 04:15:00,55.947
QUALITY_001,2026-01-03 04:30:00,30.384
QUALITY_002,2026-01-03 04:30:00,28.014
QUALITY_003,2026-01-03 04:30:00,50.494
QUALITY_004,2026-01-03 04:30:00,49.65
QUALITY_005,2026-01-03 04:30:00,40.651
QUALITY_006,2026-01-03 04:30:00,69.22
QUALITY_007,2026-01-03 04:30:00,69.808
QUALITY_008,2026-01-03 04:30:00,54.606
QUALITY_001,2026-01-03 04:45:00,32.501
QUALITY_002,2026-01-03 04:45:00,29.067
QUALITY_003,2026-01-03 04:45:00,48.482
QUALITY_004,2026-01-03 04:45:00,50.338
QUALITY_005,2026-01-03 04:45:00,41.475
QUALITY_006,2026-01-03 04:45:00,68.552
QUALITY_007,2026-01-03 04:45:00,71.694
QUALITY_008,2026-01-03 04:45:00,54.31
QUALITY_001,2026-01-03 05:00:00,34.167
QUALITY_002,2026-01-03 05:00:00,27.941
QUALITY_003,2026-01-03 05:00:00,46.294
QUALITY_004,2026-01-03 05:00:00,53.266
QUALITY_005,2026-01-03 05:00:00,42.702
QUALITY_006,2026-01-03 05:00:00,65.738
QUALITY_007,2026-01-03 05:00:00,72.54
QUALITY_008,2026-01-03 05:00:00,55.493
QUALITY_001,2026-01-03 05:15:00,33.722
QUALITY_002,2026-01-03 05:15:00,29.457
QUALITY_003,2026-01-03 05:15:00,44.814
QUALITY_004,2026-01-03 05:15:00,54.495
QUALITY_005,2026-01-03 05:15:00,43.17
QUALITY_006,2026-01-03 05:15:00,65.316
QUALITY_007,2026-01-03 05:15:00,75.028
QUALITY_008,2026-01-03 05:15:00,57.044
QUALITY_001,2026-01-03 05:30:00,37.119
QUALITY_002,2026-01-03 05:30:00,27.229
QUALITY_003,2026-01-03 05:30:00,45.009
QUALITY_004,2026-01-03 05:30:00,56.629
QUALITY_005,2026-01-03 05:30:00,42.916
QUALITY_006,2026-01-03 05:30:00,64.791
QUALITY_007,2026-01-03 05:30:00,78.983
QUALITY_008,2026-01-03 05:30:00,55.114
QUALITY_001,2026-01-03 05:45:00,36.352
QUALITY_002,2026-01-03 05:45:00,28.911
QUALITY_003,2026-01-03 05:45:00,45.32
QUALITY_004,2026-01-03 05:45:00,58.196
QUALITY_005,2026-01-03 05:45:00,43.099
QUALITY_006,2026-01-03 05:45:00,62.042
QUALITY_007,2026-01-03 05:45:00,82.154
QUALITY_008,2026-01-03 05:45:00,56.819
QUALITY_001,2026-01-03 06:00:00,39.422
QUALITY_002,2026-01-03 06:00:00,28.831
QUALITY_003,2026-01-03 06:00:00,43.172
QUALITY_004,2026-01-03 06:00:00,61.363
QUALITY_005,2026-01-03 06:00:00,42.927
QUALITY_006,2026-01-03 06:00:00,60.856
QUALITY_007,2026-01-03 06:00:00,85.079
QUALITY_008,2026-01-03 06:00:00,56.988
QUALITY_001,2026-01-03 06:15:00,40.088
QUALITY_002,2026-01-03 06:15:00,30.007
QUALITY_003,2026-01-03 06:15:00,41.988
QUALITY_004,2026-01-03 06:15:00,65.747
QUALITY_005,2026-01-03 06:15:00,44.584
QUALITY_006,2026-01-03 06:15:00,60.258
QUALITY_007,2026-01-03 06:15:00,87.785
QUALITY_008,2026-01-03 06:15:00,58.86
QUALITY_001,2026-01-03 06:30:00,43.603
QUALITY_002,2026-01-03 06:30:00,29.329
QUALITY_003,2026-01-03 06:30:00,43.136
QUALITY_004,2026-01-03 06:30:00,67.929
QUALITY_005,2026-01-03 06:30:00,44.987
QUALITY_007,2026-01-03 06:30:00,92.749
QUALITY_008,2026-01-03 06:30:00,57.71
QUALITY_001,2026-01-03 06:45:00,44.297
QUALITY_002,2026-01-03 06:45:00,31.218
QUALITY_003,2026-01-03 06:45:00,41.758
QUALITY_004,2026-01-03 06:45:00,70.492
QUALITY_005,2026-01-03 06:45:00,43.377
QUALITY_006,2026-01-03 06:45:00,58.131
QUALITY_007,2026-01-03 06:45:00,96.472
QUALITY_008,2026-01-03 06:45:00,58.35
QUALITY_001,2026-01-03 07:00:00,45.74
QUALITY_002,2026-01-03 07:00:00,31.62
QUALITY_003,2026-01-03 07:00:00,42.638
QUALITY_004,2026-01-03 07:00:00,73.638
QUALITY_005,2026-01-03 07:00:00,45.259
QUALITY_006,2026-01-03 07:00:00,59.111
QUALITY_007,2026-01-03 07:00:00,101.006
QUALITY_008,2026-01-03 07:00:00,60.278
QUALITY_001,2026-01-03 07:15:00,48.856
QUALITY_002,2026-01-03 07:15:00,30.391
QUALITY_003,2026-01-03 07:15:00,41.232
QUALITY_004,2026-01-03 07:15:00,77.64
QUALITY_005,2026-01-03 07:15:00,46.765
QUALITY_006,2026-01-03 07:15:00,58.615
QUALITY_007,2026-01-03 07:15:00,104.777
QUALITY_008,2026-01-03 07:15:00,62.079
QUALITY_001,2026-01-03 07:30:00,51.023
QUALITY_002,2026-01-03 07:30:00,31.824
QUALITY_003,2026-01-03 07:30:00,41.325
QUALITY_004,2026-01-03 07:30:00,78.484
QUALITY_005,2026-01-03 07:30:00,46.188
QUALITY_006,2026-01-03 07:30:00,57.207
QUALITY_007,2026-01-03 07:30:00,109.178
QUALITY_008,2026-01-03 07:30:00,60.421
QUALITY_001,2026-01-03 07:45:00,50.971
QUALITY_002,2026-01-03 07:45:00,31.94
QUALITY_003,2026-01-03 07:45:00,41.317
QUALITY_004,2026-01-03 07:45:00,80.808
QUALITY_005,2026-01-03 07:45:00,45.636
QUALITY_006,2026-01-03 07:45:00,57.45
QUALITY_007,2026-01-03 07:45:00,111.274
QUALITY_008,2026-01-03 07:45:00,63.503
QUALITY_001,2026-01-03 08:00:00,54.698
QUALITY_002,2026-01-03 08:00:00,30.697
QUALITY_003,2026-01-03 08:00:00,41.092
QUALITY_004,2026-01-03 08:00:00,83.449
QUALITY_005,2026-01-03 08:00:00,46.399
QUALITY_006,2026-01-03 08:00:00,58.727
QUALITY_007,2026-01-03 08:00:00,114.346
QUALITY_008,2026-01-03 08:00:00,62.028
QUALITY_001,2026-01-03 08:15:00,53.31
QUALITY_002,2026-01-03 08:15:00,31.785
QUALITY_003,2026-01-03 08:15:00,40.954
QUALITY_004,2026-01-03 08:15:00,87.658
QUALITY_005,2026-01-03 08:15:00,48.957
QUALITY_006,2026-01-03 08:15:00,56.658
QUALITY_007,2026-01-03 08:15:00,119.153
QUALITY_008,2026-01-03 08:15:00,62.506
QUALITY_001,2026-01-03 08:30:00,54.489
QUALITY_002,2026-01-03 08:30:00,33.538
QUALITY_003,2026-01-03 08:30:00,40.488
QUALITY_004,2026-01-03 08:30:00,88.566
QUALITY_005,2026-01-03 08:30:00,47.737
QUALITY_006,2026-01-03 08:30:00,57.789
QUALITY_007,2026-01-03 08:30:00,121.238
QUALITY_008,2026-01-03 08:30:00,63.816
QUALITY_001,2026-01-03 08:45:00,56.961
QUALITY_002,2026-01-03 08:45:00,33.552
QUALITY_003,2026-01-03 08:45:00,41.081
QUALITY_004,2026-01-03 08:45:00,89.15
QUALITY_005,2026-01-03 08:45:00,50.443
QUALITY_006,2026-01-03 08:45:00,57.306
QUALITY_007,2026-01-03 08:45:00,121.484
QUALITY_008,2026-01-03 08:45:00,64.566
QUALITY_001,2026-01-03 09:00:00,56.852
QUALITY_002,2026-01-03 09:00:00,33.271
QUALITY_003,2026-01-03 09:00:00,41.819
QUALITY_004,2026-01-03 09:00:00,89.203
QUALITY_005,2026-01-03 09:00:00,49.489
QUALITY_006,2026-01-03 09:00:00,57.99
QUALITY_007,2026-01-03 09:00:00,123.104
QUALITY_008,2026-01-03 09:00:00,66.789
QUALITY_001,2026-01-03 09:15:00,55.579
QUALITY_003,2026-01-03 09:15:00,42.14
QUALITY_004,2026-01-03 09:15:00,88.961
QUALITY_005,2026-01-03 09:15:00,50.259
QUALITY_006,2026-01-03 09:15:00,58.168
QUALITY_007,2026-01-03 09:15:00,124.408
QUALITY_008,2026-01-03 09:15:00,68.838
QUALITY_001,2026-01-03 09:30:00,57.265
QUALITY_002,2026-01-03 09:30:00,35.138
QUALITY_003,2026-01-03 09:30:00,40.741
QUALITY_004,2026-01-03 09:30:00,90.011
QUALITY_005,2026-01-03 09:30:00,51.162
QUALITY_006,2026-01-03 09:30:00,58.101
QUALITY_007,2026-01-03 09:30:00,121.408
QUALITY_008,2026-01-03 09:30:00,67.899
QUALITY_001,2026-01-03 09:45:00,57.124
QUALITY_002,2026-01-03 09:45:00,36.311
QUALITY_003,2026-01-03 09:45:00,41.733
QUALITY_004,2026-01-03 09:45:00,88.493
QUALITY_005,2026-01-03 09:45:00,53.05
QUALITY_006,2026-01-03 09:45:00,59.766
QUALITY_007,2026-01-03 09:45:00,120.486
QUALITY_008,2026-01-03 09:45:00,70.353
QUALITY_001,2026-01-03 10:00:00,56.403
QUALITY_002,2026-01-03 10:00:00,36.527
QUALITY_003,2026-01-03 10:00:00,40.747
QUALITY_004,2026-01-03 10:00:00,86.941
QUALITY_005,2026-01-03 10:00:00,54.9
QUALITY_006,2026-01-03 10:00:00,59.534
QUALITY_007,2026-01-03 10:00:00,120.131
QUALITY_008,2026-01-03 10:00:00,72
QUALITY_001,2026-01-03 10:15:00,55.1
QUALITY_002,2026-01-03 10:15:00,37.304
QUALITY_003,2026-01-03 10:15:00,40.662
QUALITY_004,2026-01-03 10:15:00,85.002
QUALITY_005,2026-01-03 10:15:00,54.621
QUALITY_006,2026-01-03 10:15:00,60.846
QUALITY_007,2026-01-03 10:15:00,117.574
QUALITY_008,2026-01-03 10:15:00,72.766
QUALITY_001,2026-01-03 10:30:00,52.122
QUALITY_002,2026-01-03 10:30:00,39.119
QUALITY_003,2026-01-03 10:30:00,42.844
QUALITY_004,2026-01-03 10:30:00,85.237
QUALITY_005,2026-01-03 10:30:00,56.373
QUALITY_006,2026-01-03 10:30:00,59.363
QUALITY_007,2026-01-03 10:30:00,115.915
QUALITY_008,2026-01-03 10:30:00,75.441
QUALITY_001,2026-01-03 10:45:00,52.822
QUALITY_002,2026-01-03 10:45:00,39.732
QUALITY_003,2026-01-03 10:45:00,43.394
QUALITY_004,2026-01-03 10:45:00,83.339
QUALITY_005,2026-01-03 10:45:00,59.056
QUALITY_006,2026-01-03 10:45:00,60.667
QUALITY_007,2026-01-03 10:45:00,113.908
QUALITY_008,2026-01-03 10:45:00,77.168
QUALITY_001,2026-01-03 11:00:00,51.689
QUALITY_002,2026-01-03 11:00:00,39.941
QUALITY_003,2026-01-03 11:00:00,44.282
QUALITY_004,2026-01-03 11:00:00,81.687
QUALITY_005,2026-01-03 11:00:00,58.902
QUALITY_006,2026-01-03 11:00:00,59.905
QUALITY_007,2026-01-03 11:00:00,109.619
QUALITY_008,2026-01-03 11:00:00,79.933
QUALITY_001,2026-01-03 11:15:00,50.162
QUALITY_002,2026-01-03 11:15:00,40.221
QUALITY_003,2026-01-03 11:15:00,43.235
QUALITY_004,2026-01-03 11:15:00,79.772
QUALITY_005,2026-01-03 11:15:00,62.112
QUALITY_006,2026-01-03 11:15:00,63.141
QUALITY_007,2026-01-03 11:15:00,106.181
QUALITY_008,2026-01-03 11:15:00,83.3
QUALITY_001,2026-01-03 11:30:00,47.734
QUALITY_002,2026-01-03 11:30:00,44.415
QUALITY_003,2026-01-03 11:30:00,43.246
QUALITY_004,2026-01-03 11:30:00,75.303
QUALITY_005,2026-01-03 11:30:00,63.219
QUALITY_006,2026-01-03 11:30:00,62.576
QUALITY_007,2026-01-03 11:30:00,104.809
QUALITY_008,2026-01-03 11:30:00,85.745
QUALITY_001,2026-01-03 11:45:00,48.635
QUALITY_002,2026-01-03 11:45:00,43.942
QUALITY_003,2026-01-03 11:45:00,43.914
QUALITY_004,2026-01-03 11:45:00,73.875
QUALITY_005,2026-01-03 11:45:00,67.034
QUALITY_006,2026-01-03 11:45:00,61.781
QUALITY_007,2026-01-03 11:45:00,101.724
QUALITY_008,2026-01-03 11:45:00,88.565
QUALITY_001,2026-01-03 12:00:00,46.153
QUALITY_002,2026-01-03 12:00:00,47.037
QUALITY_003,2026-01-03 12:00:00,44.864
QUALITY_004,2026-01-03 12:00:00,74.467
QUALITY_005,2026-01-03 12:00:00,69.17
QUALITY_006,2026-01-03 12:00:00,63.768
QUALITY_007,2026-01-03 12:00:00,99.709
QUALITY_008,2026-01-03 12:00:00,92.932
QUALITY_001,2026-01-03 12:15:00,45.751
QUALITY_002,2026-01-03 12:15:00,49.227
QUALITY_003,2026-01-03 12:15:00,44.749
QUALITY_004,2026-01-03 12:15:00,71.279
QUALITY_005,2026-01-03 12:15:00,73.488
QUALITY_006,2026-01-03 12:15:00,63.712
QUALITY_007,2026-01-03 12:15:00,100.202
QUALITY_008,2026-01-03 12:15:00,95.029
QUALITY_001,2026-01-03 12:30:00,45.156
QUALITY_002,2026-01-03 12:30:00,52.117
QUALITY_003,2026-01-03 12:30:00,46.3
QUALITY_004,2026-01-03 12:30:00,72.241
QUALITY_005,2026-01-03 12:30:00,76.255
QUALITY_006,2026-01-03 12:30:00,65.315
QUALITY_007,2026-01-03 12:30:00,95.884
QUALITY_008,2026-01-03 12:30:00,99.619
QUALITY_001,2026-01-03 12:45:00,43.527
QUALITY_002,2026-01-03 12:45:00,53.152
QUALITY_003,2026-01-03 12:45:00,45.324
QUALITY_004,2026-01-03 12:45:00,71.405
QUALITY_005,2026-01-03 12:45:00,79.526
QUALITY_006,2026-01-03 12:45:00,67.166
QUALITY_007,2026-01-03 12:45:00,96.126
QUALITY_008,2026-01-03 12:45:00,106.103
QUALITY_001,2026-01-03 13:00:00,44.244
QUALITY_002,2026-01-03 13:00:00,56.128
QUALITY_003,2026-01-03 13:00:00,47.539
QUALITY_004,2026-01-03 13:00:00,68.335
QUALITY_005,2026-01-03 13:00:00,82.657
QUALITY_006,2026-01-03 13:00:00,68.065
QUALITY_007,2026-01-03 13:00:00,93.908
QUALITY_008,2026-01-03 13:00:00,108.859
QUALITY_001,2026-01-03 13:15:00,42.981
QUALITY_002,2026-01-03 13:15:00,57.767
QUALITY_003,2026-01-03 13:15:00,47.029
QUALITY_004,2026-01-03 13:15:00,69.183
QUALITY_005,2026-01-03 13:15:00,85.493
QUALITY_006,2026-01-03 13:15:00,68.345
QUALITY_007,2026-01-03 13:15:00,93.985
QUALITY_008,2026-01-03 13:15:00,113.359
QUALITY_001,2026-01-03 13:30:00,41.561
QUALITY_002,2026-01-03 13:30:00,59.035
QUALITY_003,2026-01-03 13:30:00,48.768
QUALITY_004,2026-01-03 13:30:00,66.601
QUALITY_005,2026-01-03 13:30:00,89.089
QUALITY_006,2026-01-03 13:30:00,67.26
QUALITY_007,2026-01-03 13:30:00,92.782
QUALITY_008,2026-01-03 13:30:00,118.433
QUALITY_001,2026-01-03 13:45:00,43.212
QUALITY_002,2026-01-03 13:45:00,61.599
QUALITY_003,2026-01-03 13:45:00,49.34
QUALITY_004,2026-01-03 13:45:00,67.801
QUALITY_005,2026-01-03 13:45:00,93.251
QUALITY_006,2026-01-03 13:45:00,70.711
QUALITY_007,2026-01-03 13:45:00,91.754
QUALITY_008,2026-01-03 13:45:00,122.941
QUALITY_001,2026-01-03 14:00:00,42.372
QUALITY_002,2026-01-03 14:00:00,63.215
QUALITY_003,2026-01-03 14:00:00,49.359
QUALITY_004,2026-01-03 14:00:00,64.63
QUALITY_005,2026-01-03 14:00:00,94.782
QUALITY_006,2026-01-03 14:00:00,71.01
QUALITY_007,2026-01-03 14:00:00,89.902
QUALITY_008,2026-01-03 14:00:00,125.395
QUALITY_001,2026-01-03 14:15:00,41.537
QUALITY_002,2026-01-03 14:15:00,64.175
QUALITY_003,2026-01-03 14:15:00,50.177
QUALITY_004,2026-01-03 14:15:00,65.68
QUALITY_005,2026-01-03 14:15:00,97.194
QUALITY_006,2026-01-03 14:15:00,71.14
QUALITY_007,2026-01-03 14:15:00,87.895
QUALITY_008,2026-01-03 14:15:00,128.213
QUALITY_001,2026-01-03 14:30:00,38.894
QUALITY_002,2026-01-03 14:30:00,67.272
QUALITY_003,2026-01-03 14:30:00,50.878
QUALITY_004,2026-01-03 14:30:00,64.413
QUALITY_005,2026-01-03 14:30:00,97.886
QUALITY_006,2026-01-03 14:30:00,73.112
QUALITY_007,2026-01-03 14:30:00,86.002
QUALITY_008,2026-01-03 14:30:00,130.941
QUALITY_001,2026-01-03 14:45:00,40.256
QUALITY_002,2026-01-03 14:45:00,68.584
QUALITY_003,2026-01-03 14:45:00,51.052
QUALITY_004,2026-01-03 14:45:00,63.052
QUALITY_005,2026-01-03 14:45:00,100.483
QUALITY_006,2026-01-03 14:45:00,74.036
QUALITY_007,2026-01-03 14:45:00,85.202
QUALITY_008,2026-01-03 14:45:00,134.633
QUALITY_001,2026-01-03 15:00:00,39.066
QUALITY_002,2026-01-03 15:00:00,66.881
QUALITY_003,2026-01-03 15:00:00,53.197
QUALITY_004,2026-01-03 15:00:00,59.821
QUALITY_005,2026-01-03 15:00:00,102.085
QUALITY_006,2026-01-03 15:00:00,74.312
QUALITY_007,2026-01-03 15:00:00,83.418
QUALITY_008,2026-01-03 15:00:00,132.848
QUALITY_001,2026-01-03 15:15:00,37.479
QUALITY_002,2026-01-03 15:15:00,67.011
QUALITY_003,2026-01-03 15:15:00,51.874
QUALITY_004,2026-01-03 15:15:00,58.949
QUALITY_005,2026-01-03 15:15:00,100.581
QUALITY_006,2026-01-03 15:15:00,75
QUALITY_007,2026-01-03 15:15:00,79.915
QUALITY_008,2026-01-03 15:15:00,133.089
QUALITY_001,2026-01-03 15:30:00,36.162
QUALITY_002,2026-01-03 15:30:00,67.311
QUALITY_003,2026-01-03 15:30:00,54.982
QUALITY_004,2026-01-03 15:30:00,58.765
QUALITY_005,2026-01-03 15:30:00,102.064
QUALITY_006,2026-01-03 15:30:00,75.399
QUALITY_007,2026-01-03 15:30:00,77.754
QUALITY_008,2026-01-03 15:30:00,133.326
QUALITY_001,2026-01-03 15:45:00,35.793
QUALITY_002,2026-01-03 15:45:00,67.963
QUALITY_003,2026-01-03 15:45:00,54.251
QUALITY_004,2026-01-03 15:45:00,54.98
QUALITY_006,2026-01-03 15:45:00,78.281
QUALITY_007,2026-01-03 15:45:00,75.778
QUALITY_008,2026-01-03 15:45:00,132.381
QUALITY_001,2026-01-03 16:00:00,34.414
QUALITY_002,2026-01-03 16:00:00,67.412
QUALITY_003,2026-01-03 16:00:00,56.798
QUALITY_004,2026-01-03 16:00:00,55.196
QUALITY_005,2026-01-03 16:00:00,98.341
QUALITY_006,2026-01-03 16:00:00,80.452
QUALITY_007,2026-01-03 16:00:00,74.796
QUALITY_008,2026-01-03 16:00:00,130.601
QUALITY_001,2026-01-03 16:15:00,34.001
QUALITY_002,2026-01-03 16:15:00,63.539
QUALITY_003,2026-01-03 16:15:00,56.474
QUALITY_004,2026-01-03 16:15:00,51.174
QUALITY_005,2026-01-03 16:15:00,95.834
QUALITY_006,2026-01-03 16:15:00,80.503
QUALITY_007,2026-01-03 16:15:00,72.938
QUALITY_008,2026-01-03 16:15:00,128.51
QUALITY_001,2026-01-03 16:30:00,31.92
QUALITY_002,2026-01-03 16:30:00,62.915
QUALITY_003,2026-01-03 16:30:00,58.457
QUALITY_004,2026-01-03 16:30:00,49.511
QUALITY_005,2026-01-03 16:30:00,94.22
QUALITY_006,2026-01-03 16:30:00,84.397
QUALITY_007,2026-01-03 16:30:00,70.188
QUALITY_008,2026-01-03 16:30:00,126.087
QUALITY_001,2026-01-03 16:45:00,30.994
QUALITY_002,2026-01-03 16:45:00,61.477
QUALITY_003,2026-01-03 16:45:00,60.106
QUALITY_004,2026-01-03 16:45:00,49.878
QUALITY_005,2026-01-03 16:45:00,92.924
QUALITY_006,2026-01-03 16:45:00,87.086
QUALITY_007,2026-01-03 16:45:00,67.713
QUALITY_008,2026-01-03 16:45:00,121.949
QUALITY_001,2026-01-03 17:00:00,28.749
QUALITY_002,2026-01-03 17:00:00,61.421
QUALITY_003,2026-01-03 17:00:00,64.923
QUALITY_004,2026-01-03 17:00:00,48.606
QUALITY_005,2026-01-03 17:00:00,91.328
QUALITY_006,2026-01-03 17:00:00,90.116
QUALITY_007,2026-01-03 17:00:00,64.527
QUALITY_008,2026-01-03 17:00:00,120.743
QUALITY_001,2026-01-03 17:15:00,28.075
QUALITY_002,2026-01-03 17:15:00,58.606
QUALITY_003,2026-01-03 17:15:00,65.585
QUALITY_004,2026-01-03 17:15:00,45.55
QUALITY_005,2026-01-03 17:15:00,87.74
QUALITY_006,2026-01-03 17:15:00,94.766
QUALITY_007,2026-01-03 17:15:00,62.518
QUALITY_008,2026-01-03 17:15:00,115.66
QUALITY_001,2026-01-03 17:30:00,28.602
QUALITY_002,2026-01-03 17:30:00,57.129
QUALITY_003,2026-01-03 17:30:00,68.209
QUALITY_004,2026-01-03 17:30:00,44.678
QUALITY_005,2026-01-03 17:30:00,87.421
QUALITY_006,2026-01-03 17:30:00,97.788
QUALITY_007,2026-01-03 17:30:00,60.483
QUALITY_008,2026-01-03 17:30:00,113.204
QUALITY_001,2026-01-03 17:45:00,26.46
QUALITY_002,2026-01-03 17:45:00,57.096
QUALITY_003,2026-01-03 17:45:00,71.61
QUALITY_004,2026-01-03 17:45:00,42.285
QUALITY_005,2026-01-03 17:45:00,84.318
QUALITY_006,2026-01-03 17:45:00,103.969
QUALITY_007,2026-01-03 17:45:00,59.896
QUALITY_008,2026-01-03 17:45:00,110.876
QUALITY_001,2026-01-03 18:00:00,27.576
QUALITY_002,2026-01-03 18:00:00,56.051
QUALITY_003,2026-01-03 18:00:00,76.94
QUALITY_004,2026-01-03 18:00:00,42.585
QUALITY_005,2026-01-03 18:00:00,81.894
QUALITY_006,2026-01-03 18:00:00,109.717
QUALITY_007,2026-01-03 18:00:00,58.844
QUALITY_008,2026-01-03 18:00:00,108.727
QUALITY_001,2026-01-03 18:15:00,24.853
QUALITY_002,2026-01-03 18:15:00,54.833
QUALITY_003,2026-01-03 18:15:00,81.003
QUALITY_004,2026-01-03 18:15:00,42.331
QUALITY_005,2026-01-03 18:15:00,82.4
QUALITY_006,2026-01-03 18:15:00,113.262
QUALITY_007,2026-01-03 18:15:00,57.185
QUALITY_008,2026-01-03 18:15:00,107.857
QUALITY_002,2026-01-03 18:30:00,53.417
QUALITY_003,2026-01-03 18:30:00,85.9
QUALITY_004,2026-01-03 18:30:00,39.543
QUALITY_005,2026-01-03 18:30:00,81.166
QUALITY_006,2026-01-03 18:30:00,120.58
QUALITY_007,2026-01-03 18:30:00,56.29
QUALITY_008,2026-01-03 18:30:00,107.198
QUALITY_001,2026-01-03 18:45:00,25.899
QUALITY_002,2026-01-03 18:45:00,53.774
QUALITY_003,2026-01-03 18:45:00,87.534
QUALITY_004,2026-01-03 18:45:00,39.537
QUALITY_005,2026-01-03 18:45:00,77.707
QUALITY_006,2026-01-03 18:45:00,125.18
QUALITY_007,2026-01-03 18:45:00,53.48
QUALITY_008,2026-01-03 18:45:00,105.214
QUALITY_001,2026-01-03 19:00:00,24.298
QUALITY_002,2026-01-03 19:00:00,52.39
QUALITY_003,2026-01-03 19:00:00,90.857
QUALITY_004,2026-01-03 19:00:00,38.778
QUALITY_005,2026-01-03 19:00:00,77.362
QUALITY_006,2026-01-03 19:00:00,130.44
QUALITY_007,2026-01-03 19:00:00,54.365
QUALITY_008,2026-01-03 19:00:00,103.101
QUALITY_001,2026-01-03 19:15:00,22.772
QUALITY_002,2026-01-03 19:15:00,51.296
QUALITY_003,2026-01-03 19:15:00,94.832
QUALITY_004,2026-01-03 19:15:00,38.065
QUALITY_005,2026-01-03 19:15:00,76.365
QUALITY_006,2026-01-03 19:15:00,133.826
QUALITY_007,2026-01-03 19:15:00,51.876
QUALITY_008,2026-01-03 19:15:00,102.436
QUALITY_001,2026-01-03 19:30:00,24.151
QUALITY_002,2026-01-03 19:30:00,51.55
QUALITY_003,2026-01-03 19:30:00,96.253
QUALITY_004,2026-01-03 19:30:00,36.695
QUALITY_005,2026-01-03 19:30:00,74.842
QUALITY_006,2026-01-03 19:30:00,138.118
QUALITY_007,2026-01-03 19:30:00,50.753
QUALITY_008,2026-01-03 19:30:00,99.798
QUALITY_001,2026-01-03 19:45:00,23.981
QUALITY_002,2026-01-03 19:45:00,49.313
QUALITY_003,2026-01-03 19:45:00,99.351
QUALITY_004,2026-01-03 19:45:00,36.37
QUALITY_005,2026-01-03 19:45:00,73.568
QUALITY_006,2026-01-03 19:45:00,139.564
QUALITY_007,2026-01-03 19:45:00,50.829
QUALITY_008,2026-01-03 19:45:00,99.519
QUALITY_001,2026-01-03 20:00:00,22.604
QUALITY_002,2026-01-03 20:00:00,49.13
QUALITY_003,2026-01-03 20:00:00,98.075
QUALITY_004,2026-01-03 20:00:00,36.334
QUALITY_005,2026-01-03 20:00:00,74.666
QUALITY_006,2026-01-03 20:00:00,141.035
QUALITY_007,2026-01-03 20:00:00,51.79
QUALITY_008,2026-01-03 20:00:00,98.9
QUALITY_001,2026-01-03 20:15:00,23.169
QUALITY_002,2026-01-03 20:15:00,48.347
QUALITY_003,2026-01-03 20:15:00,97.13
QUALITY_004,2026-01-03 20:15:00,37.134
QUALITY_005,2026-01-03 20:15:00,72.534
QUALITY_006,2026-01-03 20:15:00,138.921
QUALITY_007,2026-01-03 20:15:00,49.165
QUALITY_008,2026-01-03 20:15:00,95.538
QUALITY_001,2026-01-03 20:30:00,21.952
QUALITY_002,2026-01-03 20:30:00,47.653
QUALITY_003,2026-01-03 20:30:00,95.808
QUALITY_004,2026-01-03 20:30:00,37.949
QUALITY_005,2026-01-03 20:30:00,72.323
QUALITY_006,2026-01-03 20:30:00,138.029
QUALITY_007,2026-01-03 20:30:00,49.028
QUALITY_008,2026-01-03 20:30:00,94.068
QUALITY_001,2026-01-03 20:45:00,22.88
QUALITY_002,2026-01-03 20:45:00,45.818
QUALITY_003,2026-01-03 20:45:00,94.933
QUALITY_004,2026-01-03 20:45:00,36.356
QUALITY_005,2026-01-03 20:45:00,69.386
QUALITY_006,2026-01-03 20:45:00,134.297
QUALITY_007,2026-01-03 20:45:00,49.371
QUALITY_008,2026-01-03 20:45:00,91.452
QUALITY_001,2026-01-03 21:00:00,24.263
QUALITY_002,2026-01-03 21:00:00,45.566
QUALITY_003,2026-01-03 21:00:00,90.658
QUALITY_004,2026-01-03 21:00:00,35.147
QUALITY_005,2026-01-03 21:00:00,67.682
QUALITY_006,2026-01-03 21:00:00,130.254
QUALITY_007,2026-01-03 21:00:00,50.315
QUALITY_008,2026-01-03 21:00:00,91.392
QUALITY_001,2026-01-03 21:15:00,21.613
QUALITY_002,2026-01-03 21:15:00,44.773
QUALITY_003,2026-01-03 21:15:00,87.439
QUALITY_004,2026-01-03 21:15:00,36.269
QUALITY_005,2026-01-03 21:15:00,65.306
QUALITY_006,2026-01-03 21:15:00,125.853
QUALITY_007,2026-01-03 21:15:00,48.357
QUALITY_008,2026-01-03 21:15:00,88.791
QUALITY_001,2026-01-03 21:30:00,24.181
QUALITY_002,2026-01-03 21:30:00,43.311
QUALITY_003,2026-01-03 21:30:00,84.337
QUALITY_004,2026-01-03 21:30:00,35.91
QUALITY_005,2026-01-03 21:30:00,65.052
QUALITY_006,2026-01-03 21:30:00,120.847
QUALITY_007,2026-01-03 21:30:00,49.558
QUALITY_008,2026-01-03 21:30:00,86.021
QUALITY_001,2026-01-03 21:45:00,21.851
QUALITY_002,2026-01-03 21:45:00,43.198
QUALITY_003,2026-01-03 21:45:00,80.148
QUALITY_004,2026-01-03 21:45:00,37.223
QUALITY_005,2026-01-03 21:45:00,62.455
QUALITY_006,2026-01-03 21:45:00,115.535
QUALITY_007,2026-01-03 21:45:00,49.13
QUALITY_008,2026-01-03 21:45:00,82.716
QUALITY_001,2026-01-03 22:00:00,22.787
QUALITY_002,2026-01-03 22:00:00,39.611
QUALITY_003,2026-01-03 22:00:00,75.799
QUALITY_004,2026-01-03 22:00:00,37.33
QUALITY_005,2026-01-03 22:00:00,60.579
QUALITY_006,2026-01-03 22:00:00,110.228
QUALITY_007,2026-01-03 22:00:00,51.27
QUALITY_008,2026-01-03 22:00:00,79.998
QUALITY_001,2026-01-03 22:15:00,23.851
QUALITY_002,2026-01-03 22:15:00,39.394
QUALITY_003,2026-01-03 22:15:00,72.994
QUALITY_004,2026-01-03 22:15:00,37.877
QUALITY_005,2026-01-03 22:15:00,58.029
QUALITY_006,2026-01-03 22:15:00,103.28
QUALITY_007,2026-01-03 22:15:00,48.919
QUALITY_001,2026-01-03 22:30:00,23.842
QUALITY_002,2026-01-03 22:30:00,38.564
QUALITY_003,2026-01-03 22:30:00,70.473
QUALITY_004,2026-01-03 22:30:00,36.192
QUALITY_005,2026-01-03 22:30:00,57.643
QUALITY_006,2026-01-03 22:30:00,99.814
QUALITY_007,2026-01-03 22:30:00,51.716
QUALITY_008,2026-01-03 22:30:00,74.35
QUALITY_001,2026-01-03 22:45:00,22.038
QUALITY_002,2026-01-03 22:45:00,35.878
QUALITY_003,2026-01-03 22:45:00,65.379
QUALITY_004,2026-01-03 22:45:00,37.696
QUALITY_005,2026-01-03 22:45:00,55.726
QUALITY_006,2026-01-03 22:45:00,94.247
QUALITY_007,2026-01-03 22:45:00,51.953
QUALITY_008,2026-01-03 22:45:00,73.178
QUALITY_001,2026-01-03 23:00:00,24.124
QUALITY_002,2026-01-03 23:00:00,35.153
QUALITY_003,2026-01-03 23:00:00,64.624
QUALITY_004,2026-01-03 23:00:00,37.215
QUALITY_005,2026-01-03 23:00:00,52.662
QUALITY_006,2026-01-03 23:00:00,91.312
QUALITY_007,2026-01-03 23:00:00,51.514
QUALITY_008,2026-01-03 23:00:00,69.513
QUALITY_001,2026-01-03 23:15:00,22.357
QUALITY_002,2026-01-03 23:15:00,35.753
QUALITY_003,2026-01-03 23:15:00,62.301
QUALITY_004,2026-01-03 23:15:00,38.467
QUALITY_005,2026-01-03 23:15:00,52.597
QUALITY_006,2026-01-03 23:15:00,86.329
QUALITY_007,2026-01-03 23:15:00,50.108
QUALITY_008,2026-01-03 23:15:00,69.466
QUALITY_001,2026-01-03 23:30:00,25.086
QUALITY_002,2026-01-03 23:30:00,32.908
QUALITY_003,2026-01-03 23:30:00,59.381
QUALITY_004,2026-01-03 23:30:00,37.667
QUALITY_005,2026-01-03 23:30:00,49.378
QUALITY_006,2026-01-03 23:30:00,83.772
QUALITY_007,2026-01-03 23:30:00,52.385
QUALITY_008,2026-01-03 23:30:00,66.548
QUALITY_001,2026-01-03 23:45:00,25.535
QUALITY_002,2026-01-03 23:45:00,33.502
QUALITY_003,2026-01-03 23:45:00,56.375
QUALITY_004,2026-01-03 23:45:00,37.357
QUALITY_005,2026-01-03 23:45:00,49.985
QUALITY_006,2026-01-03 23:45:00,81.879
QUALITY_007,2026-01-03 23:45:00,52.247
QUALITY_008,2026-01-03 23:45:00,65.494
QUALITY_001,2026-01-04 00:00:00,24.812
QUALITY_002,2026-01-04 00:00:00,29.975
QUALITY_003,2026-01-04 00:00:00,70.588
QUALITY_005,2026-01-04 00:00:00,43.975
QUALITY_006,2026-01-04 00:00:00,103.041
QUALITY_007,2026-01-04 00:00:00,53.781
QUALITY_008,2026-01-04 00:00:00,56.387
QUALITY_001,2026-01-04 00:15:00,23.662
QUALITY_002,2026-01-04 00:15:00,29.387
QUALITY_003,2026-01-04 00:15:00,73.077
QUALITY_004,2026-01-04 00:15:00,38.892
QUALITY_005,2026-01-04 00:15:00,41.852
QUALITY_006,2026-01-04 00:15:00,101.921
QUALITY_007,2026-01-04 00:15:00,53.383
QUALITY_008,2026-01-04 00:15:00,55.865
QUALITY_001,2026-01-04 00:30:00,23.985
QUALITY_002,2026-01-04 00:30:00,27.542
QUALITY_003,2026-01-04 00:30:00,72.396
QUALITY_004,2026-01-04 00:30:00,39.988
QUALITY_005,2026-01-04 00:30:00,42.569
QUALITY_006,2026-01-04 00:30:00,102.661
QUALITY_007,2026-01-04 00:30:00,54.413
QUALITY_008,2026-01-04 00:30:00,55.553
QUALITY_001,2026-01-04 00:45:00,26.561
QUALITY_002,2026-01-04 00:45:00,27.007
QUALITY_003,2026-01-04 00:45:00,71.064
QUALITY_004,2026-01-04 00:45:00,40.814
QUALITY_005,2026-01-04 00:45:00,42.304
QUALITY_006,2026-01-04 00:45:00,101.432
QUALITY_007,2026-01-04 00:45:00,54.951
QUALITY_008,2026-01-04 00:45:00,56.051
QUALITY_001,2026-01-04 01:00:00,26.034
QUALITY_002,2026-01-04 01:00:00,28.941
QUALITY_003,2026-01-04 01:00:00,72.282
QUALITY_004,2026-01-04 01:00:00,39.218
QUALITY_005,2026-01-04 01:00:00,41.431
QUALITY_006,2026-01-04 01:00:00,100.769
QUALITY_007,2026-01-04 01:00:00,54.545
QUALITY_008,2026-01-04 01:00:00,54.499
QUALITY_001,2026-01-04 01:15:00,26.728
QUALITY_002,2026-01-04 01:15:00,27.194
QUALITY_003,2026-01-04 01:15:00,69.749
QUALITY_004,2026-01-04 01:15:00,41.084
QUALITY_005,2026-01-04 01:15:00,41.55
QUALITY_006,2026-01-04 01:15:00,101.536
QUALITY_007,2026-01-04 01:15:00,54.826
QUALITY_008,2026-01-04 01:15:00,56.392
QUALITY_001,2026-01-04 01:30:00,25.348
QUALITY_002,2026-01-04 01:30:00,27.892
QUALITY_003,2026-01-04 01:30:00,71.265
QUALITY_004,2026-01-04 01:30:00,41.39
QUALITY_005,2026-01-04 01:30:00,40.287
QUALITY_006,2026-01-04 01:30:00,97.888
QUALITY_007,2026-01-04 01:30:00,55.648
QUALITY_008,2026-01-04 01:30:00,56.047
QUALITY_001,2026-01-04 01:45:00,26.528
QUALITY_002,2026-01-04 01:45:00,27.557
QUALITY_003,2026-01-04 01:45:00,69.851
QUALITY_004,2026-01-04 01:45:00,40.599
QUALITY_005,2026-01-04 01:45:00,40.012
QUALITY_006,2026-01-04 01:45:00,97.754
QUALITY_007,2026-01-04 01:45:00,58.175
QUALITY_008,2026-01-04 01:45:00,53.343
QUALITY_001,2026-01-04 02:00:00,27.152
QUALITY_002,2026-01-04 02:00:00,28.488
QUALITY_003,2026-01-04 02:00:00,66.427
QUALITY_004,2026-01-04 02:00:00,41.212
QUALITY_005,2026-01-04 02:00:00,40.671
QUALITY_006,2026-01-04 02:00:00,95.908
QUALITY_007,2026-01-04 02:00:00,58.96
QUALITY_008,2026-01-04 02:00:00,55.432
QUALITY_001,2026-01-04 02:15:00,27.467
QUALITY_002,2026-01-04 02:15:00,26.848
QUALITY_003,2026-01-04 02:15:00,66.803
QUALITY_004,2026-01-04 02:15:00,42.218
QUALITY_005,2026-01-04 02:15:00,41.023
QUALITY_006,2026-01-04 02:15:00,94.365
QUALITY_007,2026-01-04 02:15:00,58.391
QUALITY_008,2026-01-04 02:15:00,54.913
QUALITY_001,2026-01-04 02:30:00,27.588
QUALITY_002,2026-01-04 02:30:00,27.644
QUALITY_003,2026-01-04 02:30:00,64.843
QUALITY_004,2026-01-04 02:30:00,43.902
QUALITY_005,2026-01-04 02:30:00,42.205
QUALITY_006,2026-01-04 02:30:00,89.846
QUALITY_007,2026-01-04 02:30:00,60.154
QUALITY_008,2026-01-04 02:30:00,52.997
QUALITY_001,2026-01-04 02:45:00,26.964
QUALITY_002,2026-01-04 02:45:00,28.536
QUALITY_003,2026-01-04 02:45:00,63.467
QUALITY_004,2026-01-04 02:45:00,44.418
QUALITY_005,2026-01-04 02:45:00,41.372
QUALITY_006,2026-01-04 02:45:00,89.728
QUALITY_007,2026-01-04 02:45:00,61.299
QUALITY_008,2026-01-04 02:45:00,55.236
QUALITY_001,2026-01-04 03:00:00,28.634
QUALITY_002,2026-01-04 03:00:00,28.12
QUALITY_003,2026-01-04 03:00:00,59.454
QUALITY_004,2026-01-04 03:00:00,45.614
QUALITY_005,2026-01-04 03:00:00,39.685
QUALITY_006,2026-01-04 03:00:00,84.471
QUALITY_007,2026-01-04 03:00:00,61.369
QUALITY_008,2026-01-04 03:00:00,54.468
QUALITY_001,2026-01-04 03:15:00,28.429
QUALITY_002,2026-01-04 03:15:00,26.72
QUALITY_003,2026-01-04 03:15:00,59.862
QUALITY_004,2026-01-04 03:15:00,45.082
QUALITY_005,2026-01-04 03:15:00,41.192
QUALITY_006,2026-01-04 03:15:00,82.778
QUALITY_007,2026-01-04 03:15:00,61.591
QUALITY_008,2026-01-04 03:15:00,54.695
QUALITY_001,2026-01-04 03:30:00,30.029
QUALITY_002,2026-01-04 03:30:00,27.032
QUALITY_003,2026-01-04 03:30:00,57.926
QUALITY_004,2026-01-04 03:30:00,47.205
QUALITY_005,2026-01-04 03:30:00,40.419
QUALITY_006,2026-01-04 03:30:00,79.207
QUALITY_007,2026-01-04 03:30:00,64.639
QUALITY_008,2026-01-04 03:30:00,55.181
QUALITY_001,2026-01-04 03:45:00,28.572
QUALITY_002,2026-01-04 03:45:00,26.193
QUALITY_003,2026-01-04 03:45:00,53.443
QUALITY_004,2026-01-04 03:45:00,47.869
QUALITY_005,2026-01-04 03:45:00,42.225
QUALITY_006,2026-01-04 03:45:00,78.571
QUALITY_007,2026-01-04 03:45:00,64.409
QUALITY_008,2026-01-04 03:45:00,53.818
QUALITY_001,2026-01-04 04:00:00,30.192
QUALITY_002,2026-01-04 04:00:00,28.743
QUALITY_003,2026-01-04 04:00:00,51.954
QUALITY_004,2026-01-04 04:00:00,47.811
QUALITY_005,2026-01-04 04:00:00,40.948
QUALITY_006,2026-01-04 04:00:00,75.775
QUALITY_007,2026-01-04 04:00:00,67.057
QUALITY_008,2026-01-04 04:00:00,55.267
QUALITY_001,2026-01-04 04:15:00,32.152
QUALITY_002,2026-01-04 04:15:00,27.826
QUALITY_003,2026-01-04 04:15:00,52.484
QUALITY_004,2026-01-04 04:15:00,50.313
QUALITY_005,2026-01-04 04:15:00,42.221
QUALITY_006,2026-01-04 04:15:00,72.445
QUALITY_007,2026-01-04 04:15:00,68.015
QUALITY_008,2026-01-04 04:15:00,53.473
QUALITY_001,2026-01-04 04:30:00,32.504
QUALITY_002,2026-01-04 04:30:00,27.214
QUALITY_003,2026-01-04 04:30:00,48.859
QUALITY_004,2026-01-04 04:30:00,48.936
QUALITY_005,2026-01-04 04:30:00,40.849
QUALITY_006,2026-01-04 04:30:00,71.514
QUALITY_007,2026-01-04 04:30:00,69.257
QUALITY_008,2026-01-04 04:30:00,55.813
QUALITY_001,2026-01-04 04:45:00,32.11
QUALITY_002,2026-01-04 04:45:00,28.434
QUALITY_003,2026-01-04 04:45:00,48.493
QUALITY_004,2026-01-04 04:45:00,52.01
QUALITY_005,2026-01-04 04:45:00,42.886
QUALITY_006,2026-01-04 04:45:00,69.947
QUALITY_007,2026-01-04 04:45:00,70.765
QUALITY_008,2026-01-04 04:45:00,55.4
QUALITY_001,2026-01-04 05:00:00,34.809
QUALITY_002,2026-01-04 05:00:00,27.011
QUALITY_003,2026-01-04 05:00:00,46.662
QUALITY_004,2026-01-04 05:00:00,53.331
QUALITY_005,2026-01-04 05:00:00,41.335
QUALITY_006,2026-01-04 05:00:00,67.416
QUALITY_007,2026-01-04 05:00:00,71.638
QUALITY_008,2026-01-04 05:00:00,56.237
QUALITY_001,2026-01-04 05:15:00,33.894
QUALITY_002,2026-01-04 05:15:00,27.503
QUALITY_003,2026-01-04 05:15:00,47.332
QUALITY_004,2026-01-04 05:15:00,54.151
QUALITY_005,2026-01-04 05:15:00,43.652
QUALITY_006,2026-01-04 05:15:00,64.506
QUALITY_007,2026-01-04 05:15:00,76.343
QUALITY_008,2026-01-04 05:15:00,57.402
QUALITY_001,2026-01-04 05:30:00,36.376
QUALITY_002,2026-01-04 05:30:00,29.956
QUALITY_003,2026-01-04 05:30:00,43.626
QUALITY_004,2026-01-04 05:30:00,57.29
QUALITY_005,2026-01-04 05:30:00,43.389
QUALITY_006,2026-01-04 05:30:00,63.219
QUALITY_007,2026-01-04 05:30:00,79.172
QUALITY_008,2026-01-04 05:30:00,57.77
QUALITY_001,2026-01-04 05:45:00,36.181
QUALITY_002,2026-01-04 05:45:00,29.785
QUALITY_003,2026-01-04 05:45:00,43.358
QUALITY_004,2026-01-04 05:45:00,58.069
QUALITY_005,2026-01-04 05:45:00,42.669
QUALITY_006,2026-01-04 05:45:00,63.942
QUALITY_007,2026-01-04 05:45:00,80.139
QUALITY_008,2026-01-04 05:45:00,57.802
QUALITY_001,2026-01-04 06:00:00,39.081
QUALITY_002,2026-01-04 06:00:00,29.893
QUALITY_003,2026-01-04 06:00:00,43.291
QUALITY_004,2026-01-04 06:00:00,60.686
QUALITY_005,2026-01-04 06:00:00,42.12
QUALITY_006,2026-01-04 06:00:00,62.787
QUALITY_007,2026-01-04 06:00:00,85.13
QUALITY_008,2026-01-04 06:00:00,56.615
QUALITY_001,2026-01-04 06:15:00,41.518
QUALITY_002,2026-01-04 06:15:00,28.827
QUALITY_003,2026-01-04 06:15:00,42.136
QUALITY_004,2026-01-04 06:15:00,65.415
QUALITY_005,2026-01-04 06:15:00,43.602
QUALITY_006,2026-01-04 06:15:00,60.559
QUALITY_007,2026-01-04 06:15:00,89.649
QUALITY_008,2026-01-04 06:15:00,58.776
QUALITY_001,2026-01-04 06:30:00,42.966
QUALITY_002,2026-01-04 06:30:00,30.015
QUALITY_003,2026-01-04 06:30:00,41.515
QUALITY_004,2026-01-04 06:30:00,67.124
QUALITY_005,2026-01-04 06:30:00,43.923
QUALITY_006,2026-01-04 06:30:00,60.428
QUALITY_008,2026-01-04 06:30:00,57.836
QUALITY_001,2026-01-04 06:45:00,44.981
QUALITY_002,2026-01-04 06:45:00,28.857
QUALITY_003,2026-01-04 06:45:00,41.499
QUALITY_004,2026-01-04 06:45:00,69.929
QUALITY_005,2026-01-04 06:45:00,45.755
QUALITY_006,2026-01-04 06:45:00,59.637
QUALITY_007,2026-01-04 06:45:00,95.032
QUALITY_008,2026-01-04 06:45:00,60.82
QUALITY_001,2026-01-04 07:00:00,47.485
QUALITY_002,2026-01-04 07:00:00,30.836
QUALITY_003,2026-01-04 07:00:00,40.632
QUALITY_004,2026-01-04 07:00:00,74.122
QUALITY_005,2026-01-04 07:00:00,46.123
QUALITY_006,2026-01-04 07:00:00,58.351
QUALITY_007,2026-01-04 07:00:00,101.313
QUALITY_008,2026-01-04 07:00:00,60.219
QUALITY_001,2026-01-04 07:15:00,49.372
QUALITY_002,2026-01-04 07:15:00,29.998
QUALITY_003,2026-01-04 07:15:00,42.367
QUALITY_004,2026-01-04 07:15:00,76.264
QUALITY_005,2026-01-04 07:15:00,46.752
QUALITY_006,2026-01-04 07:15:00,59.48
QUALITY_007,2026-01-04 07:15:00,104.646
QUALITY_008,2026-01-04 07:15:00,60.296
QUALITY_001,2026-01-04 07:30:00,49.074
QUALITY_002,2026-01-04 07:30:00,29.926
QUALITY_003,2026-01-04 07:30:00,39.949
QUALITY_004,2026-01-04 07:30:00,79.089
QUALITY_005,2026-01-04 07:30:00,46.054
QUALITY_006,2026-01-04 07:30:00,58.551
QUALITY_007,2026-01-04 07:30:00,108.405
QUALITY_008,2026-01-04 07:30:00,62.386
QUALITY_001,2026-01-04 07:45:00,51.515
QUALITY_002,2026-01-04 07:45:00,31.591
QUALITY_003,2026-01-04 07:45:00,41.39
QUALITY_004,2026-01-04 07:45:00,82.473
QUALITY_005,2026-01-04 07:45:00,45.662
QUALITY_006,2026-01-04 07:45:00,57.626
QUALITY_007,2026-01-04 07:45:00,111.891
QUALITY_008,2026-01-04 07:45:00,63.623
QUALITY_001,2026-01-04 08:00:00,54.597
QUALITY_002,2026-01-04 08:00:00,30.754
QUALITY_003,2026-01-04 08:00:00,41.378
QUALITY_004,2026-01-04 08:00:00,85.294
QUALITY_005,2026-01-04 08:00:00,47.435
QUALITY_006,2026-01-04 08:00:00,58.896
QUALITY_007,2026-01-04 08:00:00,114.659
QUALITY_008,2026-01-04 08:00:00,63.085
QUALITY_001,2026-01-04 08:15:00,55.371
QUALITY_002,2026-01-04 08:15:00,31.722
QUALITY_003,2026-01-04 08:15:00,41.389
QUALITY_004,2026-01-04 08:15:00,86.973
QUALITY_005,2026-01-04 08:15:00,47.299
QUALITY_006,2026-01-04 08:15:00,57.449
QUALITY_007,2026-01-04 08:15:00,118.774
QUALITY_008,2026-01-04 08:15:00,63.69
QUALITY_001,2026-01-04 08:30:00,55.131
QUALITY_002,2026-01-04 08:30:00,32.823
QUALITY_003,2026-01-04 08:30:00,41.807
QUALITY_004,2026-01-04 08:30:00,88.851
QUALITY_005,2026-01-04 08:30:00,49.996
QUALITY_006,2026-01-04 08:30:00,57.681
QUALITY_007,2026-01-04 08:30:00,120.645
QUALITY_008,2026-01-04 08:30:00,65.148
QUALITY_001,2026-01-04 08:45:00,55.462
QUALITY_002,2026-01-04 08:45:00,32.99
QUALITY_003,2026-01-04 08:45:00,40.827
QUALITY_004,2026-01-04 08:45:00,89.454
QUALITY_005,2026-01-04 08:45:00,50.032
QUALITY_006,2026-01-04 08:45:00,59.146
QUALITY_007,2026-01-04 08:45:00,121.887
QUALITY_008,2026-01-04 08:45:00,66.983
QUALITY_001,2026-01-04 09:00:00,57.378
QUALITY_002,2026-01-04 09:00:00,35.018
QUALITY_003,2026-01-04 09:00:00,39.75
QUALITY_004,2026-01-04 09:00:00,89.254
QUALITY_005,2026-01-04 09:00:00,51.414
QUALITY_006,2026-01-04 09:00:00,57.983
QUALITY_007,2026-01-04 09:00:00,123.702
QUALITY_008,2026-01-04 09:00:00,66.686
QUALITY_001,2026-01-04 09:15:00,56.581
QUALITY_002,2026-01-04 09:15:00,32.972
QUALITY_002,2026-01-04 09:15:00,35.472
QUALITY_004,2026-01-04 09:15:00,91.085
QUALITY_005,2026-01-04 09:15:00,51.666
QUALITY_006,2026-01-04 09:15:00,58.018
QUALITY_007,2026-01-04 09:15:00,122.426
QUALITY_008,2026-01-04 09:15:00,67.884
QUALITY_001,2026-01-04 09:30:00,56.858
QUALITY_002,2026-01-04 09:30:00,35.137
QUALITY_003,2026-01-04 09:30:00,40.505
QUALITY_004,2026-01-04 09:30:00,89.162
QUALITY_005,2026-01-04 09:30:00,51.012
QUALITY_006,2026-01-04 09:30:00,59.475
QUALITY_007,2026-01-04 09:30:00,123.775
QUALITY_008,2026-01-04 09:30:00,68.024
QUALITY_001,2026-01-04 09:45:00,57.324
QUALITY_002,2026-01-04 09:45:00,34.583
QUALITY_003,2026-01-04 09:45:00,42.111
QUALITY_004,2026-01-04 09:45:00,88.866
QUALITY_005,2026-01-04 09:45:00,51.664
QUALITY_006,2026-01-04 09:45:00,57.504
QUALITY_007,2026-01-04 09:45:00,121.136
QUALITY_008,2026-01-04 09:45:00,71.552
QUALITY_001,2026-01-04 10:00:00,56.391
QUALITY_002,2026-01-04 10:00:00,36.681
QUALITY_003,2026-01-04 10:00:00,40.472
QUALITY_004,2026-01-04 10:00:00,88.088
QUALITY_005,2026-01-04 10:00:00,53.196
QUALITY_006,2026-01-04 10:00:00,59.609
QUALITY_007,2026-01-04 10:00:00,120.485
QUALITY_008,2026-01-04 10:00:00,71.659
QUALITY_001,2026-01-04 10:15:00,55.465
QUALITY_002,2026-01-04 10:15:00,37.063
QUALITY_003,2026-01-04 10:15:00,43.218
QUALITY_004,2026-01-04 10:15:00,85.066
QUALITY_005,2026-01-04 10:15:00,56.084
QUALITY_006,2026-01-04 10:15:00,58.332
QUALITY_007,2026-01-04 10:15:00,119.056
QUALITY_008,2026-01-04 10:15:00,74.292
QUALITY_001,2026-01-04 10:30:00,53.935
QUALITY_002,2026-01-04 10:30:00,37.198
QUALITY_003,2026-01-04 10:30:00,42.485
QUALITY_004,2026-01-04 10:30:00,83.912
QUALITY_005,2026-01-04 10:30:00,55.587
QUALITY_005,2026-01-04 10:30:00,58.087
QUALITY_006,2026-01-04 10:30:00,60.681
QUALITY_007,2026-01-04 10:30:00,114.467
QUALITY_008,2026-01-04 10:30:00,74.4
QUALITY_001,2026-01-04 10:45:00,51.047
QUALITY_002,2026-01-04 10:45:00,38.994
QUALITY_003,2026-01-04 10:45:00,42.39
QUALITY_004,2026-01-04 10:45:00,82.285
QUALITY_005,2026-01-04 10:45:00,58.818
QUALITY_006,2026-01-04 10:45:00,60.761
QUALITY_007,2026-01-04 10:45:00,112.31
QUALITY_008,2026-01-04 10:45:00,78.018
QUALITY_001,2026-01-04 11:00:00,49.554
QUALITY_002,2026-01-04 11:00:00,39.4
QUALITY_003,2026-01-04 11:00:00,43.607
QUALITY_004,2026-01-04 11:00:00,80.787
QUALITY_005,2026-01-04 11:00:00,58.491
QUALITY_006,2026-01-04 11:00:00,61.83
QUALITY_007,2026-01-04 11:00:00,108.926
QUALITY_008,2026-01-04 11:00:00,79.387
QUALITY_001,2026-01-04 11:15:00,49.837
QUALITY_002,2026-01-04 11:15:00,42.339
QUALITY_003,2026-01-04 11:15:00,44.647
QUALITY_004,2026-01-04 11:15:00,79.259
QUALITY_005,2026-01-04 11:15:00,60.684
QUALITY_006,2026-01-04 11:15:00,61.543
QUALITY_007,2026-01-04 11:15:00,107.995
QUALITY_008,2026-01-04 11:15:00,80.75
QUALITY_001,2026-01-04 11:30:00,48.651
QUALITY_002,2026-01-04 11:30:00,43.286
QUALITY_003,2026-01-04 11:30:00,43.594
QUALITY_004,2026-01-04 11:30:00,76.278
QUALITY_005,2026-01-04 11:30:00,65.203
QUALITY_006,2026-01-04 11:30:00,61.716
QUALITY_007,2026-01-04 11:30:00,104.187
QUALITY_008,2026-01-04 11:30:00,86.053
QUALITY_001,2026-01-04 11:45:00,46.078
QUALITY_002,2026-01-04 11:45:00,45.194
QUALITY_003,2026-01-04 11:45:00,45.634
QUALITY_004,2026-01-04 11:45:00,75.445
QUALITY_005,2026-01-04 11:45:00,66.884
QUALITY_006,2026-01-04 11:45:00,62.59
QUALITY_007,2026-01-04 11:45:00,101.596
QUALITY_008,2026-01-04 11:45:00,87.673
QUALITY_008,2026-01-04 11:45:00,90.173
QUALITY_001,2026-01-04 12:00:00,45.804
QUALITY_002,2026-01-04 12:00:00,46.364
QUALITY_003,2026-01-04 12:00:00,44.161
QUALITY_004,2026-01-04 12:00:00,74.127
QUALITY_005,2026-01-04 12:00:00,69.26
QUALITY_006,2026-01-04 12:00:00,65.093
QUALITY_007,2026-01-04 12:00:00,101.787
QUALITY_008,2026-01-04 12:00:00,92.955
QUALITY_001,2026-01-04 12:15:00,46.639
QUALITY_002,2026-01-04 12:15:00,48.481
QUALITY_003,2026-01-04 12:15:00,46.816
QUALITY_004,2026-01-04 12:15:00,73.421
QUALITY_005,2026-01-04 12:15:00,71.878
QUALITY_006,2026-01-04 12:15:00,66.039
QUALITY_007,2026-01-04 12:15:00,99.91
QUALITY_008,2026-01-04 12:15:00,95.054
QUALITY_001,2026-01-04 12:30:00,45.523
QUALITY_002,2026-01-04 12:30:00,50.628
QUALITY_003,2026-01-04 12:30:00,46.761
QUALITY_004,2026-01-04 12:30:00,71.787
QUALITY_005,2026-01-04 12:30:00,75.13
QUALITY_006,2026-01-04 12:30:00,66.138
QUALITY_007,2026-01-04 12:30:00,98.197
QUALITY_008,2026-01-04 12:30:00,99.8
QUALITY_001,2026-01-04 12:45:00,43.804
QUALITY_002,2026-01-04 12:45:00,53.016
QUALITY_003,2026-01-04 12:45:00,47.438
QUALITY_004,2026-01-04 12:45:00,70.401
QUALITY_005,2026-01-04 12:45:00,80.232
QUALITY_006,2026-01-04 12:45:00,66.676
QUALITY_007,2026-01-04 12:45:00,94.752
QUALITY_008,2026-01-04 12:45:00,106.084
QUALITY_001,2026-01-04 13:00:00,42.803
QUALITY_002,2026-01-04 13:00:00,54.87
QUALITY_003,2026-01-04 13:00:00,47.922
QUALITY_004,2026-01-04 13:00:00,69.727
QUALITY_005,2026-01-04 13:00:00,82.36
QUALITY_006,2026-01-04 13:00:00,66.155
QUALITY_007,2026-01-04 13:00:00,94.789
QUALITY_008,2026-01-04 13:00:00,110.358
QUALITY_001,2026-01-04 13:15:00,42.367
QUALITY_002,2026-01-04 13:15:00,58.107
QUALITY_003,2026-01-04 13:15:00,48.449
QUALITY_004,2026-01-04 13:15:00,69.234
QUALITY_005,2026-01-04 13:15:00,85.596
QUALITY_006,2026-01-04 13:15:00,67.532
QUALITY_007,2026-01-04 13:15:00,94.026
QUALITY_008,2026-01-04 13:15:00,113.26
QUALITY_001,2026-01-04 13:30:00,42.752
QUALITY_002,2026-01-04 13:30:00,60.015
QUALITY_003,2026-01-04 13:30:00,49.53
QUALITY_004,2026-01-04 13:30:00,66.899
QUALITY_005,2026-01-04 13:30:00,90.452
QUALITY_006,2026-01-04 13:30:00,68.551
QUALITY_007,2026-01-04 13:30:00,91.236
QUALITY_008,2026-01-04 13:30:00,117.649
QUALITY_001,2026-01-04 13:45:00,41.384
QUALITY_002,2026-01-04 13:45:00,60.804
QUALITY_003,2026-01-04 13:45:00,50.113
QUALITY_004,2026-01-04 13:45:00,66.344
QUALITY_005,2026-01-04 13:45:00,92.168
QUALITY_006,2026-01-04 13:45:00,68.716
QUALITY_007,2026-01-04 13:45:00,90.4
QUALITY_008,2026-01-04 13:45:00,123.722
QUALITY_001,2026-01-04 14:00:00,40.417
QUALITY_002,2026-01-04 14:00:00,63.3
QUALITY_003,2026-01-04 14:00:00,50.693
QUALITY_004,2026-01-04 14:00:00,65.029
QUALITY_005,2026-01-04 14:00:00,95.262
QUALITY_006,2026-01-04 14:00:00,71.482
QUALITY_007,2026-01-04 14:00:00,91.003
QUALITY_008,2026-01-04 14:00:00,125.332
QUALITY_001,2026-01-04 14:15:00,42.143
QUALITY_002,2026-01-04 14:15:00,66.249
QUALITY_003,2026-01-04 14:15:00,49.821
QUALITY_004,2026-01-04 14:15:00,63.399
QUALITY_005,2026-01-04 14:15:00,98.024
QUALITY_006,2026-01-04 14:15:00,71.327
QUALITY_007,2026-01-04 14:15:00,87.45
QUALITY_008,2026-01-04 14:15:00,129.909
QUALITY_001,2026-01-04 14:30:00,41.377
QUALITY_002,2026-01-04 14:30:00,67.599
QUALITY_003,2026-01-04 14:30:00,50.376
QUALITY_004,2026-01-04 14:30:00,64.458
QUALITY_005,2026-01-04 14:30:00,98.272
QUALITY_006,2026-01-04 14:30:00,72.182
QUALITY_007,2026-01-04 14:30:00,86.826
QUALITY_008,2026-01-04 14:30:00,130.908
QUALITY_001,2026-01-04 14:45:00,38.731
QUALITY_002,2026-01-04 14:45:00,68.691
QUALITY_003,2026-01-04 14:45:00,50.843
QUALITY_004,2026-01-04 14:45:00,61.882
QUALITY_005,2026-01-04 14:45:00,99.457
QUALITY_006,2026-01-04 14:45:00,73.734
QUALITY_007,2026-01-04 14:45:00,83.839
QUALITY_008,2026-01-04 14:45:00,132.068
QUALITY_001,2026-01-04 15:00:00,38.559
QUALITY_002,2026-01-04 15:00:00,67.021
QUALITY_003,2026-01-04 15:00:00,52.834
QUALITY_004,2026-01-04 15:00:00,61.831
QUALITY_005,2026-01-04 15:00:00,100.203
QUALITY_006,2026-01-04 15:00:00,73.321
QUALITY_007,2026-01-04 15:00:00,82.447
QUALITY_008,2026-01-04 15:00:00,134.17
QUALITY_001,2026-01-04 15:15:00,38.139
QUALITY_002,2026-01-04 15:15:00,67.383
QUALITY_003,2026-01-04 15:15:00,51.675
QUALITY_004,2026-01-04 15:15:00,59.834
QUALITY_005,2026-01-04 15:15:00,101.073
QUALITY_006,2026-01-04 15:15:00,75.265
QUALITY_007,2026-01-04 15:15:00,80.387
QUALITY_008,2026-01-04 15:15:00,134.172
QUALITY_001,2026-01-04 15:30:00,35.259
QUALITY_002,2026-01-04 15:30:00,67.76
QUALITY_003,2026-01-04 15:30:00,54.894
QUALITY_004,2026-01-04 15:30:00,57.063
QUALITY_005,2026-01-04 15:30:00,99.985
QUALITY_006,2026-01-04 15:30:00,76.089
QUALITY_007,2026-01-04 15:30:00,77.745
QUALITY_008,2026-01-04 15:30:00,133.985
QUALITY_001,2026-01-04 15:45:00,36.569
QUALITY_002,2026-01-04 15:45:00,67.608
QUALITY_003,2026-01-04 15:45:00,55.743
QUALITY_004,2026-01-04 15:45:00,57.091
QUALITY_005,2026-01-04 15:45:00,98.882
QUALITY_007,2026-01-04 15:45:00,77.305
QUALITY_008,2026-01-04 15:45:00,132.637
QUALITY_001,2026-01-04 16:00:00,35.16
QUALITY_002,2026-01-04 16:00:00,66.21
QUALITY_003,2026-01-04 16:00:00,55.521
QUALITY_004,2026-01-04 16:00:00,54.658
QUALITY_005,2026-01-04 16:00:00,99.843
QUALITY_006,2026-01-04 16:00:00,79.466
QUALITY_007,2026-01-04 16:00:00,75.408
QUALITY_008,2026-01-04 16:00:00,130.637
QUALITY_001,2026-01-04 16:15:00,33.945
QUALITY_002,2026-01-04 16:15:00,65.747
QUALITY_003,2026-01-04 16:15:00,58.53
QUALITY_004,2026-01-04 16:15:00,52.103
QUALITY_005,2026-01-04 16:15:00,96.872
QUALITY_006,2026-01-04 16:15:00,82.012
QUALITY_007,2026-01-04 16:15:00,71.372
QUALITY_008,2026-01-04 16:15:00,128.849
QUALITY_001,2026-01-04 16:30:00,30.846
QUALITY_002,2026-01-04 16:30:00,62.472
QUALITY_003,2026-01-04 16:30:00,59.089
QUALITY_004,2026-01-04 16:30:00,49.955
QUALITY_005,2026-01-04 16:30:00,95.037
QUALITY_006,2026-01-04 16:30:00,84.72
QUALITY_007,2026-01-04 16:30:00,68.451
QUALITY_008,2026-01-04 16:30:00,126.581
QUALITY_001,2026-01-04 16:45:00,29.81
QUALITY_002,2026-01-04 16:45:00,61.91
QUALITY_003,2026-01-04 16:45:00,62.356
QUALITY_004,2026-01-04 16:45:00,49.622
QUALITY_005,2026-01-04 16:45:00,93.138
QUALITY_006,2026-01-04 16:45:00,86.984
QUALITY_007,2026-01-04 16:45:00,66.212
QUALITY_008,2026-01-04 16:45:00,123.452
QUALITY_001,2026-01-04 17:00:00,31.143
QUALITY_002,2026-01-04 17:00:00,60.456
QUALITY_003,2026-01-04 17:00:00,65.137
QUALITY_004,2026-01-04 17:00:00,46.094
QUALITY_005,2026-01-04 17:00:00,90.232
QUALITY_006,2026-01-04 17:00:00,89.578
QUALITY_007,2026-01-04 17:00:00,64.898
QUALITY_008,2026-01-04 17:00:00,118.814
QUALITY_001,2026-01-04 17:15:00,27.824
QUALITY_002,2026-01-04 17:15:00,59.869
QUALITY_003,2026-01-04 17:15:00,67.197
QUALITY_004,2026-01-04 17:15:00,45.468
QUALITY_005,2026-01-04 17:15:00,88.033
QUALITY_006,2026-01-04 17:15:00,95.27
QUALITY_007,2026-01-04 17:15:00,61.616
QUALITY_008,2026-01-04 17:15:00,116.068
QUALITY_001,2026-01-04 17:30:00,27.513
QUALITY_002,2026-01-04 17:30:00,57.642
QUALITY_003,2026-01-04 17:30:00,70.459
QUALITY_004,2026-01-04 17:30:00,45.744
QUALITY_005,2026-01-04 17:30:00,85.574
QUALITY_006,2026-01-04 17:30:00,100.149
QUALITY_007,2026-01-04 17:30:00,60.461
QUALITY_008,2026-01-04 17:30:00,115.832
QUALITY_001,2026-01-04 17:45:00,26.586
QUALITY_002,2026-01-04 17:45:00,57.481
QUALITY_003,2026-01-04 17:45:00,74.118
QUALITY_004,2026-01-04 17:45:00,43.641
QUALITY_005,2026-01-04 17:45:00,83.276
QUALITY_006,2026-01-04 17:45:00,103.733
QUALITY_007,2026-01-04 17:45:00,60.098
QUALITY_008,2026-01-04 17:45:00,111.143
QUALITY_001,2026-01-04 18:00:00,27.723
QUALITY_002,2026-01-04 18:00:00,54.329
QUALITY_003,2026-01-04 18:00:00,75.634
QUALITY_004,2026-01-04 18:00:00,43.093
QUALITY_005,2026-01-04 18:00:00,82.103
QUALITY_006,2026-01-04 18:00:00,110.335
QUALITY_007,2026-01-04 18:00:00,56.881
QUALITY_008,2026-01-04 18:00:00,111.053
QUALITY_001,2026-01-04 18:15:00,24.91
QUALITY_002,2026-01-04 18:15:00,53.458
QUALITY_003,2026-01-04 18:15:00,79.841
QUALITY_004,2026-01-04 18:15:00,41.118
QUALITY_005,2026-01-04 18:15:00,82.367
QUALITY_006,2026-01-04 18:15:00,115.18
QUALITY_007,2026-01-04 18:15:00,55.741
QUALITY_008,2026-01-04 18:15:00,109.194
QUALITY_001,2026-01-04 18:30:00,24.725
QUALITY_003,2026-01-04 18:30:00,85.981
QUALITY_004,2026-01-04 18:30:00,39.142
QUALITY_005,2026-01-04 18:30:00,78.629
QUALITY_006,2026-01-04 18:30:00,119.8
QUALITY_007,2026-01-04 18:30:00,55.257
QUALITY_008,2026-01-04 18:30:00,106.014
QUALITY_001,2026-01-04 18:45:00,24.79
QUALITY_002,2026-01-04 18:45:00,52.086
QUALITY_003,2026-01-04 18:45:00,88.069
QUALITY_004,2026-01-04 18:45:00,39.345
QUALITY_005,2026-01-04 18:45:00,79.387
QUALITY_006,2026-01-04 18:45:00,126.853
QUALITY_007,2026-01-04 18:45:00,52.934
QUALITY_008,2026-01-04 18:45:00,104.456
QUALITY_001,2026-01-04 19:00:00,25.431
QUALITY_002,2026-01-04 19:00:00,53.264
QUALITY_003,2026-01-04 19:00:00,91.114
QUALITY_004,2026-01-04 19:00:00,40.113
QUALITY_005,2026-01-04 19:00:00,77.727
QUALITY_006,2026-01-04 19:00:00,130.36
QUALITY_007,2026-01-04 19:00:00,52.39
QUALITY_008,2026-01-04 19:00:00,103.023
QUALITY_001,2026-01-04 19:15:00,23.295
QUALITY_002,2026-01-04 19:15:00,50.821
QUALITY_003,2026-01-04 19:15:00,95.848
QUALITY_004,2026-01-04 19:15:00,39.514
QUALITY_005,2026-01-04 19:15:00,75.393
QUALITY_006,2026-01-04 19:15:00,135.605
QUALITY_007,2026-01-04 19:15:00,52.522
QUALITY_008,2026-01-04 19:15:00,101.381
QUALITY_001,2026-01-04 19:30:00,24.442
QUALITY_002,2026-01-04 19:30:00,51.892
QUALITY_003,2026-01-04 19:30:00,98.526
QUALITY_004,2026-01-04 19:30:00,38.386
QUALITY_005,2026-01-04 19:30:00,75.412
QUALITY_006,2026-01-04 19:30:00,137.444
QUALITY_007,2026-01-04 19:30:00,50.761
QUALITY_008,2026-01-04 19:30:00,100.396
QUALITY_001,2026-01-04 19:45:00,23.94
QUALITY_002,2026-01-04 19:45:00,51.602
QUALITY_003,2026-01-04 19:45:00,99.722
QUALITY_004,2026-01-04 19:45:00,36.967
QUALITY_005,2026-01-04 19:45:00,75.95
QUALITY_006,2026-01-04 19:45:00,139.095
QUALITY_007,2026-01-04 19:45:00,50.424
QUALITY_008,2026-01-04 19:45:00,98.031
QUALITY_001,2026-01-04 20:00:00,23.374
QUALITY_002,2026-01-04 20:00:00,49.74
QUALITY_003,2026-01-04 20:00:00,98.726
QUALITY_004,2026-01-04 20:00:00,37.282
QUALITY_005,2026-01-04 20:00:00,74.216
QUALITY_006,2026-01-04 20:00:00,139.864
QUALITY_007,2026-01-04 20:00:00,51.37
QUALITY_008,2026-01-04 20:00:00,98.177
QUALITY_001,2026-01-04 20:15:00,22.412
QUALITY_002,2026-01-04 20:15:00,49.933
QUALITY_003,2026-01-04 20:15:00,97.855
QUALITY_004,2026-01-04 20:15:00,37.653
QUALITY_005,2026-01-04 20:15:00,71.421
QUALITY_006,2026-01-04 20:15:00,139.483
QUALITY_007,2026-01-04 20:15:00,50.319
QUALITY_008,2026-01-04 20:15:00,97.501
QUALITY_001,2026-01-04 20:30:00,23.928
QUALITY_002,2026-01-04 20:30:00,48.787
QUALITY_003,2026-01-04 20:30:00,98.219
QUALITY_004,2026-01-04 20:30:00,37.98
QUALITY_005,2026-01-04 20:30:00,70.685
QUALITY_006,2026-01-04 20:30:00,138.206
QUALITY_007,2026-01-04 20:30:00,49.867
QUALITY_008,2026-01-04 20:30:00,93.908
QUALITY_001,2026-01-04 20:45:00,22.846
QUALITY_002,2026-01-04 20:45:00,46.157
QUALITY_003,2026-01-04 20:45:00,96.139
QUALITY_004,2026-01-04 20:45:00,36.231
QUALITY_005,2026-01-04 20:45:00,69.708
QUALITY_006,2026-01-04 20:45:00,135.978
QUALITY_007,2026-01-04 20:45:00,48.677
QUALITY_008,2026-01-04 20:45:00,91.435
QUALITY_001,2026-01-04 21:00:00,21.786
QUALITY_002,2026-01-04 21:00:00,45.253
QUALITY_003,2026-01-04 21:00:00,91.323
QUALITY_004,2026-01-04 21:00:00,35.494
QUALITY_005,2026-01-04 21:00:00,68.487
QUALITY_006,2026-01-04 21:00:00,130.932
QUALITY_007,2026-01-04 21:00:00,48.722
QUALITY_008,2026-01-04 21:00:00,89.821
QUALITY_001,2026-01-04 21:15:00,21.63
QUALITY_002,2026-01-04 21:15:00,45.946
QUALITY_003,2026-01-04 21:15:00,88.652
QUALITY_004,2026-01-04 21:15:00,36.126
QUALITY_005,2026-01-04 21:15:00,67.74
QUALITY_006,2026-01-04 21:15:00,125.949
QUALITY_007,2026-01-04 21:15:00,50.474
QUALITY_008,2026-01-04 21:15:00,87.959
QUALITY_001,2026-01-04 21:30:00,23.176
QUALITY_002,2026-01-04 21:30:00,44.359
QUALITY_003,2026-01-04 21:30:00,83.346
QUALITY_004,2026-01-04 21:30:00,35.081
QUALITY_005,2026-01-04 21:30:00,65.982
QUALITY_006,2026-01-04 21:30:00,119.075
QUALITY_007,2026-01-04 21:30:00,50.936
QUALITY_008,2026-01-04 21:30:00,84.566
QUALITY_001,2026-01-04 21:45:00,21.94
QUALITY_002,2026-01-04 21:45:00,43.545
QUALITY_003,2026-01-04 21:45:00,79.488
QUALITY_004,2026-01-04 21:45:00,37.699
QUALITY_005,2026-01-04 21:45:00,63.371
QUALITY_006,2026-01-04 21:45:00,113.683
QUALITY_007,2026-01-04 21:45:00,49.442
QUALITY_008,2026-01-04 21:45:00,82.041
QUALITY_001,2026-01-04 22:00:00,21.864
QUALITY_002,2026-01-04 22:00:00,39.667
QUALITY_003,2026-01-04 22:00:00,78.261
QUALITY_004,2026-01-04 22:00:00,37.469
QUALITY_005,2026-01-04 22:00:00,60.256
QUALITY_006,2026-01-04 22:00:00,108.517
QUALITY_007,2026-01-04 22:00:00,51.15
QUALITY_008,2026-01-04 22:00:00,80.08
QUALITY_001,2026-01-04 22:15:00,24.009
QUALITY_002,2026-01-04 22:15:00,39.561
QUALITY_003,2026-01-04 22:15:00,71.826
QUALITY_004,2026-01-04 22:15:00,35.82
QUALITY_005,2026-01-04 22:15:00,58.431
QUALITY_006,2026-01-04 22:15:00,103.02
QUALITY_007,2026-01-04 22:15:00,49.287
QUALITY_008,2026-01-04 22:15:00,77.707
QUALITY_001,2026-01-04 22:30:00,23.78
QUALITY_002,2026-01-04 22:30:00,39.633
QUALITY_003,2026-01-04 22:30:00,70.263
QUALITY_004,2026-01-04 22:30:00,37.072
QUALITY_005,2026-01-04 22:30:00,55.737
QUALITY_006,2026-01-04 22:30:00,97.549
QUALITY_007,2026-01-04 22:30:00,51.605
QUALITY_008,2026-01-04 22:30:00,75.384
QUALITY_001,2026-01-04 22:45:00,23.687
QUALITY_002,2026-01-04 22:45:00,38.032
QUALITY_003,2026-01-04 22:45:00,67.656
QUALITY_004,2026-01-04 22:45:00,36.019
QUALITY_005,2026-01-04 22:45:00,55.032
QUALITY_006,2026-01-04 22:45:00,93.436
QUALITY_007,2026-01-04 22:45:00,51.102
QUALITY_008,2026-01-04 22:45:00,73.372
QUALITY_001,2026-01-04 23:00:00,23.19
QUALITY_002,2026-01-04 23:00:00,36.734
QUALITY_003,2026-01-04 23:00:00,62.635
QUALITY_004,2026-01-04 23:00:00,38.724
QUALITY_005,2026-01-04 23:00:00,53.446
QUALITY_006,2026-01-04 23:00:00,90.676
QUALITY_007,2026-01-04 23:00:00,51.075
QUALITY_008,2026-01-04 23:00:00,71.832
QUALITY_001,2026-01-04 23:15:00,24.315
QUALITY_002,2026-01-04 23:15:00,34.32
QUALITY_003,2026-01-04 23:15:00,61.929
QUALITY_004,2026-01-04 23:15:00,36.538
QUALITY_005,2026-01-04 23:15:00,50.44
QUALITY_006,2026-01-04 23:15:00,86.723
QUALITY_007,2026-01-04 23:15:00,51.187
QUALITY_008,2026-01-04 23:15:00,68.221
QUALITY_001,2026-01-04 23:30:00,23.096
QUALITY_002,2026-01-04 23:30:00,32.706
QUALITY_003,2026-01-04 23:30:00,60.012
QUALITY_004,2026-01-04 23:30:00,36.987
QUALITY_005,2026-01-04 23:30:00,51.116
QUALITY_006,2026-01-04 23:30:00,85.035
QUALITY_007,2026-01-04 23:30:00,51.541
QUALITY_008,2026-01-04 23:30:00,67.422
QUALITY_001,2026-01-04 23:45:00,25.334
QUALITY_002,2026-01-04 23:45:00,32.568
QUALITY_003,2026-01-04 23:45:00,56.324
QUALITY_004,2026-01-04 23:45:00,37.959
QUALITY_005,2026-01-04 23:45:00,49.049
QUALITY_006,2026-01-04 23:45:00,80.543
QUALITY_007,2026-01-04 23:45:00,52.234
QUALITY_008,2026-01-04 23:45:00,65.781
QUALITY_001,2026-01-05 00:00:00,27.966
QUALITY_002,2026-01-05 00:00:00,34.124
QUALITY_003,2026-01-05 00:00:00,63.917
QUALITY_004,2026-01-05 00:00:00,45.169
QUALITY_006,2026-01-05 00:00:00,90.712
QUALITY_007,2026-01-05 00:00:00,59.591
QUALITY_008,2026-01-05 00:00:00,66.29
QUALITY_001,2026-01-05 00:15:00,29.016
QUALITY_002,2026-01-05 00:15:00,32.418
QUALITY_003,2026-01-05 00:15:00,65.335
QUALITY_004,2026-01-05 00:15:00,45.382
QUALITY_005,2026-01-05 00:15:00,48.765
QUALITY_006,2026-01-05 00:15:00,92.111
QUALITY_007,2026-01-05 00:15:00,59.885
QUALITY_008,2026-01-05 00:15:00,64.439
QUALITY_001,2026-01-05 00:30:00,28.293
QUALITY_002,2026-01-05 00:30:00,32.596
QUALITY_003,2026-01-05 00:30:00,63.166
QUALITY_004,2026-01-05 00:30:00,46.126
QUALITY_005,2026-01-05 00:30:00,49.054
QUALITY_006,2026-01-05 00:30:00,91.442
QUALITY_007,2026-01-05 00:30:00,61.834
QUALITY_008,2026-01-05 00:30:00,65.278
QUALITY_001,2026-01-05 00:45:00,28.261
QUALITY_002,2026-01-05 00:45:00,32.727
QUALITY_003,2026-01-05 00:45:00,65.673
QUALITY_004,2026-01-05 00:45:00,44.085
QUALITY_005,2026-01-05 00:45:00,49.365
QUALITY_006,2026-01-05 00:45:00,90.574
QUALITY_007,2026-01-05 00:45:00,62.04
QUALITY_008,2026-01-05 00:45:00,64.235
QUALITY_001,2026-01-05 01:00:00,27.948
QUALITY_002,2026-01-05 01:00:00,30.696
QUALITY_003,2026-01-05 01:00:00,63.557
QUALITY_004,2026-01-05 01:00:00,46.291
QUALITY_005,2026-01-05 01:00:00,49
QUALITY_006,2026-01-05 01:00:00,91.839
QUALITY_007,2026-01-05 01:00:00,61.747
QUALITY_008,2026-01-05 01:00:00,62.709
QUALITY_001,2026-01-05 01:15:00,28.317
QUALITY_002,2026-01-05 01:15:00,32.627
QUALITY_003,2026-01-05 01:15:00,62.804
QUALITY_004,2026-01-05 01:15:00,46.763
QUALITY_005,2026-01-05 01:15:00,48.085
QUALITY_006,2026-01-05 01:15:00,90.658
QUALITY_007,2026-01-05 01:15:00,63.792
QUALITY_008,2026-01-05 01:15:00,62.174
QUALITY_001,2026-01-05 01:30:00,29.46
QUALITY_002,2026-01-05 01:30:00,30.61
QUALITY_003,2026-01-05 01:30:00,63.223
QUALITY_004,2026-01-05 01:30:00,47.862
QUALITY_005,2026-01-05 01:30:00,47.88
QUALITY_006,2026-01-05 01:30:00,87.515
QUALITY_007,2026-01-05 01:30:00,63.966
QUALITY_008,2026-01-05 01:30:00,61.915
QUALITY_001,2026-01-05 01:45:00,28.989
QUALITY_002,2026-01-05 01:45:00,32.384
QUALITY_003,2026-01-05 01:45:00,60.336
QUALITY_004,2026-01-05 01:45:00,47.75
QUALITY_005,2026-01-05 01:45:00,45.568
QUALITY_006,2026-01-05 01:45:00,88.596
QUALITY_007,2026-01-05 01:45:00,64.762
QUALITY_008,2026-01-05 01:45:00,61.304
QUALITY_001,2026-01-05 02:00:00,29.943
QUALITY_002,2026-01-05 02:00:00,31.364
QUALITY_003,2026-01-05 02:00:00,60.141
QUALITY_004,2026-01-05 02:00:00,47.758
QUALITY_005,2026-01-05 02:00:00,45.679
QUALITY_006,2026-01-05 02:00:00,86.756
QUALITY_007,2026-01-05 02:00:00,65.632
QUALITY_008,2026-01-05 02:00:00,61.849
QUALITY_001,2026-01-05 02:15:00,30.625
QUALITY_002,2026-01-05 02:15:00,31.608
QUALITY_003,2026-01-05 02:15:00,58.944
QUALITY_004,2026-01-05 02:15:00,48.726
QUALITY_005,2026-01-05 02:15:00,46.432
QUALITY_006,2026-01-05 02:15:00,83.999
QUALITY_007,2026-01-05 02:15:00,67.154
QUALITY_008,2026-01-05 02:15:00,62.479
QUALITY_001,2026-01-05 02:30:00,32.535
QUALITY_002,2026-01-05 02:30:00,29.831
QUALITY_003,2026-01-05 02:30:00,58.191
QUALITY_004,2026-01-05 02:30:00,50.505
QUALITY_005,2026-01-05 02:30:00,45.501
QUALITY_006,2026-01-05 02:30:00,82.324
QUALITY_007,2026-01-05 02:30:00,67.867
QUALITY_008,2026-01-05 02:30:00,61.834
QUALITY_002,2026-01-05 02:45:00,32.466
QUALITY_003,2026-01-05 02:45:00,54.621
QUALITY_004,2026-01-05 02:45:00,50.368
QUALITY_005,2026-01-05 02:45:00,47.535
QUALITY_006,2026-01-05 02:45:00,78.868
QUALITY_007,2026-01-05 02:45:00,68.409
QUALITY_008,2026-01-05 02:45:00,60.41
QUALITY_001,2026-01-05 03:00:00,32.041
QUALITY_002,2026-01-05 03:00:00,31.401
QUALITY_003,2026-01-05 03:00:00,54.562
QUALITY_004,2026-01-05 03:00:00,50.694
QUALITY_005,2026-01-05 03:00:00,45.178
QUALITY_006,2026-01-05 03:00:00,77.007
QUALITY_007,2026-01-05 03:00:00,69.368
QUALITY_008,2026-01-05 03:00:00,61.76
QUALITY_001,2026-01-05 03:15:00,32.756
QUALITY_002,2026-01-05 03:15:00,32.302
QUALITY_003,2026-01-05 03:15:00,52.733
QUALITY_004,2026-01-05 03:15:00,52.24
QUALITY_005,2026-01-05 03:15:00,45.711
QUALITY_006,2026-01-05 03:15:00,74.5
QUALITY_007,2026-01-05 03:15:00,69.696
QUALITY_008,2026-01-05 03:15:00,62.05
QUALITY_001,2026-01-05 03:30:00,33.081
QUALITY_002,2026-01-05 03:30:00,30.6
QUALITY_003,2026-01-05 03:30:00,50.237
QUALITY_004,2026-01-05 03:30:00,52.746
QUALITY_005,2026-01-05 03:30:00,46.628
QUALITY_006,2026-01-05 03:30:00,73.133
QUALITY_007,2026-01-05 03:30:00,71.572
QUALITY_008,2026-01-05 03:30:00,62.387
QUALITY_001,2026-01-05 03:45:00,35.011
QUALITY_002,2026-01-05 03:45:00,30.796
QUALITY_003,2026-01-05 03:45:00,50.189
QUALITY_004,2026-01-05 03:45:00,54.642
QUALITY_005,2026-01-05 03:45:00,47.481
QUALITY_006,2026-01-05 03:45:00,70.748
QUALITY_007,2026-01-05 03:45:00,74.161
QUALITY_008,2026-01-05 03:45:00,61.923
QUALITY_001,2026-01-05 04:00:00,35.585
QUALITY_002,2026-01-05 04:00:00,32.44
QUALITY_003,2026-01-05 04:00:00,47.304
QUALITY_004,2026-01-05 04:00:00,55.448
QUALITY_005,2026-01-05 04:00:00,48.077
QUALITY_006,2026-01-05 04:00:00,67.753
QUALITY_007,2026-01-05 04:00:00,75.841
QUALITY_008,2026-01-05 04:00:00,62.207
QUALITY_001,2026-01-05 04:15:00,35.281
QUALITY_002,2026-01-05 04:15:00,30.334
QUALITY_003,2026-01-05 04:15:00,45.521
QUALITY_004,2026-01-05 04:15:00,56.565
QUALITY_005,2026-01-05 04:15:00,46.222
QUALITY_006,2026-01-05 04:15:00,64.924
QUALITY_007,2026-01-05 04:15:00,76.027
QUALITY_008,2026-01-05 04:15:00,63.477
QUALITY_001,2026-01-05 04:30:00,36.484
QUALITY_002,2026-01-05 04:30:00,32.125
QUALITY_003,2026-01-05 04:30:00,44.765
QUALITY_004,2026-01-05 04:30:00,55.966
QUALITY_005,2026-01-05 04:30:00,47.097
QUALITY_006,2026-01-05 04:30:00,64.128
QUALITY_007,2026-01-05 04:30:00,78.158
QUALITY_008,2026-01-05 04:30:00,61.331
QUALITY_001,2026-01-05 04:45:00,36.498
QUALITY_002,2026-01-05 04:45:00,31.748
QUALITY_003,2026-01-05 04:45:00,43.294
QUALITY_004,2026-01-05 04:45:00,58.31
QUALITY_005,2026-01-05 04:45:00,47.731
QUALITY_006,2026-01-05 04:45:00,61.738
QUALITY_007,2026-01-05 04:45:00,81.365
QUALITY_008,2026-01-05 04:45:00,63.239
QUALITY_001,2026-01-05 05:00:00,37.746
QUALITY_002,2026-01-05 05:00:00,32.937
QUALITY_003,2026-01-05 05:00:00,41.299
QUALITY_004,2026-01-05 05:00:00,61.36
QUALITY_005,2026-01-05 05:00:00,48.164
QUALITY_006,2026-01-05 05:00:00,58.85
QUALITY_007,2026-01-05 05:00:00,83.828
QUALITY_008,2026-01-05 05:00:00,62.729
QUALITY_001,2026-01-05 05:15:00,39.008
QUALITY_002,2026-01-05 05:15:00,31.082
QUALITY_003,2026-01-05 05:15:00,41.188
QUALITY_004,2026-01-05 05:15:00,63.025
QUALITY_005,2026-01-05 05:15:00,47.71
QUALITY_006,2026-01-05 05:15:00,59.012
QUALITY_007,2026-01-05 05:15:00,86.092
QUALITY_008,2026-01-05 05:15:00,62.971
QUALITY_001,2026-01-05 05:30:00,42.031
QUALITY_002,2026-01-05 05:30:00,32.558
QUALITY_003,2026-01-05 05:30:00,40.604
QUALITY_004,2026-01-05 05:30:00,63.982
QUALITY_005,2026-01-05 05:30:00,47.923
QUALITY_006,2026-01-05 05:30:00,57.721
QUALITY_007,2026-01-05 05:30:00,89.401
QUALITY_008,2026-01-05 05:30:00,63.912
QUALITY_001,2026-01-05 05:45:00,43.151
QUALITY_002,2026-01-05 05:45:00,32.558
QUALITY_003,2026-01-05 05:45:00,38.63
QUALITY_004,2026-01-05 05:45:00,67.603
QUALITY_005,2026-01-05 05:45:00,47.537
QUALITY_006,2026-01-05 05:45:00,54.834
QUALITY_007,2026-01-05 05:45:00,91.983
QUALITY_008,2026-01-05 05:45:00,65.367
QUALITY_001,2026-01-05 06:00:00,45.05
QUALITY_002,2026-01-05 06:00:00,32.196
QUALITY_003,2026-01-05 06:00:00,38.647
QUALITY_004,2026-01-05 06:00:00,69.439
QUALITY_005,2026-01-05 06:00:00,49.517
QUALITY_006,2026-01-05 06:00:00,55.78
QUALITY_007,2026-01-05 06:00:00,97.231
QUALITY_008,2026-01-05 06:00:00,66.354
QUALITY_001,2026-01-05 06:15:00,45.802
QUALITY_002,2026-01-05 06:15:00,33.46
QUALITY_003,2026-01-05 06:15:00,38.947
QUALITY_004,2026-01-05 06:15:00,73.394
QUALITY_005,2026-01-05 06:15:00,50.744
QUALITY_006,2026-01-05 06:15:00,55.223
QUALITY_007,2026-01-05 06:15:00,99.622
QUALITY_008,2026-01-05 06:15:00,66.296
QUALITY_001,2026-01-05 06:30:00,48.409
QUALITY_002,2026-01-05 06:30:00,32.532
QUALITY_003,2026-01-05 06:30:00,36.555
QUALITY_004,2026-01-05 06:30:00,77.964
QUALITY_005,2026-01-05 06:30:00,50.362
QUALITY_006,2026-01-05 06:30:00,54.565
QUALITY_007,2026-01-05 06:30:00,105.805
QUALITY_001,2026-01-05 06:45:00,50.474
QUALITY_002,2026-01-05 06:45:00,35.157
QUALITY_003,2026-01-05 06:45:00,37.428
QUALITY_004,2026-01-05 06:45:00,80.935
QUALITY_005,2026-01-05 06:45:00,50.376
QUALITY_006,2026-01-05 06:45:00,53.277
QUALITY_007,2026-01-05 06:45:00,109.379
QUALITY_008,2026-01-05 06:45:00,66.664
QUALITY_001,2026-01-05 07:00:00,53.691
QUALITY_002,2026-01-05 07:00:00,34.183
QUALITY_003,2026-01-05 07:00:00,36.036
QUALITY_004,2026-01-05 07:00:00,84.01
QUALITY_005,2026-01-05 07:00:00,52.101
QUALITY_006,2026-01-05 07:00:00,53.784
QUALITY_007,2026-01-05 07:00:00,114.143
QUALITY_008,2026-01-05 07:00:00,67.104
QUALITY_001,2026-01-05 07:15:00,55.922
QUALITY_002,2026-01-05 07:15:00,33.832
QUALITY_003,2026-01-05 07:15:00,36.379
QUALITY_004,2026-01-05 07:15:00,88.061
QUALITY_005,2026-01-05 07:15:00,53.461
QUALITY_006,2026-01-05 07:15:00,51.569
QUALITY_007,2026-01-05 07:15:00,119.059
QUALITY_008,2026-01-05 07:15:00,70.194
QUALITY_001,2026-01-05 07:30:00,57.645
QUALITY_002,2026-01-05 07:30:00,35.361
QUALITY_003,2026-01-05 07:30:00,35.372
QUALITY_004,2026-01-05 07:30:00,89.823
QUALITY_005,2026-01-05 07:30:00,51.939
QUALITY_006,2026-01-05 07:30:00,52.255
QUALITY_007,2026-01-05 07:30:00,123.527
QUALITY_008,2026-01-05 07:30:00,69.956
QUALITY_001,2026-01-05 07:45:00,59.242
QUALITY_002,2026-01-05 07:45:00,35.965
QUALITY_003,2026-01-05 07:45:00,37.185
QUALITY_004,2026-01-05 07:45:00,92.632
QUALITY_005,2026-01-05 07:45:00,52.917
QUALITY_006,2026-01-05 07:45:00,51.305
QUALITY_007,2026-01-05 07:45:00,128.873
QUALITY_008,2026-01-05 07:45:00,71.775
QUALITY_001,2026-01-05 08:00:00,60.059
QUALITY_002,2026-01-05 08:00:00,37.404
QUALITY_003,2026-01-05 08:00:00,35.339
QUALITY_004,2026-01-05 08:00:00,95.459
QUALITY_005,2026-01-05 08:00:00,54.011
QUALITY_006,2026-01-05 08:00:00,51.254
QUALITY_007,2026-01-05 08:00:00,132.223
QUALITY_008,2026-01-05 08:00:00,70.621
QUALITY_001,2026-01-05 08:15:00,61.145
QUALITY_002,2026-01-05 08:15:00,35.45
QUALITY_003,2026-01-05 08:15:00,35.627
QUALITY_004,2026-01-05 08:15:00,98.279
QUALITY_005,2026-01-05 08:15:00,55.579
QUALITY_006,2026-01-05 08:15:00,51.586
QUALITY_007,2026-01-05 08:15:00,133.73
QUALITY_008,2026-01-05 08:15:00,71.467
QUALITY_001,2026-01-05 08:30:00,64.184
QUALITY_002,2026-01-05 08:30:00,36.832
QUALITY_003,2026-01-05 08:30:00,37.237
QUALITY_004,2026-01-05 08:30:00,101.553
QUALITY_005,2026-01-05 08:30:00,56.581
QUALITY_006,2026-01-05 08:30:00,50.833
QUALITY_007,2026-01-05 08:30:00,136.781
QUALITY_008,2026-01-05 08:30:00,72.626
QUALITY_001,2026-01-05 08:45:00,64.355
QUALITY_002,2026-01-05 08:45:00,37.734
QUALITY_003,2026-01-05 08:45:00,37.431
QUALITY_004,2026-01-05 08:45:00,101.255
QUALITY_005,2026-01-05 08:45:00,55.716
QUALITY_006,2026-01-05 08:45:00,51.389
QUALITY_007,2026-01-05 08:45:00,139.494
QUALITY_008,2026-01-05 08:45:00,76.068
QUALITY_001,2026-01-05 09:00:00,64.147
QUALITY_002,2026-01-05 09:00:00,39.359
QUALITY_003,2026-01-05 09:00:00,35.274
QUALITY_004,2026-01-05 09:00:00,102.996
QUALITY_005,2026-01-05 09:00:00,57.705
QUALITY_006,2026-01-05 09:00:00,50.832
QUALITY_007,2026-01-05 09:00:00,139.772
QUALITY_008,2026-01-05 09:00:00,75.489
QUALITY_001,2026-01-05 09:15:00,63.752
QUALITY_002,2026-01-05 09:15:00,38.183
QUALITY_003,2026-01-05 09:15:00,37.272
QUALITY_005,2026-01-05 09:15:00,56.791
QUALITY_006,2026-01-05 09:15:00,52.999
QUALITY_007,2026-01-05 09:15:00,141.584
QUALITY_008,2026-01-05 09:15:00,77.268
QUALITY_001,2026-01-05 09:30:00,64.762
QUALITY_002,2026-01-05 09:30:00,38.638
QUALITY_003,2026-01-05 09:30:00,36.529
QUALITY_004,2026-01-05 09:30:00,101.126
QUALITY_005,2026-01-05 09:30:00,60.075
QUALITY_006,2026-01-05 09:30:00,51.994
QUALITY_007,2026-01-05 09:30:00,139.449
QUALITY_008,2026-01-05 09:30:00,77.549
QUALITY_001,2026-01-05 09:45:00,63.522
QUALITY_002,2026-01-05 09:45:00,41.445
QUALITY_003,2026-01-05 09:45:00,37.814
QUALITY_004,2026-01-05 09:45:00,101.907
QUALITY_005,2026-01-05 09:45:00,59.093
QUALITY_006,2026-01-05 09:45:00,53.572
QUALITY_007,2026-01-05 09:45:00,137.162
QUALITY_008,2026-01-05 09:45:00,78.644
QUALITY_001,2026-01-05 10:00:00,62.24
QUALITY_002,2026-01-05 10:00:00,40.191
QUALITY_003,2026-01-05 10:00:00,37.164
QUALITY_004,2026-01-05 10:00:00,99.956
QUALITY_005,2026-01-05 10:00:00,62.268
QUALITY_006,2026-01-05 10:00:00,52.672
QUALITY_007,2026-01-05 10:00:00,135.424
QUALITY_008,2026-01-05 10:00:00,81.839
QUALITY_001,2026-01-05 10:15:00,61.061
QUALITY_002,2026-01-05 10:15:00,41.428
QUALITY_003,2026-01-05 10:15:00,38.217
QUALITY_004,2026-01-05 10:15:00,97.057
QUALITY_005,2026-01-05 10:15:00,63.368
QUALITY_006,2026-01-05 10:15:00,51.985
QUALITY_007,2026-01-05 10:15:00,133.827
QUALITY_008,2026-01-05 10:15:00,83.124
QUALITY_001,2026-01-05 10:30:00,60.203
QUALITY_002,2026-01-05 10:30:00,43.886
QUALITY_003,2026-01-05 10:30:00,37.448
QUALITY_004,2026-01-05 10:30:00,95.382
QUALITY_005,2026-01-05 10:30:00,65.443
QUALITY_006,2026-01-05 10:30:00,52.844
QUALITY_007,2026-01-05 10:30:00,130.358
QUALITY_008,2026-01-05 10:30:00,86.365
QUALITY_001,2026-01-05 10:45:00,58.389
QUALITY_002,2026-01-05 10:45:00,43.202
QUALITY_003,2026-01-05 10:45:00,37.425
QUALITY_004,2026-01-05 10:45:00,94.77
QUALITY_005,2026-01-05 10:45:00,65.838
QUALITY_006,2026-01-05 10:45:00,53.757
QUALITY_007,2026-01-05 10:45:00,127.991
QUALITY_008,2026-01-05 10:45:00,88.366
QUALITY_001,2026-01-05 11:00:00,58.233
QUALITY_002,2026-01-05 11:00:00,45.554
QUALITY_003,2026-01-05 11:00:00,38.242
QUALITY_004,2026-01-05 11:00:00,91.747
QUALITY_005,2026-01-05 11:00:00,68.119
QUALITY_006,2026-01-05 11:00:00,54.114
QUALITY_007,2026-01-05 11:00:00,125.671
QUALITY_008,2026-01-05 11:00:00,90.495
QUALITY_001,2026-01-05 11:15:00,55.802
QUALITY_002,2026-01-05 11:15:00,46.078
QUALITY_003,2026-01-05 11:15:00,37.878
QUALITY_004,2026-01-05 11:15:00,88.138
QUALITY_005,2026-01-05 11:15:00,69.103
QUALITY_006,2026-01-05 11:15:00,54.191
QUALITY_007,2026-01-05 11:15:00,121.425
QUALITY_008,2026-01-05 11:15:00,94.693
QUALITY_001,2026-01-05 11:30:00,55.357
QUALITY_002,2026-01-05 11:30:00,50.083
QUALITY_003,2026-01-05 11:30:00,40.345
QUALITY_004,2026-01-05 11:30:00,86.169
QUALITY_005,2026-01-05 11:30:00,73.485
QUALITY_006,2026-01-05 11:30:00,55.318
QUALITY_007,2026-01-05 11:30:00,120.357
QUALITY_008,2026-01-05 11:30:00,95.866
QUALITY_001,2026-01-05 11:45:00,54.406
QUALITY_002,2026-01-05 11:45:00,50.217
QUALITY_003,2026-01-05 11:45:00,41.021
QUALITY_004,2026-01-05 11:45:00,86.522
QUALITY_005,2026-01-05 11:45:00,74.918
QUALITY_006,2026-01-05 11:45:00,55.96
QUALITY_007,2026-01-05 11:45:00,116.715
QUALITY_008,2026-01-05 11:45:00,100.731
QUALITY_001,2026-01-05 12:00:00,52.325
QUALITY_002,2026-01-05 12:00:00,53.669
QUALITY_003,2026-01-05 12:00:00,40.748
QUALITY_004,2026-01-05 12:00:00,84.932
QUALITY_005,2026-01-05 12:00:00,79.864
QUALITY_006,2026-01-05 12:00:00,57.8
QUALITY_007,2026-01-05 12:00:00,114.22
QUALITY_008,2026-01-05 12:00:00,104.908
QUALITY_001,2026-01-05 12:15:00,53.148
QUALITY_002,2026-01-05 12:15:00,54.667
QUALITY_003,2026-01-05 12:15:00,39.425
QUALITY_004,2026-01-05 12:15:00,81.108
QUALITY_005,2026-01-05 12:15:00,83.09
QUALITY_006,2026-01-05 12:15:00,57.949
QUALITY_007,2026-01-05 12:15:00,113.403
QUALITY_008,2026-01-05 12:15:00,110.12
QUALITY_001,2026-01-05 12:30:00,50.176
QUALITY_002,2026-01-05 12:30:00,56.754
QUALITY_003,2026-01-05 12:30:00,41.663
QUALITY_004,2026-01-05 12:30:00,81.301
QUALITY_005,2026-01-05 12:30:00,85.393
QUALITY_006,2026-01-05 12:30:00,58.534
QUALITY_007,2026-01-05 12:30:00,111.623
QUALITY_008,2026-01-05 12:30:00,114.216
QUALITY_001,2026-01-05 12:45:00,49.427
QUALITY_002,2026-01-05 12:45:00,59.632
QUALITY_003,2026-01-05 12:45:00,43.035
QUALITY_004,2026-01-05 12:45:00,79.186
QUALITY_005,2026-01-05 12:45:00,90.018
QUALITY_006,2026-01-05 12:45:00,58.996
QUALITY_007,2026-01-05 12:45:00,110.335
QUALITY_008,2026-01-05 12:45:00,119.618
QUALITY_001,2026-01-05 13:00:00,50.586
QUALITY_002,2026-01-05 13:00:00,63.468
QUALITY_003,2026-01-05 13:00:00,41.788
QUALITY_004,2026-01-05 13:00:00,79.276
QUALITY_005,2026-01-05 13:00:00,94.571
QUALITY_006,2026-01-05 13:00:00,59.348
QUALITY_007,2026-01-05 13:00:00,107.476
QUALITY_008,2026-01-05 13:00:00,124.91
QUALITY_001,2026-01-05 13:15:00,49.432
QUALITY_002,2026-01-05 13:15:00,65.103
QUALITY_003,2026-01-05 13:15:00,42.233
QUALITY_004,2026-01-05 13:15:00,76.749
QUALITY_005,2026-01-05 13:15:00,97.537
QUALITY_006,2026-01-05 13:15:00,61.906
QUALITY_007,2026-01-05 13:15:00,105.283
QUALITY_008,2026-01-05 13:15:00,130.106
QUALITY_001,2026-01-05 13:30:00,48.167
QUALITY_002,2026-01-05 13:30:00,69.333
QUALITY_003,2026-01-05 13:30:00,42.017
QUALITY_004,2026-01-05 13:30:00,77.884
QUALITY_005,2026-01-05 13:30:00,100.936
QUALITY_006,2026-01-05 13:30:00,61.627
QUALITY_007,2026-01-05 13:30:00,104.085
QUALITY_008,2026-01-05 13:30:00,135.818
QUALITY_001,2026-01-05 13:45:00,48.229
QUALITY_002,2026-01-05 13:45:00,69.837
QUALITY_003,2026-01-05 13:45:00,44.205
QUALITY_004,2026-01-05 13:45:00,75.658
QUALITY_005,2026-01-05 13:45:00,104.063
QUALITY_006,2026-01-05 13:45:00,63.269
QUALITY_007,2026-01-05 13:45:00,104.496
QUALITY_008,2026-01-05 13:45:00,140.38
QUALITY_001,2026-01-05 14:00:00,47.496
QUALITY_002,2026-01-05 14:00:00,73.301
QUALITY_003,2026-01-05 14:00:00,45.295
QUALITY_004,2026-01-05 14:00:00,75.117
QUALITY_005,2026-01-05 14:00:00,108.812
QUALITY_006,2026-01-05 14:00:00,63.116
QUALITY_007,2026-01-05 14:00:00,102.232
QUALITY_008,2026-01-05 14:00:00,144.37
QUALITY_001,2026-01-05 14:15:00,47.021
QUALITY_002,2026-01-05 14:15:00,75.396
QUALITY_003,2026-01-05 14:15:00,44.192
QUALITY_004,2026-01-05 14:15:00,74.424
QUALITY_005,2026-01-05 14:15:00,112.003
QUALITY_006,2026-01-05 14:15:00,64.648
QUALITY_007,2026-01-05 14:15:00,101.857
QUALITY_008,2026-01-05 14:15:00,145.895
QUALITY_001,2026-01-05 14:30:00,44.302
QUALITY_002,2026-01-05 14:30:00,75.018
QUALITY_003,2026-01-05 14:30:00,46.183
QUALITY_004,2026-01-05 14:30:00,72.547
QUALITY_005,2026-01-05 14:30:00,112.002
QUALITY_006,2026-01-05 14:30:00,64.909
QUALITY_007,2026-01-05 14:30:00,99.372
QUALITY_008,2026-01-05 14:30:00,149.968
QUALITY_001,2026-01-05 14:45:00,43.579
QUALITY_002,2026-01-05 14:45:00,76.847
QUALITY_003,2026-01-05 14:45:00,45.342
QUALITY_004,2026-01-05 14:45:00,71.004
QUALITY_005,2026-01-05 14:45:00,114.61
QUALITY_006,2026-01-05 14:45:00,66.29
QUALITY_007,2026-01-05 14:45:00,97.216
QUALITY_008,2026-01-05 14:45:00,151.936
QUALITY_001,2026-01-05 15:00:00,42.69
QUALITY_002,2026-01-05 15:00:00,77.625
QUALITY_003,2026-01-05 15:00:00,45.999
QUALITY_004,2026-01-05 15:00:00,70.139
QUALITY_005,2026-01-05 15:00:00,114.481
QUALITY_006,2026-01-05 15:00:00,65.368
QUALITY_007,2026-01-05 15:00:00,94.674
QUALITY_008,2026-01-05 15:00:00,153.161
QUALITY_001,2026-01-05 15:15:00,41.435
QUALITY_002,2026-01-05 15:15:00,77.171
QUALITY_003,2026-01-05 15:15:00,48.134
QUALITY_004,2026-01-05 15:15:00,66.351
QUALITY_005,2026-01-05 15:15:00,115.473
QUALITY_006,2026-01-05 15:15:00,68.008
QUALITY_007,2026-01-05 15:15:00,92.983
QUALITY_008,2026-01-05 15:15:00,153.71
QUALITY_001,2026-01-05 15:30:00,41.559
QUALITY_002,2026-01-05 15:30:00,76.881
QUALITY_003,2026-01-05 15:30:00,47.166
QUALITY_004,2026-01-05 15:30:00,66.062
QUALITY_005,2026-01-05 15:30:00,113.448
QUALITY_006,2026-01-05 15:30:00,68.646
QUALITY_007,2026-01-05 15:30:00,89.632
QUALITY_008,2026-01-05 15:30:00,152.575
QUALITY_001,2026-01-05 15:45:00,40.737
QUALITY_002,2026-01-05 15:45:00,76.641
QUALITY_003,2026-01-05 15:45:00,47.943
QUALITY_004,2026-01-05 15:45:00,63.76
QUALITY_005,2026-01-05 15:45:00,112.286
QUALITY_006,2026-01-05 15:45:00,68.795
QUALITY_008,2026-01-05 15:45:00,151.099
QUALITY_001,2026-01-05 16:00:00,37.558
QUALITY_002,2026-01-05 16:00:00,75.04
QUALITY_003,2026-01-05 16:00:00,48.996
QUALITY_004,2026-01-05 16:00:00,61.13
QUALITY_005,2026-01-05 16:00:00,111.718
QUALITY_006,2026-01-05 16:00:00,71.334
QUALITY_007,2026-01-05 16:00:00,83.198
QUALITY_008,2026-01-05 16:00:00,150.175
QUALITY_001,2026-01-05 16:15:00,37.093
QUALITY_002,2026-01-05 16:15:00,73.503
QUALITY_003,2026-01-05 16:15:00,52.154
QUALITY_004,2026-01-05 16:15:00,59.389
QUALITY_005,2026-01-05 16:15:00,109.234
QUALITY_006,2026-01-05 16:15:00,73.842
QUALITY_007,2026-01-05 16:15:00,82.862
QUALITY_008,2026-01-05 16:15:00,147.103
QUALITY_001,2026-01-05 16:30:00,35.111
QUALITY_002,2026-01-05 16:30:00,73.165
QUALITY_003,2026-01-05 16:30:00,52.576
QUALITY_004,2026-01-05 16:30:00,58.87
QUALITY_005,2026-01-05 16:30:00,108.389
QUALITY_006,2026-01-05 16:30:00,74.326
QUALITY_007,2026-01-05 16:30:00,79.471
QUALITY_008,2026-01-05 16:30:00,144.382
QUALITY_001,2026-01-05 16:45:00,36.018
QUALITY_002,2026-01-05 16:45:00,72.156
QUALITY_003,2026-01-05 16:45:00,55.494
QUALITY_004,2026-01-05 16:45:00,56.639
QUALITY_005,2026-01-05 16:45:00,104.516
QUALITY_006,2026-01-05 16:45:00,78.789
QUALITY_007,2026-01-05 16:45:00,77.007
QUALITY_008,2026-01-05 16:45:00,141.003
QUALITY_001,2026-01-05 17:00:00,35.292
QUALITY_002,2026-01-05 17:00:00,69.604
QUALITY_003,2026-01-05 17:00:00,56.852
QUALITY_004,2026-01-05 17:00:00,54.733
QUALITY_005,2026-01-05 17:00:00,101.481
QUALITY_006,2026-01-05 17:00:00,79.571
QUALITY_007,2026-01-05 17:00:00,74.638
QUALITY_008,2026-01-05 17:00:00,136.168
QUALITY_001,2026-01-05 17:15:00,31.854
QUALITY_002,2026-01-05 17:15:00,67.348
QUALITY_003,2026-01-05 17:15:00,58.331
QUALITY_004,2026-01-05 17:15:00,52.986
QUALITY_005,2026-01-05 17:15:00,99.504
QUALITY_006,2026-01-05 17:15:00,83.57
QUALITY_007,2026-01-05 17:15:00,72.916
QUALITY_008,2026-01-05 17:15:00,133.19
QUALITY_001,2026-01-05 17:30:00,32.028
QUALITY_002,2026-01-05 17:30:00,65.163
QUALITY_003,2026-01-05 17:30:00,62.509
QUALITY_004,2026-01-05 17:30:00,50.392
QUALITY_005,2026-01-05 17:30:00,97.196
QUALITY_006,2026-01-05 17:30:00,88.74
QUALITY_007,2026-01-05 17:30:00,69.957
QUALITY_008,2026-01-05 17:30:00,131.635
QUALITY_001,2026-01-05 17:45:00,32.133
QUALITY_002,2026-01-05 17:45:00,65.628
QUALITY_003,2026-01-05 17:45:00,64.007
QUALITY_004,2026-01-05 17:45:00,48.242
QUALITY_005,2026-01-05 17:45:00,95.56
QUALITY_006,2026-01-05 17:45:00,92.011
QUALITY_007,2026-01-05 17:45:00,67.004
QUALITY_008,2026-01-05 17:45:00,128.76
QUALITY_001,2026-01-05 18:00:00,29.866
QUALITY_002,2026-01-05 18:00:00,62.476
QUALITY_003,2026-01-05 18:00:00,68.91
QUALITY_004,2026-01-05 18:00:00,49.327
QUALITY_005,2026-01-05 18:00:00,93.431
QUALITY_006,2026-01-05 18:00:00,96.515
QUALITY_007,2026-01-05 18:00:00,66.782
QUALITY_008,2026-01-05 18:00:00,124.546
QUALITY_001,2026-01-05 18:15:00,28.975
QUALITY_002,2026-01-05 18:15:00,63.005
QUALITY_003,2026-01-05 18:15:00,71.473
QUALITY_004,2026-01-05 18:15:00,46.187
QUALITY_005,2026-01-05 18:15:00,93.043
QUALITY_006,2026-01-05 18:15:00,102.846
QUALITY_007,2026-01-05 18:15:00,64.395
QUALITY_008,2026-01-05 18:15:00,124.105
QUALITY_001,2026-01-05 18:30:00,28.775
QUALITY_002,2026-01-05 18:30:00,62.038
QUALITY_004,2026-01-05 18:30:00,47.164
QUALITY_005,2026-01-05 18:30:00,90.816
QUALITY_006,2026-01-05 18:30:00,107.082
QUALITY_007,2026-01-05 18:30:00,62.739
QUALITY_008,2026-01-05 18:30:00,119.432
QUALITY_001,2026-01-05 18:45:00,27.75
QUALITY_002,2026-01-05 18:45:00,59.437
QUALITY_003,2026-01-05 18:45:00,79.412
QUALITY_004,2026-01-05 18:45:00,44.873
QUALITY_005,2026-01-05 18:45:00,89.175
QUALITY_006,2026-01-05 18:45:00,112.864
QUALITY_007,2026-01-05 18:45:00,62.295
QUALITY_008,2026-01-05 18:45:00,118.203
QUALITY_001,2026-01-05 19:00:00,26.719
QUALITY_002,2026-01-05 19:00:00,59.341
QUALITY_003,2026-01-05 19:00:00,82.026
QUALITY_004,2026-01-05 19:00:00,45.01
QUALITY_005,2026-01-05 19:00:00,88.913
QUALITY_006,2026-01-05 19:00:00,116.999
QUALITY_007,2026-01-05 19:00:00,59.595
QUALITY_008,2026-01-05 19:00:00,118.28
QUALITY_001,2026-01-05 19:15:00,27.961
QUALITY_002,2026-01-05 19:15:00,59.104
QUALITY_003,2026-01-05 19:15:00,85.554
QUALITY_004,2026-01-05 19:15:00,44.814
QUALITY_005,2026-01-05 19:15:00,87.457
QUALITY_006,2026-01-05 19:15:00,121.259
QUALITY_007,2026-01-05 19:15:00,60.83
QUALITY_008,2026-01-05 19:15:00,116.46
QUALITY_001,2026-01-05 19:30:00,27.896
QUALITY_002,2026-01-05 19:30:00,57.528
QUALITY_003,2026-01-05 19:30:00,88.237
QUALITY_004,2026-01-05 19:30:00,41.97
QUALITY_005,2026-01-05 19:30:00,85.675
QUALITY_006,2026-01-05 19:30:00,123.075
QUALITY_007,2026-01-05 19:30:00,58.688
QUALITY_008,2026-01-05 19:30:00,115.013
QUALITY_001,2026-01-05 19:45:00,25.826
QUALITY_002,2026-01-05 19:45:00,57.476
QUALITY_003,2026-01-05 19:45:00,88.764
QUALITY_004,2026-01-05 19:45:00,42.591
QUALITY_005,2026-01-05 19:45:00,84.305
QUALITY_006,2026-01-05 19:45:00,126.39
QUALITY_007,2026-01-05 19:45:00,59.532
QUALITY_008,2026-01-05 19:45:00,111.716
QUALITY_001,2026-01-05 20:00:00,26.967
QUALITY_002,2026-01-05 20:00:00,57.616
QUALITY_003,2026-01-05 20:00:00,89.219
QUALITY_004,2026-01-05 20:00:00,42.382
QUALITY_005,2026-01-05 20:00:00,85.065
QUALITY_006,2026-01-05 20:00:00,125.324
QUALITY_007,2026-01-05 20:00:00,58.86
QUALITY_008,2026-01-05 20:00:00,110.665
QUALITY_001,2026-01-05 20:15:00,25.892
QUALITY_002,2026-01-05 20:15:00,56.462
QUALITY_003,2026-01-05 20:15:00,87.829
QUALITY_004,2026-01-05 20:15:00,40.749
QUALITY_005,2026-01-05 20:15:00,81.81
QUALITY_006,2026-01-05 20:15:00,124.099
QUALITY_007,2026-01-05 20:15:00,58.134
QUALITY_008,2026-01-05 20:15:00,108.321
QUALITY_001,2026-01-05 20:30:00,27.067
QUALITY_002,2026-01-05 20:30:00,55.353
QUALITY_003,2026-01-05 20:30:00,85.644
QUALITY_004,2026-01-05 20:30:00,40.276
QUALITY_005,2026-01-05 20:30:00,80.974
QUALITY_006,2026-01-05 20:30:00,124.157
QUALITY_007,2026-01-05 20:30:00,57.623
QUALITY_008,2026-01-05 20:30:00,107.927
QUALITY_001,2026-01-05 20:45:00,25.258
QUALITY_002,2026-01-05 20:45:00,52.508
QUALITY_003,2026-01-05 20:45:00,83.946
QUALITY_004,2026-01-05 20:45:00,41.244
QUALITY_005,2026-01-05 20:45:00,79.558
QUALITY_006,2026-01-05 20:45:00,121.67
QUALITY_007,2026-01-05 20:45:00,55.953
QUALITY_008,2026-01-05 20:45:00,106.121
QUALITY_001,2026-01-05 21:00:00,27.417
QUALITY_002,2026-01-05 21:00:00,52.844
QUALITY_003,2026-01-05 21:00:00,82.952
QUALITY_004,2026-01-05 21:00:00,42.76
QUALITY_005,2026-01-05 21:00:00,78.596
QUALITY_006,2026-01-05 21:00:00,116.337
QUALITY_007,2026-01-05 21:00:00,55.719
QUALITY_008,2026-01-05 21:00:00,104.284
QUALITY_001,2026-01-05 21:15:00,27.095
QUALITY_002,2026-01-05 21:15:00,51.04
QUALITY_003,2026-01-05 21:15:00,80.134
QUALITY_004,2026-01-05 21:15:00,41.202
QUALITY_005,2026-01-05 21:15:00,75.866
QUALITY_006,2026-01-05 21:15:00,112.565
QUALITY_007,2026-01-05 21:15:00,55.777
QUALITY_008,2026-01-05 21:15:00,100.917
QUALITY_001,2026-01-05 21:30:00,25.101
QUALITY_002,2026-01-05 21:30:00,49.418
QUALITY_003,2026-01-05 21:30:00,75.888
QUALITY_004,2026-01-05 21:30:00,41.613
QUALITY_005,2026-01-05 21:30:00,72.339
QUALITY_006,2026-01-05 21:30:00,107.612
QUALITY_007,2026-01-05 21:30:00,57.912
QUALITY_008,2026-01-05 21:30:00,98.262
QUALITY_001,2026-01-05 21:45:00,25.532
QUALITY_002,2026-01-05 21:45:00,48.572
QUALITY_003,2026-01-05 21:45:00,72.92
QUALITY_004,2026-01-05 21:45:00,42.586
QUALITY_005,2026-01-05 21:45:00,72.032
QUALITY_006,2026-01-05 21:45:00,102.335
QUALITY_007,2026-01-05 21:45:00,57.085
QUALITY_008,2026-01-05 21:45:00,94.828
QUALITY_001,2026-01-05 22:00:00,25.901
QUALITY_002,2026-01-05 22:00:00,45.416
QUALITY_003,2026-01-05 22:00:00,69.09
QUALITY_004,2026-01-05 22:00:00,42.525
QUALITY_005,2026-01-05 22:00:00,69.786
QUALITY_006,2026-01-05 22:00:00,98.073
QUALITY_007,2026-01-05 22:00:00,56.66
QUALITY_008,2026-01-05 22:00:00,91.94
QUALITY_001,2026-01-05 22:15:00,26.943
QUALITY_002,2026-01-05 22:15:00,44.768
QUALITY_003,2026-01-05 22:15:00,66.494
QUALITY_004,2026-01-05 22:15:00,41.876
QUALITY_005,2026-01-05 22:15:00,66.001
QUALITY_006,2026-01-05 22:15:00,93.158
QUALITY_007,2026-01-05 22:15:00,58.241
QUALITY_008,2026-01-05 22:15:00,89.312
QUALITY_001,2026-01-05 22:30:00,27.295
QUALITY_002,2026-01-05 22:30:00,44.628
QUALITY_003,2026-01-05 22:30:00,61.633
QUALITY_004,2026-01-05 22:30:00,41.556
QUALITY_005,2026-01-05 22:30:00,64.145
QUALITY_006,2026-01-05 22:30:00,88.637
QUALITY_007,2026-01-05 22:30:00,57.579
QUALITY_008,2026-01-05 22:30:00,86.804
QUALITY_001,2026-01-05 22:45:00,25.329
QUALITY_002,2026-01-05 22:45:00,41.808
QUALITY_003,2026-01-05 22:45:00,60.206
QUALITY_004,2026-01-05 22:45:00,40.889
QUALITY_005,2026-01-05 22:45:00,63.515
QUALITY_006,2026-01-05 22:45:00,84.208
QUALITY_007,2026-01-05 22:45:00,57.871
QUALITY_008,2026-01-05 22:45:00,83.587
QUALITY_001,2026-01-05 23:00:00,26.923
QUALITY_002,2026-01-05 23:00:00,39.556
QUALITY_003,2026-01-05 23:00:00,57.423
QUALITY_004,2026-01-05 23:00:00,41.629
QUALITY_005,2026-01-05 23:00:00,61.826
QUALITY_006,2026-01-05 23:00:00,82.288
QUALITY_007,2026-01-05 23:00:00,59.179
QUALITY_008,2026-01-05 23:00:00,80.173
QUALITY_001,2026-01-05 23:15:00,28.054
QUALITY_002,2026-01-05 23:15:00,39.184
QUALITY_003,2026-01-05 23:15:00,54.814
QUALITY_004,2026-01-05 23:15:00,42.336
QUALITY_005,2026-01-05 23:15:00,59.976
QUALITY_006,2026-01-05 23:15:00,77.668
QUALITY_007,2026-01-05 23:15:00,59.149
QUALITY_008,2026-01-05 23:15:00,78.301
QUALITY_001,2026-01-05 23:30:00,26.495
QUALITY_002,2026-01-05 23:30:00,37.028
QUALITY_003,2026-01-05 23:30:00,54.453
QUALITY_004,2026-01-05 23:30:00,42.043
QUALITY_005,2026-01-05 23:30:00,57.673
QUALITY_006,2026-01-05 23:30:00,76.667
QUALITY_007,2026-01-05 23:30:00,59.153
QUALITY_008,2026-01-05 23:30:00,76.122
QUALITY_001,2026-01-05 23:45:00,27.327
QUALITY_002,2026-01-05 23:45:00,38.025
QUALITY_003,2026-01-05 23:45:00,50.392
QUALITY_004,2026-01-05 23:45:00,42.94
QUALITY_005,2026-01-05 23:45:00,54.461
QUALITY_006,2026-01-05 23:45:00,74.388
QUALITY_007,2026-01-05 23:45:00,58.848
QUALITY_008,2026-01-05 23:45:00,74.414
QUALITY_001,2026-01-06 00:00:00,28.478
QUALITY_002,2026-01-06 00:00:00,32.543
QUALITY_003,2026-01-06 00:00:00,63.735
QUALITY_004,2026-01-06 00:00:00,44.046
QUALITY_005,2026-01-06 00:00:00,50.125
QUALITY_007,2026-01-06 00:00:00,60.918
QUALITY_008,2026-01-06 00:00:00,66.575
QUALITY_001,2026-01-06 00:15:00,27.181
QUALITY_002,2026-01-06 00:15:00,32.712
QUALITY_003,2026-01-06 00:15:00,63.199
QUALITY_004,2026-01-06 00:15:00,45.336
QUALITY_005,2026-01-06 00:15:00,48.831
QUALITY_006,2026-01-06 00:15:00,91.346
QUALITY_007,2026-01-06 00:15:00,60.613
QUALITY_008,2026-01-06 00:15:00,66.452
QUALITY_001,2026-01-06 00:30:00,28.944
QUALITY_002,2026-01-06 00:30:00,31.404
QUALITY_003,2026-01-06 00:30:00,64.633
QUALITY_004,2026-01-06 00:30:00,46.235
QUALITY_005,2026-01-06 00:30:00,49.069
QUALITY_006,2026-01-06 00:30:00,90.942
QUALITY_007,2026-01-06 00:30:00,60.372
QUALITY_008,2026-01-06 00:30:00,63.143
QUALITY_001,2026-01-06 00:45:00,29.5
QUALITY_001,2026-01-06 00:45:00,32
QUALITY_002,2026-01-06 00:45:00,30.972
QUALITY_003,2026-01-06 00:45:00,64.387
QUALITY_004,2026-01-06 00:45:00,46.762
QUALITY_005,2026-01-06 00:45:00,48.36
QUALITY_006,2026-01-06 00:45:00,91.056
QUALITY_007,2026-01-06 00:45:00,62.399
QUALITY_008,2026-01-06 00:45:00,62.947
QUALITY_001,2026-01-06 01:00:00,29.039
QUALITY_002,2026-01-06 01:00:00,32.945
QUALITY_003,2026-01-06 01:00:00,65.264
QUALITY_004,2026-01-06 01:00:00,45.41
QUALITY_005,2026-01-06 01:00:00,46.529
QUALITY_006,2026-01-06 01:00:00,92.019
QUALITY_007,2026-01-06 01:00:00,61.535
QUALITY_008,2026-01-06 01:00:00,63.285
QUALITY_001,2026-01-06 01:15:00,30.061
QUALITY_002,2026-01-06 01:15:00,31.732
QUALITY_003,2026-01-06 01:15:00,62.521
QUALITY_004,2026-01-06 01:15:00,45.444
QUALITY_005,2026-01-06 01:15:00,47.843
QUALITY_006,2026-01-06 01:15:00,89.878
QUALITY_007,2026-01-06 01:15:00,62.314
QUALITY_008,2026-01-06 01:15:00,62.741
QUALITY_001,2026-01-06 01:30:00,29.763
QUALITY_002,2026-01-06 01:30:00,31.394
QUALITY_003,2026-01-06 01:30:00,62.757
QUALITY_004,2026-01-06 01:30:00,47.284
QUALITY_005,2026-01-06 01:30:00,47.713
QUALITY_006,2026-01-06 01:30:00,88.891
QUALITY_007,2026-01-06 01:30:00,63.881
QUALITY_008,2026-01-06 01:30:00,63.23
QUALITY_001,2026-01-06 01:45:00,29.06
QUALITY_002,2026-01-06 01:45:00,32.506
QUALITY_003,2026-01-06 01:45:00,61.105
QUALITY_004,2026-01-06 01:45:00,46.73
QUALITY_005,2026-01-06 01:45:00,48.015
QUALITY_006,2026-01-06 01:45:00,87.475
QUALITY_007,2026-01-06 01:45:00,65.365
QUALITY_008,2026-01-06 01:45:00,63.236
QUALITY_001,2026-01-06 02:00:00,30.022
QUALITY_002,2026-01-06 02:00:00,30.036
QUALITY_003,2026-01-06 02:00:00,60.93
QUALITY_004,2026-01-06 02:00:00,47.806
QUALITY_004,2026-01-06 02:00:00,50.306
QUALITY_005,2026-01-06 02:00:00,47.719
QUALITY_006,2026-01-06 02:00:00,84.556
QUALITY_007,2026-01-06 02:00:00,65.223
QUALITY_008,2026-01-06 02:00:00,61.238
QUALITY_001,2026-01-06 02:15:00,31.209
QUALITY_002,2026-01-06 02:15:00,31.694
QUALITY_003,2026-01-06 02:15:00,58.206
QUALITY_004,2026-01-06 02:15:00,47.866
QUALITY_005,2026-01-06 02:15:00,47.341
QUALITY_006,2026-01-06 02:15:00,82.757
QUALITY_007,2026-01-06 02:15:00,67.929
QUALITY_008,2026-01-06 02:15:00,60.674
QUALITY_001,2026-01-06 02:30:00,31.454
QUALITY_002,2026-01-06 02:30:00,31.987
QUALITY_003,2026-01-06 02:30:00,56.145
QUALITY_004,2026-01-06 02:30:00,50.738
QUALITY_005,2026-01-06 02:30:00,47.585
QUALITY_006,2026-01-06 02:30:00,80.492
QUALITY_007,2026-01-06 02:30:00,67.344
QUALITY_008,2026-01-06 02:30:00,62.638
QUALITY_001,2026-01-06 02:45:00,31.176
QUALITY_003,2026-01-06 02:45:00,55.241
QUALITY_004,2026-01-06 02:45:00,48.991
QUALITY_005,2026-01-06 02:45:00,45.556
QUALITY_006,2026-01-06 02:45:00,78.24
QUALITY_007,2026-01-06 02:45:00,68.267
QUALITY_008,2026-01-06 02:45:00,62.839
QUALITY_001,2026-01-06 03:00:00,32.871
QUALITY_002,2026-01-06 03:00:00,32.056
QUALITY_003,2026-01-06 03:00:00,54.268
QUALITY_004,2026-01-06 03:00:00,51.239
QUALITY_005,2026-01-06 03:00:00,45.307
QUALITY_006,2026-01-06 03:00:00,77.358
QUALITY_007,2026-01-06 03:00:00,68.483
QUALITY_008,2026-01-06 03:00:00,61.48
QUALITY_001,2026-01-06 03:15:00,31.881
QUALITY_002,2026-01-06 03:15:00,32.099
QUALITY_003,2026-01-06 03:15:00,51.299
QUALITY_004,2026-01-06 03:15:00,51.252
QUALITY_005,2026-01-06 03:15:00,46.662
QUALITY_006,2026-01-06 03:15:00,74.032
QUALITY_007,2026-01-06 03:15:00,70.429
QUALITY_007,2026-01-06 03:15:00,72.929
QUALITY_008,2026-01-06 03:15:00,62.041
QUALITY_001,2026-01-06 03:30:00,34.47
QUALITY_002,2026-01-06 03:30:00,30.381
QUALITY_003,2026-01-06 03:30:00,49.414
QUALITY_004,2026-01-06 03:30:00,52.573
QUALITY_005,2026-01-06 03:30:00,45.637
QUALITY_006,2026-01-06 03:30:00,72.904
QUALITY_007,2026-01-06 03:30:00,72.327
QUALITY_008,2026-01-06 03:30:00,62.684
QUALITY_001,2026-01-06 03:45:00,33.675
QUALITY_002,2026-01-06 03:45:00,30.313
QUALITY_003,2026-01-06 03:45:00,49.937
QUALITY_004,2026-01-06 03:45:00,54.101
QUALITY_005,2026-01-06 03:45:00,47.15
QUALITY_006,2026-01-06 03:45:00,69.079
QUALITY_007,2026-01-06 03:45:00,72.846
QUALITY_008,2026-01-06 03:45:00,62.301
QUALITY_001,2026-01-06 04:00:00,34.506
QUALITY_002,2026-01-06 04:00:00,30.416
QUALITY_003,2026-01-06 04:00:00,47.135
QUALITY_004,2026-01-06 04:00:00,55.604
QUALITY_005,2026-01-06 04:00:00,48.119
QUALITY_006,2026-01-06 04:00:00,67.32
QUALITY_007,2026-01-06 04:00:00,74.291
QUALITY_008,2026-01-06 04:00:00,63.173
QUALITY_001,2026-01-06 04:15:00,34.529
QUALITY_002,2026-01-06 04:15:00,32.549
QUALITY_003,2026-01-06 04:15:00,47.327
QUALITY_004,2026-01-06 04:15:00,55.241
QUALITY_005,2026-01-06 04:15:00,47.91
QUALITY_006,2026-01-06 04:15:00,64.721
QUALITY_007,2026-01-06 04:15:00,75.838
QUALITY_008,2026-01-06 04:15:00,61.806
QUALITY_001,2026-01-06 04:30:00,35.609
QUALITY_002,2026-01-06 04:30:00,32.436
QUALITY_003,2026-01-06 04:30:00,43.855
QUALITY_004,2026-01-06 04:30:00,56.655
QUALITY_005,2026-01-06 04:30:00,46.282
QUALITY_006,2026-01-06 04:30:00,62.225
QUALITY_007,2026-01-06 04:30:00,77.104
QUALITY_008,2026-01-06 04:30:00,63.384
QUALITY_001,2026-01-06 04:45:00,37.529
QUALITY_002,2026-01-06 04:45:00,32.95
QUALITY_003,2026-01-06 04:45:00,43.623
QUALITY_004,2026-01-06 04:45:00,59.551
QUALITY_005,2026-01-06 04:45:00,46.883
QUALITY_006,2026-01-06 04:45:00,62.724
QUALITY_007,2026-01-06 04:45:00,79.762
QUALITY_008,2026-01-06 04:45:00,61.731
QUALITY_001,2026-01-06 05:00:00,37.944
QUALITY_002,2026-01-06 05:00:00,32.225
QUALITY_003,2026-01-06 05:00:00,42.259
QUALITY_004,2026-01-06 05:00:00,62.081
QUALITY_005,2026-01-06 05:00:00,46.411
QUALITY_006,2026-01-06 05:00:00,59.297
QUALITY_007,2026-01-06 05:00:00,83.742
QUALITY_008,2026-01-06 05:00:00,63.734
QUALITY_001,2026-01-06 05:15:00,39.367
QUALITY_002,2026-01-06 05:15:00,31.973
QUALITY_003,2026-01-06 05:15:00,40.561
QUALITY_004,2026-01-06 05:15:00,63.9
QUALITY_005,2026-01-06 05:15:00,47.349
QUALITY_006,2026-01-06 05:15:00,58.072
QUALITY_007,2026-01-06 05:15:00,86.542
QUALITY_008,2026-01-06 05:15:00,63.421
QUALITY_001,2026-01-06 05:30:00,41.873
QUALITY_002,2026-01-06 05:30:00,32.91
QUALITY_003,2026-01-06 05:30:00,41.055
QUALITY_004,2026-01-06 05:30:00,65.365
QUALITY_005,2026-01-06 05:30:00,48.617
QUALITY_006,2026-01-06 05:30:00,57.824
QUALITY_007,2026-01-06 05:30:00,88.304
QUALITY_008,2026-01-06 05:30:00,65.169
QUALITY_001,2026-01-06 05:45:00,41.602
QUALITY_002,2026-01-06 05:45:00,31.541
QUALITY_003,2026-01-06 05:45:00,40.557
QUALITY_004,2026-01-06 05:45:00,69.007
QUALITY_005,2026-01-06 05:45:00,49.819
QUALITY_006,2026-01-06 05:45:00,54.852
QUALITY_007,2026-01-06 05:45:00,92.697
QUALITY_008,2026-01-06 05:45:00,66.1
QUALITY_001,2026-01-06 06:00:00,45.169
QUALITY_002,2026-01-06 06:00:00,33.163
QUALITY_003,2026-01-06 06:00:00,39.404
QUALITY_004,2026-01-06 06:00:00,71.582
QUALITY_005,2026-01-06 06:00:00,49.236
QUALITY_006,2026-01-06 06:00:00,54.599
QUALITY_007,2026-01-06 06:00:00,95.812
QUALITY_008,2026-01-06 06:00:00,65.048
QUALITY_001,2026-01-06 06:15:00,47.208
QUALITY_002,2026-01-06 06:15:00,34.088
QUALITY_003,2026-01-06 06:15:00,37.96
QUALITY_004,2026-01-06 06:15:00,73.111
QUALITY_005,2026-01-06 06:15:00,51.158
QUALITY_006,2026-01-06 06:15:00,53.281
QUALITY_007,2026-01-06 06:15:00,101.94
QUALITY_008,2026-01-06 06:15:00,66.135
QUALITY_001,2026-01-06 06:30:00,48.402
QUALITY_002,2026-01-06 06:30:00,34.283
QUALITY_003,2026-01-06 06:30:00,37.783
QUALITY_004,2026-01-06 06:30:00,75.53
QUALITY_005,2026-01-06 06:30:00,49.193
QUALITY_006,2026-01-06 06:30:00,52.409
QUALITY_007,2026-01-06 06:30:00,105.56
QUALITY_008,2026-01-06 06:30:00,67.185
QUALITY_001,2026-01-06 06:45:00,49.304
QUALITY_002,2026-01-06 06:45:00,33.816
QUALITY_003,2026-01-06 06:45:00,37.717
QUALITY_004,2026-01-06 06:45:00,79.409
QUALITY_005,2026-01-06 06:45:00,49.731
QUALITY_006,2026-01-06 06:45:00,54.27
QUALITY_007,2026-01-06 06:45:00,108.845
QUALITY_008,2026-01-06 06:45:00,66.678
QUALITY_001,2026-01-06 07:00:00,53.567
QUALITY_002,2026-01-06 07:00:00,34.667
QUALITY_003,2026-01-06 07:00:00,35.954
QUALITY_004,2026-01-06 07:00:00,82.907
QUALITY_005,2026-01-06 07:00:00,51.765
QUALITY_006,2026-01-06 07:00:00,53.273
QUALITY_007,2026-01-06 07:00:00,114.165
QUALITY_008,2026-01-06 07:00:00,68.041
QUALITY_001,2026-01-06 07:15:00,55.129
QUALITY_002,2026-01-06 07:15:00,34.019
QUALITY_003,2026-01-06 07:15:00,36.135
QUALITY_004,2026-01-06 07:15:00,86.46
QUALITY_005,2026-01-06 07:15:00,53.581
QUALITY_006,2026-01-06 07:15:00,51.935
QUALITY_007,2026-01-06 07:15:00,118.444
QUALITY_008,2026-01-06 07:15:00,68.522
QUALITY_001,2026-01-06 07:30:00,58.469
QUALITY_002,2026-01-06 07:30:00,35.956
QUALITY_003,2026-01-06 07:30:00,35.492
QUALITY_004,2026-01-06 07:30:00,90.274
QUALITY_005,2026-01-06 07:30:00,51.62
QUALITY_006,2026-01-06 07:30:00,53.215
QUALITY_007,2026-01-06 07:30:00,124.554
QUALITY_008,2026-01-06 07:30:00,69.913
QUALITY_001,2026-01-06 07:45:00,58.036
QUALITY_002,2026-01-06 07:45:00,36.484
QUALITY_003,2026-01-06 07:45:00,36.908
QUALITY_004,2026-01-06 07:45:00,93.879
QUALITY_005,2026-01-06 07:45:00,53.324
QUALITY_006,2026-01-06 07:45:00,51.911
QUALITY_007,2026-01-06 07:45:00,127.339
QUALITY_008,2026-01-06 07:45:00,70.533
QUALITY_001,2026-01-06 08:00:00,59.991
QUALITY_002,2026-01-06 08:00:00,37.791
QUALITY_003,2026-01-06 08:00:00,35.398
QUALITY_004,2026-01-06 08:00:00,96.394
QUALITY_005,2026-01-06 08:00:00,54.203
QUALITY_006,2026-01-06 08:00:00,52.435
QUALITY_007,2026-01-06 08:00:00,131.272
QUALITY_008,2026-01-06 08:00:00,72.893
QUALITY_001,2026-01-06 08:15:00,63.731
QUALITY_002,2026-01-06 08:15:00,37.589
QUALITY_003,2026-01-06 08:15:00,37.317
QUALITY_004,2026-01-06 08:15:00,99.246
QUALITY_005,2026-01-06 08:15:00,54.342
QUALITY_006,2026-01-06 08:15:00,52.08
QUALITY_007,2026-01-06 08:15:00,134.615
QUALITY_008,2026-01-06 08:15:00,73.008
QUALITY_001,2026-01-06 08:30:00,62.879
QUALITY_002,2026-01-06 08:30:00,37.172
QUALITY_003,2026-01-06 08:30:00,36.922
QUALITY_004,2026-01-06 08:30:00,99.862
QUALITY_005,2026-01-06 08:30:00,55.486
QUALITY_006,2026-01-06 08:30:00,50.492
QUALITY_007,2026-01-06 08:30:00,138.649
QUALITY_008,2026-01-06 08:30:00,74.017
QUALITY_001,2026-01-06 08:45:00,64.968
QUALITY_002,2026-01-06 08:45:00,38.624
QUALITY_003,2026-01-06 08:45:00,36.194
QUALITY_004,2026-01-06 08:45:00,102.592
QUALITY_005,2026-01-06 08:45:00,55.514
QUALITY_006,2026-01-06 08:45:00,50.811
QUALITY_007,2026-01-06 08:45:00,139.739
QUALITY_008,2026-01-06 08:45:00,75.105
QUALITY_001,2026-01-06 09:00:00,64.165
QUALITY_002,2026-01-06 09:00:00,39.523
QUALITY_003,2026-01-06 09:00:00,35.702
QUALITY_004,2026-01-06 09:00:00,103.579
QUALITY_005,2026-01-06 09:00:00,57.341
QUALITY_006,2026-01-06 09:00:00,53.021
QUALITY_007,2026-01-06 09:00:00,139.878
QUALITY_008,2026-01-06 09:00:00,77.149
QUALITY_001,2026-01-06 09:15:00,63.859
QUALITY_002,2026-01-06 09:15:00,39.907
QUALITY_003,2026-01-06 09:15:00,36.203
QUALITY_004,2026-01-06 09:15:00,103.101
QUALITY_006,2026-01-06 09:15:00,51.19
QUALITY_007,2026-01-06 09:15:00,140.163
QUALITY_008,2026-01-06 09:15:00,78.125
QUALITY_001,2026-01-06 09:30:00,63.317
QUALITY_002,2026-01-06 09:30:00,41.047
QUALITY_003,2026-01-06 09:30:00,35.975
QUALITY_004,2026-01-06 09:30:00,102.572
QUALITY_005,2026-01-06 09:30:00,58.07
QUALITY_006,2026-01-06 09:30:00,52.576
QUALITY_007,2026-01-06 09:30:00,140.592
QUALITY_008,2026-01-06 09:30:00,79.802
QUALITY_001,2026-01-06 09:45:00,64.208
QUALITY_002,2026-01-06 09:45:00,40.519
QUALITY_003,2026-01-06 09:45:00,37.962
QUALITY_004,2026-01-06 09:45:00,100.847
QUALITY_005,2026-01-06 09:45:00,61.264
QUALITY_006,2026-01-06 09:45:00,52.136
QUALITY_007,2026-01-06 09:45:00,139.106
QUALITY_008,2026-01-06 09:45:00,80.071
QUALITY_001,2026-01-06 10:00:00,62.902
QUALITY_002,2026-01-06 10:00:00,40.327
QUALITY_003,2026-01-06 10:00:00,36.039
QUALITY_004,2026-01-06 10:00:00,99.018
QUALITY_005,2026-01-06 10:00:00,61.881
QUALITY_006,2026-01-06 10:00:00,53.332
QUALITY_007,2026-01-06 10:00:00,136.483
QUALITY_008,2026-01-06 10:00:00,80.668
QUALITY_001,2026-01-06 10:15:00,60.962
QUALITY_002,2026-01-06 10:15:00,41.522
QUALITY_003,2026-01-06 10:15:00,37.498
QUALITY_004,2026-01-06 10:15:00,98.788
QUALITY_005,2026-01-06 10:15:00,62.111
QUALITY_006,2026-01-06 10:15:00,52.823
QUALITY_007,2026-01-06 10:15:00,133.801
QUALITY_008,2026-01-06 10:15:00,84.153
QUALITY_001,2026-01-06 10:30:00,62.072
QUALITY_002,2026-01-06 10:30:00,44.335
QUALITY_003,2026-01-06 10:30:00,36.62
QUALITY_004,2026-01-06 10:30:00,97.022
QUALITY_005,2026-01-06 10:30:00,65.24
QUALITY_006,2026-01-06 10:30:00,54.115
QUALITY_007,2026-01-06 10:30:00,130.239
QUALITY_008,2026-01-06 10:30:00,84.634
QUALITY_001,2026-01-06 10:45:00,60
QUALITY_002,2026-01-06 10:45:00,43.443
QUALITY_003,2026-01-06 10:45:00,36.883
QUALITY_004,2026-01-06 10:45:00,95.03
QUALITY_005,2026-01-06 10:45:00,65.067
QUALITY_006,2026-01-06 10:45:00,54.775
QUALITY_007,2026-01-06 10:45:00,128.745
QUALITY_008,2026-01-06 10:45:00,89.248
QUALITY_001,2026-01-06 11:00:00,56.602
QUALITY_002,2026-01-06 11:00:00,45.84
QUALITY_003,2026-01-06 11:00:00,37.282
QUALITY_004,2026-01-06 11:00:00,90.508
QUALITY_005,2026-01-06 11:00:00,68.868
QUALITY_006,2026-01-06 11:00:00,55.836
QUALITY_007,2026-01-06 11:00:00,126.621
QUALITY_008,2026-01-06 11:00:00,90.652
QUALITY_001,2026-01-06 11:15:00,56.874
QUALITY_002,2026-01-06 11:15:00,47.953
QUALITY_003,2026-01-06 11:15:00,39.052
QUALITY_004,2026-01-06 11:15:00,88.733
QUALITY_005,2026-01-06 11:15:00,71.347
QUALITY_006,2026-01-06 11:15:00,55.655
QUALITY_007,2026-01-06 11:15:00,123.522
QUALITY_008,2026-01-06 11:15:00,93.959
QUALITY_001,2026-01-06 11:30:00,56.456
QUALITY_002,2026-01-06 11:30:00,48.812
QUALITY_003,2026-01-06 11:30:00,40.545
QUALITY_004,2026-01-06 11:30:00,88.452
QUALITY_005,2026-01-06 11:30:00,72.492
QUALITY_006,2026-01-06 11:30:00,54.724
QUALITY_007,2026-01-06 11:30:00,119.353
QUALITY_008,2026-01-06 11:30:00,96.626
QUALITY_001,2026-01-06 11:45:00,54.39
QUALITY_002,2026-01-06 11:45:00,49.77
QUALITY_003,2026-01-06 11:45:00,39.884
QUALITY_004,2026-01-06 11:45:00,86.179
QUALITY_005,2026-01-06 11:45:00,74.669
QUALITY_006,2026-01-06 11:45:00,57.218
QUALITY_007,2026-01-06 11:45:00,116.119
QUALITY_008,2026-01-06 11:45:00,99.894
QUALITY_002,2026-01-06 12:00:00,52.585
QUALITY_003,2026-01-06 12:00:00,41.671
QUALITY_004,2026-01-06 12:00:00,84.099
QUALITY_005,2026-01-06 12:00:00,78.404
QUALITY_006,2026-01-06 12:00:00,56.33
QUALITY_007,2026-01-06 12:00:00,114.405
QUALITY_008,2026-01-06 12:00:00,105.515
QUALITY_001,2026-01-06 12:15:00,51.792
QUALITY_002,2026-01-06 12:15:00,56.62
QUALITY_003,2026-01-06 12:15:00,41.697
QUALITY_004,2026-01-06 12:15:00,82.096
QUALITY_005,2026-01-06 12:15:00,81.592
QUALITY_006,2026-01-06 12:15:00,58.982
QUALITY_007,2026-01-06 12:15:00,111.973
QUALITY_008,2026-01-06 12:15:00,110.813
QUALITY_001,2026-01-06 12:30:00,49.842
QUALITY_002,2026-01-06 12:30:00,56.973
QUALITY_003,2026-01-06 12:30:00,40.001
QUALITY_004,2026-01-06 12:30:00,81.235
QUALITY_005,2026-01-06 12:30:00,86.205
QUALITY_006,2026-01-06 12:30:00,58.97
QUALITY_007,2026-01-06 12:30:00,111.538
QUALITY_008,2026-01-06 12:30:00,113.515
QUALITY_001,2026-01-06 12:45:00,50.92
QUALITY_002,2026-01-06 12:45:00,61.915
QUALITY_003,2026-01-06 12:45:00,41.388
QUALITY_004,2026-01-06 12:45:00,80.14
QUALITY_005,2026-01-06 12:45:00,90.297
QUALITY_006,2026-01-06 12:45:00,59.248
QUALITY_007,2026-01-06 12:45:00,109.03
QUALITY_008,2026-01-06 12:45:00,119.523
QUALITY_001,2026-01-06 13:00:00,49.088
QUALITY_002,2026-01-06 13:00:00,63.461
QUALITY_003,2026-01-06 13:00:00,41.831
QUALITY_004,2026-01-06 13:00:00,78.987
QUALITY_005,2026-01-06 13:00:00,93.339
QUALITY_006,2026-01-06 13:00:00,60.809
QUALITY_007,2026-01-06 13:00:00,106.654
QUALITY_008,2026-01-06 13:00:00,125.971
QUALITY_001,2026-01-06 13:15:00,49.559
QUALITY_002,2026-01-06 13:15:00,66.105
QUALITY_003,2026-01-06 13:15:00,42.811
QUALITY_004,2026-01-06 13:15:00,79.118
QUALITY_005,2026-01-06 13:15:00,96.897
QUALITY_006,2026-01-06 13:15:00,61.866
QUALITY_007,2026-01-06 13:15:00,106.641
QUALITY_008,2026-01-06 13:15:00,130.636
QUALITY_001,2026-01-06 13:30:00,48.382
QUALITY_002,2026-01-06 13:30:00,68.001
QUALITY_003,2026-01-06 13:30:00,43.532
QUALITY_004,2026-01-06 13:30:00,75.656
QUALITY_005,2026-01-06 13:30:00,100.92
QUALITY_006,2026-01-06 13:30:00,62.19
QUALITY_007,2026-01-06 13:30:00,106.693
QUALITY_008,2026-01-06 13:30:00,134.658
QUALITY_001,2026-01-06 13:45:00,46.681
QUALITY_002,2026-01-06 13:45:00,70.758
QUALITY_003,2026-01-06 13:45:00,44.753
QUALITY_004,2026-01-06 13:45:00,75.207
QUALITY_005,2026-01-06 13:45:00,104.319
QUALITY_006,2026-01-06 13:45:00,61.093
QUALITY_007,2026-01-06 13:45:00,104.068
QUALITY_008,2026-01-06 13:45:00,139.161
QUALITY_001,2026-01-06 14:00:00,46.13
QUALITY_002,2026-01-06 14:00:00,72.098
QUALITY_003,2026-01-06 14:00:00,44.437
QUALITY_004,2026-01-06 14:00:00,75.035
QUALITY_005,2026-01-06 14:00:00,108.644
QUALITY_006,2026-01-06 14:00:00,64.074
QUALITY_007,2026-01-06 14:00:00,101.897
QUALITY_008,2026-01-06 14:00:00,145.184
QUALITY_001,2026-01-06 14:15:00,47.793
QUALITY_002,2026-01-06 14:15:00,73.884
QUALITY_003,2026-01-06 14:15:00,44.492
QUALITY_004,2026-01-06 14:15:00,73.119
QUALITY_005,2026-01-06 14:15:00,110.896
QUALITY_006,2026-01-06 14:15:00,63.284
QUALITY_007,2026-01-06 14:15:00,101.895
QUALITY_008,2026-01-06 14:15:00,148.036
QUALITY_001,2026-01-06 14:30:00,45.066
QUALITY_002,2026-01-06 14:30:00,75.182
QUALITY_003,2026-01-06 14:30:00,45.53
QUALITY_004,2026-01-06 14:30:00,71.408
QUALITY_005,2026-01-06 14:30:00,112.805
QUALITY_006,2026-01-06 14:30:00,63.699
QUALITY_007,2026-01-06 14:30:00,99.098
QUALITY_008,2026-01-06 14:30:00,150.737
QUALITY_001,2026-01-06 14:45:00,45.108
QUALITY_002,2026-01-06 14:45:00,77.4
QUALITY_003,2026-01-06 14:45:00,46.797
QUALITY_004,2026-01-06 14:45:00,70.747
QUALITY_005,2026-01-06 14:45:00,113.92
QUALITY_006,2026-01-06 14:45:00,65.434
QUALITY_007,2026-01-06 14:45:00,97.644
QUALITY_008,2026-01-06 14:45:00,153.455
QUALITY_001,2026-01-06 15:00:00,42.429
QUALITY_002,2026-01-06 15:00:00,76.297
QUALITY_003,2026-01-06 15:00:00,47.724
QUALITY_004,2026-01-06 15:00:00,69.499
QUALITY_005,2026-01-06 15:00:00,116.476
QUALITY_006,2026-01-06 15:00:00,66.593
QUALITY_007,2026-01-06 15:00:00,93.594
QUALITY_008,2026-01-06 15:00:00,151.816
QUALITY_001,2026-01-06 15:15:00,43.56
QUALITY_002,2026-01-06 15:15:00,76.393
QUALITY_003,2026-01-06 15:15:00,47.088
QUALITY_004,2026-01-06 15:15:00,67.015
QUALITY_005,2026-01-06 15:15:00,114.661
QUALITY_006,2026-01-06 15:15:00,66.256
QUALITY_007,2026-01-06 15:15:00,90.984
QUALITY_008,2026-01-06 15:15:00,153.578
QUALITY_001,2026-01-06 15:30:00,40.615
QUALITY_002,2026-01-06 15:30:00,78.016
QUALITY_003,2026-01-06 15:30:00,48.775
QUALITY_004,2026-01-06 15:30:00,64.445
QUALITY_005,2026-01-06 15:30:00,114.247
QUALITY_006,2026-01-06 15:30:00,68
QUALITY_007,2026-01-06 15:30:00,89.457
QUALITY_008,2026-01-06 15:30:00,152.819
QUALITY_001,2026-01-06 15:45:00,41.052
QUALITY_002,2026-01-06 15:45:00,77.092
QUALITY_003,2026-01-06 15:45:00,49.277
QUALITY_004,2026-01-06 15:45:00,64.503
QUALITY_005,2026-01-06 15:45:00,112.709
QUALITY_006,2026-01-06 15:45:00,69.358
QUALITY_007,2026-01-06 15:45:00,88.402
QUALITY_001,2026-01-06 16:00:00,38.138
QUALITY_002,2026-01-06 16:00:00,76.303
QUALITY_003,2026-01-06 16:00:00,48.969
QUALITY_004,2026-01-06 16:00:00,62.173
QUALITY_005,2026-01-06 16:00:00,111.56
QUALITY_006,2026-01-06 16:00:00,71.939
QUALITY_007,2026-01-06 16:00:00,84.891
QUALITY_008,2026-01-06 16:00:00,150.046
QUALITY_001,2026-01-06 16:15:00,37.919
QUALITY_002,2026-01-06 16:15:00,72.682
QUALITY_003,2026-01-06 16:15:00,51.286
QUALITY_004,2026-01-06 16:15:00,60.82
QUALITY_005,2026-01-06 16:15:00,111.255
QUALITY_006,2026-01-06 16:15:00,72.622
QUALITY_007,2026-01-06 16:15:00,81.005
QUALITY_008,2026-01-06 16:15:00,147.05
QUALITY_001,2026-01-06 16:30:00,36.163
QUALITY_002,2026-01-06 16:30:00,72.029
QUALITY_003,2026-01-06 16:30:00,54.487
QUALITY_004,2026-01-06 16:30:00,59.143
QUALITY_005,2026-01-06 16:30:00,106.927
QUALITY_006,2026-01-06 16:30:00,75.513
QUALITY_007,2026-01-06 16:30:00,78.378
QUALITY_008,2026-01-06 16:30:00,142.757
QUALITY_001,2026-01-06 16:45:00,35.773
QUALITY_002,2026-01-06 16:45:00,69.893
QUALITY_003,2026-01-06 16:45:00,55.568
QUALITY_004,2026-01-06 16:45:00,56.135
QUALITY_005,2026-01-06 16:45:00,105.56
QUALITY_006,2026-01-06 16:45:00,77.741
QUALITY_007,2026-01-06 16:45:00,75.331
QUALITY_008,2026-01-06 16:45:00,140.954
QUALITY_001,2026-01-06 17:00:00,33.378
QUALITY_002,2026-01-06 17:00:00,67.901
QUALITY_003,2026-01-06 17:00:00,57.35
QUALITY_004,2026-01-06 17:00:00,54.992
QUALITY_005,2026-01-06 17:00:00,101.898
QUALITY_006,2026-01-06 17:00:00,82.233
QUALITY_007,2026-01-06 17:00:00,75.242
QUALITY_008,2026-01-06 17:00:00,135.557
QUALITY_001,2026-01-06 17:15:00,34.04
QUALITY_002,2026-01-06 17:15:00,67.338
QUALITY_003,2026-01-06 17:15:00,58.277
QUALITY_004,2026-01-06 17:15:00,52.851
QUALITY_005,2026-01-06 17:15:00,100.075
QUALITY_006,2026-01-06 17:15:00,84.5
QUALITY_007,2026-01-06 17:15:00,70.538
QUALITY_008,2026-01-06 17:15:00,133.975
QUALITY_001,2026-01-06 17:30:00,32.813
QUALITY_002,2026-01-06 17:30:00,64.882
QUALITY_003,2026-01-06 17:30:00,62.735
QUALITY_004,2026-01-06 17:30:00,49.819
QUALITY_005,2026-01-06 17:30:00,96.911
QUALITY_006,2026-01-06 17:30:00,89.746
QUALITY_007,2026-01-06 17:30:00,70.115
QUALITY_008,2026-01-06 17:30:00,129.966
QUALITY_001,2026-01-06 17:45:00,32.528
QUALITY_002,2026-01-06 17:45:00,65.186
QUALITY_003,2026-01-06 17:45:00,66.571
QUALITY_004,2026-01-06 17:45:00,49.295
QUALITY_005,2026-01-06 17:45:00,97.283
QUALITY_006,2026-01-06 17:45:00,92.579
QUALITY_007,2026-01-06 17:45:00,68.549
QUALITY_008,2026-01-06 17:45:00,128.523
QUALITY_001,2026-01-06 18:00:00,29.533
QUALITY_002,2026-01-06 18:00:00,62.251
QUALITY_003,2026-01-06 18:00:00,69.208
QUALITY_004,2026-01-06 18:00:00,48.43
QUALITY_005,2026-01-06 18:00:00,94.626
QUALITY_006,2026-01-06 18:00:00,98.931
QUALITY_007,2026-01-06 18:00:00,64.769
QUALITY_008,2026-01-06 18:00:00,124.008
QUALITY_001,2026-01-06 18:15:00,29.47
QUALITY_002,2026-01-06 18:15:00,63.107
QUALITY_003,2026-01-06 18:15:00,72.195
QUALITY_004,2026-01-06 18:15:00,47.24
QUALITY_005,2026-01-06 18:15:00,93.554
QUALITY_006,2026-01-06 18:15:00,102.391
QUALITY_007,2026-01-06 18:15:00,63.316
QUALITY_008,2026-01-06 18:15:00,121.787
QUALITY_001,2026-01-06 18:30:00,28.396
QUALITY_002,2026-01-06 18:30:00,60.163
QUALITY_003,2026-01-06 18:30:00,76.098
QUALITY_005,2026-01-06 18:30:00,91.122
QUALITY_006,2026-01-06 18:30:00,108.123
QUALITY_007,2026-01-06 18:30:00,62.52
QUALITY_008,2026-01-06 18:30:00,121.423
QUALITY_001,2026-01-06 18:45:00,27.928
QUALITY_002,2026-01-06 18:45:00,59.99
QUALITY_003,2026-01-06 18:45:00,78.481
QUALITY_004,2026-01-06 18:45:00,44.477
QUALITY_005,2026-01-06 18:45:00,89.63
QUALITY_006,2026-01-06 18:45:00,112.491
QUALITY_007,2026-01-06 18:45:00,62.656
QUALITY_008,2026-01-06 18:45:00,119.611
QUALITY_001,2026-01-06 19:00:00,28.615
QUALITY_002,2026-01-06 19:00:00,58.236
QUALITY_003,2026-01-06 19:00:00,81.958
QUALITY_004,2026-01-06 19:00:00,45.496
QUALITY_005,2026-01-06 19:00:00,87.625
QUALITY_006,2026-01-06 19:00:00,116.47
QUALITY_007,2026-01-06 19:00:00,61.225
QUALITY_008,2026-01-06 19:00:00,117.128
QUALITY_001,2026-01-06 19:15:00,26.731
QUALITY_002,2026-01-06 19:15:00,57.885
QUALITY_003,2026-01-06 19:15:00,84.164
QUALITY_004,2026-01-06 19:15:00,42.262
QUALITY_005,2026-01-06 19:15:00,87.658
QUALITY_006,2026-01-06 19:15:00,120.974
QUALITY_007,2026-01-06 19:15:00,58.567
QUALITY_008,2026-01-06 19:15:00,115.64
QUALITY_001,2026-01-06 19:30:00,27.488
QUALITY_002,2026-01-06 19:30:00,57.922
QUALITY_003,2026-01-06 19:30:00,86.515
QUALITY_004,2026-01-06 19:30:00,43.369
QUALITY_005,2026-01-06 19:30:00,87.75
QUALITY_006,2026-01-06 19:30:00,122.238
QUALITY_007,2026-01-06 19:30:00,59.401
QUALITY_008,2026-01-06 19:30:00,116.052
QUALITY_001,2026-01-06 19:45:00,27.785
QUALITY_002,2026-01-06 19:45:00,58.081
QUALITY_003,2026-01-06 19:45:00,88.39
QUALITY_004,2026-01-06 19:45:00,41.967
QUALITY_005,2026-01-06 19:45:00,83.957
QUALITY_006,2026-01-06 19:45:00,125.106
QUALITY_007,2026-01-06 19:45:00,57.895
QUALITY_008,2026-01-06 19:45:00,111.899
QUALITY_001,2026-01-06 20:00:00,27.288
QUALITY_002,2026-01-06 20:00:00,57.597
QUALITY_003,2026-01-06 20:00:00,90.027
QUALITY_004,2026-01-06 20:00:00,41.818
QUALITY_005,2026-01-06 20:00:00,85.349
QUALITY_006,2026-01-06 20:00:00,125.695
QUALITY_007,2026-01-06 20:00:00,56.797
QUALITY_008,2026-01-06 20:00:00,111.45
QUALITY_001,2026-01-06 20:15:00,26.187
QUALITY_002,2026-01-06 20:15:00,54.326
QUALITY_003,2026-01-06 20:15:00,87.541
QUALITY_004,2026-01-06 20:15:00,41.725
QUALITY_005,2026-01-06 20:15:00,83.806
QUALITY_006,2026-01-06 20:15:00,124.552
QUALITY_007,2026-01-06 20:15:00,58.123
QUALITY_008,2026-01-06 20:15:00,110.994
QUALITY_001,2026-01-06 20:30:00,26.105
QUALITY_002,2026-01-06 20:30:00,54.545
QUALITY_003,2026-01-06 20:30:00,87.637
QUALITY_004,2026-01-06 20:30:00,42.435
QUALITY_005,2026-01-06 20:30:00,79.918
QUALITY_006,2026-01-06 20:30:00,123.517
QUALITY_007,2026-01-06 20:30:00,56.997
QUALITY_008,2026-01-06 20:30:00,106.79
QUALITY_001,2026-01-06 20:45:00,27.554
QUALITY_002,2026-01-06 20:45:00,53.827
QUALITY_003,2026-01-06 20:45:00,85.965
QUALITY_004,2026-01-06 20:45:00,42.769
QUALITY_005,2026-01-06 20:45:00,78.206
QUALITY_006,2026-01-06 20:45:00,121.759
QUALITY_007,2026-01-06 20:45:00,57.744
QUALITY_008,2026-01-06 20:45:00,104.899
QUALITY_001,2026-01-06 21:00:00,26.38
QUALITY_002,2026-01-06 21:00:00,52.442
QUALITY_003,2026-01-06 21:00:00,81.21
QUALITY_004,2026-01-06 21:00:00,41.736
QUALITY_005,2026-01-06 21:00:00,77.59
QUALITY_006,2026-01-06 21:00:00,116.485
QUALITY_007,2026-01-06 21:00:00,55.687
QUALITY_008,2026-01-06 21:00:00,102.7
QUALITY_001,2026-01-06 21:15:00,25.471
QUALITY_002,2026-01-06 21:15:00,52.225
QUALITY_003,2026-01-06 21:15:00,78.388
QUALITY_004,2026-01-06 21:15:00,40.218
QUALITY_005,2026-01-06 21:15:00,76.427
QUALITY_006,2026-01-06 21:15:00,111.478
QUALITY_007,2026-01-06 21:15:00,56.129
QUALITY_008,2026-01-06 21:15:00,100.765
QUALITY_001,2026-01-06 21:30:00,25.442
QUALITY_002,2026-01-06 21:30:00,49.731
QUALITY_003,2026-01-06 21:30:00,75.825
QUALITY_004,2026-01-06 21:30:00,41.711
QUALITY_005,2026-01-06 21:30:00,74.018
QUALITY_006,2026-01-06 21:30:00,107.933
QUALITY_007,2026-01-06 21:30:00,55.602
QUALITY_008,2026-01-06 21:30:00,98.772
QUALITY_001,2026-01-06 21:45:00,27.348
QUALITY_002,2026-01-06 21:45:00,49.242
QUALITY_003,2026-01-06 21:45:00,72.147
QUALITY_004,2026-01-06 21:45:00,41.696
QUALITY_005,2026-01-06 21:45:00,71.006
QUALITY_006,2026-01-06 21:45:00,102.377
QUALITY_007,2026-01-06 21:45:00,55.64
QUALITY_008,2026-01-06 21:45:00,95.915
QUALITY_001,2026-01-06 22:00:00,25.142
QUALITY_002,2026-01-06 22:00:00,46.823
QUALITY_003,2026-01-06 22:00:00,69.53
QUALITY_004,2026-01-06 22:00:00,40.797
QUALITY_005,2026-01-06 22:00:00,67.991
QUALITY_006,2026-01-06 22:00:00,97.697
QUALITY_007,2026-01-06 22:00:00,56.748
QUALITY_008,2026-01-06 22:00:00,91.683
QUALITY_001,2026-01-06 22:15:00,26.476
QUALITY_002,2026-01-06 22:15:00,45.522
QUALITY_003,2026-01-06 22:15:00,65.185
QUALITY_004,2026-01-06 22:15:00,42.729
QUALITY_005,2026-01-06 22:15:00,66.826
QUALITY_006,2026-01-06 22:15:00,94.098
QUALITY_007,2026-01-06 22:15:00,58.1
QUALITY_008,2026-01-06 22:15:00,89.606
QUALITY_001,2026-01-06 22:30:00,27.338
QUALITY_002,2026-01-06 22:30:00,42.36
QUALITY_003,2026-01-06 22:30:00,61.471
QUALITY_004,2026-01-06 22:30:00,40.786
QUALITY_005,2026-01-06 22:30:00,65.195
QUALITY_006,2026-01-06 22:30:00,88.351
QUALITY_007,2026-01-06 22:30:00,57.063
QUALITY_008,2026-01-06 22:30:00,87.359
QUALITY_001,2026-01-06 22:45:00,26.42
QUALITY_002,2026-01-06 22:45:00,40.805
QUALITY_003,2026-01-06 22:45:00,59.33
QUALITY_004,2026-01-06 22:45:00,42.44
QUALITY_005,2026-01-06 22:45:00,62.37
QUALITY_006,2026-01-06 22:45:00,84.144
QUALITY_007,2026-01-06 22:45:00,57.243
QUALITY_008,2026-01-06 22:45:00,83.391
QUALITY_001,2026-01-06 23:00:00,26.662
QUALITY_002,2026-01-06 23:00:00,40.5
QUALITY_003,2026-01-06 23:00:00,58.025
QUALITY_004,2026-01-06 23:00:00,41.555
QUALITY_005,2026-01-06 23:00:00,62.162
QUALITY_006,2026-01-06 23:00:00,79.796
QUALITY_007,2026-01-06 23:00:00,56.903
QUALITY_008,2026-01-06 23:00:00,80.719
QUALITY_001,2026-01-06 23:15:00,28.17
QUALITY_002,2026-01-06 23:15:00,40.893
QUALITY_003,2026-01-06 23:15:00,55.159
QUALITY_004,2026-01-06 23:15:00,43.85
QUALITY_005,2026-01-06 23:15:00,57.503
QUALITY_006,2026-01-06 23:15:00,76.681
QUALITY_007,2026-01-06 23:15:00,60.077
QUALITY_008,2026-01-06 23:15:00,77.234
QUALITY_001,2026-01-06 23:30:00,27.397
QUALITY_002,2026-01-06 23:30:00,38.423
QUALITY_003,2026-01-06 23:30:00,52.359
QUALITY_004,2026-01-06 23:30:00,42.917
QUALITY_005,2026-01-06 23:30:00,56.041
QUALITY_006,2026-01-06 23:30:00,74.179
QUALITY_007,2026-01-06 23:30:00,59.238
QUALITY_008,2026-01-06 23:30:00,76.85
QUALITY_001,2026-01-06 23:45:00,28.699
QUALITY_002,2026-01-06 23:45:00,37.978
QUALITY_003,2026-01-06 23:45:00,50.955
QUALITY_004,2026-01-06 23:45:00,44.766
QUALITY_005,2026-01-06 23:45:00,54.54
QUALITY_006,2026-01-06 23:45:00,73.366
QUALITY_007,2026-01-06 23:45:00,59.255
QUALITY_008,2026-01-06 23:45:00,74.764
QUALITY_001,2026-01-07 00:00:00,28.416
QUALITY_002,2026-01-07 00:00:00,33.33
QUALITY_003,2026-01-07 00:00:00,63.517
QUALITY_004,2026-01-07 00:00:00,44.528
QUALITY_005,2026-01-07 00:00:00,48.295
QUALITY_006,2026-01-07 00:00:00,91.04
QUALITY_008,2026-01-07 00:00:00,64.409
QUALITY_001,2026-01-07 00:15:00,29.154
QUALITY_002,2026-01-07 00:15:00,33.01
QUALITY_003,2026-01-07 00:15:00,63.903
QUALITY_004,2026-01-07 00:15:00,45.712
QUALITY_005,2026-01-07 00:15:00,47.946
QUALITY_006,2026-01-07 00:15:00,93.015
QUALITY_007,2026-01-07 00:15:00,60.473
QUALITY_008,2026-01-07 00:15:00,65.067
QUALITY_001,2026-01-07 00:30:00,29.365
QUALITY_002,2026-01-07 00:30:00,33.817
QUALITY_003,2026-01-07 00:30:00,65.742
QUALITY_004,2026-01-07 00:30:00,45.304
QUALITY_005,2026-01-07 00:30:00,48.312
QUALITY_006,2026-01-07 00:30:00,92.337
QUALITY_007,2026-01-07 00:30:00,61.226
QUALITY_008,2026-01-07 00:30:00,65.529
QUALITY_001,2026-01-07 00:45:00,28.939
QUALITY_002,2026-01-07 00:45:00,33.336
QUALITY_003,2026-01-07 00:45:00,65.82
QUALITY_004,2026-01-07 00:45:00,45.557
QUALITY_005,2026-01-07 00:45:00,48.403
QUALITY_006,2026-01-07 00:45:00,91.409
QUALITY_007,2026-01-07 00:45:00,62.81
QUALITY_008,2026-01-07 00:45:00,65.372
QUALITY_001,2026-01-07 01:00:00,28.579
QUALITY_002,2026-01-07 01:00:00,32.925
QUALITY_003,2026-01-07 01:00:00,64.993
QUALITY_004,2026-01-07 01:00:00,45.758
QUALITY_005,2026-01-07 01:00:00,49.167
QUALITY_006,2026-01-07 01:00:00,91.507
QUALITY_007,2026-01-07 01:00:00,62.371
QUALITY_008,2026-01-07 01:00:00,64.444
QUALITY_001,2026-01-07 01:15:00,29.446
QUALITY_002,2026-01-07 01:15:00,33.082
QUALITY_003,2026-01-07 01:15:00,63.354
QUALITY_004,2026-01-07 01:15:00,47.813
QUALITY_005,2026-01-07 01:15:00,48.123
QUALITY_006,2026-01-07 01:15:00,89.538
QUALITY_007,2026-01-07 01:15:00,65.083
QUALITY_008,2026-01-07 01:15:00,64.42
QUALITY_001,2026-01-07 01:30:00,30.25
QUALITY_002,2026-01-07 01:30:00,32.099
QUALITY_003,2026-01-07 01:30:00,62.237
QUALITY_004,2026-01-07 01:30:00,46.768
QUALITY_005,2026-01-07 01:30:00,46.295
QUALITY_006,2026-01-07 01:30:00,89.192
QUALITY_007,2026-01-07 01:30:00,63.94
QUALITY_008,2026-01-07 01:30:00,61.556
QUALITY_001,2026-01-07 01:45:00,29.472
QUALITY_002,2026-01-07 01:45:00,31.532
QUALITY_003,2026-01-07 01:45:00,61.119
QUALITY_004,2026-01-07 01:45:00,48.363
QUALITY_005,2026-01-07 01:45:00,46.98
QUALITY_006,2026-01-07 01:45:00,86.695
QUALITY_007,2026-01-07 01:45:00,64.691
QUALITY_008,2026-01-07 01:45:00,62.846
QUALITY_001,2026-01-07 02:00:00,29.648
QUALITY_002,2026-01-07 02:00:00,32.583
QUALITY_003,2026-01-07 02:00:00,61.356
QUALITY_004,2026-01-07 02:00:00,47.429
QUALITY_005,2026-01-07 02:00:00,45.497
QUALITY_006,2026-01-07 02:00:00,85.012
QUALITY_007,2026-01-07 02:00:00,64.898
QUALITY_008,2026-01-07 02:00:00,63.346
QUALITY_001,2026-01-07 02:15:00,31.296
QUALITY_002,2026-01-07 02:15:00,32.454
QUALITY_003,2026-01-07 02:15:00,59.788
QUALITY_004,2026-01-07 02:15:00,48.281
QUALITY_005,2026-01-07 02:15:00,48.046
QUALITY_006,2026-01-07 02:15:00,84.098
QUALITY_007,2026-01-07 02:15:00,66.507
QUALITY_008,2026-01-07 02:15:00,60.748
QUALITY_001,2026-01-07 02:30:00,30.884
QUALITY_002,2026-01-07 02:30:00,30.642
QUALITY_003,2026-01-07 02:30:00,56.594
QUALITY_004,2026-01-07 02:30:00,49.615
QUALITY_005,2026-01-07 02:30:00,46.237
QUALITY_006,2026-01-07 02:30:00,81.822
QUALITY_007,2026-01-07 02:30:00,69.117
QUALITY_008,2026-01-07 02:30:00,63.133
QUALITY_001,2026-01-07 02:45:00,32.485
QUALITY_002,2026-01-07 02:45:00,31.264
QUALITY_004,2026-01-07 02:45:00,49.373
QUALITY_005,2026-01-07 02:45:00,46.969
QUALITY_006,2026-01-07 02:45:00,80.642
QUALITY_007,2026-01-07 02:45:00,70.052
QUALITY_008,2026-01-07 02:45:00,61.652
QUALITY_001,2026-01-07 03:00:00,31.239
QUALITY_002,2026-01-07 03:00:00,32.163
QUALITY_003,2026-01-07 03:00:00,55.142
QUALITY_004,2026-01-07 03:00:00,52.408
QUALITY_005,2026-01-07 03:00:00,46.363
QUALITY_006,2026-01-07 03:00:00,78.162
QUALITY_007,2026-01-07 03:00:00,68.716
QUALITY_008,2026-01-07 03:00:00,60.79
QUALITY_001,2026-01-07 03:15:00,31.374
QUALITY_002,2026-01-07 03:15:00,31.99
QUALITY_003,2026-01-07 03:15:00,51.519
QUALITY_004,2026-01-07 03:15:00,52.826
QUALITY_005,2026-01-07 03:15:00,47.642
QUALITY_006,2026-01-07 03:15:00,74.189
QUALITY_007,2026-01-07 03:15:00,70.098
QUALITY_008,2026-01-07 03:15:00,62.986
QUALITY_001,2026-01-07 03:30:00,32.467
QUALITY_002,2026-01-07 03:30:00,32.462
QUALITY_003,2026-01-07 03:30:00,50.518
QUALITY_004,2026-01-07 03:30:00,51.417
QUALITY_005,2026-01-07 03:30:00,45.704
QUALITY_006,2026-01-07 03:30:00,71.557
QUALITY_007,2026-01-07 03:30:00,72.548
QUALITY_008,2026-01-07 03:30:00,61.016
QUALITY_001,2026-01-07 03:45:00,35.175
QUALITY_002,2026-01-07 03:45:00,31.917
QUALITY_003,2026-01-07 03:45:00,48.967
QUALITY_004,2026-01-07 03:45:00,52.747
QUALITY_005,2026-01-07 03:45:00,46.103
QUALITY_006,2026-01-07 03:45:00,70.483
QUALITY_007,2026-01-07 03:45:00,72.748
QUALITY_008,2026-01-07 03:45:00,60.802
QUALITY_001,2026-01-07 04:00:00,33.321
QUALITY_002,2026-01-07 04:00:00,31.77
QUALITY_003,2026-01-07 04:00:00,47.99
QUALITY_004,2026-01-07 04:00:00,55.897
QUALITY_005,2026-01-07 04:00:00,47.959
QUALITY_006,2026-01-07 04:00:00,67.108
QUALITY_007,2026-01-07 04:00:00,74.849
QUALITY_008,2026-01-07 04:00:00,61.778
QUALITY_001,2026-01-07 04:15:00,35.785
QUALITY_002,2026-01-07 04:15:00,31.267
QUALITY_003,2026-01-07 04:15:00,45.126
QUALITY_004,2026-01-07 04:15:00,56.856
QUALITY_005,2026-01-07 04:15:00,47.766
QUALITY_006,2026-01-07 04:15:00,65.878
QUALITY_007,2026-01-07 04:15:00,75.444
QUALITY_008,2026-01-07 04:15:00,62.968
QUALITY_001,2026-01-07 04:30:00,37.065
QUALITY_002,2026-01-07 04:30:00,31.888
QUALITY_003,2026-01-07 04:30:00,44.11
QUALITY_004,2026-01-07 04:30:00,58.284
QUALITY_005,2026-01-07 04:30:00,46.122
QUALITY_006,2026-01-07 04:30:00,63.658
QUALITY_007,2026-01-07 04:30:00,78.183
QUALITY_008,2026-01-07 04:30:00,63.568
QUALITY_001,2026-01-07 04:45:00,37.745
QUALITY_002,2026-01-07 04:45:00,30.623
QUALITY_003,2026-01-07 04:45:00,43.772
QUALITY_004,2026-01-07 04:45:00,58.355
QUALITY_005,2026-01-07 04:45:00,47.364
QUALITY_006,2026-01-07 04:45:00,60.326
QUALITY_007,2026-01-07 04:45:00,81.59
QUALITY_008,2026-01-07 04:45:00,62.655
QUALITY_001,2026-01-07 05:00:00,39.232
QUALITY_002,2026-01-07 05:00:00,32.049
QUALITY_003,2026-01-07 05:00:00,41.222
QUALITY_004,2026-01-07 05:00:00,62.05
QUALITY_005,2026-01-07 05:00:00,48.074
QUALITY_006,2026-01-07 05:00:00,61.337
QUALITY_007,2026-01-07 05:00:00,82.985
QUALITY_008,2026-01-07 05:00:00,64.059
QUALITY_001,2026-01-07 05:15:00,40.297
QUALITY_002,2026-01-07 05:15:00,33.514
QUALITY_003,2026-01-07 05:15:00,41.867
QUALITY_004,2026-01-07 05:15:00,62.972
QUALITY_005,2026-01-07 05:15:00,49.556
QUALITY_006,2026-01-07 05:15:00,59.513
QUALITY_007,2026-01-07 05:15:00,85.399
QUALITY_008,2026-01-07 05:15:00,64.038
QUALITY_001,2026-01-07 05:30:00,42.021
QUALITY_002,2026-01-07 05:30:00,31.503
QUALITY_003,2026-01-07 05:30:00,41.16
QUALITY_004,2026-01-07 05:30:00,64.536
QUALITY_005,2026-01-07 05:30:00,49.77
QUALITY_006,2026-01-07 05:30:00,57.007
QUALITY_007,2026-01-07 05:30:00,89.026
QUALITY_008,2026-01-07 05:30:00,63.252
QUALITY_001,2026-01-07 05:45:00,41.982
QUALITY_002,2026-01-07 05:45:00,31.827
QUALITY_003,2026-01-07 05:45:00,39.845
QUALITY_004,2026-01-07 05:45:00,68.96
QUALITY_005,2026-01-07 05:45:00,49.852
QUALITY_006,2026-01-07 05:45:00,55.457
QUALITY_007,2026-01-07 05:45:00,93.426
QUALITY_008,2026-01-07 05:45:00,66.546
QUALITY_001,2026-01-07 06:00:00,44.766
QUALITY_002,2026-01-07 06:00:00,33.218
QUALITY_003,2026-01-07 06:00:00,38.271
QUALITY_004,2026-01-07 06:00:00,69.496
QUALITY_005,2026-01-07 06:00:00,48.775
QUALITY_006,2026-01-07 06:00:00,55.783
QUALITY_007,2026-01-07 06:00:00,95.834
QUALITY_008,2026-01-07 06:00:00,66.226
QUALITY_001,2026-01-07 06:15:00,46.936
QUALITY_002,2026-01-07 06:15:00,33.791
QUALITY_003,2026-01-07 06:15:00,38.341
QUALITY_004,2026-01-07 06:15:00,74.385
QUALITY_005,2026-01-07 06:15:00,51.354
QUALITY_006,2026-01-07 06:15:00,53.93
QUALITY_007,2026-01-07 06:15:00,100.33
QUALITY_008,2026-01-07 06:15:00,67.116
QUALITY_001,2026-01-07 06:30:00,49.418
QUALITY_002,2026-01-07 06:30:00,33.087
QUALITY_003,2026-01-07 06:30:00,36.555
QUALITY_004,2026-01-07 06:30:00,77.984
QUALITY_005,2026-01-07 06:30:00,49.775
QUALITY_006,2026-01-07 06:30:00,53.069
QUALITY_007,2026-01-07 06:30:00,105.307
QUALITY_008,2026-01-07 06:30:00,65.744
QUALITY_001,2026-01-07 06:45:00,49.551
QUALITY_002,2026-01-07 06:45:00,33.378
QUALITY_003,2026-01-07 06:45:00,36.437
QUALITY_004,2026-01-07 06:45:00,81.504
QUALITY_005,2026-01-07 06:45:00,49.795
QUALITY_006,2026-01-07 06:45:00,52.609
QUALITY_007,2026-01-07 06:45:00,108.802
QUALITY_008,2026-01-07 06:45:00,66.778
QUALITY_001,2026-01-07 07:00:00,51.633
QUALITY_002,2026-01-07 07:00:00,34.164
QUALITY_003,2026-01-07 07:00:00,36.516
QUALITY_004,2026-01-07 07:00:00,82.998
QUALITY_005,2026-01-07 07:00:00,52.078
QUALITY_006,2026-01-07 07:00:00,53.14
QUALITY_007,2026-01-07 07:00:00,114.502
QUALITY_008,2026-01-07 07:00:00,68.367
QUALITY_001,2026-01-07 07:15:00,56.501
QUALITY_002,2026-01-07 07:15:00,36.335
QUALITY_003,2026-01-07 07:15:00,38.075
QUALITY_004,2026-01-07 07:15:00,86.26
QUALITY_005,2026-01-07 07:15:00,53.407
QUALITY_006,2026-01-07 07:15:00,51.343
QUALITY_007,2026-01-07 07:15:00,119.676
QUALITY_008,2026-01-07 07:15:00,69.515
QUALITY_001,2026-01-07 07:30:00,58.384
QUALITY_002,2026-01-07 07:30:00,35.487
QUALITY_003,2026-01-07 07:30:00,35.533
QUALITY_004,2026-01-07 07:30:00,90.509
QUALITY_005,2026-01-07 07:30:00,54.294
QUALITY_006,2026-01-07 07:30:00,51.84
QUALITY_007,2026-01-07 07:30:00,124.182
QUALITY_008,2026-01-07 07:30:00,70.285
QUALITY_001,2026-01-07 07:45:00,59.449
QUALITY_002,2026-01-07 07:45:00,34.713
QUALITY_003,2026-01-07 07:45:00,36.024
QUALITY_004,2026-01-07 07:45:00,95.082
QUALITY_005,2026-01-07 07:45:00,52.463
QUALITY_006,2026-01-07 07:45:00,52.024
QUALITY_007,2026-01-07 07:45:00,128.217
QUALITY_008,2026-01-07 07:45:00,70.076
QUALITY_001,2026-01-07 08:00:00,62.314
QUALITY_002,2026-01-07 08:00:00,36.664
QUALITY_003,2026-01-07 08:00:00,37.301
QUALITY_004,2026-01-07 08:00:00,97.789
QUALITY_005,2026-01-07 08:00:00,53.092
QUALITY_006,2026-01-07 08:00:00,50.487
QUALITY_007,2026-01-07 08:00:00,132.205
QUALITY_008,2026-01-07 08:00:00,70.84
QUALITY_001,2026-01-07 08:15:00,63.521
QUALITY_002,2026-01-07 08:15:00,35.867
QUALITY_003,2026-01-07 08:15:00,36.145
QUALITY_004,2026-01-07 08:15:00,99.001
QUALITY_005,2026-01-07 08:15:00,55.632
QUALITY_006,2026-01-07 08:15:00,50.358
QUALITY_007,2026-01-07 08:15:00,135.163
QUALITY_008,2026-01-07 08:15:00,74.336
QUALITY_001,2026-01-07 08:30:00,63.312
QUALITY_002,2026-01-07 08:30:00,38.75
QUALITY_003,2026-01-07 08:30:00,37.044
QUALITY_004,2026-01-07 08:30:00,101.179
QUALITY_005,2026-01-07 08:30:00,56.349
QUALITY_006,2026-01-07 08:30:00,52.719
QUALITY_007,2026-01-07 08:30:00,139.256
QUALITY_008,2026-01-07 08:30:00,74.152
QUALITY_001,2026-01-07 08:45:00,64.882
QUALITY_002,2026-01-07 08:45:00,37.949
QUALITY_003,2026-01-07 08:45:00,36.672
QUALITY_004,2026-01-07 08:45:00,102.99
QUALITY_005,2026-01-07 08:45:00,56.619
QUALITY_006,2026-01-07 08:45:00,51.831
QUALITY_007,2026-01-07 08:45:00,140.39
QUALITY_008,2026-01-07 08:45:00,75.772
QUALITY_001,2026-01-07 09:00:00,65.949
QUALITY_002,2026-01-07 09:00:00,37.734
QUALITY_003,2026-01-07 09:00:00,37.671
QUALITY_004,2026-01-07 09:00:00,103.055
QUALITY_005,2026-01-07 09:00:00,56.052
QUALITY_006,2026-01-07 09:00:00,51.004
QUALITY_007,2026-01-07 09:00:00,141.006
QUALITY_008,2026-01-07 09:00:00,74.82
QUALITY_001,2026-01-07 09:15:00,66.296
QUALITY_002,2026-01-07 09:15:00,39.294
QUALITY_003,2026-01-07 09:15:00,36.558
QUALITY_004,2026-01-07 09:15:00,102.065
QUALITY_005,2026-01-07 09:15:00,58.877
QUALITY_007,2026-01-07 09:15:00,140.888
QUALITY_008,2026-01-07 09:15:00,77.158
QUALITY_001,2026-01-07 09:30:00,65.386
QUALITY_002,2026-01-07 09:30:00,40.288
QUALITY_003,2026-01-07 09:30:00,38.208
QUALITY_004,2026-01-07 09:30:00,103.751
QUALITY_005,2026-01-07 09:30:00,59.778
QUALITY_006,2026-01-07 09:30:00,53.223
QUALITY_007,2026-01-07 09:30:00,139.365
QUALITY_008,2026-01-07 09:30:00,79.891
QUALITY_001,2026-01-07 09:45:00,64.05
QUALITY_002,2026-01-07 09:45:00,40.215
QUALITY_003,2026-01-07 09:45:00,37.863
QUALITY_004,2026-01-07 09:45:00,100.437
QUALITY_005,2026-01-07 09:45:00,59.685
QUALITY_006,2026-01-07 09:45:00,53.698
QUALITY_007,2026-01-07 09:45:00,137.888
QUALITY_008,2026-01-07 09:45:00,80.136
QUALITY_001,2026-01-07 10:00:00,64.521
QUALITY_002,2026-01-07 10:00:00,41.916
QUALITY_003,2026-01-07 10:00:00,38.649
QUALITY_004,2026-01-07 10:00:00,100.674
QUALITY_005,2026-01-07 10:00:00,60.678
QUALITY_006,2026-01-07 10:00:00,51.821
QUALITY_007,2026-01-07 10:00:00,135.861
QUALITY_008,2026-01-07 10:00:00,82.64
QUALITY_001,2026-01-07 10:15:00,61.018
QUALITY_002,2026-01-07 10:15:00,41.073
QUALITY_003,2026-01-07 10:15:00,38.331
QUALITY_004,2026-01-07 10:15:00,99.254
QUALITY_005,2026-01-07 10:15:00,61.609
QUALITY_006,2026-01-07 10:15:00,52.94
QUALITY_007,2026-01-07 10:15:00,135.643
QUALITY_008,2026-01-07 10:15:00,83.595
QUALITY_001,2026-01-07 10:30:00,61.448
QUALITY_002,2026-01-07 10:30:00,44.201
QUALITY_003,2026-01-07 10:30:00,37.152
QUALITY_004,2026-01-07 10:30:00,96.007
QUALITY_005,2026-01-07 10:30:00,64.278
QUALITY_006,2026-01-07 10:30:00,54.199
QUALITY_007,2026-01-07 10:30:00,133.045
QUALITY_008,2026-01-07 10:30:00,85.948
QUALITY_001,2026-01-07 10:45:00,58.728
QUALITY_002,2026-01-07 10:45:00,45.33
QUALITY_003,2026-01-07 10:45:00,39.662
QUALITY_004,2026-01-07 10:45:00,94.878
QUALITY_005,2026-01-07 10:45:00,66.415
QUALITY_006,2026-01-07 10:45:00,54.191
QUALITY_007,2026-01-07 10:45:00,129.824
QUALITY_008,2026-01-07 10:45:00,88.759
QUALITY_001,2026-01-07 11:00:00,58.181
QUALITY_002,2026-01-07 11:00:00,46.871
QUALITY_003,2026-01-07 11:00:00,40.088
QUALITY_004,2026-01-07 11:00:00,91.629
QUALITY_005,2026-01-07 11:00:00,67.072
QUALITY_006,2026-01-07 11:00:00,54.13
QUALITY_007,2026-01-07 11:00:00,124.387
QUALITY_008,2026-01-07 11:00:00,90.374
QUALITY_001,2026-01-07 11:15:00,55.901
QUALITY_002,2026-01-07 11:15:00,47.657
QUALITY_003,2026-01-07 11:15:00,38.43
QUALITY_004,2026-01-07 11:15:00,88.895
QUALITY_005,2026-01-07 11:15:00,69.385
QUALITY_006,2026-01-07 11:15:00,55.674
QUALITY_007,2026-01-07 11:15:00,121.532
QUALITY_008,2026-01-07 11:15:00,94.746
QUALITY_001,2026-01-07 11:30:00,54.897
QUALITY_002,2026-01-07 11:30:00,48.337
QUALITY_003,2026-01-07 11:30:00,38.52
QUALITY_004,2026-01-07 11:30:00,87.783
QUALITY_005,2026-01-07 11:30:00,72.233
QUALITY_006,2026-01-07 11:30:00,55.908
QUALITY_007,2026-01-07 11:30:00,118.545
QUALITY_008,2026-01-07 11:30:00,97.742
QUALITY_001,2026-01-07 11:45:00,54.599
QUALITY_002,2026-01-07 11:45:00,52.343
QUALITY_003,2026-01-07 11:45:00,40.868
QUALITY_004,2026-01-07 11:45:00,86.235
QUALITY_005,2026-01-07 11:45:00,76.409
QUALITY_006,2026-01-07 11:45:00,56.232
QUALITY_007,2026-01-07 11:45:00,117.239
QUALITY_008,2026-01-07 11:45:00,101.963
QUALITY_001,2026-01-07 12:00:00,54.372
QUALITY_003,2026-01-07 12:00:00,39.52
QUALITY_004,2026-01-07 12:00:00,83.047
QUALITY_005,2026-01-07 12:00:00,80.187
QUALITY_006,2026-01-07 12:00:00,56.04
QUALITY_007,2026-01-07 12:00:00,114.295
QUALITY_008,2026-01-07 12:00:00,103.982
QUALITY_001,2026-01-07 12:15:00,51.648
QUALITY_002,2026-01-07 12:15:00,56.779
QUALITY_003,2026-01-07 12:15:00,41.546
QUALITY_004,2026-01-07 12:15:00,82.204
QUALITY_005,2026-01-07 12:15:00,82.956
QUALITY_006,2026-01-07 12:15:00,58.92
QUALITY_007,2026-01-07 12:15:00,112.807
QUALITY_008,2026-01-07 12:15:00,111.177
QUALITY_001,2026-01-07 12:30:00,52.228
QUALITY_002,2026-01-07 12:30:00,59.278
QUALITY_003,2026-01-07 12:30:00,40.105
QUALITY_004,2026-01-07 12:30:00,81.043
QUALITY_005,2026-01-07 12:30:00,86.452
QUALITY_006,2026-01-07 12:30:00,58.826
QUALITY_007,2026-01-07 12:30:00,112.572
QUALITY_008,2026-01-07 12:30:00,115.775
QUALITY_001,2026-01-07 12:45:00,49.831
QUALITY_002,2026-01-07 12:45:00,60.063
QUALITY_003,2026-01-07 12:45:00,42.253
QUALITY_004,2026-01-07 12:45:00,79.426
QUALITY_005,2026-01-07 12:45:00,91.544
QUALITY_006,2026-01-07 12:45:00,58.312
QUALITY_007,2026-01-07 12:45:00,110.076
QUALITY_008,2026-01-07 12:45:00,120.474
QUALITY_001,2026-01-07 13:00:00,50.413
QUALITY_002,2026-01-07 13:00:00,63.455
QUALITY_003,2026-01-07 13:00:00,42.804
QUALITY_004,2026-01-07 13:00:00,79.601
QUALITY_005,2026-01-07 13:00:00,92.841
QUALITY_006,2026-01-07 13:00:00,60.849
QUALITY_007,2026-01-07 13:00:00,107.064
QUALITY_008,2026-01-07 13:00:00,125.25
QUALITY_001,2026-01-07 13:15:00,48.011
QUALITY_002,2026-01-07 13:15:00,66.038
QUALITY_003,2026-01-07 13:15:00,42.993
QUALITY_004,2026-01-07 13:15:00,78.298
QUALITY_005,2026-01-07 13:15:00,98.687
QUALITY_006,2026-01-07 13:15:00,59.903
QUALITY_007,2026-01-07 13:15:00,105.914
QUALITY_008,2026-01-07 13:15:00,129.083
QUALITY_001,2026-01-07 13:30:00,48.699
QUALITY_002,2026-01-07 13:30:00,68.391
QUALITY_003,2026-01-07 13:30:00,43.8
QUALITY_004,2026-01-07 13:30:00,78.241
QUALITY_005,2026-01-07 13:30:00,101.106
QUALITY_006,2026-01-07 13:30:00,60.614
QUALITY_007,2026-01-07 13:30:00,106.478
QUALITY_008,2026-01-07 13:30:00,133.823
QUALITY_001,2026-01-07 13:45:00,47.035
QUALITY_002,2026-01-07 13:45:00,69.575
QUALITY_003,2026-01-07 13:45:00,44.5
QUALITY_004,2026-01-07 13:45:00,75.445
QUALITY_005,2026-01-07 13:45:00,105.789
QUALITY_006,2026-01-07 13:45:00,61.493
QUALITY_007,2026-01-07 13:45:00,103.752
QUALITY_008,2026-01-07 13:45:00,138.632
QUALITY_001,2026-01-07 14:00:00,48.245
QUALITY_002,2026-01-07 14:00:00,73.926
QUALITY_003,2026-01-07 14:00:00,43.98
QUALITY_004,2026-01-07 14:00:00,74.341
QUALITY_005,2026-01-07 14:00:00,108.542
QUALITY_006,2026-01-07 14:00:00,62.055
QUALITY_007,2026-01-07 14:00:00,103.893
QUALITY_008,2026-01-07 14:00:00,143.369
QUALITY_001,2026-01-07 14:15:00,45.614
QUALITY_002,2026-01-07 14:15:00,74.097
QUALITY_003,2026-01-07 14:15:00,46.151
QUALITY_004,2026-01-07 14:15:00,72.339
QUALITY_005,2026-01-07 14:15:00,112.291
QUALITY_006,2026-01-07 14:15:00,64.951
QUALITY_007,2026-01-07 14:15:00,100.855
QUALITY_008,2026-01-07 14:15:00,147.694
QUALITY_001,2026-01-07 14:30:00,46.782
QUALITY_002,2026-01-07 14:30:00,77.185
QUALITY_003,2026-01-07 14:30:00,44.26
QUALITY_004,2026-01-07 14:30:00,71.771
QUALITY_005,2026-01-07 14:30:00,112.336
QUALITY_006,2026-01-07 14:30:00,63.424
QUALITY_007,2026-01-07 14:30:00,99.533
QUALITY_008,2026-01-07 14:30:00,150.962
QUALITY_001,2026-01-07 14:45:00,44.397
QUALITY_002,2026-01-07 14:45:00,78.247
QUALITY_003,2026-01-07 14:45:00,47.393
QUALITY_004,2026-01-07 14:45:00,69.749
QUALITY_005,2026-01-07 14:45:00,115.698
QUALITY_006,2026-01-07 14:45:00,66.626
QUALITY_007,2026-01-07 14:45:00,98.247
QUALITY_008,2026-01-07 14:45:00,152.1
QUALITY_001,2026-01-07 15:00:00,44.398
QUALITY_002,2026-01-07 15:00:00,76.741
QUALITY_003,2026-01-07 15:00:00,45.606
QUALITY_004,2026-01-07 15:00:00,69.548
QUALITY_005,2026-01-07 15:00:00,114.785
QUALITY_006,2026-01-07 15:00:00,66.173
QUALITY_007,2026-01-07 15:00:00,93.609
QUALITY_008,2026-01-07 15:00:00,152.089
QUALITY_001,2026-01-07 15:15:00,42.792
QUALITY_002,2026-01-07 15:15:00,77.122
QUALITY_003,2026-01-07 15:15:00,47.52
QUALITY_004,2026-01-07 15:15:00,68.467
QUALITY_005,2026-01-07 15:15:00,115.472
QUALITY_006,2026-01-07 15:15:00,68.393
QUALITY_007,2026-01-07 15:15:00,91.673
QUALITY_008,2026-01-07 15:15:00,154.879
QUALITY_001,2026-01-07 15:30:00,40.863
QUALITY_002,2026-01-07 15:30:00,76.349
QUALITY_003,2026-01-07 15:30:00,47.133
QUALITY_004,2026-01-07 15:30:00,66.037
QUALITY_005,2026-01-07 15:30:00,115.115
QUALITY_006,2026-01-07 15:30:00,69.375
QUALITY_007,2026-01-07 15:30:00,90.659
QUALITY_008,2026-01-07 15:30:00,152.566
QUALITY_001,2026-01-07 15:45:00,39.86
QUALITY_002,2026-01-07 15:45:00,75.377
QUALITY_003,2026-01-07 15:45:00,49.482
QUALITY_004,2026-01-07 15:45:00,62.735
QUALITY_005,2026-01-07 15:45:00,113.62
QUALITY_006,2026-01-07 15:45:00,69.427
QUALITY_007,2026-01-07 15:45:00,88.65
QUALITY_008,2026-01-07 15:45:00,152.035
QUALITY_001,2026-01-07 16:00:00,40.321
QUALITY_002,2026-01-07 16:00:00,74.325
QUALITY_003,2026-01-07 16:00:00,50.248
QUALITY_004,2026-01-07 16:00:00,60.97
QUALITY_005,2026-01-07 16:00:00,111.265
QUALITY_006,2026-01-07 16:00:00,71.972
QUALITY_007,2026-01-07 16:00:00,84.171
QUALITY_008,2026-01-07 16:00:00,148.179
QUALITY_001,2026-01-07 16:15:00,39.137
QUALITY_002,2026-01-07 16:15:00,74.636
QUALITY_003,2026-01-07 16:15:00,52.748
QUALITY_004,2026-01-07 16:15:00,59.022
QUALITY_005,2026-01-07 16:15:00,110.044
QUALITY_006,2026-01-07 16:15:00,73.183
QUALITY_007,2026-01-07 16:15:00,81.955
QUALITY_008,2026-01-07 16:15:00,147.179
QUALITY_001,2026-01-07 16:30:00,37.814
QUALITY_002,2026-01-07 16:30:00,73.315
QUALITY_003,2026-01-07 16:30:00,53.339
QUALITY_004,2026-01-07 16:30:00,57.985
QUALITY_005,2026-01-07 16:30:00,109.388
QUALITY_006,2026-01-07 16:30:00,76.047
QUALITY_007,2026-01-07 16:30:00,77.954
QUALITY_008,2026-01-07 16:30:00,144.646
QUALITY_001,2026-01-07 16:45:00,36.52
QUALITY_002,2026-01-07 16:45:00,70.886
QUALITY_003,2026-01-07 16:45:00,54.303
QUALITY_004,2026-01-07 16:45:00,56.92
QUALITY_005,2026-01-07 16:45:00,104.835
QUALITY_006,2026-01-07 16:45:00,78.047
QUALITY_007,2026-01-07 16:45:00,75.679
QUALITY_008,2026-01-07 16:45:00,140.82
QUALITY_001,2026-01-07 17:00:00,33.426
QUALITY_002,2026-01-07 17:00:00,70.707
QUALITY_003,2026-01-07 17:00:00,58.399
QUALITY_004,2026-01-07 17:00:00,54.554
QUALITY_005,2026-01-07 17:00:00,104.458
QUALITY_006,2026-01-07 17:00:00,82.461
QUALITY_007,2026-01-07 17:00:00,72.958
QUALITY_008,2026-01-07 17:00:00,137.594
QUALITY_001,2026-01-07 17:15:00,32.519
QUALITY_002,2026-01-07 17:15:00,68.037
QUALITY_003,2026-01-07 17:15:00,60.897
QUALITY_004,2026-01-07 17:15:00,52.07
QUALITY_005,2026-01-07 17:15:00,100.434
QUALITY_006,2026-01-07 17:15:00,83.814
QUALITY_007,2026-01-07 17:15:00,70.564
QUALITY_008,2026-01-07 17:15:00,134.715
QUALITY_001,2026-01-07 17:30:00,31.048
QUALITY_002,2026-01-07 17:30:00,66.521
QUALITY_003,2026-01-07 17:30:00,61.823
QUALITY_004,2026-01-07 17:30:00,50.959
QUALITY_005,2026-01-07 17:30:00,97.806
QUALITY_006,2026-01-07 17:30:00,90.084
QUALITY_007,2026-01-07 17:30:00,69.639
QUALITY_008,2026-01-07 17:30:00,131.911
QUALITY_001,2026-01-07 17:45:00,31.794
QUALITY_002,2026-01-07 17:45:00,64.911
QUALITY_003,2026-01-07 17:45:00,66.036
QUALITY_004,2026-01-07 17:45:00,49.807
QUALITY_005,2026-01-07 17:45:00,96.768
QUALITY_006,2026-01-07 17:45:00,94.143
QUALITY_007,2026-01-07 17:45:00,66.743
QUALITY_008,2026-01-07 17:45:00,127.569
QUALITY_001,2026-01-07 18:00:00,31.091
QUALITY_002,2026-01-07 18:00:00,62.56
QUALITY_003,2026-01-07 18:00:00,68.38
QUALITY_004,2026-01-07 18:00:00,48.616
QUALITY_005,2026-01-07 18:00:00,94.835
QUALITY_006,2026-01-07 18:00:00,98.349
QUALITY_007,2026-01-07 18:00:00,65.136
QUALITY_008,2026-01-07 18:00:00,125.995
QUALITY_001,2026-01-07 18:15:00,28.971
QUALITY_002,2026-01-07 18:15:00,61.887
QUALITY_003,2026-01-07 18:15:00,72.625
QUALITY_004,2026-01-07 18:15:00,46.05
QUALITY_005,2026-01-07 18:15:00,92.242
QUALITY_006,2026-01-07 18:15:00,103.194
QUALITY_007,2026-01-07 18:15:00,65.279
QUALITY_008,2026-01-07 18:15:00,123.896
QUALITY_001,2026-01-07 18:30:00,30.207
QUALITY_002,2026-01-07 18:30:00,61.595
QUALITY_003,2026-01-07 18:30:00,76.494
QUALITY_003,2026-01-07 18:30:00,78.994
QUALITY_004,2026-01-07 18:30:00,45.995
QUALITY_006,2026-01-07 18:30:00,107.569
QUALITY_007,2026-01-07 18:30:00,62.032
QUALITY_008,2026-01-07 18:30:00,122.347
QUALITY_001,2026-01-07 18:45:00,28.057
QUALITY_002,2026-01-07 18:45:00,59.063
QUALITY_003,2026-01-07 18:45:00,79.547
QUALITY_004,2026-01-07 18:45:00,44.398
QUALITY_005,2026-01-07 18:45:00,88.797
QUALITY_006,2026-01-07 18:45:00,113.935
QUALITY_007,2026-01-07 18:45:00,61.9
QUALITY_008,2026-01-07 18:45:00,118.757
QUALITY_001,2026-01-07 19:00:00,28.998
QUALITY_002,2026-01-07 19:00:00,59.473
QUALITY_003,2026-01-07 19:00:00,83.873
QUALITY_004,2026-01-07 19:00:00,45.095
QUALITY_005,2026-01-07 19:00:00,88.119
QUALITY_006,2026-01-07 19:00:00,116.21
QUALITY_007,2026-01-07 19:00:00,61.205
QUALITY_008,2026-01-07 19:00:00,118.556
QUALITY_001,2026-01-07 19:15:00,26.651
QUALITY_002,2026-01-07 19:15:00,57.969
QUALITY_003,2026-01-07 19:15:00,86.258
QUALITY_004,2026-01-07 19:15:00,43.104
QUALITY_005,2026-01-07 19:15:00,88.303
QUALITY_006,2026-01-07 19:15:00,122.004
QUALITY_007,2026-01-07 19:15:00,59.273
QUALITY_008,2026-01-07 19:15:00,116.933
QUALITY_001,2026-01-07 19:30:00,27.205
QUALITY_002,2026-01-07 19:30:00,56.925
QUALITY_003,2026-01-07 19:30:00,86.34
QUALITY_004,2026-01-07 19:30:00,43.986
QUALITY_005,2026-01-07 19:30:00,87.824
QUALITY_006,2026-01-07 19:30:00,123.593
QUALITY_007,2026-01-07 19:30:00,58.794
QUALITY_008,2026-01-07 19:30:00,113.555
QUALITY_001,2026-01-07 19:45:00,26.156
QUALITY_002,2026-01-07 19:45:00,57.208
QUALITY_003,2026-01-07 19:45:00,87.993
QUALITY_004,2026-01-07 19:45:00,42.585
QUALITY_005,2026-01-07 19:45:00,85.741
QUALITY_006,2026-01-07 19:45:00,125.813
QUALITY_006,2026-01-07 19:45:00,128.313
QUALITY_007,2026-01-07 19:45:00,57.161
QUALITY_008,2026-01-07 19:45:00,113.606
QUALITY_001,2026-01-07 20:00:00,26.675
QUALITY_002,2026-01-07 20:00:00,56.512
QUALITY_003,2026-01-07 20:00:00,90.069
QUALITY_004,2026-01-07 20:00:00,43.402
QUALITY_005,2026-01-07 20:00:00,85.147
QUALITY_006,2026-01-07 20:00:00,126.665
QUALITY_007,2026-01-07 20:00:00,58.229
QUALITY_008,2026-01-07 20:00:00,110.426
QUALITY_001,2026-01-07 20:15:00,25.135
QUALITY_002,2026-01-07 20:15:00,57.013
QUALITY_003,2026-01-07 20:15:00,88.284
QUALITY_004,2026-01-07 20:15:00,41.32
QUALITY_005,2026-01-07 20:15:00,83.37
QUALITY_006,2026-01-07 20:15:00,126.281
QUALITY_007,2026-01-07 20:15:00,56.71
QUALITY_008,2026-01-07 20:15:00,111.291
QUALITY_001,2026-01-07 20:30:00,26.238
QUALITY_002,2026-01-07 20:30:00,53.691
QUALITY_003,2026-01-07 20:30:00,88.297
QUALITY_004,2026-01-07 20:30:00,40.684
QUALITY_005,2026-01-07 20:30:00,82.193
QUALITY_006,2026-01-07 20:30:00,124.874
QUALITY_007,2026-01-07 20:30:00,57.441
QUALITY_008,2026-01-07 20:30:00,107.808
QUALITY_001,2026-01-07 20:45:00,27.621
QUALITY_002,2026-01-07 20:45:00,53.46
QUALITY_003,2026-01-07 20:45:00,84.611
QUALITY_004,2026-01-07 20:45:00,40.411
QUALITY_005,2026-01-07 20:45:00,79.658
QUALITY_006,2026-01-07 20:45:00,121.443
QUALITY_007,2026-01-07 20:45:00,56.903
QUALITY_008,2026-01-07 20:45:00,106.806
QUALITY_001,2026-01-07 21:00:00,26.84
QUALITY_002,2026-01-07 21:00:00,52.159
QUALITY_003,2026-01-07 21:00:00,83.691
QUALITY_004,2026-01-07 21:00:00,40.882
QUALITY_005,2026-01-07 21:00:00,76.404
QUALITY_006,2026-01-07 21:00:00,117.717
QUALITY_007,2026-01-07 21:00:00,58.265
QUALITY_008,2026-01-07 21:00:00,104.627
QUALITY_002,2026-01-07 21:15:00,51.885
QUALITY_003,2026-01-07 21:15:00,78.52
QUALITY_004,2026-01-07 21:15:00,41.339
QUALITY_005,2026-01-07 21:15:00,74.853
QUALITY_006,2026-01-07 21:15:00,112.018
QUALITY_007,2026-01-07 21:15:00,57.731
QUALITY_008,2026-01-07 21:15:00,100.887
QUALITY_001,2026-01-07 21:30:00,25.07
QUALITY_002,2026-01-07 21:30:00,49.129
QUALITY_003,2026-01-07 21:30:00,76.187
QUALITY_004,2026-01-07 21:30:00,41.276
QUALITY_005,2026-01-07 21:30:00,75.057
QUALITY_006,2026-01-07 21:30:00,108.424
QUALITY_007,2026-01-07 21:30:00,56.478
QUALITY_008,2026-01-07 21:30:00,99.127
QUALITY_001,2026-01-07 21:45:00,25.218
QUALITY_002,2026-01-07 21:45:00,47.141
QUALITY_003,2026-01-07 21:45:00,72.535
QUALITY_004,2026-01-07 21:45:00,42.383
QUALITY_005,2026-01-07 21:45:00,72.362
QUALITY_006,2026-01-07 21:45:00,104.039
QUALITY_007,2026-01-07 21:45:00,57.102
QUALITY_008,2026-01-07 21:45:00,96.449
QUALITY_001,2026-01-07 22:00:00,27.092
QUALITY_002,2026-01-07 22:00:00,45.254
QUALITY_003,2026-01-07 22:00:00,67.761
QUALITY_004,2026-01-07 22:00:00,42.294
QUALITY_005,2026-01-07 22:00:00,68.509
QUALITY_006,2026-01-07 22:00:00,96.576
QUALITY_007,2026-01-07 22:00:00,56.823
QUALITY_008,2026-01-07 22:00:00,91.941
QUALITY_001,2026-01-07 22:15:00,27.306
QUALITY_002,2026-01-07 22:15:00,45.597
QUALITY_003,2026-01-07 22:15:00,66.857
QUALITY_004,2026-01-07 22:15:00,41.222
QUALITY_005,2026-01-07 22:15:00,66.342
QUALITY_006,2026-01-07 22:15:00,94.504
QUALITY_007,2026-01-07 22:15:00,57.527
QUALITY_008,2026-01-07 22:15:00,90.217
QUALITY_001,2026-01-07 22:30:00,25.957
QUALITY_002,2026-01-07 22:30:00,43.288
QUALITY_003,2026-01-07 22:30:00,61.117
QUALITY_004,2026-01-07 22:30:00,41.999
QUALITY_005,2026-01-07 22:30:00,63.946
QUALITY_006,2026-01-07 22:30:00,88.222
QUALITY_007,2026-01-07 22:30:00,57.131
QUALITY_008,2026-01-07 22:30:00,85.093
QUALITY_001,2026-01-07 22:45:00,26.536
QUALITY_002,2026-01-07 22:45:00,42.956
QUALITY_003,2026-01-07 22:45:00,60.834
QUALITY_004,2026-01-07 22:45:00,41.613
QUALITY_005,2026-01-07 22:45:00,64.158
QUALITY_006,2026-01-07 22:45:00,85.978
QUALITY_007,2026-01-07 22:45:00,57.671
QUALITY_008,2026-01-07 22:45:00,84.196
QUALITY_001,2026-01-07 23:00:00,27.098
QUALITY_002,2026-01-07 23:00:00,40.569
QUALITY_003,2026-01-07 23:00:00,57.718
QUALITY_004,2026-01-07 23:00:00,41.849
QUALITY_005,2026-01-07 23:00:00,60.03
QUALITY_006,2026-01-07 23:00:00,79.988
QUALITY_007,2026-01-07 23:00:00,57.138
QUALITY_008,2026-01-07 23:00:00,80.075
QUALITY_001,2026-01-07 23:15:00,26.035
QUALITY_002,2026-01-07 23:15:00,39.09
QUALITY_003,2026-01-07 23:15:00,56.165
QUALITY_004,2026-01-07 23:15:00,42.832
QUALITY_005,2026-01-07 23:15:00,59.969
QUALITY_006,2026-01-07 23:15:00,78.054
QUALITY_007,2026-01-07 23:15:00,60.076
QUALITY_008,2026-01-07 23:15:00,77.261
QUALITY_001,2026-01-07 23:30:00,27.879
QUALITY_002,2026-01-07 23:30:00,39.777
QUALITY_003,2026-01-07 23:30:00,52.011
QUALITY_004,2026-01-07 23:30:00,42.728
QUALITY_005,2026-01-07 23:30:00,58.011
QUALITY_006,2026-01-07 23:30:00,76.631
QUALITY_007,2026-01-07 23:30:00,58.702
QUALITY_008,2026-01-07 23:30:00,74.714
QUALITY_001,2026-01-07 23:45:00,27.951
QUALITY_002,2026-01-07 23:45:00,36.442
QUALITY_003,2026-01-07 23:45:00,50.459
QUALITY_004,2026-01-07 23:45:00,44.089
QUALITY_005,2026-01-07 23:45:00,55.719
QUALITY_006,2026-01-07 23:45:00,73.219
QUALITY_007,2026-01-07 23:45:00,60.6
QUALITY_008,2026-01-07 23:45:00,74.353
QUALITY_001,2026-01-08 00:00:00,27.639
QUALITY_002,2026-01-08 00:00:00,33.671
QUALITY_003,2026-01-08 00:00:00,63.674
QUALITY_004,2026-01-08 00:00:00,43.726
QUALITY_005,2026-01-08 00:00:00,50.919
QUALITY_006,2026-01-08 00:00:00,91.564
QUALITY_007,2026-01-08 00:00:00,61.31
QUALITY_001,2026-01-08 00:15:00,27.673
QUALITY_002,2026-01-08 00:15:00,32.112
QUALITY_003,2026-01-08 00:15:00,65.854
QUALITY_004,2026-01-08 00:15:00,45.741
QUALITY_005,2026-01-08 00:15:00,49.991
QUALITY_006,2026-01-08 00:15:00,91.368
QUALITY_007,2026-01-08 00:15:00,60.404
QUALITY_008,2026-01-08 00:15:00,64.108
QUALITY_001,2026-01-08 00:30:00,28.682
QUALITY_002,2026-01-08 00:30:00,33.982
QUALITY_003,2026-01-08 00:30:00,64.278
QUALITY_004,2026-01-08 00:30:00,44.015
QUALITY_005,2026-01-08 00:30:00,47.455
QUALITY_006,2026-01-08 00:30:00,92.587
QUALITY_007,2026-01-08 00:30:00,61.347
QUALITY_008,2026-01-08 00:30:00,63.461
QUALITY_001,2026-01-08 00:45:00,29.036
QUALITY_002,2026-01-08 00:45:00,33.377
QUALITY_003,2026-01-08 00:45:00,65.223
QUALITY_004,2026-01-08 00:45:00,44.705
QUALITY_005,2026-01-08 00:45:00,47.406
QUALITY_006,2026-01-08 00:45:00,90.999
QUALITY_007,2026-01-08 00:45:00,61.43
QUALITY_008,2026-01-08 00:45:00,64.305
QUALITY_001,2026-01-08 01:00:00,28.343
QUALITY_002,2026-01-08 01:00:00,32.439
QUALITY_003,2026-01-08 01:00:00,65.472
QUALITY_004,2026-01-08 01:00:00,46.671
QUALITY_005,2026-01-08 01:00:00,46.829
QUALITY_006,2026-01-08 01:00:00,89.946
QUALITY_007,2026-01-08 01:00:00,61.907
QUALITY_008,2026-01-08 01:00:00,64.106
QUALITY_001,2026-01-08 01:15:00,30.411
QUALITY_002,2026-01-08 01:15:00,32.049
QUALITY_003,2026-01-08 01:15:00,62.499
QUALITY_004,2026-01-08 01:15:00,47.371
QUALITY_005,2026-01-08 01:15:00,47.773
QUALITY_006,2026-01-08 01:15:00,90.429
QUALITY_007,2026-01-08 01:15:00,62.92
QUALITY_008,2026-01-08 01:15:00,62.617
QUALITY_001,2026-01-08 01:30:00,28.615
QUALITY_002,2026-01-08 01:30:00,30.883
QUALITY_003,2026-01-08 01:30:00,62.965
QUALITY_004,2026-01-08 01:30:00,46.216
QUALITY_005,2026-01-08 01:30:00,46.51
QUALITY_006,2026-01-08 01:30:00,88.915
QUALITY_007,2026-01-08 01:30:00,65.84
QUALITY_008,2026-01-08 01:30:00,63.485
QUALITY_001,2026-01-08 01:45:00,29.007
QUALITY_002,2026-01-08 01:45:00,30.306
QUALITY_003,2026-01-08 01:45:00,62.373
QUALITY_004,2026-01-08 01:45:00,48.168
QUALITY_005,2026-01-08 01:45:00,47.503
QUALITY_006,2026-01-08 01:45:00,88.164
QUALITY_007,2026-01-08 01:45:00,64.582
QUALITY_008,2026-01-08 01:45:00,63.547
QUALITY_001,2026-01-08 02:00:00,30.443
QUALITY_002,2026-01-08 02:00:00,31.767
QUALITY_003,2026-01-08 02:00:00,59.55
QUALITY_004,2026-01-08 02:00:00,48.351
QUALITY_005,2026-01-08 02:00:00,47.211
QUALITY_006,2026-01-08 02:00:00,85.175
QUALITY_007,2026-01-08 02:00:00,66.032
QUALITY_008,2026-01-08 02:00:00,61.955
QUALITY_001,2026-01-08 02:15:00,30.844
QUALITY_002,2026-01-08 02:15:00,31.273
QUALITY_003,2026-01-08 02:15:00,58.962
QUALITY_004,2026-01-08 02:15:00,50.155
QUALITY_005,2026-01-08 02:15:00,47.829
QUALITY_006,2026-01-08 02:15:00,82.934
QUALITY_007,2026-01-08 02:15:00,66.936
QUALITY_008,2026-01-08 02:15:00,62.057
QUALITY_001,2026-01-08 02:30:00,30.186
QUALITY_002,2026-01-08 02:30:00,30.913
QUALITY_003,2026-01-08 02:30:00,57.739
QUALITY_004,2026-01-08 02:30:00,50.225
QUALITY_005,2026-01-08 02:30:00,46.935
QUALITY_006,2026-01-08 02:30:00,81.309
QUALITY_007,2026-01-08 02:30:00,68.738
QUALITY_008,2026-01-08 02:30:00,61.554
QUALITY_001,2026-01-08 02:45:00,32.076
QUALITY_002,2026-01-08 02:45:00,32.569
QUALITY_003,2026-01-08 02:45:00,57.227
QUALITY_005,2026-01-08 02:45:00,46.756
QUALITY_006,2026-01-08 02:45:00,80.322
QUALITY_007,2026-01-08 02:45:00,69.899
QUALITY_008,2026-01-08 02:45:00,63.08
QUALITY_001,2026-01-08 03:00:00,31.446
QUALITY_002,2026-01-08 03:00:00,31.756
QUALITY_003,2026-01-08 03:00:00,53.503
QUALITY_004,2026-01-08 03:00:00,49.904
QUALITY_005,2026-01-08 03:00:00,45.997
QUALITY_006,2026-01-08 03:00:00,78.189
QUALITY_007,2026-01-08 03:00:00,69.239
QUALITY_008,2026-01-08 03:00:00,60.683
QUALITY_001,2026-01-08 03:15:00,31.903
QUALITY_002,2026-01-08 03:15:00,30.055
QUALITY_003,2026-01-08 03:15:00,53.533
QUALITY_004,2026-01-08 03:15:00,52.593
QUALITY_005,2026-01-08 03:15:00,46.521
QUALITY_006,2026-01-08 03:15:00,75.51
QUALITY_007,2026-01-08 03:15:00,69.975
QUALITY_008,2026-01-08 03:15:00,61.012
QUALITY_001,2026-01-08 03:30:00,33.82
QUALITY_002,2026-01-08 03:30:00,30.449
QUALITY_003,2026-01-08 03:30:00,51.337
QUALITY_004,2026-01-08 03:30:00,51.769
QUALITY_005,2026-01-08 03:30:00,46.853
QUALITY_006,2026-01-08 03:30:00,73.006
QUALITY_007,2026-01-08 03:30:00,72.273
QUALITY_008,2026-01-08 03:30:00,61.104
QUALITY_001,2026-01-08 03:45:00,33.719
QUALITY_002,2026-01-08 03:45:00,31.441
QUALITY_003,2026-01-08 03:45:00,49.697
QUALITY_004,2026-01-08 03:45:00,52.519
QUALITY_005,2026-01-08 03:45:00,47.14
QUALITY_006,2026-01-08 03:45:00,70.635
QUALITY_007,2026-01-08 03:45:00,74.344
QUALITY_008,2026-01-08 03:45:00,62.189
QUALITY_001,2026-01-08 04:00:00,33.314
QUALITY_002,2026-01-08 04:00:00,31.513
QUALITY_003,2026-01-08 04:00:00,46.621
QUALITY_004,2026-01-08 04:00:00,55.853
QUALITY_005,2026-01-08 04:00:00,47.588
QUALITY_006,2026-01-08 04:00:00,66.693
QUALITY_007,2026-01-08 04:00:00,75.861
QUALITY_008,2026-01-08 04:00:00,63.043
QUALITY_001,2026-01-08 04:15:00,35.672
QUALITY_002,2026-01-08 04:15:00,32.174
QUALITY_003,2026-01-08 04:15:00,47.107
QUALITY_004,2026-01-08 04:15:00,56.737
QUALITY_005,2026-01-08 04:15:00,46.494
QUALITY_006,2026-01-08 04:15:00,64.22
QUALITY_007,2026-01-08 04:15:00,77.174
QUALITY_008,2026-01-08 04:15:00,61.962
QUALITY_001,2026-01-08 04:30:00,37.261
QUALITY_002,2026-01-08 04:30:00,32.794
QUALITY_003,2026-01-08 04:30:00,45.732
QUALITY_004,2026-01-08 04:30:00,56.552
QUALITY_005,2026-01-08 04:30:00,48.519
QUALITY_006,2026-01-08 04:30:00,63.201
QUALITY_007,2026-01-08 04:30:00,79.677
QUALITY_008,2026-01-08 04:30:00,63.99
QUALITY_001,2026-01-08 04:45:00,36.864
QUALITY_002,2026-01-08 04:45:00,31.43
QUALITY_003,2026-01-08 04:45:00,43.979
QUALITY_004,2026-01-08 04:45:00,60.032
QUALITY_005,2026-01-08 04:45:00,48.529
QUALITY_006,2026-01-08 04:45:00,60.469
QUALITY_007,2026-01-08 04:45:00,81.13
QUALITY_008,2026-01-08 04:45:00,64.31
QUALITY_001,2026-01-08 05:00:00,38.615
QUALITY_002,2026-01-08 05:00:00,31.525
QUALITY_003,2026-01-08 05:00:00,40.998
QUALITY_004,2026-01-08 05:00:00,60.769
QUALITY_005,2026-01-08 05:00:00,46.877
QUALITY_006,2026-01-08 05:00:00,59.835
QUALITY_007,2026-01-08 05:00:00,82.142
QUALITY_008,2026-01-08 05:00:00,63.047
QUALITY_001,2026-01-08 05:15:00,40.232
QUALITY_002,2026-01-08 05:15:00,32.779
QUALITY_003,2026-01-08 05:15:00,41.875
QUALITY_004,2026-01-08 05:15:00,63.126
QUALITY_005,2026-01-08 05:15:00,48.181
QUALITY_006,2026-01-08 05:15:00,58.098
QUALITY_007,2026-01-08 05:15:00,87.307
QUALITY_008,2026-01-08 05:15:00,64.645
QUALITY_001,2026-01-08 05:30:00,42.186
QUALITY_002,2026-01-08 05:30:00,32.456
QUALITY_003,2026-01-08 05:30:00,41.597
QUALITY_004,2026-01-08 05:30:00,66.456
QUALITY_005,2026-01-08 05:30:00,50.021
QUALITY_006,2026-01-08 05:30:00,56.847
QUALITY_007,2026-01-08 05:30:00,88.521
QUALITY_008,2026-01-08 05:30:00,63.497
QUALITY_001,2026-01-08 05:45:00,42.347
QUALITY_002,2026-01-08 05:45:00,33.625
QUALITY_003,2026-01-08 05:45:00,39.733
QUALITY_004,2026-01-08 05:45:00,68.239
QUALITY_005,2026-01-08 05:45:00,48.753
QUALITY_006,2026-01-08 05:45:00,56.543
QUALITY_007,2026-01-08 05:45:00,93.129
QUALITY_008,2026-01-08 05:45:00,66.096
QUALITY_001,2026-01-08 06:00:00,44.147
QUALITY_002,2026-01-08 06:00:00,32.367
QUALITY_003,2026-01-08 06:00:00,39.075
QUALITY_004,2026-01-08 06:00:00,71.133
QUALITY_005,2026-01-08 06:00:00,48.344
QUALITY_006,2026-01-08 06:00:00,54.754
QUALITY_007,2026-01-08 06:00:00,95.536
QUALITY_008,2026-01-08 06:00:00,64.508
QUALITY_001,2026-01-08 06:15:00,45.835
QUALITY_002,2026-01-08 06:15:00,32.51
QUALITY_003,2026-01-08 06:15:00,37.805
QUALITY_004,2026-01-08 06:15:00,74.198
QUALITY_005,2026-01-08 06:15:00,49.671
QUALITY_006,2026-01-08 06:15:00,54.235
QUALITY_007,2026-01-08 06:15:00,101.248
QUALITY_008,2026-01-08 06:15:00,65.653
QUALITY_001,2026-01-08 06:30:00,47.56
QUALITY_002,2026-01-08 06:30:00,34.169
QUALITY_003,2026-01-08 06:30:00,38.424
QUALITY_004,2026-01-08 06:30:00,78.422
QUALITY_005,2026-01-08 06:30:00,50.409
QUALITY_006,2026-01-08 06:30:00,53.24
QUALITY_007,2026-01-08 06:30:00,106.022
QUALITY_008,2026-01-08 06:30:00,66.753
QUALITY_001,2026-01-08 06:45:00,50.131
QUALITY_002,2026-01-08 06:45:00,35.027
QUALITY_003,2026-01-08 06:45:00,37.716
QUALITY_004,2026-01-08 06:45:00,81.602
QUALITY_005,2026-01-08 06:45:00,51.082
QUALITY_006,2026-01-08 06:45:00,52.654
QUALITY_007,2026-01-08 06:45:00,110.3
QUALITY_008,2026-01-08 06:45:00,68.766
QUALITY_001,2026-01-08 07:00:00,52.603
QUALITY_002,2026-01-08 07:00:00,33.994
QUALITY_003,2026-01-08 07:00:00,37.139
QUALITY_004,2026-01-08 07:00:00,84.691
QUALITY_005,2026-01-08 07:00:00,52.916
QUALITY_006,2026-01-08 07:00:00,51.725
QUALITY_007,2026-01-08 07:00:00,114.662
QUALITY_008,2026-01-08 07:00:00,69.507
QUALITY_001,2026-01-08 07:15:00,54.034
QUALITY_002,2026-01-08 07:15:00,36.534
QUALITY_003,2026-01-08 07:15:00,36.504
QUALITY_004,2026-01-08 07:15:00,87.294
QUALITY_005,2026-01-08 07:15:00,52.855
QUALITY_006,2026-01-08 07:15:00,52.888
QUALITY_007,2026-01-08 07:15:00,120.575
QUALITY_008,2026-01-08 07:15:00,68.419
QUALITY_001,2026-01-08 07:30:00,56.85
QUALITY_002,2026-01-08 07:30:00,36.576
QUALITY_003,2026-01-08 07:30:00,36.122
QUALITY_004,2026-01-08 07:30:00,91.35
QUALITY_005,2026-01-08 07:30:00,52.688
QUALITY_006,2026-01-08 07:30:00,52.157
QUALITY_007,2026-01-08 07:30:00,123.361
QUALITY_008,2026-01-08 07:30:00,71.457
QUALITY_001,2026-01-08 07:45:00,60.455
QUALITY_002,2026-01-08 07:45:00,36.521
QUALITY_003,2026-01-08 07:45:00,35.785
QUALITY_004,2026-01-08 07:45:00,93.525
QUALITY_005,2026-01-08 07:45:00,54.527
QUALITY_006,2026-01-08 07:45:00,53.105
QUALITY_007,2026-01-08 07:45:00,128.533
QUALITY_008,2026-01-08 07:45:00,71.526
QUALITY_001,2026-01-08 08:00:00,62.147
QUALITY_002,2026-01-08 08:00:00,35.988
QUALITY_003,2026-01-08 08:00:00,37.395
QUALITY_004,2026-01-08 08:00:00,97.781
QUALITY_005,2026-01-08 08:00:00,54.243
QUALITY_006,2026-01-08 08:00:00,50.654
QUALITY_007,2026-01-08 08:00:00,131.604
QUALITY_008,2026-01-08 08:00:00,73.325
QUALITY_001,2026-01-08 08:15:00,63.088
QUALITY_002,2026-01-08 08:15:00,38.26
QUALITY_003,2026-01-08 08:15:00,35.138
QUALITY_004,2026-01-08 08:15:00,97.907
QUALITY_005,2026-01-08 08:15:00,54.823
QUALITY_006,2026-01-08 08:15:00,51.634
QUALITY_007,2026-01-08 08:15:00,135.197
QUALITY_008,2026-01-08 08:15:00,73.17
QUALITY_001,2026-01-08 08:30:00,63.608
QUALITY_002,2026-01-08 08:30:00,38.669
QUALITY_003,2026-01-08 08:30:00,36.31
QUALITY_004,2026-01-08 08:30:00,100.697
QUALITY_005,2026-01-08 08:30:00,54.716
QUALITY_006,2026-01-08 08:30:00,52.66
QUALITY_007,2026-01-08 08:30:00,138.782
QUALITY_008,2026-01-08 08:30:00,75.271
QUALITY_001,2026-01-08 08:45:00,65.723
QUALITY_002,2026-01-08 08:45:00,37.672
QUALITY_003,2026-01-08 08:45:00,37.09
QUALITY_004,2026-01-08 08:45:00,101.766
QUALITY_005,2026-01-08 08:45:00,56.482
QUALITY_006,2026-01-08 08:45:00,50.878
QUALITY_007,2026-01-08 08:45:00,139.63
QUALITY_008,2026-01-08 08:45:00,75.632
QUALITY_001,2026-01-08 09:00:00,65.49
QUALITY_002,2026-01-08 09:00:00,39.36
QUALITY_003,2026-01-08 09:00:00,36.329
QUALITY_004,2026-01-08 09:00:00,103.238
QUALITY_005,2026-01-08 09:00:00,56.715
QUALITY_006,2026-01-08 09:00:00,52.135
QUALITY_007,2026-01-08 09:00:00,142.287
QUALITY_008,2026-01-08 09:00:00,77.28
QUALITY_001,2026-01-08 09:15:00,64.115
QUALITY_002,2026-01-08 09:15:00,38.7
QUALITY_003,2026-01-08 09:15:00,35.534
QUALITY_004,2026-01-08 09:15:00,103.066
QUALITY_005,2026-01-08 09:15:00,58.14
QUALITY_006,2026-01-08 09:15:00,51.566
QUALITY_008,2026-01-08 09:15:00,77.884
QUALITY_001,2026-01-08 09:30:00,64.33
QUALITY_002,2026-01-08 09:30:00,39.162
QUALITY_003,2026-01-08 09:30:00,37.17
QUALITY_004,2026-01-08 09:30:00,101.797
QUALITY_005,2026-01-08 09:30:00,60.072
QUALITY_006,2026-01-08 09:30:00,51.532
QUALITY_007,2026-01-08 09:30:00,141.633
QUALITY_008,2026-01-08 09:30:00,79.557
QUALITY_001,2026-01-08 09:45:00,62.95
QUALITY_002,2026-01-08 09:45:00,39.466
QUALITY_003,2026-01-08 09:45:00,36.796
QUALITY_004,2026-01-08 09:45:00,100.901
QUALITY_005,2026-01-08 09:45:00,60.48
QUALITY_006,2026-01-08 09:45:00,53.714
QUALITY_007,2026-01-08 09:45:00,139.783
QUALITY_008,2026-01-08 09:45:00,81.611
QUALITY_001,2026-01-08 10:00:00,62.152
QUALITY_002,2026-01-08 10:00:00,41.187
QUALITY_003,2026-01-08 10:00:00,37.32
QUALITY_004,2026-01-08 10:00:00,101.318
QUALITY_005,2026-01-08 10:00:00,60.308
QUALITY_006,2026-01-08 10:00:00,54.52
QUALITY_007,2026-01-08 10:00:00,137.542
QUALITY_008,2026-01-08 10:00:00,82.126
QUALITY_001,2026-01-08 10:15:00,61.477
QUALITY_002,2026-01-08 10:15:00,41.402
QUALITY_003,2026-01-08 10:15:00,37.029
QUALITY_004,2026-01-08 10:15:00,98.259
QUALITY_005,2026-01-08 10:15:00,62.628
QUALITY_006,2026-01-08 10:15:00,54.214
QUALITY_007,2026-01-08 10:15:00,133.543
QUALITY_008,2026-01-08 10:15:00,82.739
QUALITY_001,2026-01-08 10:30:00,60.901
QUALITY_002,2026-01-08 10:30:00,43.108
QUALITY_003,2026-01-08 10:30:00,36.758
QUALITY_004,2026-01-08 10:30:00,96.993
QUALITY_005,2026-01-08 10:30:00,64.963
QUALITY_006,2026-01-08 10:30:00,54.87
QUALITY_007,2026-01-08 10:30:00,130.627
QUALITY_008,2026-01-08 10:30:00,85.792
QUALITY_001,2026-01-08 10:45:00,60.455
QUALITY_002,2026-01-08 10:45:00,45.436
QUALITY_003,2026-01-08 10:45:00,37.986
QUALITY_004,2026-01-08 10:45:00,94.258
QUALITY_005,2026-01-08 10:45:00,65.489
QUALITY_006,2026-01-08 10:45:00,54.657
QUALITY_007,2026-01-08 10:45:00,129.548
QUALITY_008,2026-01-08 10:45:00,89.218
QUALITY_001,2026-01-08 11:00:00,57.051
QUALITY_002,2026-01-08 11:00:00,46.424
QUALITY_003,2026-01-08 11:00:00,38.406
QUALITY_004,2026-01-08 11:00:00,93.027
QUALITY_005,2026-01-08 11:00:00,68.547
QUALITY_006,2026-01-08 11:00:00,54.953
QUALITY_007,2026-01-08 11:00:00,125.772
QUALITY_008,2026-01-08 11:00:00,91.006
QUALITY_001,2026-01-08 11:15:00,55.795
QUALITY_002,2026-01-08 11:15:00,46.759
QUALITY_003,2026-01-08 11:15:00,38.139
QUALITY_004,2026-01-08 11:15:00,91.042
QUALITY_005,2026-01-08 11:15:00,70.17
QUALITY_006,2026-01-08 11:15:00,55.029
QUALITY_007,2026-01-08 11:15:00,123.51
QUALITY_008,2026-01-08 11:15:00,94.939
QUALITY_001,2026-01-08 11:30:00,56.316
QUALITY_002,2026-01-08 11:30:00,49.227
QUALITY_003,2026-01-08 11:30:00,38.814
QUALITY_004,2026-01-08 11:30:00,86.412
QUALITY_005,2026-01-08 11:30:00,74.664
QUALITY_006,2026-01-08 11:30:00,57.257
QUALITY_007,2026-01-08 11:30:00,119.456
QUALITY_008,2026-01-08 11:30:00,96.114
QUALITY_001,2026-01-08 11:45:00,55.051
QUALITY_002,2026-01-08 11:45:00,50.584
QUALITY_003,2026-01-08 11:45:00,38.723
QUALITY_004,2026-01-08 11:45:00,86.461
QUALITY_005,2026-01-08 11:45:00,76.788
QUALITY_006,2026-01-08 11:45:00,56.283
QUALITY_007,2026-01-08 11:45:00,118.548
QUALITY_008,2026-01-08 11:45:00,101.546
QUALITY_001,2026-01-08 12:00:00,53.585
QUALITY_002,2026-01-08 12:00:00,52.05
QUALITY_004,2026-01-08 12:00:00,84.579
QUALITY_005,2026-01-08 12:00:00,78.015
QUALITY_006,2026-01-08 12:00:00,57.425
QUALITY_007,2026-01-08 12:00:00,116.418
QUALITY_008,2026-01-08 12:00:00,105.867
QUALITY_001,2026-01-08 12:15:00,51.493
QUALITY_002,2026-01-08 12:15:00,55.235
QUALITY_003,2026-01-08 12:15:00,40.635
QUALITY_004,2026-01-08 12:15:00,82.719
QUALITY_005,2026-01-08 12:15:00,83.281
QUALITY_006,2026-01-08 12:15:00,57.713
QUALITY_007,2026-01-08 12:15:00,113.206
QUALITY_008,2026-01-08 12:15:00,111.384
QUALITY_001,2026-01-08 12:30:00,50.912
QUALITY_002,2026-01-08 12:30:00,58.123
QUALITY_003,2026-01-08 12:30:00,42.678
QUALITY_004,2026-01-08 12:30:00,81.82
QUALITY_005,2026-01-08 12:30:00,87.18
QUALITY_006,2026-01-08 12:30:00,59.778
QUALITY_007,2026-01-08 12:30:00,111.163
QUALITY_008,2026-01-08 12:30:00,115.611
QUALITY_001,2026-01-08 12:45:00,51.644
QUALITY_002,2026-01-08 12:45:00,60.113
QUALITY_003,2026-01-08 12:45:00,42.213
QUALITY_004,2026-01-08 12:45:00,80.379
QUALITY_005,2026-01-08 12:45:00,89.253
QUALITY_006,2026-01-08 12:45:00,60.184
QUALITY_007,2026-01-08 12:45:00,111.084
QUALITY_008,2026-01-08 12:45:00,121.394
QUALITY_001,2026-01-08 13:00:00,49.264
QUALITY_002,2026-01-08 13:00:00,63.656
QUALITY_003,2026-01-08 13:00:00,43.171
QUALITY_004,2026-01-08 13:00:00,78.839
QUALITY_005,2026-01-08 13:00:00,93.765
QUALITY_006,2026-01-08 13:00:00,58.847
QUALITY_007,2026-01-08 13:00:00,108.102
QUALITY_008,2026-01-08 13:00:00,124.146
QUALITY_001,2026-01-08 13:15:00,48.19
QUALITY_002,2026-01-08 13:15:00,65.77
QUALITY_003,2026-01-08 13:15:00,41.683
QUALITY_004,2026-01-08 13:15:00,77.428
QUALITY_005,2026-01-08 13:15:00,97.61
QUALITY_006,2026-01-08 13:15:00,59.819
QUALITY_007,2026-01-08 13:15:00,105.962
QUALITY_008,2026-01-08 13:15:00,129.177
QUALITY_001,2026-01-08 13:30:00,48.744
QUALITY_002,2026-01-08 13:30:00,67.413
QUALITY_003,2026-01-08 13:30:00,44.778
QUALITY_004,2026-01-08 13:30:00,76.235
QUALITY_005,2026-01-08 13:30:00,103.329
QUALITY_006,2026-01-08 13:30:00,62.027
QUALITY_007,2026-01-08 13:30:00,106.214
QUALITY_008,2026-01-08 13:30:00,136.357
QUALITY_001,2026-01-08 13:45:00,48.515
QUALITY_002,2026-01-08 13:45:00,71.564
QUALITY_003,2026-01-08 13:45:00,44.964
QUALITY_004,2026-01-08 13:45:00,76.469
QUALITY_005,2026-01-08 13:45:00,106.414
QUALITY_006,2026-01-08 13:45:00,63.007
QUALITY_007,2026-01-08 13:45:00,103.79
QUALITY_008,2026-01-08 13:45:00,139.996
QUALITY_001,2026-01-08 14:00:00,48.603
QUALITY_002,2026-01-08 14:00:00,72.049
QUALITY_003,2026-01-08 14:00:00,44.538
QUALITY_004,2026-01-08 14:00:00,74.185
QUALITY_005,2026-01-08 14:00:00,108.349
QUALITY_006,2026-01-08 14:00:00,63.112
QUALITY_007,2026-01-08 14:00:00,103.08
QUALITY_008,2026-01-08 14:00:00,143.766
QUALITY_001,2026-01-08 14:15:00,45.451
QUALITY_002,2026-01-08 14:15:00,74.606
QUALITY_003,2026-01-08 14:15:00,44.57
QUALITY_004,2026-01-08 14:15:00,74.522
QUALITY_005,2026-01-08 14:15:00,112.559
QUALITY_006,2026-01-08 14:15:00,64.513
QUALITY_007,2026-01-08 14:15:00,99.91
QUALITY_008,2026-01-08 14:15:00,148.896
QUALITY_001,2026-01-08 14:30:00,45.612
QUALITY_002,2026-01-08 14:30:00,77.372
QUALITY_003,2026-01-08 14:30:00,46.855
QUALITY_004,2026-01-08 14:30:00,73.029
QUALITY_005,2026-01-08 14:30:00,114.63
QUALITY_006,2026-01-08 14:30:00,65.895
QUALITY_007,2026-01-08 14:30:00,100.152
QUALITY_008,2026-01-08 14:30:00,149.74
QUALITY_001,2026-01-08 14:45:00,44.629
QUALITY_002,2026-01-08 14:45:00,78.393
QUALITY_003,2026-01-08 14:45:00,47.369
QUALITY_004,2026-01-08 14:45:00,70.038
QUALITY_005,2026-01-08 14:45:00,113.788
QUALITY_006,2026-01-08 14:45:00,64.488
QUALITY_007,2026-01-08 14:45:00,97.651
QUALITY_008,2026-01-08 14:45:00,152.433
QUALITY_001,2026-01-08 15:00:00,44.801
QUALITY_002,2026-01-08 15:00:00,76.81
QUALITY_003,2026-01-08 15:00:00,48.29
QUALITY_004,2026-01-08 15:00:00,69.444
QUALITY_005,2026-01-08 15:00:00,114.584
QUALITY_006,2026-01-08 15:00:00,65.334
QUALITY_007,2026-01-08 15:00:00,96.33
QUALITY_008,2026-01-08 15:00:00,154.388
QUALITY_001,2026-01-08 15:15:00,42.76
QUALITY_002,2026-01-08 15:15:00,77.749
QUALITY_003,2026-01-08 15:15:00,48.062
QUALITY_004,2026-01-08 15:15:00,66.669
QUALITY_005,2026-01-08 15:15:00,115.923
QUALITY_006,2026-01-08 15:15:00,67.883
QUALITY_007,2026-01-08 15:15:00,93.871
QUALITY_008,2026-01-08 15:15:00,152.455
QUALITY_001,2026-01-08 15:30:00,41.404
QUALITY_002,2026-01-08 15:30:00,77.261
QUALITY_003,2026-01-08 15:30:00,47.91
QUALITY_004,2026-01-08 15:30:00,66.515
QUALITY_005,2026-01-08 15:30:00,114.489
QUALITY_006,2026-01-08 15:30:00,68.618
QUALITY_007,2026-01-08 15:30:00,90.307
QUALITY_008,2026-01-08 15:30:00,154.073
QUALITY_001,2026-01-08 15:45:00,41.19
QUALITY_002,2026-01-08 15:45:00,75.336
QUALITY_003,2026-01-08 15:45:00,48.965
QUALITY_004,2026-01-08 15:45:00,64.589
QUALITY_005,2026-01-08 15:45:00,112.989
QUALITY_006,2026-01-08 15:45:00,71.483
QUALITY_007,2026-01-08 15:45:00,87.568
QUALITY_008,2026-01-08 15:45:00,152.153
QUALITY_001,2026-01-08 16:00:00,39.34
QUALITY_002,2026-01-08 16:00:00,74.471
QUALITY_003,2026-01-08 16:00:00,49.311
QUALITY_004,2026-01-08 16:00:00,61.549
QUALITY_005,2026-01-08 16:00:00,112.013
QUALITY_006,2026-01-08 16:00:00,71.58
QUALITY_007,2026-01-08 16:00:00,83.807
QUALITY_008,2026-01-08 16:00:00,150.431
QUALITY_001,2026-01-08 16:15:00,36.577
QUALITY_002,2026-01-08 16:15:00,74.337
QUALITY_003,2026-01-08 16:15:00,52.753
QUALITY_004,2026-01-08 16:15:00,61.249
QUALITY_005,2026-01-08 16:15:00,110.604
QUALITY_006,2026-01-08 16:15:00,74.267
QUALITY_007,2026-01-08 16:15:00,80.797
QUALITY_008,2026-01-08 16:15:00,147.131
QUALITY_001,2026-01-08 16:30:00,36.582
QUALITY_002,2026-01-08 16:30:00,73.778
QUALITY_003,2026-01-08 16:30:00,53.579
QUALITY_004,2026-01-08 16:30:00,57.208
QUALITY_005,2026-01-08 16:30:00,107.871
QUALITY_006,2026-01-08 16:30:00,74.507
QUALITY_007,2026-01-08 16:30:00,79.461
QUALITY_008,2026-01-08 16:30:00,144.456
QUALITY_001,2026-01-08 16:45:00,35.687
QUALITY_002,2026-01-08 16:45:00,70.144
QUALITY_003,2026-01-08 16:45:00,54.178
QUALITY_004,2026-01-08 16:45:00,55.929
QUALITY_005,2026-01-08 16:45:00,104.738
QUALITY_006,2026-01-08 16:45:00,79.447
QUALITY_007,2026-01-08 16:45:00,76.775
QUALITY_008,2026-01-08 16:45:00,141.817
QUALITY_001,2026-01-08 17:00:00,33.738
QUALITY_002,2026-01-08 17:00:00,69.935
QUALITY_003,2026-01-08 17:00:00,57.289
QUALITY_004,2026-01-08 17:00:00,55.627
QUALITY_005,2026-01-08 17:00:00,104.685
QUALITY_006,2026-01-08 17:00:00,81.873
QUALITY_007,2026-01-08 17:00:00,73.067
QUALITY_008,2026-01-08 17:00:00,136.247
QUALITY_001,2026-01-08 17:15:00,33.739
QUALITY_002,2026-01-08 17:15:00,67.796
QUALITY_003,2026-01-08 17:15:00,59.904
QUALITY_004,2026-01-08 17:15:00,52.646
QUALITY_005,2026-01-08 17:15:00,102.229
QUALITY_006,2026-01-08 17:15:00,85.502
QUALITY_007,2026-01-08 17:15:00,70.955
QUALITY_008,2026-01-08 17:15:00,133.668
QUALITY_001,2026-01-08 17:30:00,31.654
QUALITY_002,2026-01-08 17:30:00,65.745
QUALITY_003,2026-01-08 17:30:00,63.266
QUALITY_004,2026-01-08 17:30:00,51.957
QUALITY_005,2026-01-08 17:30:00,99.787
QUALITY_006,2026-01-08 17:30:00,87.999
QUALITY_007,2026-01-08 17:30:00,70.645
QUALITY_008,2026-01-08 17:30:00,131.511
QUALITY_001,2026-01-08 17:45:00,32.085
QUALITY_002,2026-01-08 17:45:00,63.894
QUALITY_003,2026-01-08 17:45:00,64.52
QUALITY_004,2026-01-08 17:45:00,49.972
QUALITY_005,2026-01-08 17:45:00,96.38
QUALITY_006,2026-01-08 17:45:00,93.465
QUALITY_007,2026-01-08 17:45:00,67.048
QUALITY_008,2026-01-08 17:45:00,127.636
QUALITY_001,2026-01-08 18:00:00,29.688
QUALITY_002,2026-01-08 18:00:00,62.664
QUALITY_003,2026-01-08 18:00:00,67.817
QUALITY_004,2026-01-08 18:00:00,47.504
QUALITY_005,2026-01-08 18:00:00,93.822
QUALITY_006,2026-01-08 18:00:00,97.986
QUALITY_007,2026-01-08 18:00:00,67.31
QUALITY_008,2026-01-08 18:00:00,126.527
QUALITY_001,2026-01-08 18:15:00,29.57
QUALITY_002,2026-01-08 18:15:00,62.489
QUALITY_003,2026-01-08 18:15:00,72.961
QUALITY_004,2026-01-08 18:15:00,47.911
QUALITY_005,2026-01-08 18:15:00,91.924
QUALITY_006,2026-01-08 18:15:00,103.749
QUALITY_007,2026-01-08 18:15:00,63.099
QUALITY_008,2026-01-08 18:15:00,123.144
QUALITY_001,2026-01-08 18:30:00,28.731
QUALITY_002,2026-01-08 18:30:00,61.156
QUALITY_003,2026-01-08 18:30:00,77.186
QUALITY_004,2026-01-08 18:30:00,46.279
QUALITY_005,2026-01-08 18:30:00,90.591
QUALITY_007,2026-01-08 18:30:00,64.263
QUALITY_008,2026-01-08 18:30:00,121.882
QUALITY_001,2026-01-08 18:45:00,27.767
QUALITY_002,2026-01-08 18:45:00,59.249
QUALITY_003,2026-01-08 18:45:00,78.434
QUALITY_004,2026-01-08 18:45:00,44.689
QUALITY_005,2026-01-08 18:45:00,88.883
QUALITY_006,2026-01-08 18:45:00,113.548
QUALITY_007,2026-01-08 18:45:00,62.498
QUALITY_008,2026-01-08 18:45:00,118.289
QUALITY_001,2026-01-08 19:00:00,28.558
QUALITY_002,2026-01-08 19:00:00,60.564
QUALITY_003,2026-01-08 19:00:00,81.373
QUALITY_004,2026-01-08 19:00:00,45.221
QUALITY_005,2026-01-08 19:00:00,87.519
QUALITY_006,2026-01-08 19:00:00,117.179
QUALITY_007,2026-01-08 19:00:00,61.087
QUALITY_008,2026-01-08 19:00:00,118.849
QUALITY_001,2026-01-08 19:15:00,28.219
QUALITY_002,2026-01-08 19:15:00,60.158
QUALITY_003,2026-01-08 19:15:00,84.118
QUALITY_004,2026-01-08 19:15:00,44.869
QUALITY_005,2026-01-08 19:15:00,87.078
QUALITY_006,2026-01-08 19:15:00,119.796
QUALITY_007,2026-01-08 19:15:00,60.687
QUALITY_008,2026-01-08 19:15:00,117.424
QUALITY_001,2026-01-08 19:30:00,27.611
QUALITY_002,2026-01-08 19:30:00,58.769
QUALITY_003,2026-01-08 19:30:00,86.389
QUALITY_004,2026-01-08 19:30:00,42.905
QUALITY_005,2026-01-08 19:30:00,85.398
QUALITY_006,2026-01-08 19:30:00,123.828
QUALITY_007,2026-01-08 19:30:00,60.019
QUALITY_008,2026-01-08 19:30:00,114.252
QUALITY_001,2026-01-08 19:45:00,26.607
QUALITY_002,2026-01-08 19:45:00,56.59
QUALITY_003,2026-01-08 19:45:00,87.294
QUALITY_004,2026-01-08 19:45:00,41.846
QUALITY_005,2026-01-08 19:45:00,84.378
QUALITY_006,2026-01-08 19:45:00,125.066
QUALITY_007,2026-01-08 19:45:00,59.55
QUALITY_008,2026-01-08 19:45:00,114.332
QUALITY_001,2026-01-08 20:00:00,27.835
QUALITY_002,2026-01-08 20:00:00,56.895
QUALITY_003,2026-01-08 20:00:00,88.518
QUALITY_004,2026-01-08 20:00:00,43.218
QUALITY_005,2026-01-08 20:00:00,85.303
QUALITY_006,2026-01-08 20:00:00,127.419
QUALITY_007,2026-01-08 20:00:00,57.977
QUALITY_008,2026-01-08 20:00:00,110.993
QUALITY_001,2026-01-08 20:15:00,25.391
QUALITY_002,2026-01-08 20:15:00,55.24
QUALITY_003,2026-01-08 20:15:00,88.583
QUALITY_004,2026-01-08 20:15:00,42.431
QUALITY_005,2026-01-08 20:15:00,82.053
QUALITY_006,2026-01-08 20:15:00,126.672
QUALITY_007,2026-01-08 20:15:00,56.203
QUALITY_008,2026-01-08 20:15:00,110.674
QUALITY_001,2026-01-08 20:30:00,27.054
QUALITY_002,2026-01-08 20:30:00,55.902
QUALITY_003,2026-01-08 20:30:00,87.128
QUALITY_004,2026-01-08 20:30:00,40.816
QUALITY_005,2026-01-08 20:30:00,81.615
QUALITY_006,2026-01-08 20:30:00,124.855
QUALITY_007,2026-01-08 20:30:00,56.825
QUALITY_008,2026-01-08 20:30:00,108.173
QUALITY_001,2026-01-08 20:45:00,26.947
QUALITY_002,2026-01-08 20:45:00,54.049
QUALITY_003,2026-01-08 20:45:00,86.472
QUALITY_004,2026-01-08 20:45:00,42.299
QUALITY_005,2026-01-08 20:45:00,79.718
QUALITY_006,2026-01-08 20:45:00,122.363
QUALITY_007,2026-01-08 20:45:00,56.528
QUALITY_008,2026-01-08 20:45:00,105.051
QUALITY_001,2026-01-08 21:00:00,27.03
QUALITY_002,2026-01-08 21:00:00,51.243
QUALITY_003,2026-01-08 21:00:00,81.721
QUALITY_004,2026-01-08 21:00:00,42.537
QUALITY_005,2026-01-08 21:00:00,78.975
QUALITY_006,2026-01-08 21:00:00,115.985
QUALITY_007,2026-01-08 21:00:00,57.918
QUALITY_008,2026-01-08 21:00:00,104.337
QUALITY_001,2026-01-08 21:15:00,27.18
QUALITY_003,2026-01-08 21:15:00,80.22
QUALITY_004,2026-01-08 21:15:00,41.173
QUALITY_005,2026-01-08 21:15:00,75.762
QUALITY_006,2026-01-08 21:15:00,113.878
QUALITY_007,2026-01-08 21:15:00,56.81
QUALITY_008,2026-01-08 21:15:00,99.986
QUALITY_001,2026-01-08 21:30:00,25.449
QUALITY_002,2026-01-08 21:30:00,48.535
QUALITY_003,2026-01-08 21:30:00,75.519
QUALITY_004,2026-01-08 21:30:00,40.536
QUALITY_005,2026-01-08 21:30:00,73.609
QUALITY_006,2026-01-08 21:30:00,108.407
QUALITY_007,2026-01-08 21:30:00,57.66
QUALITY_008,2026-01-08 21:30:00,97.564
QUALITY_001,2026-01-08 21:45:00,25.898
QUALITY_002,2026-01-08 21:45:00,48.642
QUALITY_003,2026-01-08 21:45:00,73.435
QUALITY_004,2026-01-08 21:45:00,41.167
QUALITY_005,2026-01-08 21:45:00,70.371
QUALITY_006,2026-01-08 21:45:00,104.229
QUALITY_007,2026-01-08 21:45:00,57.056
QUALITY_008,2026-01-08 21:45:00,95.505
QUALITY_001,2026-01-08 22:00:00,26.9
QUALITY_002,2026-01-08 22:00:00,46.688
QUALITY_003,2026-01-08 22:00:00,70.151
QUALITY_004,2026-01-08 22:00:00,40.576
QUALITY_005,2026-01-08 22:00:00,68.697
QUALITY_006,2026-01-08 22:00:00,98.425
QUALITY_007,2026-01-08 22:00:00,58.212
QUALITY_008,2026-01-08 22:00:00,92.309
QUALITY_001,2026-01-08 22:15:00,25.665
QUALITY_002,2026-01-08 22:15:00,45.845
QUALITY_003,2026-01-08 22:15:00,64.786
QUALITY_004,2026-01-08 22:15:00,42.954
QUALITY_005,2026-01-08 22:15:00,67.827
QUALITY_006,2026-01-08 22:15:00,93.158
QUALITY_007,2026-01-08 22:15:00,58.467
QUALITY_008,2026-01-08 22:15:00,88.798
QUALITY_001,2026-01-08 22:30:00,25.58
QUALITY_002,2026-01-08 22:30:00,42.681
QUALITY_003,2026-01-08 22:30:00,62.272
QUALITY_004,2026-01-08 22:30:00,41.623
QUALITY_005,2026-01-08 22:30:00,63.889
QUALITY_006,2026-01-08 22:30:00,89.267
QUALITY_007,2026-01-08 22:30:00,58.532
QUALITY_008,2026-01-08 22:30:00,86.047
QUALITY_001,2026-01-08 22:45:00,28.052
QUALITY_002,2026-01-08 22:45:00,41.694
QUALITY_003,2026-01-08 22:45:00,59.145
QUALITY_004,2026-01-08 22:45:00,42.852
QUALITY_005,2026-01-08 22:45:00,62.148
QUALITY_006,2026-01-08 22:45:00,83.778
QUALITY_007,2026-01-08 22:45:00,57.953
QUALITY_008,2026-01-08 22:45:00,82.888
QUALITY_001,2026-01-08 23:00:00,26.117
QUALITY_002,2026-01-08 23:00:00,40.188
QUALITY_003,2026-01-08 23:00:00,58.011
QUALITY_004,2026-01-08 23:00:00,42.389
QUALITY_005,2026-01-08 23:00:00,60.119
QUALITY_006,2026-01-08 23:00:00,80.033
QUALITY_007,2026-01-08 23:00:00,57.965
QUALITY_008,2026-01-08 23:00:00,81.464
QUALITY_001,2026-01-08 23:15:00,28.567
QUALITY_002,2026-01-08 23:15:00,40.574
QUALITY_003,2026-01-08 23:15:00,54.658
QUALITY_004,2026-01-08 23:15:00,43.62
QUALITY_005,2026-01-08 23:15:00,58.932
QUALITY_006,2026-01-08 23:15:00,79.654
QUALITY_007,2026-01-08 23:15:00,58.047
QUALITY_008,2026-01-08 23:15:00,77.335
QUALITY_001,2026-01-08 23:30:00,27.378
QUALITY_002,2026-01-08 23:30:00,37.734
QUALITY_003,2026-01-08 23:30:00,52.374
QUALITY_004,2026-01-08 23:30:00,42.719
QUALITY_005,2026-01-08 23:30:00,56.811
QUALITY_006,2026-01-08 23:30:00,76.398
QUALITY_007,2026-01-08 23:30:00,58.23
QUALITY_008,2026-01-08 23:30:00,76.837
QUALITY_001,2026-01-08 23:45:00,27.176
QUALITY_002,2026-01-08 23:45:00,36.264
QUALITY_003,2026-01-08 23:45:00,51.945
QUALITY_004,2026-01-08 23:45:00,45.057
QUALITY_005,2026-01-08 23:45:00,55.359
QUALITY_006,2026-01-08 23:45:00,73.343
QUALITY_007,2026-01-08 23:45:00,60.138
QUALITY_008,2026-01-08 23:45:00,73.164
QUALITY_001,2026-01-09 00:00:00,27.987
QUALITY_002,2026-01-09 00:00:00,33.269
QUALITY_003,2026-01-09 00:00:00,64.363
QUALITY_004,2026-01-09 00:00:00,45.487
QUALITY_005,2026-01-09 00:00:00,49.964
QUALITY_006,2026-01-09 00:00:00,90.958
QUALITY_007,2026-01-09 00:00:00,59.651
QUALITY_008,2026-01-09 00:00:00,65.435
QUALITY_001,2026-01-09 00:15:00,28.167
QUALITY_002,2026-01-09 00:15:00,32.405
QUALITY_003,2026-01-09 00:15:00,65.523
QUALITY_004,2026-01-09 00:15:00,43.442
QUALITY_005,2026-01-09 00:15:00,50.074
QUALITY_006,2026-01-09 00:15:00,92.523
QUALITY_007,2026-01-09 00:15:00,61.025
QUALITY_008,2026-01-09 00:15:00,65.474
QUALITY_001,2026-01-09 00:30:00,28.082
QUALITY_002,2026-01-09 00:30:00,31.374
QUALITY_003,2026-01-09 00:30:00,63.732
QUALITY_004,2026-01-09 00:30:00,46.118
QUALITY_005,2026-01-09 00:30:00,47.487
QUALITY_006,2026-01-09 00:30:00,91.911
QUALITY_007,2026-01-09 00:30:00,61.243
QUALITY_008,2026-01-09 00:30:00,65.294
QUALITY_001,2026-01-09 00:45:00,28.023
QUALITY_002,2026-01-09 00:45:00,33.54
QUALITY_003,2026-01-09 00:45:00,64.811
QUALITY_004,2026-01-09 00:45:00,45.616
QUALITY_005,2026-01-09 00:45:00,47.566
QUALITY_006,2026-01-09 00:45:00,90.962
QUALITY_007,2026-01-09 00:45:00,63.471
QUALITY_008,2026-01-09 00:45:00,64.647
QUALITY_001,2026-01-09 01:00:00,29.871
QUALITY_002,2026-01-09 01:00:00,31.685
QUALITY_003,2026-01-09 01:00:00,62.938
QUALITY_004,2026-01-09 01:00:00,47.283
QUALITY_005,2026-01-09 01:00:00,48.34
QUALITY_006,2026-01-09 01:00:00,90.893
QUALITY_007,2026-01-09 01:00:00,62.268
QUALITY_008,2026-01-09 01:00:00,63.605
QUALITY_001,2026-01-09 01:15:00,28.833
QUALITY_002,2026-01-09 01:15:00,33.247
QUALITY_003,2026-01-09 01:15:00,63.871
QUALITY_004,2026-01-09 01:15:00,45.832
QUALITY_005,2026-01-09 01:15:00,46.475
QUALITY_006,2026-01-09 01:15:00,91.322
QUALITY_007,2026-01-09 01:15:00,62.77
QUALITY_008,2026-01-09 01:15:00,63.417
QUALITY_001,2026-01-09 01:30:00,29.674
QUALITY_002,2026-01-09 01:30:00,30.864
QUALITY_003,2026-01-09 01:30:00,61.492
QUALITY_004,2026-01-09 01:30:00,48.308
QUALITY_005,2026-01-09 01:30:00,48.472
QUALITY_006,2026-01-09 01:30:00,89.482
QUALITY_007,2026-01-09 01:30:00,65.82
QUALITY_008,2026-01-09 01:30:00,63.666
QUALITY_001,2026-01-09 01:45:00,29.479
QUALITY_002,2026-01-09 01:45:00,30.955
QUALITY_003,2026-01-09 01:45:00,62.477
QUALITY_004,2026-01-09 01:45:00,47.534
QUALITY_005,2026-01-09 01:45:00,47.771
QUALITY_006,2026-01-09 01:45:00,86.665
QUALITY_007,2026-01-09 01:45:00,64.786
QUALITY_008,2026-01-09 01:45:00,63.199
QUALITY_001,2026-01-09 02:00:00,29.924
QUALITY_002,2026-01-09 02:00:00,32.581
QUALITY_003,2026-01-09 02:00:00,61.602
QUALITY_004,2026-01-09 02:00:00,47.107
QUALITY_005,2026-01-09 02:00:00,47.353
QUALITY_006,2026-01-09 02:00:00,84.919
QUALITY_007,2026-01-09 02:00:00,66.221
QUALITY_008,2026-01-09 02:00:00,62.957
QUALITY_001,2026-01-09 02:15:00,30.998
QUALITY_002,2026-01-09 02:15:00,30.411
QUALITY_003,2026-01-09 02:15:00,58.006
QUALITY_004,2026-01-09 02:15:00,49.782
QUALITY_005,2026-01-09 02:15:00,46.055
QUALITY_006,2026-01-09 02:15:00,83.976
QUALITY_007,2026-01-09 02:15:00,67.883
QUALITY_008,2026-01-09 02:15:00,62.53
QUALITY_001,2026-01-09 02:30:00,31.934
QUALITY_002,2026-01-09 02:30:00,32.313
QUALITY_003,2026-01-09 02:30:00,56.408
QUALITY_004,2026-01-09 02:30:00,48.745
QUALITY_005,2026-01-09 02:30:00,46.005
QUALITY_006,2026-01-09 02:30:00,82.678
QUALITY_007,2026-01-09 02:30:00,68.233
QUALITY_008,2026-01-09 02:30:00,62.737
QUALITY_001,2026-01-09 02:45:00,31.855
QUALITY_002,2026-01-09 02:45:00,30.24
QUALITY_003,2026-01-09 02:45:00,56.387
QUALITY_004,2026-01-09 02:45:00,50.627
QUALITY_006,2026-01-09 02:45:00,79.945
QUALITY_007,2026-01-09 02:45:00,69.548
QUALITY_008,2026-01-09 02:45:00,62.018
QUALITY_001,2026-01-09 03:00:00,32.85
QUALITY_002,2026-01-09 03:00:00,30.788
QUALITY_003,2026-01-09 03:00:00,55.272
QUALITY_004,2026-01-09 03:00:00,52.48
QUALITY_005,2026-01-09 03:00:00,46.957
QUALITY_006,2026-01-09 03:00:00,75.994
QUALITY_007,2026-01-09 03:00:00,71.224
QUALITY_008,2026-01-09 03:00:00,61.387
QUALITY_001,2026-01-09 03:15:00,31.545
QUALITY_002,2026-01-09 03:15:00,31.117
QUALITY_003,2026-01-09 03:15:00,52.978
QUALITY_004,2026-01-09 03:15:00,53.107
QUALITY_005,2026-01-09 03:15:00,45.81
QUALITY_006,2026-01-09 03:15:00,74.399
QUALITY_007,2026-01-09 03:15:00,71.11
QUALITY_008,2026-01-09 03:15:00,60.659
QUALITY_001,2026-01-09 03:30:00,34.47
QUALITY_002,2026-01-09 03:30:00,30.124
QUALITY_003,2026-01-09 03:30:00,51.592
QUALITY_004,2026-01-09 03:30:00,52.371
QUALITY_005,2026-01-09 03:30:00,48.065
QUALITY_006,2026-01-09 03:30:00,72.128
QUALITY_007,2026-01-09 03:30:00,73.54
QUALITY_008,2026-01-09 03:30:00,61.052
QUALITY_001,2026-01-09 03:45:00,33.407
QUALITY_002,2026-01-09 03:45:00,31.475
QUALITY_003,2026-01-09 03:45:00,48.718
QUALITY_004,2026-01-09 03:45:00,52.783
QUALITY_005,2026-01-09 03:45:00,46.154
QUALITY_006,2026-01-09 03:45:00,70.899
QUALITY_007,2026-01-09 03:45:00,75.118
QUALITY_008,2026-01-09 03:45:00,61.77
QUALITY_001,2026-01-09 04:00:00,35.87
QUALITY_002,2026-01-09 04:00:00,30.641
QUALITY_003,2026-01-09 04:00:00,47.696
QUALITY_004,2026-01-09 04:00:00,53.646
QUALITY_005,2026-01-09 04:00:00,46.936
QUALITY_006,2026-01-09 04:00:00,68.298
QUALITY_007,2026-01-09 04:00:00,75.655
QUALITY_008,2026-01-09 04:00:00,62.611
QUALITY_001,2026-01-09 04:15:00,36.067
QUALITY_002,2026-01-09 04:15:00,30.776
QUALITY_003,2026-01-09 04:15:00,45.982
QUALITY_004,2026-01-09 04:15:00,56.733
QUALITY_005,2026-01-09 04:15:00,46.828
QUALITY_006,2026-01-09 04:15:00,64.762
QUALITY_007,2026-01-09 04:15:00,78.31
QUALITY_008,2026-01-09 04:15:00,62.711
QUALITY_001,2026-01-09 04:30:00,36.299
QUALITY_002,2026-01-09 04:30:00,31.26
QUALITY_003,2026-01-09 04:30:00,46.079
QUALITY_004,2026-01-09 04:30:00,59
QUALITY_005,2026-01-09 04:30:00,47.203
QUALITY_006,2026-01-09 04:30:00,63.196
QUALITY_007,2026-01-09 04:30:00,79.502
QUALITY_008,2026-01-09 04:30:00,63.437
QUALITY_001,2026-01-09 04:45:00,36.641
QUALITY_002,2026-01-09 04:45:00,33.014
QUALITY_003,2026-01-09 04:45:00,42.723
QUALITY_004,2026-01-09 04:45:00,58.301
QUALITY_005,2026-01-09 04:45:00,48.299
QUALITY_006,2026-01-09 04:45:00,62.37
QUALITY_007,2026-01-09 04:45:00,81.532
QUALITY_008,2026-01-09 04:45:00,63.53
QUALITY_001,2026-01-09 05:00:00,38.288
QUALITY_002,2026-01-09 05:00:00,33.048
QUALITY_003,2026-01-09 05:00:00,43.582
QUALITY_004,2026-01-09 05:00:00,60.477
QUALITY_005,2026-01-09 05:00:00,47.325
QUALITY_006,2026-01-09 05:00:00,59.917
QUALITY_007,2026-01-09 05:00:00,82.473
QUALITY_008,2026-01-09 05:00:00,63.086
QUALITY_001,2026-01-09 05:15:00,38.735
QUALITY_002,2026-01-09 05:15:00,32.824
QUALITY_003,2026-01-09 05:15:00,40.529
QUALITY_004,2026-01-09 05:15:00,64.231
QUALITY_005,2026-01-09 05:15:00,48.331
QUALITY_006,2026-01-09 05:15:00,59.698
QUALITY_007,2026-01-09 05:15:00,86.349
QUALITY_008,2026-01-09 05:15:00,64.998
QUALITY_002,2026-01-09 05:30:00,33.657
QUALITY_003,2026-01-09 05:30:00,39.731
QUALITY_004,2026-01-09 05:30:00,65.955
QUALITY_005,2026-01-09 05:30:00,47.54
QUALITY_006,2026-01-09 05:30:00,56.738
QUALITY_007,2026-01-09 05:30:00,88.803
QUALITY_008,2026-01-09 05:30:00,63.777
QUALITY_001,2026-01-09 05:45:00,42.196
QUALITY_002,2026-01-09 05:45:00,34.414
QUALITY_003,2026-01-09 05:45:00,40.926
QUALITY_004,2026-01-09 05:45:00,66.86
QUALITY_005,2026-01-09 05:45:00,48.292
QUALITY_006,2026-01-09 05:45:00,55.88
QUALITY_007,2026-01-09 05:45:00,93.888
QUALITY_008,2026-01-09 05:45:00,64.334
QUALITY_001,2026-01-09 06:00:00,43.468
QUALITY_002,2026-01-09 06:00:00,34.771
QUALITY_003,2026-01-09 06:00:00,39.536
QUALITY_004,2026-01-09 06:00:00,72.063
QUALITY_005,2026-01-09 06:00:00,50.352
QUALITY_006,2026-01-09 06:00:00,56.501
QUALITY_007,2026-01-09 06:00:00,97.651
QUALITY_008,2026-01-09 06:00:00,66.712
QUALITY_001,2026-01-09 06:15:00,45.617
QUALITY_002,2026-01-09 06:15:00,32.9
QUALITY_003,2026-01-09 06:15:00,39.148
QUALITY_004,2026-01-09 06:15:00,72.792
QUALITY_005,2026-01-09 06:15:00,51.217
QUALITY_006,2026-01-09 06:15:00,54.172
QUALITY_007,2026-01-09 06:15:00,101.135
QUALITY_008,2026-01-09 06:15:00,67.532
QUALITY_001,2026-01-09 06:30:00,49.66
QUALITY_002,2026-01-09 06:30:00,35.182
QUALITY_003,2026-01-09 06:30:00,37.934
QUALITY_004,2026-01-09 06:30:00,78.429
QUALITY_005,2026-01-09 06:30:00,50.058
QUALITY_006,2026-01-09 06:30:00,53.624
QUALITY_007,2026-01-09 06:30:00,104.709
QUALITY_008,2026-01-09 06:30:00,66.932
QUALITY_001,2026-01-09 06:45:00,50.006
QUALITY_002,2026-01-09 06:45:00,35.711
QUALITY_003,2026-01-09 06:45:00,37
QUALITY_004,2026-01-09 06:45:00,79.467
QUALITY_005,2026-01-09 06:45:00,51.383
QUALITY_006,2026-01-09 06:45:00,51.889
QUALITY_007,2026-01-09 06:45:00,110.197
QUALITY_008,2026-01-09 06:45:00,68.204
QUALITY_001,2026-01-09 07:00:00,54.448
QUALITY_002,2026-01-09 07:00:00,34.372
QUALITY_003,2026-01-09 07:00:00,36.785
QUALITY_004,2026-01-09 07:00:00,84.899
QUALITY_005,2026-01-09 07:00:00,52.841
QUALITY_006,2026-01-09 07:00:00,54.015
QUALITY_007,2026-01-09 07:00:00,115.267
QUALITY_008,2026-01-09 07:00:00,70.048
QUALITY_001,2026-01-09 07:15:00,56.469
QUALITY_002,2026-01-09 07:15:00,34.325
QUALITY_003,2026-01-09 07:15:00,37.892
QUALITY_004,2026-01-09 07:15:00,88.647
QUALITY_005,2026-01-09 07:15:00,51.582
QUALITY_006,2026-01-09 07:15:00,52.893
QUALITY_007,2026-01-09 07:15:00,120.392
QUALITY_008,2026-01-09 07:15:00,69.88
QUALITY_001,2026-01-09 07:30:00,56.65
QUALITY_002,2026-01-09 07:30:00,35.072
QUALITY_003,2026-01-09 07:30:00,35.565
QUALITY_004,2026-01-09 07:30:00,91.886
QUALITY_005,2026-01-09 07:30:00,53.797
QUALITY_006,2026-01-09 07:30:00,52.427
QUALITY_007,2026-01-09 07:30:00,123.558
QUALITY_008,2026-01-09 07:30:00,71.107
QUALITY_001,2026-01-09 07:45:00,60.613
QUALITY_002,2026-01-09 07:45:00,36.745
QUALITY_003,2026-01-09 07:45:00,36.18
QUALITY_004,2026-01-09 07:45:00,94.698
QUALITY_005,2026-01-09 07:45:00,53.562
QUALITY_006,2026-01-09 07:45:00,52.862
QUALITY_007,2026-01-09 07:45:00,127.792
QUALITY_008,2026-01-09 07:45:00,72.25
QUALITY_001,2026-01-09 08:00:00,60.069
QUALITY_002,2026-01-09 08:00:00,37.782
QUALITY_003,2026-01-09 08:00:00,37.264
QUALITY_004,2026-01-09 08:00:00,95.92
QUALITY_005,2026-01-09 08:00:00,53.918
QUALITY_006,2026-01-09 08:00:00,51.696
QUALITY_007,2026-01-09 08:00:00,133.748
QUALITY_008,2026-01-09 08:00:00,71.093
QUALITY_001,2026-01-09 08:15:00,63.281
QUALITY_002,2026-01-09 08:15:00,38.236
QUALITY_003,2026-01-09 08:15:00,35.384
QUALITY_004,2026-01-09 08:15:00,98.619
QUALITY_005,2026-01-09 08:15:00,53.938
QUALITY_006,2026-01-09 08:15:00,51.009
QUALITY_007,2026-01-09 08:15:00,136.543
QUALITY_008,2026-01-09 08:15:00,72.828
QUALITY_001,2026-01-09 08:30:00,64.836
QUALITY_002,2026-01-09 08:30:00,37.489
QUALITY_003,2026-01-09 08:30:00,36.514
QUALITY_004,2026-01-09 08:30:00,101.391
QUALITY_005,2026-01-09 08:30:00,55.206
QUALITY_006,2026-01-09 08:30:00,52.416
QUALITY_007,2026-01-09 08:30:00,139.485
QUALITY_008,2026-01-09 08:30:00,73.226
QUALITY_001,2026-01-09 08:45:00,65.861
QUALITY_002,2026-01-09 08:45:00,38.712
QUALITY_003,2026-01-09 08:45:00,36.571
QUALITY_004,2026-01-09 08:45:00,103.812
QUALITY_005,2026-01-09 08:45:00,57.478
QUALITY_006,2026-01-09 08:45:00,53.196
QUALITY_007,2026-01-09 08:45:00,141.531
QUALITY_008,2026-01-09 08:45:00,76.592
QUALITY_001,2026-01-09 09:00:00,64.36
QUALITY_002,2026-01-09 09:00:00,38.225
QUALITY_003,2026-01-09 09:00:00,35.937
QUALITY_004,2026-01-09 09:00:00,102.896
QUALITY_005,2026-01-09 09:00:00,58.296
QUALITY_006,2026-01-09 09:00:00,51.322
QUALITY_007,2026-01-09 09:00:00,140.634
QUALITY_008,2026-01-09 09:00:00,77.647
QUALITY_001,2026-01-09 09:15:00,65.968
QUALITY_002,2026-01-09 09:15:00,39.127
QUALITY_003,2026-01-09 09:15:00,37.36
QUALITY_004,2026-01-09 09:15:00,102.744
QUALITY_005,2026-01-09 09:15:00,57.49
QUALITY_006,2026-01-09 09:15:00,51.767
QUALITY_007,2026-01-09 09:15:00,140.037
QUALITY_001,2026-01-09 09:30:00,64.285
QUALITY_002,2026-01-09 09:30:00,41.057
QUALITY_003,2026-01-09 09:30:00,38.279
QUALITY_004,2026-01-09 09:30:00,102.592
QUALITY_005,2026-01-09 09:30:00,58.884
QUALITY_006,2026-01-09 09:30:00,51.56
QUALITY_007,2026-01-09 09:30:00,140.649
QUALITY_008,2026-01-09 09:30:00,78.112
QUALITY_001,2026-01-09 09:45:00,64.661
QUALITY_002,2026-01-09 09:45:00,40.953
QUALITY_003,2026-01-09 09:45:00,36.209
QUALITY_004,2026-01-09 09:45:00,102.911
QUALITY_005,2026-01-09 09:45:00,59.618
QUALITY_006,2026-01-09 09:45:00,53.203
QUALITY_007,2026-01-09 09:45:00,140.066
QUALITY_008,2026-01-09 09:45:00,80.932
QUALITY_001,2026-01-09 10:00:00,63.315
QUALITY_002,2026-01-09 10:00:00,41.344
QUALITY_002,2026-01-09 10:00:00,43.844
QUALITY_003,2026-01-09 10:00:00,36.641
QUALITY_004,2026-01-09 10:00:00,100.059
QUALITY_005,2026-01-09 10:00:00,60.787
QUALITY_006,2026-01-09 10:00:00,54.279
QUALITY_007,2026-01-09 10:00:00,137.625
QUALITY_008,2026-01-09 10:00:00,81.974
QUALITY_001,2026-01-09 10:15:00,63.169
QUALITY_002,2026-01-09 10:15:00,42.889
QUALITY_003,2026-01-09 10:15:00,37.721
QUALITY_004,2026-01-09 10:15:00,97.623
QUALITY_005,2026-01-09 10:15:00,62.201
QUALITY_006,2026-01-09 10:15:00,53.2
QUALITY_007,2026-01-09 10:15:00,133.933
QUALITY_008,2026-01-09 10:15:00,84.557
QUALITY_001,2026-01-09 10:30:00,61.247
QUALITY_002,2026-01-09 10:30:00,43.092
QUALITY_003,2026-01-09 10:30:00,39.05
QUALITY_004,2026-01-09 10:30:00,96.444
QUALITY_005,2026-01-09 10:30:00,64.014
QUALITY_006,2026-01-09 10:30:00,54.31
QUALITY_007,2026-01-09 10:30:00,133.071
QUALITY_008,2026-01-09 10:30:00,85.613
QUALITY_001,2026-01-09 10:45:00,60.056
QUALITY_002,2026-01-09 10:45:00,43.337
QUALITY_003,2026-01-09 10:45:00,39.82
QUALITY_004,2026-01-09 10:45:00,94.987
QUALITY_005,2026-01-09 10:45:00,66.413
QUALITY_006,2026-01-09 10:45:00,55.892
QUALITY_007,2026-01-09 10:45:00,129.453
QUALITY_008,2026-01-09 10:45:00,88.392
QUALITY_001,2026-01-09 11:00:00,57.728
QUALITY_002,2026-01-09 11:00:00,45.429
QUALITY_003,2026-01-09 11:00:00,39.721
QUALITY_004,2026-01-09 11:00:00,92.482
QUALITY_005,2026-01-09 11:00:00,69.05
QUALITY_006,2026-01-09 11:00:00,56.48
QUALITY_007,2026-01-09 11:00:00,127.474
QUALITY_008,2026-01-09 11:00:00,90.649
QUALITY_001,2026-01-09 11:15:00,57.879
QUALITY_002,2026-01-09 11:15:00,47.714
QUALITY_003,2026-01-09 11:15:00,40.406
QUALITY_004,2026-01-09 11:15:00,89.667
QUALITY_005,2026-01-09 11:15:00,72.161
QUALITY_005,2026-01-09 11:15:00,74.661
QUALITY_006,2026-01-09 11:15:00,56.677
QUALITY_007,2026-01-09 11:15:00,123.881
QUALITY_008,2026-01-09 11:15:00,92.658
QUALITY_001,2026-01-09 11:30:00,56.493
QUALITY_002,2026-01-09 11:30:00,50.616
QUALITY_003,2026-01-09 11:30:00,40.84
QUALITY_004,2026-01-09 11:30:00,88.551
QUALITY_005,2026-01-09 11:30:00,74.331
QUALITY_006,2026-01-09 11:30:00,56.967
QUALITY_007,2026-01-09 11:30:00,121.303
QUALITY_008,2026-01-09 11:30:00,98.014
QUALITY_001,2026-01-09 11:45:00,53.878
QUALITY_002,2026-01-09 11:45:00,51.542
QUALITY_003,2026-01-09 11:45:00,40.146
QUALITY_004,2026-01-09 11:45:00,85.607
QUALITY_005,2026-01-09 11:45:00,77.01
QUALITY_006,2026-01-09 11:45:00,56.265
QUALITY_007,2026-01-09 11:45:00,118.233
QUALITY_008,2026-01-09 11:45:00,100.501
QUALITY_001,2026-01-09 12:00:00,54.386
QUALITY_002,2026-01-09 12:00:00,53.085
QUALITY_003,2026-01-09 12:00:00,39.695
QUALITY_005,2026-01-09 12:00:00,80.598
QUALITY_006,2026-01-09 12:00:00,57.473
QUALITY_007,2026-01-09 12:00:00,114.429
QUALITY_008,2026-01-09 12:00:00,105.838
QUALITY_001,2026-01-09 12:15:00,52.124
QUALITY_002,2026-01-09 12:15:00,56.918
QUALITY_003,2026-01-09 12:15:00,40.507
QUALITY_004,2026-01-09 12:15:00,82.716
QUALITY_005,2026-01-09 12:15:00,82.406
QUALITY_006,2026-01-09 12:15:00,59.242
QUALITY_007,2026-01-09 12:15:00,113.529
QUALITY_008,2026-01-09 12:15:00,111.543
QUALITY_001,2026-01-09 12:30:00,50.383
QUALITY_002,2026-01-09 12:30:00,59.521
QUALITY_003,2026-01-09 12:30:00,41.004
QUALITY_004,2026-01-09 12:30:00,81.539
QUALITY_005,2026-01-09 12:30:00,86.835
QUALITY_006,2026-01-09 12:30:00,60.107
QUALITY_007,2026-01-09 12:30:00,110.209
QUALITY_008,2026-01-09 12:30:00,116.43
QUALITY_008,2026-01-09 12:30:00,118.93
QUALITY_001,2026-01-09 12:45:00,51.671
QUALITY_002,2026-01-09 12:45:00,60.713
QUALITY_003,2026-01-09 12:45:00,42.504
QUALITY_004,2026-01-09 12:45:00,80.115
QUALITY_005,2026-01-09 12:45:00,91.875
QUALITY_006,2026-01-09 12:45:00,59.575
QUALITY_007,2026-01-09 12:45:00,111.191
QUALITY_008,2026-01-09 12:45:00,120.884
QUALITY_001,2026-01-09 13:00:00,49.611
QUALITY_002,2026-01-09 13:00:00,62.815
QUALITY_003,2026-01-09 13:00:00,41.975
QUALITY_004,2026-01-09 13:00:00,80.352
QUALITY_005,2026-01-09 13:00:00,93.423
QUALITY_006,2026-01-09 13:00:00,59.14
QUALITY_007,2026-01-09 13:00:00,107.334
QUALITY_008,2026-01-09 13:00:00,125.027
QUALITY_001,2026-01-09 13:15:00,48.143
QUALITY_002,2026-01-09 13:15:00,65.124
QUALITY_003,2026-01-09 13:15:00,44.074
QUALITY_004,2026-01-09 13:15:00,77.047
QUALITY_005,2026-01-09 13:15:00,99.432
QUALITY_006,2026-01-09 13:15:00,62.065
QUALITY_007,2026-01-09 13:15:00,107.898
QUALITY_008,2026-01-09 13:15:00,131.945
QUALITY_001,2026-01-09 13:30:00,50.177
QUALITY_002,2026-01-09 13:30:00,68.097
QUALITY_003,2026-01-09 13:30:00,42.924
QUALITY_004,2026-01-09 13:30:00,76.201
QUALITY_005,2026-01-09 13:30:00,102.621
QUALITY_006,2026-01-09 13:30:00,61.318
QUALITY_007,2026-01-09 13:30:00,105.834
QUALITY_008,2026-01-09 13:30:00,136.34
QUALITY_001,2026-01-09 13:45:00,47.616
QUALITY_002,2026-01-09 13:45:00,70.049
QUALITY_003,2026-01-09 13:45:00,43.695
QUALITY_004,2026-01-09 13:45:00,76.43
QUALITY_005,2026-01-09 13:45:00,104.865
QUALITY_006,2026-01-09 13:45:00,63.501
QUALITY_007,2026-01-09 13:45:00,105.143
QUALITY_008,2026-01-09 13:45:00,139.942
QUALITY_001,2026-01-09 14:00:00,47.741
QUALITY_002,2026-01-09 14:00:00,73.835
QUALITY_003,2026-01-09 14:00:00,44.298
QUALITY_004,2026-01-09 14:00:00,74.918
QUALITY_005,2026-01-09 14:00:00,110.171
QUALITY_006,2026-01-09 14:00:00,62.279
QUALITY_007,2026-01-09 14:00:00,102.682
QUALITY_008,2026-01-09 14:00:00,144.383
QUALITY_001,2026-01-09 14:15:00,46.221
QUALITY_002,2026-01-09 14:15:00,74.701
QUALITY_003,2026-01-09 14:15:00,45.5
QUALITY_004,2026-01-09 14:15:00,75.197
QUALITY_005,2026-01-09 14:15:00,110.946
QUALITY_006,2026-01-09 14:15:00,63.018
QUALITY_007,2026-01-09 14:15:00,100.838
QUALITY_008,2026-01-09 14:15:00,146.753
QUALITY_001,2026-01-09 14:30:00,46.546
QUALITY_002,2026-01-09 14:30:00,76.214
QUALITY_003,2026-01-09 14:30:00,47.031
QUALITY_004,2026-01-09 14:30:00,71.266
QUALITY_005,2026-01-09 14:30:00,114.821
QUALITY_006,2026-01-09 14:30:00,65.615
QUALITY_007,2026-01-09 14:30:00,99.851
QUALITY_008,2026-01-09 14:30:00,152.13
QUALITY_001,2026-01-09 14:45:00,45.302
QUALITY_002,2026-01-09 14:45:00,76.345
QUALITY_003,2026-01-09 14:45:00,47.288
QUALITY_004,2026-01-09 14:45:00,69.864
QUALITY_005,2026-01-09 14:45:00,115.839
QUALITY_006,2026-01-09 14:45:00,66.327
QUALITY_007,2026-01-09 14:45:00,96.039
QUALITY_008,2026-01-09 14:45:00,153.199
QUALITY_001,2026-01-09 15:00:00,43.088
QUALITY_002,2026-01-09 15:00:00,76.801
QUALITY_003,2026-01-09 15:00:00,46.084
QUALITY_004,2026-01-09 15:00:00,68.889
QUALITY_005,2026-01-09 15:00:00,115.923
QUALITY_006,2026-01-09 15:00:00,66.327
QUALITY_007,2026-01-09 15:00:00,94.922
QUALITY_008,2026-01-09 15:00:00,154.427
QUALITY_001,2026-01-09 15:15:00,41.821
QUALITY_002,2026-01-09 15:15:00,79.125
QUALITY_003,2026-01-09 15:15:00,47.005
QUALITY_004,2026-01-09 15:15:00,66.972
QUALITY_005,2026-01-09 15:15:00,117.137
QUALITY_006,2026-01-09 15:15:00,66.472
QUALITY_007,2026-01-09 15:15:00,92.68
QUALITY_008,2026-01-09 15:15:00,154.094
QUALITY_001,2026-01-09 15:30:00,41.023
QUALITY_002,2026-01-09 15:30:00,77.849
QUALITY_003,2026-01-09 15:30:00,49.331
QUALITY_004,2026-01-09 15:30:00,65.572
QUALITY_005,2026-01-09 15:30:00,114.105
QUALITY_006,2026-01-09 15:30:00,70.074
QUALITY_007,2026-01-09 15:30:00,91.252
QUALITY_008,2026-01-09 15:30:00,153.249
QUALITY_001,2026-01-09 15:45:00,39.407
QUALITY_002,2026-01-09 15:45:00,77.211
QUALITY_003,2026-01-09 15:45:00,49.537
QUALITY_004,2026-01-09 15:45:00,64.879
QUALITY_005,2026-01-09 15:45:00,114.025
QUALITY_006,2026-01-09 15:45:00,69.013
QUALITY_007,2026-01-09 15:45:00,86.394
QUALITY_008,2026-01-09 15:45:00,152.371
QUALITY_001,2026-01-09 16:00:00,38.315
QUALITY_002,2026-01-09 16:00:00,76.124
QUALITY_003,2026-01-09 16:00:00,50.821
QUALITY_004,2026-01-09 16:00:00,63.082
QUALITY_005,2026-01-09 16:00:00,113.64
QUALITY_006,2026-01-09 16:00:00,72.786
QUALITY_007,2026-01-09 16:00:00,83.913
QUALITY_008,2026-01-09 16:00:00,151.02
QUALITY_001,2026-01-09 16:15:00,36.575
QUALITY_002,2026-01-09 16:15:00,75.346
QUALITY_003,2026-01-09 16:15:00,51.28
QUALITY_004,2026-01-09 16:15:00,59.046
QUALITY_005,2026-01-09 16:15:00,110.446
QUALITY_006,2026-01-09 16:15:00,74.405
QUALITY_007,2026-01-09 16:15:00,80.749
QUALITY_008,2026-01-09 16:15:00,146.401
QUALITY_001,2026-01-09 16:30:00,35.566
QUALITY_002,2026-01-09 16:30:00,73.119
QUALITY_003,2026-01-09 16:30:00,52.576
QUALITY_004,2026-01-09 16:30:00,56.85
QUALITY_005,2026-01-09 16:30:00,107.295
QUALITY_006,2026-01-09 16:30:00,74.436
QUALITY_007,2026-01-09 16:30:00,78.106
QUALITY_008,2026-01-09 16:30:00,145.285
QUALITY_001,2026-01-09 16:45:00,36.643
QUALITY_002,2026-01-09 16:45:00,70.382
QUALITY_003,2026-01-09 16:45:00,55.219
QUALITY_004,2026-01-09 16:45:00,57.549
QUALITY_005,2026-01-09 16:45:00,106.062
QUALITY_006,2026-01-09 16:45:00,78.466
QUALITY_007,2026-01-09 16:45:00,76.731
QUALITY_008,2026-01-09 16:45:00,141.506
QUALITY_001,2026-01-09 17:00:00,32.956
QUALITY_002,2026-01-09 17:00:00,68.753
QUALITY_003,2026-01-09 17:00:00,58.195
QUALITY_004,2026-01-09 17:00:00,54.979
QUALITY_005,2026-01-09 17:00:00,104.379
QUALITY_006,2026-01-09 17:00:00,81.795
QUALITY_007,2026-01-09 17:00:00,73.708
QUALITY_008,2026-01-09 17:00:00,137.517
QUALITY_001,2026-01-09 17:15:00,34.245
QUALITY_002,2026-01-09 17:15:00,67.661
QUALITY_003,2026-01-09 17:15:00,60.762
QUALITY_004,2026-01-09 17:15:00,52.342
QUALITY_005,2026-01-09 17:15:00,99.775
QUALITY_006,2026-01-09 17:15:00,84.131
QUALITY_007,2026-01-09 17:15:00,73.437
QUALITY_008,2026-01-09 17:15:00,133.931
QUALITY_001,2026-01-09 17:30:00,31.373
QUALITY_002,2026-01-09 17:30:00,66.908
QUALITY_003,2026-01-09 17:30:00,63.252
QUALITY_004,2026-01-09 17:30:00,49.824
QUALITY_005,2026-01-09 17:30:00,98.74
QUALITY_006,2026-01-09 17:30:00,87.659
QUALITY_007,2026-01-09 17:30:00,69.087
QUALITY_008,2026-01-09 17:30:00,131.012
QUALITY_001,2026-01-09 17:45:00,30.23
QUALITY_002,2026-01-09 17:45:00,66.09
QUALITY_003,2026-01-09 17:45:00,64.534
QUALITY_004,2026-01-09 17:45:00,49.422
QUALITY_005,2026-01-09 17:45:00,95.594
QUALITY_006,2026-01-09 17:45:00,93.877
QUALITY_007,2026-01-09 17:45:00,67.271
QUALITY_008,2026-01-09 17:45:00,129.508
QUALITY_001,2026-01-09 18:00:00,29.994
QUALITY_002,2026-01-09 18:00:00,62.342
QUALITY_003,2026-01-09 18:00:00,68.938
QUALITY_004,2026-01-09 18:00:00,48.72
QUALITY_005,2026-01-09 18:00:00,94.142
QUALITY_006,2026-01-09 18:00:00,97.282
QUALITY_007,2026-01-09 18:00:00,65.002
QUALITY_008,2026-01-09 18:00:00,126.625
QUALITY_001,2026-01-09 18:15:00,28.517
QUALITY_002,2026-01-09 18:15:00,61.782
QUALITY_003,2026-01-09 18:15:00,73.817
QUALITY_004,2026-01-09 18:15:00,46.046
QUALITY_005,2026-01-09 18:15:00,92.405
QUALITY_006,2026-01-09 18:15:00,101.816
QUALITY_007,2026-01-09 18:15:00,65.625
QUALITY_008,2026-01-09 18:15:00,124.317
QUALITY_001,2026-01-09 18:30:00,27.979
QUALITY_002,2026-01-09 18:30:00,62.497
QUALITY_003,2026-01-09 18:30:00,74.963
QUALITY_004,2026-01-09 18:30:00,47.073
QUALITY_005,2026-01-09 18:30:00,90.538
QUALITY_006,2026-01-09 18:30:00,109.203
QUALITY_008,2026-01-09 18:30:00,120.831
QUALITY_001,2026-01-09 18:45:00,28.807
QUALITY_002,2026-01-09 18:45:00,61.917
QUALITY_003,2026-01-09 18:45:00,78.599
QUALITY_004,2026-01-09 18:45:00,44.848
QUALITY_005,2026-01-09 18:45:00,90.889
QUALITY_006,2026-01-09 18:45:00,114.376
QUALITY_007,2026-01-09 18:45:00,62.135
QUALITY_008,2026-01-09 18:45:00,119.04
QUALITY_001,2026-01-09 19:00:00,28.021
QUALITY_002,2026-01-09 19:00:00,60.487
QUALITY_003,2026-01-09 19:00:00,82.423
QUALITY_004,2026-01-09 19:00:00,43.162
QUALITY_005,2026-01-09 19:00:00,87.954
QUALITY_006,2026-01-09 19:00:00,117.986
QUALITY_007,2026-01-09 19:00:00,61.435
QUALITY_008,2026-01-09 19:00:00,118.404
QUALITY_001,2026-01-09 19:15:00,28.628
QUALITY_002,2026-01-09 19:15:00,59.219
QUALITY_003,2026-01-09 19:15:00,83.964
QUALITY_004,2026-01-09 19:15:00,43.487
QUALITY_005,2026-01-09 19:15:00,86.533
QUALITY_006,2026-01-09 19:15:00,120.416
QUALITY_007,2026-01-09 19:15:00,58.537
QUALITY_008,2026-01-09 19:15:00,115.876
QUALITY_001,2026-01-09 19:30:00,27.661
QUALITY_002,2026-01-09 19:30:00,57.241
QUALITY_003,2026-01-09 19:30:00,86.241
QUALITY_004,2026-01-09 19:30:00,43.217
QUALITY_005,2026-01-09 19:30:00,87.826
QUALITY_006,2026-01-09 19:30:00,124.316
QUALITY_007,2026-01-09 19:30:00,58.983
QUALITY_008,2026-01-09 19:30:00,114.871
QUALITY_001,2026-01-09 19:45:00,27.419
QUALITY_002,2026-01-09 19:45:00,58.672
QUALITY_003,2026-01-09 19:45:00,88.23
QUALITY_004,2026-01-09 19:45:00,43.178
QUALITY_005,2026-01-09 19:45:00,86.335
QUALITY_006,2026-01-09 19:45:00,127.045
QUALITY_007,2026-01-09 19:45:00,58.7
QUALITY_008,2026-01-09 19:45:00,115.083
QUALITY_001,2026-01-09 20:00:00,26.299
QUALITY_002,2026-01-09 20:00:00,57.845
QUALITY_003,2026-01-09 20:00:00,89.754
QUALITY_004,2026-01-09 20:00:00,41.064
QUALITY_005,2026-01-09 20:00:00,83.026
QUALITY_006,2026-01-09 20:00:00,125.819
QUALITY_007,2026-01-09 20:00:00,58.524
QUALITY_008,2026-01-09 20:00:00,111.939
QUALITY_001,2026-01-09 20:15:00,25.816
QUALITY_002,2026-01-09 20:15:00,57.017
QUALITY_003,2026-01-09 20:15:00,87.637
QUALITY_004,2026-01-09 20:15:00,41.55
QUALITY_005,2026-01-09 20:15:00,83.772
QUALITY_006,2026-01-09 20:15:00,124.926
QUALITY_007,2026-01-09 20:15:00,58.292
QUALITY_008,2026-01-09 20:15:00,110.782
QUALITY_001,2026-01-09 20:30:00,26.892
QUALITY_002,2026-01-09 20:30:00,53.391
QUALITY_003,2026-01-09 20:30:00,87.076
QUALITY_004,2026-01-09 20:30:00,43.065
QUALITY_005,2026-01-09 20:30:00,80.848
QUALITY_006,2026-01-09 20:30:00,123.393
QUALITY_007,2026-01-09 20:30:00,57.268
QUALITY_008,2026-01-09 20:30:00,107.75
QUALITY_001,2026-01-09 20:45:00,26.032
QUALITY_002,2026-01-09 20:45:00,53.679
QUALITY_003,2026-01-09 20:45:00,85.215
QUALITY_004,2026-01-09 20:45:00,41.867
QUALITY_005,2026-01-09 20:45:00,81.233
QUALITY_006,2026-01-09 20:45:00,122.213
QUALITY_007,2026-01-09 20:45:00,57.304
QUALITY_008,2026-01-09 20:45:00,104.715
QUALITY_001,2026-01-09 21:00:00,27.291
QUALITY_002,2026-01-09 21:00:00,51.295
QUALITY_003,2026-01-09 21:00:00,83.869
QUALITY_004,2026-01-09 21:00:00,41.853
QUALITY_005,2026-01-09 21:00:00,78.576
QUALITY_006,2026-01-09 21:00:00,117.293
QUALITY_007,2026-01-09 21:00:00,55.894
QUALITY_008,2026-01-09 21:00:00,103.112
QUALITY_001,2026-01-09 21:15:00,26.522
QUALITY_002,2026-01-09 21:15:00,49.971
QUALITY_004,2026-01-09 21:15:00,42.969
QUALITY_005,2026-01-09 21:15:00,76.748
QUALITY_006,2026-01-09 21:15:00,112.094
QUALITY_007,2026-01-09 21:15:00,55.935
QUALITY_008,2026-01-09 21:15:00,100.264
QUALITY_001,2026-01-09 21:30:00,25.02
QUALITY_002,2026-01-09 21:30:00,49.044
QUALITY_003,2026-01-09 21:30:00,74.942
QUALITY_004,2026-01-09 21:30:00,40.959
QUALITY_005,2026-01-09 21:30:00,72.988
QUALITY_006,2026-01-09 21:30:00,109.23
QUALITY_007,2026-01-09 21:30:00,56.165
QUALITY_008,2026-01-09 21:30:00,98.219
QUALITY_001,2026-01-09 21:45:00,27.608
QUALITY_002,2026-01-09 21:45:00,47.088
QUALITY_003,2026-01-09 21:45:00,72.507
QUALITY_004,2026-01-09 21:45:00,42.512
QUALITY_005,2026-01-09 21:45:00,73.01
QUALITY_006,2026-01-09 21:45:00,103.432
QUALITY_007,2026-01-09 21:45:00,57.77
QUALITY_008,2026-01-09 21:45:00,94.782
QUALITY_001,2026-01-09 22:00:00,26.35
QUALITY_002,2026-01-09 22:00:00,46.965
QUALITY_003,2026-01-09 22:00:00,69.613
QUALITY_004,2026-01-09 22:00:00,41.691
QUALITY_005,2026-01-09 22:00:00,70.382
QUALITY_006,2026-01-09 22:00:00,97.105
QUALITY_007,2026-01-09 22:00:00,57.242
QUALITY_008,2026-01-09 22:00:00,91.719
QUALITY_001,2026-01-09 22:15:00,26.932
QUALITY_002,2026-01-09 22:15:00,45.971
QUALITY_003,2026-01-09 22:15:00,66.443
QUALITY_004,2026-01-09 22:15:00,42.856
QUALITY_005,2026-01-09 22:15:00,66.027
QUALITY_006,2026-01-09 22:15:00,93.669
QUALITY_007,2026-01-09 22:15:00,57.876
QUALITY_008,2026-01-09 22:15:00,90.777
QUALITY_001,2026-01-09 22:30:00,27.284
QUALITY_002,2026-01-09 22:30:00,42.719
QUALITY_003,2026-01-09 22:30:00,62.045
QUALITY_004,2026-01-09 22:30:00,43.326
QUALITY_005,2026-01-09 22:30:00,66.267
QUALITY_006,2026-01-09 22:30:00,87.687
QUALITY_007,2026-01-09 22:30:00,57.63
QUALITY_008,2026-01-09 22:30:00,85.206
QUALITY_001,2026-01-09 22:45:00,27.097
QUALITY_002,2026-01-09 22:45:00,42.661
QUALITY_003,2026-01-09 22:45:00,60.816
QUALITY_004,2026-01-09 22:45:00,43.241
QUALITY_005,2026-01-09 22:45:00,62.1
QUALITY_006,2026-01-09 22:45:00,84.903
QUALITY_007,2026-01-09 22:45:00,57.208
QUALITY_008,2026-01-09 22:45:00,85.139
QUALITY_001,2026-01-09 23:00:00,28.404
QUALITY_002,2026-01-09 23:00:00,40.521
QUALITY_003,2026-01-09 23:00:00,56.909
QUALITY_004,2026-01-09 23:00:00,43.261
QUALITY_005,2026-01-09 23:00:00,60.358
QUALITY_006,2026-01-09 23:00:00,80.223
QUALITY_007,2026-01-09 23:00:00,58.571
QUALITY_008,2026-01-09 23:00:00,80.783
QUALITY_001,2026-01-09 23:15:00,27.83
QUALITY_002,2026-01-09 23:15:00,40.467
QUALITY_003,2026-01-09 23:15:00,53.934
QUALITY_004,2026-01-09 23:15:00,43.985
QUALITY_005,2026-01-09 23:15:00,59.223
QUALITY_006,2026-01-09 23:15:00,79.136
QUALITY_007,2026-01-09 23:15:00,60.054
QUALITY_008,2026-01-09 23:15:00,79.176
QUALITY_001,2026-01-09 23:30:00,28.008
QUALITY_002,2026-01-09 23:30:00,39.628
QUALITY_003,2026-01-09 23:30:00,52.42
QUALITY_004,2026-01-09 23:30:00,43.004
QUALITY_005,2026-01-09 23:30:00,58.637
QUALITY_006,2026-01-09 23:30:00,75.268
QUALITY_007,2026-01-09 23:30:00,58.433
QUALITY_008,2026-01-09 23:30:00,77.322
QUALITY_001,2026-01-09 23:45:00,27.613
QUALITY_002,2026-01-09 23:45:00,38.829
QUALITY_003,2026-01-09 23:45:00,52.813
QUALITY_004,2026-01-09 23:45:00,43.035
QUALITY_005,2026-01-09 23:45:00,57.107
QUALITY_006,2026-01-09 23:45:00,74.712
QUALITY_007,2026-01-09 23:45:00,61.239
QUALITY_008,2026-01-09 23:45:00,74.603
QUALITY_001,2026-01-10 00:00:00,25.823
QUALITY_002,2026-01-10 00:00:00,29.099
QUALITY_003,2026-01-10 00:00:00,71.208
QUALITY_004,2026-01-10 00:00:00,39.596
QUALITY_005,2026-01-10 00:00:00,43.671
QUALITY_006,2026-01-10 00:00:00,103.302
QUALITY_007,2026-01-10 00:00:00,52.111
QUALITY_008,2026-01-10 00:00:00,59.096
QUALITY_001,2026-01-10 00:15:00,25.328
QUALITY_002,2026-01-10 00:15:00,30.067
QUALITY_003,2026-01-10 00:15:00,71.786
QUALITY_004,2026-01-10 00:15:00,40.42
QUALITY_005,2026-01-10 00:15:00,44.485
QUALITY_006,2026-01-10 00:15:00,103.015
QUALITY_007,2026-01-10 00:15:00,53.661
QUALITY_008,2026-01-10 00:15:00,57.38
QUALITY_001,2026-01-10 00:30:00,24.871
QUALITY_002,2026-01-10 00:30:00,29.598
QUALITY_003,2026-01-10 00:30:00,72.884
QUALITY_004,2026-01-10 00:30:00,39.619
QUALITY_005,2026-01-10 00:30:00,43.185
QUALITY_006,2026-01-10 00:30:00,103.61
QUALITY_007,2026-01-10 00:30:00,53.146
QUALITY_008,2026-01-10 00:30:00,57.09
QUALITY_001,2026-01-10 00:45:00,25.408
QUALITY_002,2026-01-10 00:45:00,29.687
QUALITY_003,2026-01-10 00:45:00,71.629
QUALITY_004,2026-01-10 00:45:00,39.391
QUALITY_005,2026-01-10 00:45:00,41.891
QUALITY_006,2026-01-10 00:45:00,101.775
QUALITY_007,2026-01-10 00:45:00,54.143
QUALITY_008,2026-01-10 00:45:00,55.465
QUALITY_001,2026-01-10 01:00:00,25.201
QUALITY_002,2026-01-10 01:00:00,29.683
QUALITY_003,2026-01-10 01:00:00,71.543
QUALITY_004,2026-01-10 01:00:00,41.911
QUALITY_005,2026-01-10 01:00:00,41.198
QUALITY_006,2026-01-10 01:00:00,103.689
QUALITY_007,2026-01-10 01:00:00,56.61
QUALITY_008,2026-01-10 01:00:00,56.654
QUALITY_001,2026-01-10 01:15:00,26.662
QUALITY_002,2026-01-10 01:15:00,28.604
QUALITY_003,2026-01-10 01:15:00,71.48
QUALITY_004,2026-01-10 01:15:00,40.021
QUALITY_005,2026-01-10 01:15:00,41.598
QUALITY_006,2026-01-10 01:15:00,102.231
QUALITY_007,2026-01-10 01:15:00,57.646
QUALITY_008,2026-01-10 01:15:00,55.7
QUALITY_001,2026-01-10 01:30:00,25.79
QUALITY_002,2026-01-10 01:30:00,28.214
QUALITY_003,2026-01-10 01:30:00,69.87
QUALITY_004,2026-01-10 01:30:00,42.937
QUALITY_005,2026-01-10 01:30:00,42.037
QUALITY_006,2026-01-10 01:30:00,99.088
QUALITY_007,2026-01-10 01:30:00,57.605
QUALITY_008,2026-01-10 01:30:00,55.021
QUALITY_001,2026-01-10 01:45:00,25.36
QUALITY_002,2026-01-10 01:45:00,28.5
QUALITY_003,2026-01-10 01:45:00,68.238
QUALITY_004,2026-01-10 01:45:00,42.909
QUALITY_005,2026-01-10 01:45:00,41.045
QUALITY_006,2026-01-10 01:45:00,99.505
QUALITY_007,2026-01-10 01:45:00,57.361
QUALITY_008,2026-01-10 01:45:00,55.706
QUALITY_001,2026-01-10 02:00:00,27.561
QUALITY_002,2026-01-10 02:00:00,28.842
QUALITY_003,2026-01-10 02:00:00,68.515
QUALITY_004,2026-01-10 02:00:00,42.449
QUALITY_005,2026-01-10 02:00:00,40.44
QUALITY_006,2026-01-10 02:00:00,95.989
QUALITY_007,2026-01-10 02:00:00,59.45
QUALITY_008,2026-01-10 02:00:00,56.236
QUALITY_001,2026-01-10 02:15:00,26.148
QUALITY_002,2026-01-10 02:15:00,26.676
QUALITY_003,2026-01-10 02:15:00,66.498
QUALITY_004,2026-01-10 02:15:00,42.986
QUALITY_005,2026-01-10 02:15:00,41.291
QUALITY_006,2026-01-10 02:15:00,94.834
QUALITY_007,2026-01-10 02:15:00,58.416
QUALITY_008,2026-01-10 02:15:00,54.68
QUALITY_001,2026-01-10 02:30:00,27.695
QUALITY_002,2026-01-10 02:30:00,28.472
QUALITY_003,2026-01-10 02:30:00,63.45
QUALITY_004,2026-01-10 02:30:00,43.197
QUALITY_005,2026-01-10 02:30:00,41.276
QUALITY_006,2026-01-10 02:30:00,93.036
QUALITY_007,2026-01-10 02:30:00,59.521
QUALITY_008,2026-01-10 02:30:00,53.55
QUALITY_001,2026-01-10 02:45:00,29.27
QUALITY_002,2026-01-10 02:45:00,27.176
QUALITY_003,2026-01-10 02:45:00,63.116
QUALITY_004,2026-01-10 02:45:00,45.171
QUALITY_005,2026-01-10 02:45:00,42.317
QUALITY_007,2026-01-10 02:45:00,60.519
QUALITY_008,2026-01-10 02:45:00,54.881
QUALITY_001,2026-01-10 03:00:00,27.721
QUALITY_002,2026-01-10 03:00:00,28.515
QUALITY_003,2026-01-10 03:00:00,60.681
QUALITY_004,2026-01-10 03:00:00,46.488
QUALITY_005,2026-01-10 03:00:00,41.601
QUALITY_006,2026-01-10 03:00:00,86.572
QUALITY_007,2026-01-10 03:00:00,61.559
QUALITY_008,2026-01-10 03:00:00,55.314
QUALITY_001,2026-01-10 03:15:00,27.987
QUALITY_002,2026-01-10 03:15:00,28.05
QUALITY_003,2026-01-10 03:15:00,59.318
QUALITY_004,2026-01-10 03:15:00,46.607
QUALITY_005,2026-01-10 03:15:00,41.401
QUALITY_006,2026-01-10 03:15:00,83.385
QUALITY_007,2026-01-10 03:15:00,64.087
QUALITY_008,2026-01-10 03:15:00,55.867
QUALITY_001,2026-01-10 03:30:00,28.179
QUALITY_002,2026-01-10 03:30:00,27.658
QUALITY_003,2026-01-10 03:30:00,55.746
QUALITY_004,2026-01-10 03:30:00,46.925
QUALITY_005,2026-01-10 03:30:00,42.129
QUALITY_006,2026-01-10 03:30:00,82.111
QUALITY_007,2026-01-10 03:30:00,62.817
QUALITY_008,2026-01-10 03:30:00,54.903
QUALITY_001,2026-01-10 03:45:00,31.161
QUALITY_002,2026-01-10 03:45:00,27.144
QUALITY_003,2026-01-10 03:45:00,54.118
QUALITY_004,2026-01-10 03:45:00,46.715
QUALITY_005,2026-01-10 03:45:00,42.515
QUALITY_006,2026-01-10 03:45:00,77.083
QUALITY_007,2026-01-10 03:45:00,64.181
QUALITY_008,2026-01-10 03:45:00,53.868
QUALITY_001,2026-01-10 04:00:00,31.755
QUALITY_002,2026-01-10 04:00:00,28.002
QUALITY_003,2026-01-10 04:00:00,52.157
QUALITY_004,2026-01-10 04:00:00,48.441
QUALITY_005,2026-01-10 04:00:00,42.806
QUALITY_006,2026-01-10 04:00:00,76.592
QUALITY_007,2026-01-10 04:00:00,66.7
QUALITY_008,2026-01-10 04:00:00,56.093
QUALITY_001,2026-01-10 04:15:00,31.701
QUALITY_002,2026-01-10 04:15:00,29.285
QUALITY_003,2026-01-10 04:15:00,51.663
QUALITY_004,2026-01-10 04:15:00,49.449
QUALITY_005,2026-01-10 04:15:00,41.988
QUALITY_006,2026-01-10 04:15:00,74.649
QUALITY_007,2026-01-10 04:15:00,68.878
QUALITY_008,2026-01-10 04:15:00,53.829
QUALITY_001,2026-01-10 04:30:00,33.055
QUALITY_002,2026-01-10 04:30:00,26.798
QUALITY_003,2026-01-10 04:30:00,51.652
QUALITY_004,2026-01-10 04:30:00,50.587
QUALITY_005,2026-01-10 04:30:00,40.787
QUALITY_006,2026-01-10 04:30:00,72.072
QUALITY_007,2026-01-10 04:30:00,68.24
QUALITY_008,2026-01-10 04:30:00,55.963
QUALITY_001,2026-01-10 04:45:00,32.501
QUALITY_002,2026-01-10 04:45:00,28.541
QUALITY_003,2026-01-10 04:45:00,47.81
QUALITY_004,2026-01-10 04:45:00,52.287
QUALITY_005,2026-01-10 04:45:00,42.864
QUALITY_006,2026-01-10 04:45:00,68.655
QUALITY_007,2026-01-10 04:45:00,70.864
QUALITY_008,2026-01-10 04:45:00,54.513
QUALITY_001,2026-01-10 05:00:00,34.82
QUALITY_002,2026-01-10 05:00:00,29.374
QUALITY_003,2026-01-10 05:00:00,47.926
QUALITY_004,2026-01-10 05:00:00,54.734
QUALITY_005,2026-01-10 05:00:00,41.516
QUALITY_006,2026-01-10 05:00:00,66.918
QUALITY_007,2026-01-10 05:00:00,73.688
QUALITY_008,2026-01-10 05:00:00,56.481
QUALITY_001,2026-01-10 05:15:00,34.078
QUALITY_002,2026-01-10 05:15:00,29.89
QUALITY_003,2026-01-10 05:15:00,46.33
QUALITY_004,2026-01-10 05:15:00,54.758
QUALITY_005,2026-01-10 05:15:00,43.262
QUALITY_006,2026-01-10 05:15:00,65.425
QUALITY_007,2026-01-10 05:15:00,76.361
QUALITY_008,2026-01-10 05:15:00,57.623
QUALITY_001,2026-01-10 05:30:00,36.444
QUALITY_003,2026-01-10 05:30:00,46.396
QUALITY_004,2026-01-10 05:30:00,57.694
QUALITY_005,2026-01-10 05:30:00,42.351
QUALITY_006,2026-01-10 05:30:00,65.71
QUALITY_007,2026-01-10 05:30:00,77.896
QUALITY_008,2026-01-10 05:30:00,56.887
QUALITY_001,2026-01-10 05:45:00,37.819
QUALITY_002,2026-01-10 05:45:00,27.78
QUALITY_003,2026-01-10 05:45:00,44.354
QUALITY_004,2026-01-10 05:45:00,59.21
QUALITY_005,2026-01-10 05:45:00,44.076
QUALITY_006,2026-01-10 05:45:00,62.163
QUALITY_007,2026-01-10 05:45:00,80.686
QUALITY_008,2026-01-10 05:45:00,56.526
QUALITY_001,2026-01-10 06:00:00,39.94
QUALITY_002,2026-01-10 06:00:00,28.936
QUALITY_003,2026-01-10 06:00:00,44.235
QUALITY_004,2026-01-10 06:00:00,62.104
QUALITY_005,2026-01-10 06:00:00,43.93
QUALITY_006,2026-01-10 06:00:00,61.051
QUALITY_007,2026-01-10 06:00:00,84.53
QUALITY_008,2026-01-10 06:00:00,58.832
QUALITY_001,2026-01-10 06:15:00,41.055
QUALITY_002,2026-01-10 06:15:00,28.334
QUALITY_003,2026-01-10 06:15:00,42.89
QUALITY_004,2026-01-10 06:15:00,63.782
QUALITY_005,2026-01-10 06:15:00,44.799
QUALITY_006,2026-01-10 06:15:00,59.953
QUALITY_007,2026-01-10 06:15:00,88.756
QUALITY_008,2026-01-10 06:15:00,59.323
QUALITY_001,2026-01-10 06:30:00,42.928
QUALITY_002,2026-01-10 06:30:00,30.235
QUALITY_003,2026-01-10 06:30:00,42.705
QUALITY_004,2026-01-10 06:30:00,68.822
QUALITY_005,2026-01-10 06:30:00,45.461
QUALITY_006,2026-01-10 06:30:00,59.348
QUALITY_007,2026-01-10 06:30:00,94.1
QUALITY_008,2026-01-10 06:30:00,60.093
QUALITY_001,2026-01-10 06:45:00,45.685
QUALITY_002,2026-01-10 06:45:00,29.428
QUALITY_003,2026-01-10 06:45:00,43.028
QUALITY_004,2026-01-10 06:45:00,69.975
QUALITY_005,2026-01-10 06:45:00,46.014
QUALITY_006,2026-01-10 06:45:00,60.904
QUALITY_007,2026-01-10 06:45:00,97.001
QUALITY_008,2026-01-10 06:45:00,59.691
QUALITY_001,2026-01-10 07:00:00,46.739
QUALITY_002,2026-01-10 07:00:00,29.833
QUALITY_003,2026-01-10 07:00:00,41.228
QUALITY_004,2026-01-10 07:00:00,74.198
QUALITY_005,2026-01-10 07:00:00,45.635
QUALITY_006,2026-01-10 07:00:00,60.287
QUALITY_007,2026-01-10 07:00:00,102.722
QUALITY_008,2026-01-10 07:00:00,61.793
QUALITY_001,2026-01-10 07:15:00,48.7
QUALITY_002,2026-01-10 07:15:00,31.27
QUALITY_003,2026-01-10 07:15:00,42.54
QUALITY_004,2026-01-10 07:15:00,76.669
QUALITY_005,2026-01-10 07:15:00,45.998
QUALITY_006,2026-01-10 07:15:00,58.135
QUALITY_007,2026-01-10 07:15:00,104.513
QUALITY_008,2026-01-10 07:15:00,61.702
QUALITY_001,2026-01-10 07:30:00,50.642
QUALITY_002,2026-01-10 07:30:00,32.36
QUALITY_003,2026-01-10 07:30:00,42.47
QUALITY_004,2026-01-10 07:30:00,79.006
QUALITY_005,2026-01-10 07:30:00,45.387
QUALITY_006,2026-01-10 07:30:00,57.19
QUALITY_007,2026-01-10 07:30:00,109.297
QUALITY_008,2026-01-10 07:30:00,63.129
QUALITY_001,2026-01-10 07:45:00,52.179
QUALITY_002,2026-01-10 07:45:00,30.881
QUALITY_003,2026-01-10 07:45:00,42.417
QUALITY_004,2026-01-10 07:45:00,82.214
QUALITY_005,2026-01-10 07:45:00,47.47
QUALITY_006,2026-01-10 07:45:00,58.985
QUALITY_007,2026-01-10 07:45:00,113.771
QUALITY_008,2026-01-10 07:45:00,63.084
QUALITY_001,2026-01-10 08:00:00,53.599
QUALITY_002,2026-01-10 08:00:00,31.806
QUALITY_003,2026-01-10 08:00:00,40.182
QUALITY_004,2026-01-10 08:00:00,86.106
QUALITY_005,2026-01-10 08:00:00,47.446
QUALITY_006,2026-01-10 08:00:00,58.955
QUALITY_007,2026-01-10 08:00:00,117.857
QUALITY_008,2026-01-10 08:00:00,64.446
QUALITY_001,2026-01-10 08:15:00,55.756
QUALITY_002,2026-01-10 08:15:00,31.39
QUALITY_003,2026-01-10 08:15:00,40.351
QUALITY_004,2026-01-10 08:15:00,88.647
QUALITY_005,2026-01-10 08:15:00,48.006
QUALITY_006,2026-01-10 08:15:00,59.174
QUALITY_007,2026-01-10 08:15:00,119.222
QUALITY_008,2026-01-10 08:15:00,65.481
QUALITY_001,2026-01-10 08:30:00,56.51
QUALITY_002,2026-01-10 08:30:00,33.102
QUALITY_003,2026-01-10 08:30:00,39.652
QUALITY_004,2026-01-10 08:30:00,88.704
QUALITY_005,2026-01-10 08:30:00,49.921
QUALITY_006,2026-01-10 08:30:00,58.993
QUALITY_007,2026-01-10 08:30:00,122.175
QUALITY_008,2026-01-10 08:30:00,66.684
QUALITY_001,2026-01-10 08:45:00,57.978
QUALITY_002,2026-01-10 08:45:00,33.205
QUALITY_003,2026-01-10 08:45:00,41.455
QUALITY_004,2026-01-10 08:45:00,90.893
QUALITY_005,2026-01-10 08:45:00,51.128
QUALITY_006,2026-01-10 08:45:00,58.096
QUALITY_007,2026-01-10 08:45:00,124.475
QUALITY_008,2026-01-10 08:45:00,65.814
QUALITY_001,2026-01-10 09:00:00,57.474
QUALITY_002,2026-01-10 09:00:00,32.704
QUALITY_003,2026-01-10 09:00:00,39.823
QUALITY_004,2026-01-10 09:00:00,92.276
QUALITY_005,2026-01-10 09:00:00,51.746
QUALITY_006,2026-01-10 09:00:00,58.797
QUALITY_007,2026-01-10 09:00:00,124.028
QUALITY_008,2026-01-10 09:00:00,66.502
QUALITY_001,2026-01-10 09:15:00,56.314
QUALITY_002,2026-01-10 09:15:00,33.795
QUALITY_003,2026-01-10 09:15:00,40.224
QUALITY_004,2026-01-10 09:15:00,90.585
QUALITY_005,2026-01-10 09:15:00,51.701
QUALITY_006,2026-01-10 09:15:00,58.404
QUALITY_007,2026-01-10 09:15:00,123.337
QUALITY_008,2026-01-10 09:15:00,67.795
QUALITY_001,2026-01-10 09:30:00,57.664
QUALITY_002,2026-01-10 09:30:00,34.158
QUALITY_003,2026-01-10 09:30:00,42.832
QUALITY_004,2026-01-10 09:30:00,90.686
QUALITY_005,2026-01-10 09:30:00,51.067
QUALITY_006,2026-01-10 09:30:00,60.195
QUALITY_007,2026-01-10 09:30:00,125.399
QUALITY_008,2026-01-10 09:30:00,69.546
QUALITY_001,2026-01-10 09:45:00,57.101
QUALITY_002,2026-01-10 09:45:00,36.629
QUALITY_003,2026-01-10 09:45:00,43.158
QUALITY_004,2026-01-10 09:45:00,91.024
QUALITY_005,2026-01-10 09:45:00,53.463
QUALITY_006,2026-01-10 09:45:00,60.647
QUALITY_007,2026-01-10 09:45:00,121.557
QUALITY_008,2026-01-10 09:45:00,70.377
QUALITY_001,2026-01-10 10:00:00,54.964
QUALITY_002,2026-01-10 10:00:00,37.246
QUALITY_003,2026-01-10 10:00:00,42.05
QUALITY_004,2026-01-10 10:00:00,88.277
QUALITY_005,2026-01-10 10:00:00,54.398
QUALITY_006,2026-01-10 10:00:00,61.106
QUALITY_007,2026-01-10 10:00:00,119.992
QUALITY_008,2026-01-10 10:00:00,71.169
QUALITY_001,2026-01-10 10:15:00,54.968
QUALITY_002,2026-01-10 10:15:00,37.794
QUALITY_003,2026-01-10 10:15:00,41.493
QUALITY_004,2026-01-10 10:15:00,87.687
QUALITY_005,2026-01-10 10:15:00,54.839
QUALITY_006,2026-01-10 10:15:00,61.086
QUALITY_007,2026-01-10 10:15:00,119.154
QUALITY_008,2026-01-10 10:15:00,75.037
QUALITY_001,2026-01-10 10:30:00,52.847
QUALITY_002,2026-01-10 10:30:00,37.307
QUALITY_003,2026-01-10 10:30:00,41.967
QUALITY_004,2026-01-10 10:30:00,84.175
QUALITY_005,2026-01-10 10:30:00,56.887
QUALITY_006,2026-01-10 10:30:00,60.323
QUALITY_007,2026-01-10 10:30:00,115.578
QUALITY_008,2026-01-10 10:30:00,76.928
QUALITY_001,2026-01-10 10:45:00,51.152
QUALITY_002,2026-01-10 10:45:00,40.636
QUALITY_003,2026-01-10 10:45:00,42.719
QUALITY_004,2026-01-10 10:45:00,84.094
QUALITY_005,2026-01-10 10:45:00,59.016
QUALITY_006,2026-01-10 10:45:00,59.915
QUALITY_007,2026-01-10 10:45:00,112.795
QUALITY_008,2026-01-10 10:45:00,76.473
QUALITY_001,2026-01-10 11:00:00,50.549
QUALITY_002,2026-01-10 11:00:00,39.372
QUALITY_003,2026-01-10 11:00:00,43.907
QUALITY_004,2026-01-10 11:00:00,82.143
QUALITY_005,2026-01-10 11:00:00,61.2
QUALITY_006,2026-01-10 11:00:00,61.373
QUALITY_007,2026-01-10 11:00:00,111.603
QUALITY_008,2026-01-10 11:00:00,79.951
QUALITY_001,2026-01-10 11:15:00,51.084
QUALITY_002,2026-01-10 11:15:00,42.104
QUALITY_003,2026-01-10 11:15:00,43.238
QUALITY_004,2026-01-10 11:15:00,78.657
QUALITY_005,2026-01-10 11:15:00,63.523
QUALITY_006,2026-01-10 11:15:00,61.206
QUALITY_007,2026-01-10 11:15:00,108.184
QUALITY_008,2026-01-10 11:15:00,81.835
QUALITY_001,2026-01-10 11:30:00,47.761
QUALITY_002,2026-01-10 11:30:00,44.375
QUALITY_003,2026-01-10 11:30:00,43.42
QUALITY_004,2026-01-10 11:30:00,78.317
QUALITY_005,2026-01-10 11:30:00,63.336
QUALITY_006,2026-01-10 11:30:00,62.45
QUALITY_007,2026-01-10 11:30:00,106.005
QUALITY_008,2026-01-10 11:30:00,85.252
QUALITY_001,2026-01-10 11:45:00,47.829
QUALITY_002,2026-01-10 11:45:00,44.494
QUALITY_003,2026-01-10 11:45:00,45.66
QUALITY_004,2026-01-10 11:45:00,76.319
QUALITY_005,2026-01-10 11:45:00,66.643
QUALITY_006,2026-01-10 11:45:00,62.709
QUALITY_007,2026-01-10 11:45:00,103.069
QUALITY_008,2026-01-10 11:45:00,87.989
QUALITY_001,2026-01-10 12:00:00,47.365
QUALITY_002,2026-01-10 12:00:00,46.018
QUALITY_003,2026-01-10 12:00:00,44.197
QUALITY_004,2026-01-10 12:00:00,75.424
QUALITY_006,2026-01-10 12:00:00,65.834
QUALITY_007,2026-01-10 12:00:00,102.963
QUALITY_008,2026-01-10 12:00:00,91.758
QUALITY_001,2026-01-10 12:15:00,45.972
QUALITY_002,2026-01-10 12:15:00,48.592
QUALITY_003,2026-01-10 12:15:00,46.002
QUALITY_004,2026-01-10 12:15:00,71.99
QUALITY_005,2026-01-10 12:15:00,74.027
QUALITY_006,2026-01-10 12:15:00,64.363
QUALITY_007,2026-01-10 12:15:00,100.564
QUALITY_008,2026-01-10 12:15:00,98.149
QUALITY_001,2026-01-10 12:30:00,46.56
QUALITY_002,2026-01-10 12:30:00,49.911
QUALITY_003,2026-01-10 12:30:00,46.16
QUALITY_004,2026-01-10 12:30:00,72.092
QUALITY_005,2026-01-10 12:30:00,77.332
QUALITY_006,2026-01-10 12:30:00,64.76
QUALITY_007,2026-01-10 12:30:00,98.625
QUALITY_008,2026-01-10 12:30:00,102.074
QUALITY_001,2026-01-10 12:45:00,43.741
QUALITY_002,2026-01-10 12:45:00,53.691
QUALITY_003,2026-01-10 12:45:00,47.265
QUALITY_004,2026-01-10 12:45:00,69.901
QUALITY_005,2026-01-10 12:45:00,80.545
QUALITY_006,2026-01-10 12:45:00,66.035
QUALITY_007,2026-01-10 12:45:00,97.876
QUALITY_008,2026-01-10 12:45:00,105.887
QUALITY_001,2026-01-10 13:00:00,43.073
QUALITY_002,2026-01-10 13:00:00,56.517
QUALITY_003,2026-01-10 13:00:00,46.492
QUALITY_004,2026-01-10 13:00:00,70.456
QUALITY_005,2026-01-10 13:00:00,82.31
QUALITY_006,2026-01-10 13:00:00,66.3
QUALITY_007,2026-01-10 13:00:00,94.815
QUALITY_008,2026-01-10 13:00:00,111.331
QUALITY_001,2026-01-10 13:15:00,44.737
QUALITY_002,2026-01-10 13:15:00,59.06
QUALITY_003,2026-01-10 13:15:00,48.054
QUALITY_004,2026-01-10 13:15:00,70.037
QUALITY_005,2026-01-10 13:15:00,85.498
QUALITY_006,2026-01-10 13:15:00,67.27
QUALITY_007,2026-01-10 13:15:00,94.526
QUALITY_008,2026-01-10 13:15:00,114.399
QUALITY_001,2026-01-10 13:30:00,43.316
QUALITY_002,2026-01-10 13:30:00,60.239
QUALITY_003,2026-01-10 13:30:00,49.849
QUALITY_004,2026-01-10 13:30:00,68.099
QUALITY_005,2026-01-10 13:30:00,89.816
QUALITY_006,2026-01-10 13:30:00,69.418
QUALITY_007,2026-01-10 13:30:00,93.573
QUALITY_008,2026-01-10 13:30:00,119.739
QUALITY_001,2026-01-10 13:45:00,41.304
QUALITY_002,2026-01-10 13:45:00,61.816
QUALITY_003,2026-01-10 13:45:00,48.348
QUALITY_004,2026-01-10 13:45:00,66.234
QUALITY_005,2026-01-10 13:45:00,91.775
QUALITY_006,2026-01-10 13:45:00,69.793
QUALITY_007,2026-01-10 13:45:00,91.069
QUALITY_008,2026-01-10 13:45:00,123.557
QUALITY_001,2026-01-10 14:00:00,40.617
QUALITY_002,2026-01-10 14:00:00,63.196
QUALITY_003,2026-01-10 14:00:00,48.775
QUALITY_004,2026-01-10 14:00:00,67.168
QUALITY_005,2026-01-10 14:00:00,94.492
QUALITY_006,2026-01-10 14:00:00,71.566
QUALITY_007,2026-01-10 14:00:00,91.799
QUALITY_008,2026-01-10 14:00:00,127.815
QUALITY_001,2026-01-10 14:15:00,41.344
QUALITY_002,2026-01-10 14:15:00,65.959
QUALITY_003,2026-01-10 14:15:00,51.769
QUALITY_004,2026-01-10 14:15:00,64.113
QUALITY_005,2026-01-10 14:15:00,97.377
QUALITY_006,2026-01-10 14:15:00,71.878
QUALITY_007,2026-01-10 14:15:00,89.923
QUALITY_008,2026-01-10 14:15:00,129.422
QUALITY_001,2026-01-10 14:30:00,41.204
QUALITY_002,2026-01-10 14:30:00,67.902
QUALITY_003,2026-01-10 14:30:00,50.413
QUALITY_004,2026-01-10 14:30:00,64.96
QUALITY_005,2026-01-10 14:30:00,101.351
QUALITY_006,2026-01-10 14:30:00,72.1
QUALITY_007,2026-01-10 14:30:00,86.594
QUALITY_008,2026-01-10 14:30:00,131.8
QUALITY_002,2026-01-10 14:45:00,67.174
QUALITY_003,2026-01-10 14:45:00,51.277
QUALITY_004,2026-01-10 14:45:00,61.981
QUALITY_005,2026-01-10 14:45:00,101.774
QUALITY_006,2026-01-10 14:45:00,74.105
QUALITY_007,2026-01-10 14:45:00,84.978
QUALITY_008,2026-01-10 14:45:00,134.252
QUALITY_001,2026-01-10 15:00:00,37.454
QUALITY_002,2026-01-10 15:00:00,68.531
QUALITY_003,2026-01-10 15:00:00,52.635
QUALITY_004,2026-01-10 15:00:00,61.657
QUALITY_005,2026-01-10 15:00:00,102.584
QUALITY_006,2026-01-10 15:00:00,76.179
QUALITY_007,2026-01-10 15:00:00,82.436
QUALITY_008,2026-01-10 15:00:00,135.78
QUALITY_001,2026-01-10 15:15:00,36.435
QUALITY_002,2026-01-10 15:15:00,68.621
QUALITY_003,2026-01-10 15:15:00,53.906
QUALITY_004,2026-01-10 15:15:00,60.138
QUALITY_005,2026-01-10 15:15:00,101.972
QUALITY_006,2026-01-10 15:15:00,75.433
QUALITY_007,2026-01-10 15:15:00,82.985
QUALITY_008,2026-01-10 15:15:00,136.961
QUALITY_001,2026-01-10 15:30:00,36.665
QUALITY_002,2026-01-10 15:30:00,69.754
QUALITY_003,2026-01-10 15:30:00,53.119
QUALITY_004,2026-01-10 15:30:00,57.331
QUALITY_005,2026-01-10 15:30:00,101.387
QUALITY_006,2026-01-10 15:30:00,77.434
QUALITY_007,2026-01-10 15:30:00,79.827
QUALITY_008,2026-01-10 15:30:00,133.872
QUALITY_001,2026-01-10 15:45:00,35.207
QUALITY_002,2026-01-10 15:45:00,67.447
QUALITY_003,2026-01-10 15:45:00,54.602
QUALITY_004,2026-01-10 15:45:00,57.54
QUALITY_005,2026-01-10 15:45:00,102.148
QUALITY_006,2026-01-10 15:45:00,77.813
QUALITY_007,2026-01-10 15:45:00,75.848
QUALITY_008,2026-01-10 15:45:00,134.661
QUALITY_001,2026-01-10 16:00:00,34.145
QUALITY_002,2026-01-10 16:00:00,66.642
QUALITY_003,2026-01-10 16:00:00,57.159
QUALITY_004,2026-01-10 16:00:00,54.983
QUALITY_005,2026-01-10 16:00:00,98.859
QUALITY_006,2026-01-10 16:00:00,80.126
QUALITY_007,2026-01-10 16:00:00,73.638
QUALITY_008,2026-01-10 16:00:00,132.072
QUALITY_001,2026-01-10 16:15:00,32.092
QUALITY_002,2026-01-10 16:15:00,66.826
QUALITY_003,2026-01-10 16:15:00,58.987
QUALITY_004,2026-01-10 16:15:00,54.044
QUALITY_005,2026-01-10 16:15:00,97.569
QUALITY_006,2026-01-10 16:15:00,81.834
QUALITY_007,2026-01-10 16:15:00,71.038
QUALITY_008,2026-01-10 16:15:00,130.027
QUALITY_001,2026-01-10 16:30:00,31.865
QUALITY_002,2026-01-10 16:30:00,63.857
QUALITY_003,2026-01-10 16:30:00,60.01
QUALITY_004,2026-01-10 16:30:00,52.404
QUALITY_005,2026-01-10 16:30:00,94.766
QUALITY_006,2026-01-10 16:30:00,85.741
QUALITY_007,2026-01-10 16:30:00,70.335
QUALITY_008,2026-01-10 16:30:00,127.916
QUALITY_001,2026-01-10 16:45:00,30.679
QUALITY_002,2026-01-10 16:45:00,63.836
QUALITY_003,2026-01-10 16:45:00,61.932
QUALITY_004,2026-01-10 16:45:00,48.75
QUALITY_005,2026-01-10 16:45:00,92.448
QUALITY_006,2026-01-10 16:45:00,87.367
QUALITY_007,2026-01-10 16:45:00,68.452
QUALITY_008,2026-01-10 16:45:00,125.167
QUALITY_001,2026-01-10 17:00:00,31.264
QUALITY_002,2026-01-10 17:00:00,62.503
QUALITY_003,2026-01-10 17:00:00,63.794
QUALITY_004,2026-01-10 17:00:00,46.748
QUALITY_005,2026-01-10 17:00:00,90.725
QUALITY_006,2026-01-10 17:00:00,92.527
QUALITY_007,2026-01-10 17:00:00,66.625
QUALITY_008,2026-01-10 17:00:00,120.501
QUALITY_001,2026-01-10 17:15:00,29.791
QUALITY_002,2026-01-10 17:15:00,59.249
QUALITY_003,2026-01-10 17:15:00,68.207
QUALITY_004,2026-01-10 17:15:00,47
QUALITY_005,2026-01-10 17:15:00,90.095
QUALITY_006,2026-01-10 17:15:00,95.346
QUALITY_007,2026-01-10 17:15:00,63.392
QUALITY_008,2026-01-10 17:15:00,118.928
QUALITY_001,2026-01-10 17:30:00,29.612
QUALITY_002,2026-01-10 17:30:00,59.219
QUALITY_003,2026-01-10 17:30:00,70.183
QUALITY_004,2026-01-10 17:30:00,44.922
QUALITY_005,2026-01-10 17:30:00,87.08
QUALITY_006,2026-01-10 17:30:00,99.959
QUALITY_007,2026-01-10 17:30:00,60.519
QUALITY_008,2026-01-10 17:30:00,116.69
QUALITY_001,2026-01-10 17:45:00,26.74
QUALITY_002,2026-01-10 17:45:00,57.086
QUALITY_003,2026-01-10 17:45:00,73.258
QUALITY_004,2026-01-10 17:45:00,42.447
QUALITY_005,2026-01-10 17:45:00,84.752
QUALITY_006,2026-01-10 17:45:00,105.223
QUALITY_007,2026-01-10 17:45:00,59.015
QUALITY_008,2026-01-10 17:45:00,112.909
QUALITY_001,2026-01-10 18:00:00,26.201
QUALITY_002,2026-01-10 18:00:00,55.535
QUALITY_003,2026-01-10 18:00:00,76.371
QUALITY_004,2026-01-10 18:00:00,42.186
QUALITY_005,2026-01-10 18:00:00,82.939
QUALITY_006,2026-01-10 18:00:00,111.05
QUALITY_007,2026-01-10 18:00:00,57.094
QUALITY_008,2026-01-10 18:00:00,109.92
QUALITY_001,2026-01-10 18:15:00,25.225
QUALITY_002,2026-01-10 18:15:00,53.774
QUALITY_003,2026-01-10 18:15:00,81.604
QUALITY_004,2026-01-10 18:15:00,41.491
QUALITY_005,2026-01-10 18:15:00,80.872
QUALITY_006,2026-01-10 18:15:00,116.541
QUALITY_007,2026-01-10 18:15:00,56.276
QUALITY_008,2026-01-10 18:15:00,110.139
QUALITY_001,2026-01-10 18:30:00,24.616
QUALITY_002,2026-01-10 18:30:00,53.157
QUALITY_003,2026-01-10 18:30:00,85
QUALITY_004,2026-01-10 18:30:00,40.878
QUALITY_005,2026-01-10 18:30:00,80.73
QUALITY_006,2026-01-10 18:30:00,120.33
QUALITY_007,2026-01-10 18:30:00,55.273
QUALITY_001,2026-01-10 18:45:00,24.394
QUALITY_002,2026-01-10 18:45:00,52.2
QUALITY_003,2026-01-10 18:45:00,90.52
QUALITY_004,2026-01-10 18:45:00,38.58
QUALITY_005,2026-01-10 18:45:00,78.41
QUALITY_006,2026-01-10 18:45:00,127.803
QUALITY_007,2026-01-10 18:45:00,55.4
QUALITY_008,2026-01-10 18:45:00,104.505
QUALITY_001,2026-01-10 19:00:00,25.888
QUALITY_002,2026-01-10 19:00:00,53.721
QUALITY_003,2026-01-10 19:00:00,92.712
QUALITY_004,2026-01-10 19:00:00,38.174
QUALITY_005,2026-01-10 19:00:00,77.547
QUALITY_006,2026-01-10 19:00:00,132.06
QUALITY_007,2026-01-10 19:00:00,52.549
QUALITY_008,2026-01-10 19:00:00,104.649
QUALITY_001,2026-01-10 19:15:00,24.874
QUALITY_002,2026-01-10 19:15:00,52.94
QUALITY_003,2026-01-10 19:15:00,96.345
QUALITY_004,2026-01-10 19:15:00,39.841
QUALITY_005,2026-01-10 19:15:00,77.367
QUALITY_006,2026-01-10 19:15:00,134.881
QUALITY_007,2026-01-10 19:15:00,53.272
QUALITY_008,2026-01-10 19:15:00,101.893
QUALITY_001,2026-01-10 19:30:00,23.396
QUALITY_002,2026-01-10 19:30:00,52.707
QUALITY_003,2026-01-10 19:30:00,96.759
QUALITY_004,2026-01-10 19:30:00,38.564
QUALITY_005,2026-01-10 19:30:00,76.882
QUALITY_006,2026-01-10 19:30:00,139.341
QUALITY_007,2026-01-10 19:30:00,52.615
QUALITY_008,2026-01-10 19:30:00,102.357
QUALITY_001,2026-01-10 19:45:00,24.166
QUALITY_002,2026-01-10 19:45:00,49.667
QUALITY_003,2026-01-10 19:45:00,99.993
QUALITY_004,2026-01-10 19:45:00,36.911
QUALITY_005,2026-01-10 19:45:00,76.426
QUALITY_006,2026-01-10 19:45:00,140.184
QUALITY_007,2026-01-10 19:45:00,52.772
QUALITY_008,2026-01-10 19:45:00,99.141
QUALITY_001,2026-01-10 20:00:00,24.675
QUALITY_002,2026-01-10 20:00:00,51.046
QUALITY_003,2026-01-10 20:00:00,100.306
QUALITY_004,2026-01-10 20:00:00,37.268
QUALITY_005,2026-01-10 20:00:00,74.388
QUALITY_006,2026-01-10 20:00:00,143.185
QUALITY_007,2026-01-10 20:00:00,50.726
QUALITY_008,2026-01-10 20:00:00,99.079
QUALITY_001,2026-01-10 20:15:00,24.469
QUALITY_002,2026-01-10 20:15:00,48.995
QUALITY_003,2026-01-10 20:15:00,100.12
QUALITY_004,2026-01-10 20:15:00,37.18
QUALITY_005,2026-01-10 20:15:00,71.82
QUALITY_006,2026-01-10 20:15:00,142.267
QUALITY_007,2026-01-10 20:15:00,51.304
QUALITY_008,2026-01-10 20:15:00,97.521
QUALITY_001,2026-01-10 20:30:00,22.908
QUALITY_002,2026-01-10 20:30:00,48.067
QUALITY_003,2026-01-10 20:30:00,96.938
QUALITY_004,2026-01-10 20:30:00,36.969
QUALITY_005,2026-01-10 20:30:00,72.612
QUALITY_006,2026-01-10 20:30:00,137.841
QUALITY_007,2026-01-10 20:30:00,51.233
QUALITY_008,2026-01-10 20:30:00,94.331
QUALITY_001,2026-01-10 20:45:00,24.075
QUALITY_002,2026-01-10 20:45:00,48.151
QUALITY_003,2026-01-10 20:45:00,96.979
QUALITY_004,2026-01-10 20:45:00,35.425
QUALITY_005,2026-01-10 20:45:00,70.733
QUALITY_006,2026-01-10 20:45:00,136.151
QUALITY_007,2026-01-10 20:45:00,50.536
QUALITY_008,2026-01-10 20:45:00,92.885
QUALITY_001,2026-01-10 21:00:00,22.788
QUALITY_002,2026-01-10 21:00:00,46.411
QUALITY_003,2026-01-10 21:00:00,93.048
QUALITY_004,2026-01-10 21:00:00,37.043
QUALITY_005,2026-01-10 21:00:00,68.172
QUALITY_006,2026-01-10 21:00:00,132.393
QUALITY_007,2026-01-10 21:00:00,51.017
QUALITY_008,2026-01-10 21:00:00,90.041
QUALITY_001,2026-01-10 21:15:00,23.2
QUALITY_002,2026-01-10 21:15:00,45.602
QUALITY_003,2026-01-10 21:15:00,90.282
QUALITY_005,2026-01-10 21:15:00,66.741
QUALITY_006,2026-01-10 21:15:00,126.662
QUALITY_007,2026-01-10 21:15:00,49.872
QUALITY_008,2026-01-10 21:15:00,88.952
QUALITY_001,2026-01-10 21:30:00,21.886
QUALITY_002,2026-01-10 21:30:00,44.278
QUALITY_003,2026-01-10 21:30:00,85.693
QUALITY_004,2026-01-10 21:30:00,36.851
QUALITY_005,2026-01-10 21:30:00,64.025
QUALITY_006,2026-01-10 21:30:00,121.252
QUALITY_007,2026-01-10 21:30:00,50.939
QUALITY_008,2026-01-10 21:30:00,86.327
QUALITY_001,2026-01-10 21:45:00,23.676
QUALITY_002,2026-01-10 21:45:00,41.669
QUALITY_003,2026-01-10 21:45:00,82.496
QUALITY_004,2026-01-10 21:45:00,37.321
QUALITY_005,2026-01-10 21:45:00,64.636
QUALITY_006,2026-01-10 21:45:00,116.805
QUALITY_007,2026-01-10 21:45:00,51.359
QUALITY_008,2026-01-10 21:45:00,84.777
QUALITY_001,2026-01-10 22:00:00,23.998
QUALITY_002,2026-01-10 22:00:00,40.408
QUALITY_003,2026-01-10 22:00:00,77.422
QUALITY_004,2026-01-10 22:00:00,36.486
QUALITY_005,2026-01-10 22:00:00,62.375
QUALITY_006,2026-01-10 22:00:00,111.107
QUALITY_007,2026-01-10 22:00:00,50.067
QUALITY_008,2026-01-10 22:00:00,81.646
QUALITY_001,2026-01-10 22:15:00,22.3
QUALITY_002,2026-01-10 22:15:00,39.913
QUALITY_003,2026-01-10 22:15:00,72.788
QUALITY_004,2026-01-10 22:15:00,37.788
QUALITY_005,2026-01-10 22:15:00,60.786
QUALITY_006,2026-01-10 22:15:00,105.209
QUALITY_007,2026-01-10 22:15:00,51.93
QUALITY_008,2026-01-10 22:15:00,78.948
QUALITY_001,2026-01-10 22:30:00,23.61
QUALITY_002,2026-01-10 22:30:00,38.369
QUALITY_003,2026-01-10 22:30:00,71.245
QUALITY_004,2026-01-10 22:30:00,36.54
QUALITY_005,2026-01-10 22:30:00,58.168
QUALITY_006,2026-01-10 22:30:00,98.815
QUALITY_007,2026-01-10 22:30:00,49.935
QUALITY_008,2026-01-10 22:30:00,75.159
QUALITY_001,2026-01-10 22:45:00,24.305
QUALITY_002,2026-01-10 22:45:00,37.452
QUALITY_003,2026-01-10 22:45:00,67.551
QUALITY_004,2026-01-10 22:45:00,37.195
QUALITY_005,2026-01-10 22:45:00,54.649
QUALITY_006,2026-01-10 22:45:00,96.603
QUALITY_007,2026-01-10 22:45:00,51.38
QUALITY_008,2026-01-10 22:45:00,74.323
QUALITY_001,2026-01-10 23:00:00,22.596
QUALITY_002,2026-01-10 23:00:00,37.335
QUALITY_003,2026-01-10 23:00:00,64.158
QUALITY_004,2026-01-10 23:00:00,38.763
QUALITY_005,2026-01-10 23:00:00,53.762
QUALITY_006,2026-01-10 23:00:00,91.243
QUALITY_007,2026-01-10 23:00:00,50.949
QUALITY_008,2026-01-10 23:00:00,72.081
QUALITY_001,2026-01-10 23:15:00,24.777
QUALITY_002,2026-01-10 23:15:00,35.815
QUALITY_003,2026-01-10 23:15:00,62.603
QUALITY_004,2026-01-10 23:15:00,39.375
QUALITY_005,2026-01-10 23:15:00,52.497
QUALITY_006,2026-01-10 23:15:00,88.464
QUALITY_007,2026-01-10 23:15:00,50.716
QUALITY_008,2026-01-10 23:15:00,70.186
QUALITY_001,2026-01-10 23:30:00,24.144
QUALITY_002,2026-01-10 23:30:00,33.068
QUALITY_003,2026-01-10 23:30:00,59.086
QUALITY_004,2026-01-10 23:30:00,37.263
QUALITY_005,2026-01-10 23:30:00,49.94
QUALITY_006,2026-01-10 23:30:00,85.167
QUALITY_007,2026-01-10 23:30:00,52.936
QUALITY_008,2026-01-10 23:30:00,66.168
QUALITY_001,2026-01-10 23:45:00,23.028
QUALITY_002,2026-01-10 23:45:00,33.884
QUALITY_003,2026-01-10 23:45:00,58.422
QUALITY_004,2026-01-10 23:45:00,38.546
QUALITY_005,2026-01-10 23:45:00,49.372
QUALITY_006,2026-01-10 23:45:00,82.416
QUALITY_007,2026-01-10 23:45:00,52.386
QUALITY_008,2026-01-10 23:45:00,66.396
QUALITY_001,2026-01-11 00:00:00,24.447
QUALITY_002,2026-01-11 00:00:00,29.808
QUALITY_003,2026-01-11 00:00:00,71.979
QUALITY_004,2026-01-11 00:00:00,39.983
QUALITY_005,2026-01-11 00:00:00,44.832
QUALITY_006,2026-01-11 00:00:00,103.775
QUALITY_007,2026-01-11 00:00:00,53.319
QUALITY_008,2026-01-11 00:00:00,58.024
QUALITY_001,2026-01-11 00:15:00,24.417
QUALITY_002,2026-01-11 00:15:00,28.682
QUALITY_003,2026-01-11 00:15:00,72.079
QUALITY_004,2026-01-11 00:15:00,38.381
QUALITY_005,2026-01-11 00:15:00,42.723
QUALITY_006,2026-01-11 00:15:00,103.855
QUALITY_007,2026-01-11 00:15:00,53.891
QUALITY_008,2026-01-11 00:15:00,56.815
QUALITY_001,2026-01-11 00:30:00,25.703
QUALITY_002,2026-01-11 00:30:00,29.126
QUALITY_003,2026-01-11 00:30:00,72.42
QUALITY_004,2026-01-11 00:30:00,39.923
QUALITY_005,2026-01-11 00:30:00,42.71
QUALITY_006,2026-01-11 00:30:00,103.56
QUALITY_007,2026-01-11 00:30:00,54.4
QUALITY_008,2026-01-11 00:30:00,57.739
QUALITY_001,2026-01-11 00:45:00,24.206
QUALITY_002,2026-01-11 00:45:00,29.432
QUALITY_003,2026-01-11 00:45:00,73.654
QUALITY_004,2026-01-11 00:45:00,40.257
QUALITY_005,2026-01-11 00:45:00,42.561
QUALITY_006,2026-01-11 00:45:00,102.372
QUALITY_007,2026-01-11 00:45:00,56.404
QUALITY_008,2026-01-11 00:45:00,56.59
QUALITY_001,2026-01-11 01:00:00,24.344
QUALITY_002,2026-01-11 01:00:00,27.691
QUALITY_003,2026-01-11 01:00:00,73.059
QUALITY_004,2026-01-11 01:00:00,40.209
QUALITY_005,2026-01-11 01:00:00,42.687
QUALITY_006,2026-01-11 01:00:00,102.457
QUALITY_007,2026-01-11 01:00:00,56.749
QUALITY_008,2026-01-11 01:00:00,55.032
QUALITY_001,2026-01-11 01:15:00,26.137
QUALITY_002,2026-01-11 01:15:00,27.482
QUALITY_003,2026-01-11 01:15:00,72.504
QUALITY_004,2026-01-11 01:15:00,40.093
QUALITY_005,2026-01-11 01:15:00,40.859
QUALITY_006,2026-01-11 01:15:00,101.468
QUALITY_007,2026-01-11 01:15:00,56.564
QUALITY_008,2026-01-11 01:15:00,56.915
QUALITY_001,2026-01-11 01:30:00,25.661
QUALITY_001,2026-01-11 01:30:00,28.161
QUALITY_002,2026-01-11 01:30:00,27.266
QUALITY_003,2026-01-11 01:30:00,70.914
QUALITY_004,2026-01-11 01:30:00,42.716
QUALITY_005,2026-01-11 01:30:00,40.897
QUALITY_006,2026-01-11 01:30:00,99.144
QUALITY_007,2026-01-11 01:30:00,58.471
QUALITY_008,2026-01-11 01:30:00,56.577
QUALITY_001,2026-01-11 01:45:00,27.51
QUALITY_002,2026-01-11 01:45:00,26.926
QUALITY_003,2026-01-11 01:45:00,69.671
QUALITY_004,2026-01-11 01:45:00,41.332
QUALITY_005,2026-01-11 01:45:00,41.897
QUALITY_006,2026-01-11 01:45:00,98.675
QUALITY_007,2026-01-11 01:45:00,56.925
QUALITY_008,2026-01-11 01:45:00,55.061
QUALITY_001,2026-01-11 02:00:00,26.019
QUALITY_002,2026-01-11 02:00:00,26.909
QUALITY_003,2026-01-11 02:00:00,68.965
QUALITY_004,2026-01-11 02:00:00,43.197
QUALITY_005,2026-01-11 02:00:00,41.962
QUALITY_006,2026-01-11 02:00:00,97.776
QUALITY_007,2026-01-11 02:00:00,59.046
QUALITY_008,2026-01-11 02:00:00,54.992
QUALITY_001,2026-01-11 02:15:00,26.129
QUALITY_002,2026-01-11 02:15:00,27.432
QUALITY_003,2026-01-11 02:15:00,65.24
QUALITY_004,2026-01-11 02:15:00,43.931
QUALITY_005,2026-01-11 02:15:00,42.343
QUALITY_006,2026-01-11 02:15:00,93.155
QUALITY_007,2026-01-11 02:15:00,58.656
QUALITY_008,2026-01-11 02:15:00,55.743
QUALITY_001,2026-01-11 02:30:00,27.995
QUALITY_002,2026-01-11 02:30:00,26.527
QUALITY_003,2026-01-11 02:30:00,63.76
QUALITY_004,2026-01-11 02:30:00,42.959
QUALITY_005,2026-01-11 02:30:00,41.923
QUALITY_006,2026-01-11 02:30:00,90.825
QUALITY_007,2026-01-11 02:30:00,60.113
QUALITY_008,2026-01-11 02:30:00,54.088
QUALITY_001,2026-01-11 02:45:00,27.945
QUALITY_002,2026-01-11 02:45:00,28.086
QUALITY_003,2026-01-11 02:45:00,61.682
QUALITY_004,2026-01-11 02:45:00,44.911
QUALITY_004,2026-01-11 02:45:00,47.411
QUALITY_005,2026-01-11 02:45:00,42.526
QUALITY_006,2026-01-11 02:45:00,90.033
QUALITY_008,2026-01-11 02:45:00,54.922
QUALITY_001,2026-01-11 03:00:00,28.979
QUALITY_002,2026-01-11 03:00:00,27.741
QUALITY_003,2026-01-11 03:00:00,61.556
QUALITY_004,2026-01-11 03:00:00,46.16
QUALITY_005,2026-01-11 03:00:00,42.47
QUALITY_006,2026-01-11 03:00:00,87.334
QUALITY_007,2026-01-11 03:00:00,62.031
QUALITY_008,2026-01-11 03:00:00,54.657
QUALITY_001,2026-01-11 03:15:00,29.037
QUALITY_002,2026-01-11 03:15:00,26.472
QUALITY_003,2026-01-11 03:15:00,58.264
QUALITY_004,2026-01-11 03:15:00,45.627
QUALITY_005,2026-01-11 03:15:00,42.509
QUALITY_006,2026-01-11 03:15:00,84.649
QUALITY_007,2026-01-11 03:15:00,62.97
QUALITY_008,2026-01-11 03:15:00,54.941
QUALITY_001,2026-01-11 03:30:00,30.888
QUALITY_002,2026-01-11 03:30:00,28.04
QUALITY_003,2026-01-11 03:30:00,57.83
QUALITY_004,2026-01-11 03:30:00,48.091
QUALITY_005,2026-01-11 03:30:00,40.802
QUALITY_006,2026-01-11 03:30:00,82.381
QUALITY_007,2026-01-11 03:30:00,62.712
QUALITY_008,2026-01-11 03:30:00,53.974
QUALITY_001,2026-01-11 03:45:00,28.728
QUALITY_002,2026-01-11 03:45:00,28.245
QUALITY_003,2026-01-11 03:45:00,54.897
QUALITY_004,2026-01-11 03:45:00,47.606
QUALITY_005,2026-01-11 03:45:00,42.088
QUALITY_006,2026-01-11 03:45:00,78.108
QUALITY_007,2026-01-11 03:45:00,66.182
QUALITY_008,2026-01-11 03:45:00,55.99
QUALITY_001,2026-01-11 04:00:00,30.603
QUALITY_002,2026-01-11 04:00:00,27.935
QUALITY_003,2026-01-11 04:00:00,53.233
QUALITY_004,2026-01-11 04:00:00,47.231
QUALITY_005,2026-01-11 04:00:00,40.488
QUALITY_006,2026-01-11 04:00:00,75.06
QUALITY_007,2026-01-11 04:00:00,67.424
QUALITY_007,2026-01-11 04:00:00,69.924
QUALITY_008,2026-01-11 04:00:00,53.812
QUALITY_001,2026-01-11 04:15:00,31.365
QUALITY_002,2026-01-11 04:15:00,29.1
QUALITY_003,2026-01-11 04:15:00,52.264
QUALITY_004,2026-01-11 04:15:00,50.91
QUALITY_005,2026-01-11 04:15:00,40.753
QUALITY_006,2026-01-11 04:15:00,73.562
QUALITY_007,2026-01-11 04:15:00,67.585
QUALITY_008,2026-01-11 04:15:00,56.534
QUALITY_001,2026-01-11 04:30:00,33.479
QUALITY_002,2026-01-11 04:30:00,28.959
QUALITY_003,2026-01-11 04:30:00,50.03
QUALITY_004,2026-01-11 04:30:00,51.523
QUALITY_005,2026-01-11 04:30:00,42.002
QUALITY_006,2026-01-11 04:30:00,70.311
QUALITY_007,2026-01-11 04:30:00,68.628
QUALITY_008,2026-01-11 04:30:00,56.082
QUALITY_001,2026-01-11 04:45:00,33.461
QUALITY_002,2026-01-11 04:45:00,29.477
QUALITY_003,2026-01-11 04:45:00,47.611
QUALITY_004,2026-01-11 04:45:00,53.434
QUALITY_005,2026-01-11 04:45:00,42.48
QUALITY_006,2026-01-11 04:45:00,69.247
QUALITY_007,2026-01-11 04:45:00,72.618
QUALITY_008,2026-01-11 04:45:00,57.214
QUALITY_001,2026-01-11 05:00:00,34.938
QUALITY_002,2026-01-11 05:00:00,29.428
QUALITY_003,2026-01-11 05:00:00,48.462
QUALITY_004,2026-01-11 05:00:00,53.913
QUALITY_005,2026-01-11 05:00:00,41.974
QUALITY_006,2026-01-11 05:00:00,67.147
QUALITY_007,2026-01-11 05:00:00,74.45
QUALITY_008,2026-01-11 05:00:00,55.249
QUALITY_001,2026-01-11 05:15:00,35.833
QUALITY_002,2026-01-11 05:15:00,28.727
QUALITY_003,2026-01-11 05:15:00,46.898
QUALITY_004,2026-01-11 05:15:00,55.487
QUALITY_005,2026-01-11 05:15:00,43.085
QUALITY_006,2026-01-11 05:15:00,65.789
QUALITY_007,2026-01-11 05:15:00,77.545
QUALITY_008,2026-01-11 05:15:00,57.08
QUALITY_001,2026-01-11 05:30:00,35.65
QUALITY_002,2026-01-11 05:30:00,29.71
QUALITY_004,2026-01-11 05:30:00,56.946
QUALITY_005,2026-01-11 05:30:00,43.135
QUALITY_006,2026-01-11 05:30:00,65.817
QUALITY_007,2026-01-11 05:30:00,78.689
QUALITY_008,2026-01-11 05:30:00,57.521
QUALITY_001,2026-01-11 05:45:00,39.105
QUALITY_002,2026-01-11 05:45:00,27.856
QUALITY_003,2026-01-11 05:45:00,43.971
QUALITY_004,2026-01-11 05:45:00,60.113
QUALITY_005,2026-01-11 05:45:00,44.741
QUALITY_006,2026-01-11 05:45:00,63.44
QUALITY_007,2026-01-11 05:45:00,83.25
QUALITY_008,2026-01-11 05:45:00,58.262
QUALITY_001,2026-01-11 06:00:00,40.497
QUALITY_002,2026-01-11 06:00:00,29.72
QUALITY_003,2026-01-11 06:00:00,43.675
QUALITY_004,2026-01-11 06:00:00,63.568
QUALITY_005,2026-01-11 06:00:00,44.753
QUALITY_006,2026-01-11 06:00:00,62.974
QUALITY_007,2026-01-11 06:00:00,84.372
QUALITY_008,2026-01-11 06:00:00,57.389
QUALITY_001,2026-01-11 06:15:00,40.24
QUALITY_002,2026-01-11 06:15:00,28.642
QUALITY_003,2026-01-11 06:15:00,43.905
QUALITY_004,2026-01-11 06:15:00,65.957
QUALITY_005,2026-01-11 06:15:00,43.906
QUALITY_006,2026-01-11 06:15:00,61.001
QUALITY_007,2026-01-11 06:15:00,88.845
QUALITY_008,2026-01-11 06:15:00,57.668
QUALITY_001,2026-01-11 06:30:00,42.516
QUALITY_002,2026-01-11 06:30:00,31.22
QUALITY_003,2026-01-11 06:30:00,43.152
QUALITY_004,2026-01-11 06:30:00,69.077
QUALITY_005,2026-01-11 06:30:00,43.97
QUALITY_006,2026-01-11 06:30:00,60.719
QUALITY_007,2026-01-11 06:30:00,93.071
QUALITY_008,2026-01-11 06:30:00,60.587
QUALITY_001,2026-01-11 06:45:00,45.108
QUALITY_002,2026-01-11 06:45:00,29.986
QUALITY_003,2026-01-11 06:45:00,42.987
QUALITY_004,2026-01-11 06:45:00,70.412
QUALITY_005,2026-01-11 06:45:00,45.349
QUALITY_006,2026-01-11 06:45:00,58.796
QUALITY_007,2026-01-11 06:45:00,97.929
QUALITY_008,2026-01-11 06:45:00,61.134
QUALITY_001,2026-01-11 07:00:00,46.329
QUALITY_002,2026-01-11 07:00:00,30.475
QUALITY_003,2026-01-11 07:00:00,42.968
QUALITY_004,2026-01-11 07:00:00,75.455
QUALITY_005,2026-01-11 07:00:00,45.2
QUALITY_006,2026-01-11 07:00:00,59.512
QUALITY_007,2026-01-11 07:00:00,101.872
QUALITY_008,2026-01-11 07:00:00,59.552
QUALITY_001,2026-01-11 07:15:00,48.665
QUALITY_002,2026-01-11 07:15:00,32.45
QUALITY_003,2026-01-11 07:15:00,40.412
QUALITY_004,2026-01-11 07:15:00,78.213
QUALITY_005,2026-01-11 07:15:00,46.704
QUALITY_006,2026-01-11 07:15:00,59.25
QUALITY_007,2026-01-11 07:15:00,104.644
QUALITY_008,2026-01-11 07:15:00,61.393
QUALITY_001,2026-01-11 07:30:00,51.578
QUALITY_002,2026-01-11 07:30:00,31.624
QUALITY_003,2026-01-11 07:30:00,41.129
QUALITY_004,2026-01-11 07:30:00,81.253
QUALITY_005,2026-01-11 07:30:00,46.8
QUALITY_006,2026-01-11 07:30:00,57.343
QUALITY_007,2026-01-11 07:30:00,109.695
QUALITY_008,2026-01-11 07:30:00,61.921
QUALITY_001,2026-01-11 07:45:00,52.473
QUALITY_002,2026-01-11 07:45:00,30.802
QUALITY_003,2026-01-11 07:45:00,41.185
QUALITY_004,2026-01-11 07:45:00,83.302
QUALITY_005,2026-01-11 07:45:00,47.115
QUALITY_006,2026-01-11 07:45:00,59.55
QUALITY_007,2026-01-11 07:45:00,113.208
QUALITY_008,2026-01-11 07:45:00,61.597
QUALITY_001,2026-01-11 08:00:00,54.053
QUALITY_002,2026-01-11 08:00:00,31.632
QUALITY_003,2026-01-11 08:00:00,40.169
QUALITY_004,2026-01-11 08:00:00,85.936
QUALITY_005,2026-01-11 08:00:00,46.645
QUALITY_006,2026-01-11 08:00:00,59.254
QUALITY_007,2026-01-11 08:00:00,117.809
QUALITY_008,2026-01-11 08:00:00,63.29
QUALITY_001,2026-01-11 08:15:00,54.354
QUALITY_002,2026-01-11 08:15:00,32.867
QUALITY_003,2026-01-11 08:15:00,41.694
QUALITY_004,2026-01-11 08:15:00,86.576
QUALITY_005,2026-01-11 08:15:00,48.016
QUALITY_006,2026-01-11 08:15:00,58.301
QUALITY_007,2026-01-11 08:15:00,120.435
QUALITY_008,2026-01-11 08:15:00,65.947
QUALITY_001,2026-01-11 08:30:00,56.85
QUALITY_002,2026-01-11 08:30:00,33.235
QUALITY_003,2026-01-11 08:30:00,41.435
QUALITY_004,2026-01-11 08:30:00,90.107
QUALITY_005,2026-01-11 08:30:00,49.358
QUALITY_006,2026-01-11 08:30:00,59.544
QUALITY_007,2026-01-11 08:30:00,122.046
QUALITY_008,2026-01-11 08:30:00,64.801
QUALITY_001,2026-01-11 08:45:00,57.917
QUALITY_002,2026-01-11 08:45:00,34.683
QUALITY_003,2026-01-11 08:45:00,41.841
QUALITY_004,2026-01-11 08:45:00,91.772
QUALITY_005,2026-01-11 08:45:00,51.412
QUALITY_006,2026-01-11 08:45:00,57.414
QUALITY_007,2026-01-11 08:45:00,122.462
QUALITY_008,2026-01-11 08:45:00,65.128
QUALITY_001,2026-01-11 09:00:00,57.437
QUALITY_002,2026-01-11 09:00:00,33.397
QUALITY_003,2026-01-11 09:00:00,40.725
QUALITY_004,2026-01-11 09:00:00,90.93
QUALITY_005,2026-01-11 09:00:00,49.768
QUALITY_006,2026-01-11 09:00:00,59.681
QUALITY_007,2026-01-11 09:00:00,124.4
QUALITY_008,2026-01-11 09:00:00,67.476
QUALITY_001,2026-01-11 09:15:00,58.737
QUALITY_002,2026-01-11 09:15:00,34.853
QUALITY_003,2026-01-11 09:15:00,40.321
QUALITY_004,2026-01-11 09:15:00,92.211
QUALITY_005,2026-01-11 09:15:00,52.861
QUALITY_006,2026-01-11 09:15:00,59.771
QUALITY_007,2026-01-11 09:15:00,124.599
QUALITY_008,2026-01-11 09:15:00,67.602
QUALITY_001,2026-01-11 09:30:00,58.632
QUALITY_002,2026-01-11 09:30:00,35.344
QUALITY_003,2026-01-11 09:30:00,40.281
QUALITY_004,2026-01-11 09:30:00,90.816
QUALITY_005,2026-01-11 09:30:00,51.161
QUALITY_006,2026-01-11 09:30:00,58.364
QUALITY_007,2026-01-11 09:30:00,124.332
QUALITY_008,2026-01-11 09:30:00,70.583
QUALITY_001,2026-01-11 09:45:00,57.007
QUALITY_002,2026-01-11 09:45:00,35.871
QUALITY_003,2026-01-11 09:45:00,41.99
QUALITY_004,2026-01-11 09:45:00,90.105
QUALITY_005,2026-01-11 09:45:00,54.13
QUALITY_006,2026-01-11 09:45:00,58.742
QUALITY_007,2026-01-11 09:45:00,123.245
QUALITY_008,2026-01-11 09:45:00,70.145
QUALITY_001,2026-01-11 10:00:00,55.132
QUALITY_002,2026-01-11 10:00:00,35.819
QUALITY_003,2026-01-11 10:00:00,40.915
QUALITY_004,2026-01-11 10:00:00,88.009
QUALITY_005,2026-01-11 10:00:00,55.22
QUALITY_006,2026-01-11 10:00:00,58.618
QUALITY_007,2026-01-11 10:00:00,122.632
QUALITY_008,2026-01-11 10:00:00,72.044
QUALITY_001,2026-01-11 10:15:00,54.197
QUALITY_002,2026-01-11 10:15:00,36.937
QUALITY_003,2026-01-11 10:15:00,42.073
QUALITY_004,2026-01-11 10:15:00,88.233
QUALITY_005,2026-01-11 10:15:00,56.576
QUALITY_006,2026-01-11 10:15:00,61.255
QUALITY_007,2026-01-11 10:15:00,119.164
QUALITY_008,2026-01-11 10:15:00,72.808
QUALITY_001,2026-01-11 10:30:00,53.412
QUALITY_002,2026-01-11 10:30:00,38.706
QUALITY_003,2026-01-11 10:30:00,42.141
QUALITY_004,2026-01-11 10:30:00,85.942
QUALITY_005,2026-01-11 10:30:00,55.955
QUALITY_006,2026-01-11 10:30:00,60.646
QUALITY_007,2026-01-11 10:30:00,116.299
QUALITY_008,2026-01-11 10:30:00,76.715
QUALITY_001,2026-01-11 10:45:00,52.196
QUALITY_002,2026-01-11 10:45:00,38.747
QUALITY_003,2026-01-11 10:45:00,43.748
QUALITY_004,2026-01-11 10:45:00,82.908
QUALITY_005,2026-01-11 10:45:00,57.795
QUALITY_006,2026-01-11 10:45:00,60.741
QUALITY_007,2026-01-11 10:45:00,115.367
QUALITY_008,2026-01-11 10:45:00,77.338
QUALITY_001,2026-01-11 11:00:00,51.419
QUALITY_002,2026-01-11 11:00:00,41.85
QUALITY_003,2026-01-11 11:00:00,42.264
QUALITY_004,2026-01-11 11:00:00,82.307
QUALITY_005,2026-01-11 11:00:00,59.466
QUALITY_006,2026-01-11 11:00:00,60.559
QUALITY_007,2026-01-11 11:00:00,111.807
QUALITY_008,2026-01-11 11:00:00,79.812
QUALITY_001,2026-01-11 11:15:00,50.686
QUALITY_002,2026-01-11 11:15:00,42.94
QUALITY_003,2026-01-11 11:15:00,44.72
QUALITY_004,2026-01-11 11:15:00,79.98
QUALITY_005,2026-01-11 11:15:00,63.625
QUALITY_006,2026-01-11 11:15:00,61.846
QUALITY_007,2026-01-11 11:15:00,109.177
QUALITY_008,2026-01-11 11:15:00,81.761
QUALITY_001,2026-01-11 11:30:00,48.868
QUALITY_002,2026-01-11 11:30:00,44.211
QUALITY_003,2026-01-11 11:30:00,45.244
QUALITY_004,2026-01-11 11:30:00,77.482
QUALITY_005,2026-01-11 11:30:00,63.512
QUALITY_006,2026-01-11 11:30:00,63.332
QUALITY_007,2026-01-11 11:30:00,105.48
QUALITY_008,2026-01-11 11:30:00,84.973
QUALITY_001,2026-01-11 11:45:00,48.163
QUALITY_002,2026-01-11 11:45:00,46.623
QUALITY_003,2026-01-11 11:45:00,44.449
QUALITY_004,2026-01-11 11:45:00,75.676
QUALITY_005,2026-01-11 11:45:00,68.164
QUALITY_006,2026-01-11 11:45:00,63.524
QUALITY_007,2026-01-11 11:45:00,102.857
QUALITY_008,2026-01-11 11:45:00,88.442
QUALITY_001,2026-01-11 12:00:00,47.811
QUALITY_002,2026-01-11 12:00:00,45.82
QUALITY_003,2026-01-11 12:00:00,45.369
QUALITY_004,2026-01-11 12:00:00,73.066
QUALITY_005,2026-01-11 12:00:00,68.792
QUALITY_007,2026-01-11 12:00:00,102.18
QUALITY_008,2026-01-11 12:00:00,93.4
QUALITY_001,2026-01-11 12:15:00,46.078
QUALITY_002,2026-01-11 12:15:00,49.093
QUALITY_003,2026-01-11 12:15:00,45.961
QUALITY_004,2026-01-11 12:15:00,72.231
QUALITY_005,2026-01-11 12:15:00,72.768
QUALITY_006,2026-01-11 12:15:00,63.948
QUALITY_007,2026-01-11 12:15:00,98.904
QUALITY_008,2026-01-11 12:15:00,98.442
QUALITY_001,2026-01-11 12:30:00,45.648
QUALITY_002,2026-01-11 12:30:00,52.646
QUALITY_003,2026-01-11 12:30:00,47.916
QUALITY_004,2026-01-11 12:30:00,72.451
QUALITY_005,2026-01-11 12:30:00,75.72
QUALITY_006,2026-01-11 12:30:00,67.172
QUALITY_007,2026-01-11 12:30:00,98.604
QUALITY_008,2026-01-11 12:30:00,100.745
QUALITY_001,2026-01-11 12:45:00,45.56
QUALITY_002,2026-01-11 12:45:00,54.969
QUALITY_003,2026-01-11 12:45:00,46.135
QUALITY_004,2026-01-11 12:45:00,70.961
QUALITY_005,2026-01-11 12:45:00,79.376
QUALITY_006,2026-01-11 12:45:00,67.932
QUALITY_007,2026-01-11 12:45:00,96.372
QUALITY_008,2026-01-11 12:45:00,106.318
QUALITY_001,2026-01-11 13:00:00,45.178
QUALITY_002,2026-01-11 13:00:00,56.579
QUALITY_003,2026-01-11 13:00:00,46.609
QUALITY_004,2026-01-11 13:00:00,69.949
QUALITY_005,2026-01-11 13:00:00,83.572
QUALITY_006,2026-01-11 13:00:00,67.477
QUALITY_007,2026-01-11 13:00:00,94.886
QUALITY_008,2026-01-11 13:00:00,111.093
QUALITY_001,2026-01-11 13:15:00,42.937
QUALITY_002,2026-01-11 13:15:00,59.135
QUALITY_003,2026-01-11 13:15:00,47.761
QUALITY_004,2026-01-11 13:15:00,69.353
QUALITY_005,2026-01-11 13:15:00,86.536
QUALITY_006,2026-01-11 13:15:00,68.396
QUALITY_007,2026-01-11 13:15:00,94.833
QUALITY_008,2026-01-11 13:15:00,115.241
QUALITY_001,2026-01-11 13:30:00,42.755
QUALITY_002,2026-01-11 13:30:00,60.63
QUALITY_003,2026-01-11 13:30:00,49.583
QUALITY_004,2026-01-11 13:30:00,68.234
QUALITY_005,2026-01-11 13:30:00,90.719
QUALITY_006,2026-01-11 13:30:00,70.025
QUALITY_007,2026-01-11 13:30:00,93.712
QUALITY_008,2026-01-11 13:30:00,118.792
QUALITY_001,2026-01-11 13:45:00,42.476
QUALITY_002,2026-01-11 13:45:00,62.454
QUALITY_003,2026-01-11 13:45:00,50.645
QUALITY_004,2026-01-11 13:45:00,66.355
QUALITY_005,2026-01-11 13:45:00,92.638
QUALITY_006,2026-01-11 13:45:00,71.43
QUALITY_007,2026-01-11 13:45:00,92.55
QUALITY_008,2026-01-11 13:45:00,122.812
QUALITY_001,2026-01-11 14:00:00,42.905
QUALITY_002,2026-01-11 14:00:00,63.252
QUALITY_003,2026-01-11 14:00:00,50.91
QUALITY_004,2026-01-11 14:00:00,65.233
QUALITY_005,2026-01-11 14:00:00,95.73
QUALITY_006,2026-01-11 14:00:00,71.195
QUALITY_007,2026-01-11 14:00:00,89.661
QUALITY_008,2026-01-11 14:00:00,127.605
QUALITY_001,2026-01-11 14:15:00,41.174
QUALITY_002,2026-01-11 14:15:00,65.649
QUALITY_003,2026-01-11 14:15:00,52.111
QUALITY_004,2026-01-11 14:15:00,65.468
QUALITY_005,2026-01-11 14:15:00,97.452
QUALITY_006,2026-01-11 14:15:00,72.182
QUALITY_007,2026-01-11 14:15:00,90.137
QUALITY_008,2026-01-11 14:15:00,131.953
QUALITY_001,2026-01-11 14:30:00,41.474
QUALITY_002,2026-01-11 14:30:00,66.271
QUALITY_003,2026-01-11 14:30:00,50.129
QUALITY_004,2026-01-11 14:30:00,64.04
QUALITY_005,2026-01-11 14:30:00,100.693
QUALITY_006,2026-01-11 14:30:00,74.023
QUALITY_007,2026-01-11 14:30:00,86.48
QUALITY_008,2026-01-11 14:30:00,134.159
QUALITY_001,2026-01-11 14:45:00,38.559
QUALITY_003,2026-01-11 14:45:00,51.718
QUALITY_004,2026-01-11 14:45:00,61.596
QUALITY_005,2026-01-11 14:45:00,101.279
QUALITY_006,2026-01-11 14:45:00,73.381
QUALITY_007,2026-01-11 14:45:00,86.781
QUALITY_008,2026-01-11 14:45:00,133.464
QUALITY_001,2026-01-11 15:00:00,37.913
QUALITY_002,2026-01-11 15:00:00,68.037
QUALITY_003,2026-01-11 15:00:00,51.672
QUALITY_004,2026-01-11 15:00:00,60.389
QUALITY_005,2026-01-11 15:00:00,103.607
QUALITY_006,2026-01-11 15:00:00,75.082
QUALITY_007,2026-01-11 15:00:00,84.25
QUALITY_008,2026-01-11 15:00:00,137.124
QUALITY_001,2026-01-11 15:15:00,38.175
QUALITY_002,2026-01-11 15:15:00,69.63
QUALITY_003,2026-01-11 15:15:00,54.049
QUALITY_004,2026-01-11 15:15:00,59.435
QUALITY_005,2026-01-11 15:15:00,101.757
QUALITY_006,2026-01-11 15:15:00,75.224
QUALITY_007,2026-01-11 15:15:00,82.499
QUALITY_008,2026-01-11 15:15:00,136.829
QUALITY_001,2026-01-11 15:30:00,36.649
QUALITY_002,2026-01-11 15:30:00,69.238
QUALITY_003,2026-01-11 15:30:00,54.597
QUALITY_004,2026-01-11 15:30:00,57.175
QUALITY_005,2026-01-11 15:30:00,102.678
QUALITY_006,2026-01-11 15:30:00,77.717
QUALITY_007,2026-01-11 15:30:00,78.773
QUALITY_008,2026-01-11 15:30:00,134.999
QUALITY_001,2026-01-11 15:45:00,36.185
QUALITY_002,2026-01-11 15:45:00,67.332
QUALITY_003,2026-01-11 15:45:00,54.905
QUALITY_004,2026-01-11 15:45:00,55.103
QUALITY_005,2026-01-11 15:45:00,101.761
QUALITY_006,2026-01-11 15:45:00,79.648
QUALITY_007,2026-01-11 15:45:00,77.702
QUALITY_008,2026-01-11 15:45:00,134.362
QUALITY_001,2026-01-11 16:00:00,35.332
QUALITY_002,2026-01-11 16:00:00,65.94
QUALITY_003,2026-01-11 16:00:00,57.397
QUALITY_004,2026-01-11 16:00:00,55.863
QUALITY_005,2026-01-11 16:00:00,98.721
QUALITY_006,2026-01-11 16:00:00,79.916
QUALITY_007,2026-01-11 16:00:00,74.286
QUALITY_008,2026-01-11 16:00:00,133.428
QUALITY_001,2026-01-11 16:15:00,33.383
QUALITY_002,2026-01-11 16:15:00,66.367
QUALITY_003,2026-01-11 16:15:00,57.644
QUALITY_004,2026-01-11 16:15:00,53.805
QUALITY_005,2026-01-11 16:15:00,98.281
QUALITY_006,2026-01-11 16:15:00,82.523
QUALITY_007,2026-01-11 16:15:00,72.582
QUALITY_008,2026-01-11 16:15:00,128.627
QUALITY_001,2026-01-11 16:30:00,31.224
QUALITY_002,2026-01-11 16:30:00,64.482
QUALITY_003,2026-01-11 16:30:00,60.226
QUALITY_004,2026-01-11 16:30:00,51.509
QUALITY_005,2026-01-11 16:30:00,95.797
QUALITY_006,2026-01-11 16:30:00,85.949
QUALITY_007,2026-01-11 16:30:00,69.904
QUALITY_008,2026-01-11 16:30:00,126.929
QUALITY_001,2026-01-11 16:45:00,30.63
QUALITY_002,2026-01-11 16:45:00,61.572
QUALITY_003,2026-01-11 16:45:00,61.038
QUALITY_004,2026-01-11 16:45:00,48.559
QUALITY_005,2026-01-11 16:45:00,94.926
QUALITY_006,2026-01-11 16:45:00,89.235
QUALITY_007,2026-01-11 16:45:00,66.995
QUALITY_008,2026-01-11 16:45:00,124.888
QUALITY_001,2026-01-11 17:00:00,29.882
QUALITY_002,2026-01-11 17:00:00,62.589
QUALITY_003,2026-01-11 17:00:00,63.233
QUALITY_004,2026-01-11 17:00:00,48.465
QUALITY_005,2026-01-11 17:00:00,91.371
QUALITY_006,2026-01-11 17:00:00,91.502
QUALITY_007,2026-01-11 17:00:00,65.458
QUALITY_008,2026-01-11 17:00:00,120.173
QUALITY_001,2026-01-11 17:15:00,28.984
QUALITY_002,2026-01-11 17:15:00,60.119
QUALITY_003,2026-01-11 17:15:00,66.9
QUALITY_004,2026-01-11 17:15:00,46.01
QUALITY_005,2026-01-11 17:15:00,89.303
QUALITY_006,2026-01-11 17:15:00,96.753
QUALITY_007,2026-01-11 17:15:00,62.213
QUALITY_008,2026-01-11 17:15:00,119.328
QUALITY_001,2026-01-11 17:30:00,27.415
QUALITY_002,2026-01-11 17:30:00,58.552
QUALITY_003,2026-01-11 17:30:00,69.631
QUALITY_004,2026-01-11 17:30:00,45.647
QUALITY_005,2026-01-11 17:30:00,88.026
QUALITY_006,2026-01-11 17:30:00,101.128
QUALITY_007,2026-01-11 17:30:00,60.732
QUALITY_008,2026-01-11 17:30:00,115.766
QUALITY_001,2026-01-11 17:45:00,27.963
QUALITY_002,2026-01-11 17:45:00,56.364
QUALITY_003,2026-01-11 17:45:00,74.361
QUALITY_004,2026-01-11 17:45:00,43.018
QUALITY_005,2026-01-11 17:45:00,86.035
QUALITY_006,2026-01-11 17:45:00,104.344
QUALITY_007,2026-01-11 17:45:00,61.081
QUALITY_008,2026-01-11 17:45:00,113.948
QUALITY_001,2026-01-11 18:00:00,26.422
QUALITY_002,2026-01-11 18:00:00,55.934
QUALITY_003,2026-01-11 18:00:00,78.08
QUALITY_004,2026-01-11 18:00:00,41.685
QUALITY_005,2026-01-11 18:00:00,82.282
QUALITY_006,2026-01-11 18:00:00,110.599
QUALITY_007,2026-01-11 18:00:00,57.617
QUALITY_008,2026-01-11 18:00:00,109.705
QUALITY_001,2026-01-11 18:15:00,27.611
QUALITY_002,2026-01-11 18:15:00,54.359
QUALITY_003,2026-01-11 18:15:00,82.717
QUALITY_004,2026-01-11 18:15:00,40.275
QUALITY_005,2026-01-11 18:15:00,81.06
QUALITY_006,2026-01-11 18:15:00,115.564
QUALITY_007,2026-01-11 18:15:00,56.354
QUALITY_008,2026-01-11 18:15:00,109.549
QUALITY_001,2026-01-11 18:30:00,27.036
QUALITY_002,2026-01-11 18:30:00,54.692
QUALITY_003,2026-01-11 18:30:00,84.357
QUALITY_004,2026-01-11 18:30:00,39.449
QUALITY_005,2026-01-11 18:30:00,79.774
QUALITY_006,2026-01-11 18:30:00,122.039
QUALITY_007,2026-01-11 18:30:00,56.378
QUALITY_008,2026-01-11 18:30:00,106.867
QUALITY_001,2026-01-11 18:45:00,25.224
QUALITY_002,2026-01-11 18:45:00,53.969
QUALITY_003,2026-01-11 18:45:00,90.584
QUALITY_004,2026-01-11 18:45:00,40.009
QUALITY_005,2026-01-11 18:45:00,80.248
QUALITY_006,2026-01-11 18:45:00,127.169
QUALITY_007,2026-01-11 18:45:00,55.495
QUALITY_008,2026-01-11 18:45:00,105.103
QUALITY_001,2026-01-11 19:00:00,25.261
QUALITY_002,2026-01-11 19:00:00,52.604
QUALITY_003,2026-01-11 19:00:00,94.132
QUALITY_004,2026-01-11 19:00:00,38.18
QUALITY_005,2026-01-11 19:00:00,78.274
QUALITY_006,2026-01-11 19:00:00,131.183
QUALITY_007,2026-01-11 19:00:00,54.862
QUALITY_008,2026-01-11 19:00:00,105.61
QUALITY_001,2026-01-11 19:15:00,25.261
QUALITY_002,2026-01-11 19:15:00,52.731
QUALITY_003,2026-01-11 19:15:00,95.522
QUALITY_004,2026-01-11 19:15:00,39.559
QUALITY_005,2026-01-11 19:15:00,77.7
QUALITY_006,2026-01-11 19:15:00,136.963
QUALITY_007,2026-01-11 19:15:00,51.755
QUALITY_008,2026-01-11 19:15:00,103.744
QUALITY_001,2026-01-11 19:30:00,22.927
QUALITY_002,2026-01-11 19:30:00,52.132
QUALITY_003,2026-01-11 19:30:00,99.127
QUALITY_004,2026-01-11 19:30:00,39.49
QUALITY_005,2026-01-11 19:30:00,76.196
QUALITY_006,2026-01-11 19:30:00,139.247
QUALITY_007,2026-01-11 19:30:00,51.202
QUALITY_008,2026-01-11 19:30:00,100.729
QUALITY_001,2026-01-11 19:45:00,23.74
QUALITY_002,2026-01-11 19:45:00,49.902
QUALITY_003,2026-01-11 19:45:00,99.839
QUALITY_004,2026-01-11 19:45:00,37.172
QUALITY_005,2026-01-11 19:45:00,75.194
QUALITY_006,2026-01-11 19:45:00,142.085
QUALITY_007,2026-01-11 19:45:00,51.165
QUALITY_008,2026-01-11 19:45:00,99.643
QUALITY_001,2026-01-11 20:00:00,24.407
QUALITY_002,2026-01-11 20:00:00,49.036
QUALITY_003,2026-01-11 20:00:00,101.006
QUALITY_004,2026-01-11 20:00:00,37.111
QUALITY_005,2026-01-11 20:00:00,74.535
QUALITY_006,2026-01-11 20:00:00,141.912
QUALITY_007,2026-01-11 20:00:00,49.943
QUALITY_008,2026-01-11 20:00:00,100.054
QUALITY_001,2026-01-11 20:15:00,24.617
QUALITY_002,2026-01-11 20:15:00,48.715
QUALITY_003,2026-01-11 20:15:00,100.502
QUALITY_004,2026-01-11 20:15:00,38.37
QUALITY_005,2026-01-11 20:15:00,74.432
QUALITY_006,2026-01-11 20:15:00,142.574
QUALITY_007,2026-01-11 20:15:00,51.05
QUALITY_008,2026-01-11 20:15:00,96.464
QUALITY_001,2026-01-11 20:30:00,23.67
QUALITY_002,2026-01-11 20:30:00,47.409
QUALITY_003,2026-01-11 20:30:00,99.149
QUALITY_004,2026-01-11 20:30:00,36.988
QUALITY_005,2026-01-11 20:30:00,72.622
QUALITY_006,2026-01-11 20:30:00,139.128
QUALITY_007,2026-01-11 20:30:00,50.78
QUALITY_008,2026-01-11 20:30:00,95.021
QUALITY_001,2026-01-11 20:45:00,23.06
QUALITY_002,2026-01-11 20:45:00,46.625
QUALITY_003,2026-01-11 20:45:00,96.546
QUALITY_004,2026-01-11 20:45:00,36.955
QUALITY_005,2026-01-11 20:45:00,71.14
QUALITY_006,2026-01-11 20:45:00,135.749
QUALITY_007,2026-01-11 20:45:00,50.658
QUALITY_008,2026-01-11 20:45:00,94.457
QUALITY_001,2026-01-11 21:00:00,23.615
QUALITY_002,2026-01-11 21:00:00,44.904
QUALITY_003,2026-01-11 21:00:00,93.057
QUALITY_004,2026-01-11 21:00:00,37.24
QUALITY_005,2026-01-11 21:00:00,69.947
QUALITY_006,2026-01-11 21:00:00,130.621
QUALITY_007,2026-01-11 21:00:00,49.848
QUALITY_008,2026-01-11 21:00:00,90.819
QUALITY_001,2026-01-11 21:15:00,23.49
QUALITY_002,2026-01-11 21:15:00,46.438
QUALITY_003,2026-01-11 21:15:00,90.296
QUALITY_004,2026-01-11 21:15:00,35.522
QUALITY_006,2026-01-11 21:15:00,128.202
QUALITY_007,2026-01-11 21:15:00,51.024
QUALITY_008,2026-01-11 21:15:00,90.1
QUALITY_001,2026-01-11 21:30:00,23.39
QUALITY_002,2026-01-11 21:30:00,44.494
QUALITY_003,2026-01-11 21:30:00,85.675
QUALITY_004,2026-01-11 21:30:00,37.323
QUALITY_005,2026-01-11 21:30:00,66.293
QUALITY_006,2026-01-11 21:30:00,121.178
QUALITY_007,2026-01-11 21:30:00,51.363
QUALITY_008,2026-01-11 21:30:00,86.261
QUALITY_001,2026-01-11 21:45:00,22.208
QUALITY_002,2026-01-11 21:45:00,43.267
QUALITY_003,2026-01-11 21:45:00,81.618
QUALITY_004,2026-01-11 21:45:00,35.977
QUALITY_005,2026-01-11 21:45:00,63.962
QUALITY_006,2026-01-11 21:45:00,114.547
QUALITY_007,2026-01-11 21:45:00,49.208
QUALITY_008,2026-01-11 21:45:00,85.488
QUALITY_001,2026-01-11 22:00:00,24.191
QUALITY_002,2026-01-11 22:00:00,41.528
QUALITY_003,2026-01-11 22:00:00,77.475
QUALITY_004,2026-01-11 22:00:00,36.931
QUALITY_005,2026-01-11 22:00:00,61.18
QUALITY_006,2026-01-11 22:00:00,111.4
QUALITY_007,2026-01-11 22:00:00,49.759
QUALITY_008,2026-01-11 22:00:00,80.45
QUALITY_001,2026-01-11 22:15:00,23.91
QUALITY_002,2026-01-11 22:15:00,38.857
QUALITY_003,2026-01-11 22:15:00,74.961
QUALITY_004,2026-01-11 22:15:00,37.776
QUALITY_005,2026-01-11 22:15:00,58.716
QUALITY_006,2026-01-11 22:15:00,104.651
QUALITY_007,2026-01-11 22:15:00,52.167
QUALITY_008,2026-01-11 22:15:00,77.621
QUALITY_001,2026-01-11 22:30:00,22.96
QUALITY_002,2026-01-11 22:30:00,40.013
QUALITY_003,2026-01-11 22:30:00,69.463
QUALITY_004,2026-01-11 22:30:00,36.79
QUALITY_005,2026-01-11 22:30:00,56.743
QUALITY_006,2026-01-11 22:30:00,99.248
QUALITY_007,2026-01-11 22:30:00,50.982
QUALITY_008,2026-01-11 22:30:00,75.734
QUALITY_001,2026-01-11 22:45:00,23.107
QUALITY_002,2026-01-11 22:45:00,37.221
QUALITY_003,2026-01-11 22:45:00,67.548
QUALITY_004,2026-01-11 22:45:00,37.775
QUALITY_005,2026-01-11 22:45:00,56.627
QUALITY_006,2026-01-11 22:45:00,95.973
QUALITY_007,2026-01-11 22:45:00,52.474
QUALITY_008,2026-01-11 22:45:00,75.093
QUALITY_001,2026-01-11 23:00:00,25.182
QUALITY_002,2026-01-11 23:00:00,35.474
QUALITY_003,2026-01-11 23:00:00,64.405
QUALITY_004,2026-01-11 23:00:00,37.869
QUALITY_005,2026-01-11 23:00:00,52.728
QUALITY_006,2026-01-11 23:00:00,90.379
QUALITY_007,2026-01-11 23:00:00,51.071
QUALITY_008,2026-01-11 23:00:00,72.388
QUALITY_001,2026-01-11 23:15:00,24.405
QUALITY_002,2026-01-11 23:15:00,35.452
QUALITY_003,2026-01-11 23:15:00,60.709
QUALITY_004,2026-01-11 23:15:00,36.865
QUALITY_005,2026-01-11 23:15:00,51.231
QUALITY_006,2026-01-11 23:15:00,88.095
QUALITY_007,2026-01-11 23:15:00,51.052
QUALITY_008,2026-01-11 23:15:00,68.333
QUALITY_001,2026-01-11 23:30:00,24.458
QUALITY_002,2026-01-11 23:30:00,32.803
QUALITY_003,2026-01-11 23:30:00,60.439
QUALITY_004,2026-01-11 23:30:00,37.938
QUALITY_005,2026-01-11 23:30:00,49.512
QUALITY_006,2026-01-11 23:30:00,84.673
QUALITY_007,2026-01-11 23:30:00,52.336
QUALITY_008,2026-01-11 23:30:00,67.465
QUALITY_001,2026-01-11 23:45:00,25.428
QUALITY_002,2026-01-11 23:45:00,31.986
QUALITY_003,2026-01-11 23:45:00,58
QUALITY_004,2026-01-11 23:45:00,38.928
QUALITY_005,2026-01-11 23:45:00,48.671
QUALITY_006,2026-01-11 23:45:00,82.613
QUALITY_007,2026-01-11 23:45:00,52.03
QUALITY_008,2026-01-11 23:45:00,65.689
QUALITY_001,2026-01-12 00:00:00,26.869
QUALITY_002,2026-01-12 00:00:00,32.551
QUALITY_003,2026-01-12 00:00:00,65.034
QUALITY_004,2026-01-12 00:00:00,44.349
QUALITY_005,2026-01-12 00:00:00,50.78
QUALITY_006,2026-01-12 00:00:00,92.136
QUALITY_007,2026-01-12 00:00:00,60.655
QUALITY_008,2026-01-12 00:00:00,67.299
QUALITY_001,2026-01-12 00:15:00,27.336
QUALITY_002,2026-01-12 00:15:00,34.489
QUALITY_003,2026-01-12 00:15:00,65.166
QUALITY_004,2026-01-12 00:15:00,45.148
QUALITY_005,2026-01-12 00:15:00,49.072
QUALITY_006,2026-01-12 00:15:00,92.613
QUALITY_007,2026-01-12 00:15:00,61.838
QUALITY_008,2026-01-12 00:15:00,65.799
QUALITY_001,2026-01-12 00:30:00,29.164
QUALITY_002,2026-01-12 00:30:00,32.144
QUALITY_003,2026-01-12 00:30:00,65.061
QUALITY_004,2026-01-12 00:30:00,44.627
QUALITY_005,2026-01-12 00:30:00,48.909
QUALITY_006,2026-01-12 00:30:00,92.845
QUALITY_007,2026-01-12 00:30:00,62.182
QUALITY_008,2026-01-12 00:30:00,65.617
QUALITY_001,2026-01-12 00:45:00,29.329
QUALITY_002,2026-01-12 00:45:00,32.434
QUALITY_003,2026-01-12 00:45:00,65.89
QUALITY_004,2026-01-12 00:45:00,45.906
QUALITY_005,2026-01-12 00:45:00,47.739
QUALITY_006,2026-01-12 00:45:00,92.106
QUALITY_007,2026-01-12 00:45:00,61.934
QUALITY_008,2026-01-12 00:45:00,63.835
QUALITY_001,2026-01-12 01:00:00,28.276
QUALITY_002,2026-01-12 01:00:00,32.847
QUALITY_003,2026-01-12 01:00:00,63.669
QUALITY_004,2026-01-12 01:00:00,47.16
QUALITY_005,2026-01-12 01:00:00,48.6
QUALITY_006,2026-01-12 01:00:00,90.715
QUALITY_007,2026-01-12 01:00:00,64.221
QUALITY_008,2026-01-12 01:00:00,64.218
QUALITY_001,2026-01-12 01:15:00,28.794
QUALITY_002,2026-01-12 01:15:00,33.05
QUALITY_003,2026-01-12 01:15:00,63.176
QUALITY_004,2026-01-12 01:15:00,46.15
QUALITY_005,2026-01-12 01:15:00,48.031
QUALITY_006,2026-01-12 01:15:00,91.372
QUALITY_007,2026-01-12 01:15:00,65.386
QUALITY_008,2026-01-12 01:15:00,63.775
QUALITY_001,2026-01-12 01:30:00,29.723
QUALITY_002,2026-01-12 01:30:00,31.292
QUALITY_003,2026-01-12 01:30:00,61.888
QUALITY_004,2026-01-12 01:30:00,47.697
QUALITY_005,2026-01-12 01:30:00,46.617
QUALITY_006,2026-01-12 01:30:00,88.488
QUALITY_007,2026-01-12 01:30:00,65.234
QUALITY_008,2026-01-12 01:30:00,62.009
QUALITY_001,2026-01-12 01:45:00,31.304
QUALITY_002,2026-01-12 01:45:00,32.542
QUALITY_003,2026-01-12 01:45:00,63.125
QUALITY_004,2026-01-12 01:45:00,47.243
QUALITY_005,2026-01-12 01:45:00,47.364
QUALITY_006,2026-01-12 01:45:00,86.833
QUALITY_007,2026-01-12 01:45:00,66.132
QUALITY_008,2026-01-12 01:45:00,62.124
QUALITY_001,2026-01-12 02:00:00,31.081
QUALITY_002,2026-01-12 02:00:00,30.349
QUALITY_003,2026-01-12 02:00:00,60.545
QUALITY_004,2026-01-12 02:00:00,49.344
QUALITY_005,2026-01-12 02:00:00,47.97
QUALITY_006,2026-01-12 02:00:00,85.858
QUALITY_007,2026-01-12 02:00:00,67.128
QUALITY_008,2026-01-12 02:00:00,63.756
QUALITY_001,2026-01-12 02:15:00,32.123
QUALITY_002,2026-01-12 02:15:00,30.967
QUALITY_003,2026-01-12 02:15:00,60.55
QUALITY_004,2026-01-12 02:15:00,48.852
QUALITY_005,2026-01-12 02:15:00,46.427
QUALITY_006,2026-01-12 02:15:00,85.375
QUALITY_007,2026-01-12 02:15:00,66.784
QUALITY_008,2026-01-12 02:15:00,61.381
QUALITY_001,2026-01-12 02:30:00,32.868
QUALITY_002,2026-01-12 02:30:00,30.191
QUALITY_003,2026-01-12 02:30:00,58.428
QUALITY_004,2026-01-12 02:30:00,50.147
QUALITY_005,2026-01-12 02:30:00,46.013
QUALITY_006,2026-01-12 02:30:00,81.667
QUALITY_007,2026-01-12 02:30:00,69.174
QUALITY_008,2026-01-12 02:30:00,61.946
QUALITY_001,2026-01-12 02:45:00,32.196
QUALITY_002,2026-01-12 02:45:00,31.32
QUALITY_003,2026-01-12 02:45:00,55.858
QUALITY_004,2026-01-12 02:45:00,50.317
QUALITY_005,2026-01-12 02:45:00,47.966
QUALITY_006,2026-01-12 02:45:00,80.946
QUALITY_007,2026-01-12 02:45:00,69.042
QUALITY_001,2026-01-12 03:00:00,33.608
QUALITY_002,2026-01-12 03:00:00,31.777
QUALITY_003,2026-01-12 03:00:00,53.539
QUALITY_004,2026-01-12 03:00:00,51.702
QUALITY_005,2026-01-12 03:00:00,47.745
QUALITY_006,2026-01-12 03:00:00,78.056
QUALITY_007,2026-01-12 03:00:00,71.117
QUALITY_008,2026-01-12 03:00:00,61.889
QUALITY_001,2026-01-12 03:15:00,33.167
QUALITY_002,2026-01-12 03:15:00,32.884
QUALITY_003,2026-01-12 03:15:00,53.894
QUALITY_004,2026-01-12 03:15:00,53.332
QUALITY_005,2026-01-12 03:15:00,47.405
QUALITY_006,2026-01-12 03:15:00,75.019
QUALITY_007,2026-01-12 03:15:00,72.285
QUALITY_008,2026-01-12 03:15:00,61.972
QUALITY_001,2026-01-12 03:30:00,32.934
QUALITY_002,2026-01-12 03:30:00,30.96
QUALITY_003,2026-01-12 03:30:00,52.315
QUALITY_004,2026-01-12 03:30:00,53.431
QUALITY_005,2026-01-12 03:30:00,46.219
QUALITY_006,2026-01-12 03:30:00,71.224
QUALITY_007,2026-01-12 03:30:00,73.872
QUALITY_008,2026-01-12 03:30:00,61.887
QUALITY_001,2026-01-12 03:45:00,35.113
QUALITY_002,2026-01-12 03:45:00,30.378
QUALITY_003,2026-01-12 03:45:00,48.36
QUALITY_004,2026-01-12 03:45:00,54.424
QUALITY_005,2026-01-12 03:45:00,46.294
QUALITY_006,2026-01-12 03:45:00,70.069
QUALITY_007,2026-01-12 03:45:00,74.73
QUALITY_008,2026-01-12 03:45:00,63.515
QUALITY_001,2026-01-12 04:00:00,34.971
QUALITY_002,2026-01-12 04:00:00,32.237
QUALITY_003,2026-01-12 04:00:00,48.402
QUALITY_004,2026-01-12 04:00:00,55.896
QUALITY_005,2026-01-12 04:00:00,46.883
QUALITY_006,2026-01-12 04:00:00,67.999
QUALITY_007,2026-01-12 04:00:00,74.782
QUALITY_008,2026-01-12 04:00:00,62.583
QUALITY_001,2026-01-12 04:15:00,34.813
QUALITY_002,2026-01-12 04:15:00,31.952
QUALITY_003,2026-01-12 04:15:00,47.248
QUALITY_004,2026-01-12 04:15:00,57.428
QUALITY_005,2026-01-12 04:15:00,46.937
QUALITY_006,2026-01-12 04:15:00,65.738
QUALITY_007,2026-01-12 04:15:00,77.296
QUALITY_008,2026-01-12 04:15:00,62.449
QUALITY_001,2026-01-12 04:30:00,36.906
QUALITY_002,2026-01-12 04:30:00,31.844
QUALITY_003,2026-01-12 04:30:00,46.296
QUALITY_004,2026-01-12 04:30:00,56.726
QUALITY_005,2026-01-12 04:30:00,47.975
QUALITY_006,2026-01-12 04:30:00,62.534
QUALITY_007,2026-01-12 04:30:00,77.953
QUALITY_008,2026-01-12 04:30:00,63.39
QUALITY_001,2026-01-12 04:45:00,36.277
QUALITY_002,2026-01-12 04:45:00,31.404
QUALITY_003,2026-01-12 04:45:00,44.644
QUALITY_004,2026-01-12 04:45:00,58.787
QUALITY_005,2026-01-12 04:45:00,49.024
QUALITY_006,2026-01-12 04:45:00,63.237
QUALITY_007,2026-01-12 04:45:00,79.978
QUALITY_008,2026-01-12 04:45:00,63.754
QUALITY_001,2026-01-12 05:00:00,38.715
QUALITY_002,2026-01-12 05:00:00,32.931
QUALITY_003,2026-01-12 05:00:00,41.381
QUALITY_004,2026-01-12 05:00:00,60.028
QUALITY_005,2026-01-12 05:00:00,49.632
QUALITY_006,2026-01-12 05:00:00,61.635
QUALITY_007,2026-01-12 05:00:00,83.119
QUALITY_008,2026-01-12 05:00:00,62.984
QUALITY_001,2026-01-12 05:15:00,40.282
QUALITY_002,2026-01-12 05:15:00,32.657
QUALITY_003,2026-01-12 05:15:00,41.685
QUALITY_004,2026-01-12 05:15:00,63.811
QUALITY_005,2026-01-12 05:15:00,47.786
QUALITY_006,2026-01-12 05:15:00,59.975
QUALITY_007,2026-01-12 05:15:00,88.031
QUALITY_008,2026-01-12 05:15:00,64.077
QUALITY_001,2026-01-12 05:30:00,40.202
QUALITY_002,2026-01-12 05:30:00,33.603
QUALITY_003,2026-01-12 05:30:00,41.991
QUALITY_005,2026-01-12 05:30:00,50.372
QUALITY_006,2026-01-12 05:30:00,56.426
QUALITY_007,2026-01-12 05:30:00,91.006
QUALITY_008,2026-01-12 05:30:00,66.193
QUALITY_001,2026-01-12 05:45:00,42.304
QUALITY_002,2026-01-12 05:45:00,32.464
QUALITY_003,2026-01-12 05:45:00,39.66
QUALITY_004,2026-01-12 05:45:00,68.835
QUALITY_005,2026-01-12 05:45:00,48.128
QUALITY_006,2026-01-12 05:45:00,57.271
QUALITY_007,2026-01-12 05:45:00,93.071
QUALITY_008,2026-01-12 05:45:00,66.098
QUALITY_001,2026-01-12 06:00:00,44.254
QUALITY_002,2026-01-12 06:00:00,34.349
QUALITY_003,2026-01-12 06:00:00,39.992
QUALITY_004,2026-01-12 06:00:00,72.065
QUALITY_005,2026-01-12 06:00:00,49.832
QUALITY_006,2026-01-12 06:00:00,55.277
QUALITY_007,2026-01-12 06:00:00,95.985
QUALITY_008,2026-01-12 06:00:00,66.072
QUALITY_001,2026-01-12 06:15:00,46.865
QUALITY_002,2026-01-12 06:15:00,33.205
QUALITY_003,2026-01-12 06:15:00,38.122
QUALITY_004,2026-01-12 06:15:00,74.185
QUALITY_005,2026-01-12 06:15:00,49.883
QUALITY_006,2026-01-12 06:15:00,54.798
QUALITY_007,2026-01-12 06:15:00,102.486
QUALITY_008,2026-01-12 06:15:00,66.998
QUALITY_001,2026-01-12 06:30:00,49.596
QUALITY_002,2026-01-12 06:30:00,34.003
QUALITY_003,2026-01-12 06:30:00,37.214
QUALITY_004,2026-01-12 06:30:00,76.492
QUALITY_005,2026-01-12 06:30:00,50.466
QUALITY_006,2026-01-12 06:30:00,54.096
QUALITY_007,2026-01-12 06:30:00,106.035
QUALITY_008,2026-01-12 06:30:00,68.597
QUALITY_001,2026-01-12 06:45:00,49.956
QUALITY_002,2026-01-12 06:45:00,34.279
QUALITY_003,2026-01-12 06:45:00,38.883
QUALITY_004,2026-01-12 06:45:00,79.802
QUALITY_005,2026-01-12 06:45:00,52.639
QUALITY_006,2026-01-12 06:45:00,53.518
QUALITY_007,2026-01-12 06:45:00,109.903
QUALITY_008,2026-01-12 06:45:00,67.123
QUALITY_001,2026-01-12 07:00:00,54.377
QUALITY_002,2026-01-12 07:00:00,35.405
QUALITY_003,2026-01-12 07:00:00,37.905
QUALITY_004,2026-01-12 07:00:00,83.642
QUALITY_005,2026-01-12 07:00:00,51.5
QUALITY_006,2026-01-12 07:00:00,52.368
QUALITY_007,2026-01-12 07:00:00,115.016
QUALITY_008,2026-01-12 07:00:00,68.143
QUALITY_001,2026-01-12 07:15:00,54.254
QUALITY_002,2026-01-12 07:15:00,35.552
QUALITY_003,2026-01-12 07:15:00,37.959
QUALITY_004,2026-01-12 07:15:00,87.607
QUALITY_005,2026-01-12 07:15:00,52.652
QUALITY_006,2026-01-12 07:15:00,53.256
QUALITY_007,2026-01-12 07:15:00,120.441
QUALITY_008,2026-01-12 07:15:00,69.085
QUALITY_001,2026-01-12 07:30:00,58.587
QUALITY_002,2026-01-12 07:30:00,34.61
QUALITY_003,2026-01-12 07:30:00,36.751
QUALITY_004,2026-01-12 07:30:00,90.085
QUALITY_005,2026-01-12 07:30:00,52.511
QUALITY_006,2026-01-12 07:30:00,53.644
QUALITY_007,2026-01-12 07:30:00,125.016
QUALITY_008,2026-01-12 07:30:00,69.688
QUALITY_001,2026-01-12 07:45:00,58.435
QUALITY_002,2026-01-12 07:45:00,37.253
QUALITY_003,2026-01-12 07:45:00,36.469
QUALITY_004,2026-01-12 07:45:00,94.307
QUALITY_005,2026-01-12 07:45:00,53.876
QUALITY_006,2026-01-12 07:45:00,51.184
QUALITY_007,2026-01-12 07:45:00,128.803
QUALITY_008,2026-01-12 07:45:00,71.049
QUALITY_001,2026-01-12 08:00:00,60.335
QUALITY_002,2026-01-12 08:00:00,37.309
QUALITY_003,2026-01-12 08:00:00,36.908
QUALITY_004,2026-01-12 08:00:00,96.199
QUALITY_005,2026-01-12 08:00:00,54.464
QUALITY_006,2026-01-12 08:00:00,52.99
QUALITY_007,2026-01-12 08:00:00,132.422
QUALITY_008,2026-01-12 08:00:00,73.228
QUALITY_001,2026-01-12 08:15:00,62.909
QUALITY_002,2026-01-12 08:15:00,36.452
QUALITY_003,2026-01-12 08:15:00,35.943
QUALITY_004,2026-01-12 08:15:00,100.727
QUALITY_005,2026-01-12 08:15:00,55.186
QUALITY_006,2026-01-12 08:15:00,52.844
QUALITY_007,2026-01-12 08:15:00,136.031
QUALITY_008,2026-01-12 08:15:00,74.128
QUALITY_001,2026-01-12 08:30:00,63.23
QUALITY_002,2026-01-12 08:30:00,39.06
QUALITY_003,2026-01-12 08:30:00,35.406
QUALITY_004,2026-01-12 08:30:00,100.536
QUALITY_005,2026-01-12 08:30:00,56.581
QUALITY_006,2026-01-12 08:30:00,53.468
QUALITY_007,2026-01-12 08:30:00,138.267
QUALITY_008,2026-01-12 08:30:00,73.694
QUALITY_001,2026-01-12 08:45:00,64.766
QUALITY_002,2026-01-12 08:45:00,38.859
QUALITY_003,2026-01-12 08:45:00,37.055
QUALITY_004,2026-01-12 08:45:00,101.527
QUALITY_005,2026-01-12 08:45:00,56.035
QUALITY_006,2026-01-12 08:45:00,50.984
QUALITY_007,2026-01-12 08:45:00,139.509
QUALITY_008,2026-01-12 08:45:00,75.369
QUALITY_001,2026-01-12 09:00:00,66.026
QUALITY_002,2026-01-12 09:00:00,37.529
QUALITY_003,2026-01-12 09:00:00,36.58
QUALITY_004,2026-01-12 09:00:00,104.972
QUALITY_005,2026-01-12 09:00:00,57.036
QUALITY_006,2026-01-12 09:00:00,52.344
QUALITY_007,2026-01-12 09:00:00,142.203
QUALITY_008,2026-01-12 09:00:00,76.225
QUALITY_001,2026-01-12 09:15:00,65.728
QUALITY_002,2026-01-12 09:15:00,38.404
QUALITY_003,2026-01-12 09:15:00,36.379
QUALITY_004,2026-01-12 09:15:00,102.725
QUALITY_005,2026-01-12 09:15:00,59.023
QUALITY_006,2026-01-12 09:15:00,53.063
QUALITY_007,2026-01-12 09:15:00,141.866
QUALITY_008,2026-01-12 09:15:00,79.322
QUALITY_001,2026-01-12 09:30:00,64.747
QUALITY_002,2026-01-12 09:30:00,39.791
QUALITY_003,2026-01-12 09:30:00,38.256
QUALITY_004,2026-01-12 09:30:00,102.817
QUALITY_005,2026-01-12 09:30:00,58.847
QUALITY_006,2026-01-12 09:30:00,53.227
QUALITY_007,2026-01-12 09:30:00,141.188
QUALITY_008,2026-01-12 09:30:00,78.753
QUALITY_001,2026-01-12 09:45:00,64.837
QUALITY_002,2026-01-12 09:45:00,42.09
QUALITY_003,2026-01-12 09:45:00,37.571
QUALITY_004,2026-01-12 09:45:00,103.06
QUALITY_005,2026-01-12 09:45:00,61.849
QUALITY_006,2026-01-12 09:45:00,52.514
QUALITY_007,2026-01-12 09:45:00,140.234
QUALITY_008,2026-01-12 09:45:00,79.648
QUALITY_001,2026-01-12 10:00:00,64.608
QUALITY_002,2026-01-12 10:00:00,41.981
QUALITY_003,2026-01-12 10:00:00,37.488
QUALITY_004,2026-01-12 10:00:00,99.597
QUALITY_005,2026-01-12 10:00:00,62.311
QUALITY_006,2026-01-12 10:00:00,53.09
QUALITY_007,2026-01-12 10:00:00,137.264
QUALITY_008,2026-01-12 10:00:00,83.582
QUALITY_001,2026-01-12 10:15:00,63.248
QUALITY_002,2026-01-12 10:15:00,43.059
QUALITY_003,2026-01-12 10:15:00,38.917
QUALITY_004,2026-01-12 10:15:00,99.151
QUALITY_005,2026-01-12 10:15:00,64.416
QUALITY_006,2026-01-12 10:15:00,54.437
QUALITY_007,2026-01-12 10:15:00,135.006
QUALITY_008,2026-01-12 10:15:00,85.261
QUALITY_001,2026-01-12 10:30:00,61.244
QUALITY_002,2026-01-12 10:30:00,42.555
QUALITY_003,2026-01-12 10:30:00,38.138
QUALITY_004,2026-01-12 10:30:00,96.786
QUALITY_005,2026-01-12 10:30:00,65.183
QUALITY_006,2026-01-12 10:30:00,53.327
QUALITY_007,2026-01-12 10:30:00,133.13
QUALITY_008,2026-01-12 10:30:00,85.093
QUALITY_001,2026-01-12 10:45:00,59.531
QUALITY_002,2026-01-12 10:45:00,45.5
QUALITY_003,2026-01-12 10:45:00,37.684
QUALITY_004,2026-01-12 10:45:00,94.848
QUALITY_005,2026-01-12 10:45:00,65.591
QUALITY_006,2026-01-12 10:45:00,54.715
QUALITY_007,2026-01-12 10:45:00,131.087
QUALITY_008,2026-01-12 10:45:00,87.682
QUALITY_001,2026-01-12 11:00:00,58.61
QUALITY_002,2026-01-12 11:00:00,45.264
QUALITY_003,2026-01-12 11:00:00,37.918
QUALITY_004,2026-01-12 11:00:00,92.406
QUALITY_005,2026-01-12 11:00:00,67.95
QUALITY_006,2026-01-12 11:00:00,54.85
QUALITY_007,2026-01-12 11:00:00,126.704
QUALITY_008,2026-01-12 11:00:00,90.564
QUALITY_001,2026-01-12 11:15:00,57.214
QUALITY_002,2026-01-12 11:15:00,48.188
QUALITY_003,2026-01-12 11:15:00,39.474
QUALITY_004,2026-01-12 11:15:00,89.435
QUALITY_005,2026-01-12 11:15:00,71.314
QUALITY_006,2026-01-12 11:15:00,55.32
QUALITY_007,2026-01-12 11:15:00,124.076
QUALITY_008,2026-01-12 11:15:00,95.524
QUALITY_001,2026-01-12 11:30:00,56.226
QUALITY_002,2026-01-12 11:30:00,48.603
QUALITY_003,2026-01-12 11:30:00,40.434
QUALITY_004,2026-01-12 11:30:00,87.871
QUALITY_005,2026-01-12 11:30:00,72.897
QUALITY_006,2026-01-12 11:30:00,56.563
QUALITY_007,2026-01-12 11:30:00,122.178
QUALITY_008,2026-01-12 11:30:00,97.152
QUALITY_001,2026-01-12 11:45:00,53.26
QUALITY_002,2026-01-12 11:45:00,52.492
QUALITY_003,2026-01-12 11:45:00,40.094
QUALITY_004,2026-01-12 11:45:00,87.771
QUALITY_005,2026-01-12 11:45:00,75.487
QUALITY_006,2026-01-12 11:45:00,56.352
QUALITY_007,2026-01-12 11:45:00,117.607
QUALITY_008,2026-01-12 11:45:00,102.431
QUALITY_001,2026-01-12 12:00:00,53.551
QUALITY_002,2026-01-12 12:00:00,54.41
QUALITY_003,2026-01-12 12:00:00,39.552
QUALITY_004,2026-01-12 12:00:00,84.297
QUALITY_005,2026-01-12 12:00:00,80.25
QUALITY_006,2026-01-12 12:00:00,57.365
QUALITY_008,2026-01-12 12:00:00,106.608
QUALITY_001,2026-01-12 12:15:00,53.823
QUALITY_002,2026-01-12 12:15:00,54.85
QUALITY_003,2026-01-12 12:15:00,41.202
QUALITY_004,2026-01-12 12:15:00,83.764
QUALITY_005,2026-01-12 12:15:00,83.509
QUALITY_006,2026-01-12 12:15:00,57.174
QUALITY_007,2026-01-12 12:15:00,113.022
QUALITY_008,2026-01-12 12:15:00,110.698
QUALITY_001,2026-01-12 12:30:00,52.803
QUALITY_002,2026-01-12 12:30:00,59.744
QUALITY_003,2026-01-12 12:30:00,41.25
QUALITY_004,2026-01-12 12:30:00,81.751
QUALITY_005,2026-01-12 12:30:00,86.956
QUALITY_006,2026-01-12 12:30:00,58.904
QUALITY_007,2026-01-12 12:30:00,112.508
QUALITY_008,2026-01-12 12:30:00,114.381
QUALITY_001,2026-01-12 12:45:00,49.926
QUALITY_002,2026-01-12 12:45:00,61.599
QUALITY_003,2026-01-12 12:45:00,42.232
QUALITY_004,2026-01-12 12:45:00,80.058
QUALITY_005,2026-01-12 12:45:00,92.229
QUALITY_006,2026-01-12 12:45:00,60.068
QUALITY_007,2026-01-12 12:45:00,111.525
QUALITY_008,2026-01-12 12:45:00,121.512
QUALITY_001,2026-01-12 13:00:00,50.125
QUALITY_002,2026-01-12 13:00:00,63.376
QUALITY_003,2026-01-12 13:00:00,43.068
QUALITY_004,2026-01-12 13:00:00,80.918
QUALITY_005,2026-01-12 13:00:00,93.672
QUALITY_006,2026-01-12 13:00:00,61.618
QUALITY_007,2026-01-12 13:00:00,109.843
QUALITY_008,2026-01-12 13:00:00,127.314
QUALITY_001,2026-01-12 13:15:00,50.436
QUALITY_002,2026-01-12 13:15:00,66.172
QUALITY_003,2026-01-12 13:15:00,43.161
QUALITY_004,2026-01-12 13:15:00,77.766
QUALITY_005,2026-01-12 13:15:00,99.783
QUALITY_006,2026-01-12 13:15:00,60.653
QUALITY_007,2026-01-12 13:15:00,108.62
QUALITY_008,2026-01-12 13:15:00,131.401
QUALITY_001,2026-01-12 13:30:00,49.184
QUALITY_002,2026-01-12 13:30:00,68.165
QUALITY_003,2026-01-12 13:30:00,43.328
QUALITY_004,2026-01-12 13:30:00,76.696
QUALITY_005,2026-01-12 13:30:00,102.898
QUALITY_006,2026-01-12 13:30:00,60.869
QUALITY_007,2026-01-12 13:30:00,106.57
QUALITY_008,2026-01-12 13:30:00,135.623
QUALITY_001,2026-01-12 13:45:00,49.54
QUALITY_002,2026-01-12 13:45:00,71.956
QUALITY_003,2026-01-12 13:45:00,43.582
QUALITY_004,2026-01-12 13:45:00,75.564
QUALITY_005,2026-01-12 13:45:00,105.638
QUALITY_006,2026-01-12 13:45:00,63.149
QUALITY_007,2026-01-12 13:45:00,104.391
QUALITY_008,2026-01-12 13:45:00,141.128
QUALITY_001,2026-01-12 14:00:00,47.694
QUALITY_002,2026-01-12 14:00:00,73.688
QUALITY_003,2026-01-12 14:00:00,45.837
QUALITY_004,2026-01-12 14:00:00,75.83
QUALITY_005,2026-01-12 14:00:00,109.519
QUALITY_006,2026-01-12 14:00:00,62.86
QUALITY_007,2026-01-12 14:00:00,102.751
QUALITY_008,2026-01-12 14:00:00,145.446
QUALITY_001,2026-01-12 14:15:00,46.897
QUALITY_002,2026-01-12 14:15:00,76.439
QUALITY_003,2026-01-12 14:15:00,45.472
QUALITY_004,2026-01-12 14:15:00,73.34
QUALITY_005,2026-01-12 14:15:00,111.438
QUALITY_006,2026-01-12 14:15:00,65.12
QUALITY_007,2026-01-12 14:15:00,100.418
QUALITY_008,2026-01-12 14:15:00,148.591
QUALITY_001,2026-01-12 14:30:00,46.711
QUALITY_002,2026-01-12 14:30:00,77.696
QUALITY_003,2026-01-12 14:30:00,45.768
QUALITY_004,2026-01-12 14:30:00,72.114
QUALITY_005,2026-01-12 14:30:00,113.083
QUALITY_006,2026-01-12 14:30:00,63.965
QUALITY_007,2026-01-12 14:30:00,99.031
QUALITY_008,2026-01-12 14:30:00,150.72
QUALITY_001,2026-01-12 14:45:00,44.373
QUALITY_002,2026-01-12 14:45:00,78.794
QUALITY_004,2026-01-12 14:45:00,70.268
QUALITY_005,2026-01-12 14:45:00,115.586
QUALITY_006,2026-01-12 14:45:00,66.755
QUALITY_007,2026-01-12 14:45:00,98.78
QUALITY_008,2026-01-12 14:45:00,154.402
QUALITY_001,2026-01-12 15:00:00,44.308
QUALITY_002,2026-01-12 15:00:00,78.261
QUALITY_003,2026-01-12 15:00:00,46.027
QUALITY_004,2026-01-12 15:00:00,69.856
QUALITY_005,2026-01-12 15:00:00,117.127
QUALITY_006,2026-01-12 15:00:00,67.685
QUALITY_007,2026-01-12 15:00:00,96.721
QUALITY_008,2026-01-12 15:00:00,153.523
QUALITY_001,2026-01-12 15:15:00,43.009
QUALITY_002,2026-01-12 15:15:00,79.436
QUALITY_003,2026-01-12 15:15:00,49.225
QUALITY_004,2026-01-12 15:15:00,68.681
QUALITY_005,2026-01-12 15:15:00,115.3
QUALITY_006,2026-01-12 15:15:00,68.889
QUALITY_007,2026-01-12 15:15:00,94.307
QUALITY_008,2026-01-12 15:15:00,155.58
QUALITY_001,2026-01-12 15:30:00,40.788
QUALITY_002,2026-01-12 15:30:00,76.72
QUALITY_003,2026-01-12 15:30:00,49.286
QUALITY_004,2026-01-12 15:30:00,65.732
QUALITY_005,2026-01-12 15:30:00,116.211
QUALITY_006,2026-01-12 15:30:00,68.162
QUALITY_007,2026-01-12 15:30:00,90.859
QUALITY_008,2026-01-12 15:30:00,152.643
QUALITY_001,2026-01-12 15:45:00,41.907
QUALITY_002,2026-01-12 15:45:00,76.922
QUALITY_003,2026-01-12 15:45:00,50.69
QUALITY_004,2026-01-12 15:45:00,63.073
QUALITY_005,2026-01-12 15:45:00,113.763
QUALITY_006,2026-01-12 15:45:00,69.238
QUALITY_007,2026-01-12 15:45:00,88.886
QUALITY_008,2026-01-12 15:45:00,153.849
QUALITY_001,2026-01-12 16:00:00,38.338
QUALITY_002,2026-01-12 16:00:00,75.781
QUALITY_003,2026-01-12 16:00:00,49.44
QUALITY_004,2026-01-12 16:00:00,61.645
QUALITY_005,2026-01-12 16:00:00,114.149
QUALITY_006,2026-01-12 16:00:00,70.848
QUALITY_007,2026-01-12 16:00:00,84.795
QUALITY_008,2026-01-12 16:00:00,150.894
QUALITY_001,2026-01-12 16:15:00,38.118
QUALITY_002,2026-01-12 16:15:00,74.262
QUALITY_003,2026-01-12 16:15:00,53.317
QUALITY_004,2026-01-12 16:15:00,60.333
QUALITY_005,2026-01-12 16:15:00,111.139
QUALITY_006,2026-01-12 16:15:00,73.015
QUALITY_007,2026-01-12 16:15:00,83.56
QUALITY_008,2026-01-12 16:15:00,148.377
QUALITY_001,2026-01-12 16:30:00,35.873
QUALITY_002,2026-01-12 16:30:00,72.374
QUALITY_003,2026-01-12 16:30:00,54.385
QUALITY_004,2026-01-12 16:30:00,58.892
QUALITY_005,2026-01-12 16:30:00,107.533
QUALITY_006,2026-01-12 16:30:00,75.307
QUALITY_007,2026-01-12 16:30:00,79.046
QUALITY_008,2026-01-12 16:30:00,144.834
QUALITY_001,2026-01-12 16:45:00,36.028
QUALITY_002,2026-01-12 16:45:00,72.222
QUALITY_003,2026-01-12 16:45:00,55.715
QUALITY_004,2026-01-12 16:45:00,55.588
QUALITY_005,2026-01-12 16:45:00,106.551
QUALITY_006,2026-01-12 16:45:00,79.791
QUALITY_007,2026-01-12 16:45:00,77.463
QUALITY_008,2026-01-12 16:45:00,141.735
QUALITY_001,2026-01-12 17:00:00,33.832
QUALITY_002,2026-01-12 17:00:00,70.858
QUALITY_003,2026-01-12 17:00:00,56.881
QUALITY_004,2026-01-12 17:00:00,54.433
QUALITY_005,2026-01-12 17:00:00,104.736
QUALITY_006,2026-01-12 17:00:00,80.64
QUALITY_007,2026-01-12 17:00:00,75.672
QUALITY_008,2026-01-12 17:00:00,138.746
QUALITY_001,2026-01-12 17:15:00,33.647
QUALITY_002,2026-01-12 17:15:00,67.772
QUALITY_003,2026-01-12 17:15:00,59.252
QUALITY_004,2026-01-12 17:15:00,52.331
QUALITY_005,2026-01-12 17:15:00,102.527
QUALITY_006,2026-01-12 17:15:00,85.555
QUALITY_007,2026-01-12 17:15:00,71.721
QUALITY_008,2026-01-12 17:15:00,133.488
QUALITY_001,2026-01-12 17:30:00,31.104
QUALITY_002,2026-01-12 17:30:00,65.534
QUALITY_003,2026-01-12 17:30:00,62.994
QUALITY_004,2026-01-12 17:30:00,51.804
QUALITY_005,2026-01-12 17:30:00,100.224
QUALITY_006,2026-01-12 17:30:00,89.444
QUALITY_007,2026-01-12 17:30:00,69.824
QUALITY_008,2026-01-12 17:30:00,132.443
QUALITY_001,2026-01-12 17:45:00,32.338
QUALITY_002,2026-01-12 17:45:00,64.008
QUALITY_003,2026-01-12 17:45:00,67.458
QUALITY_004,2026-01-12 17:45:00,49.846
QUALITY_005,2026-01-12 17:45:00,98.164
QUALITY_006,2026-01-12 17:45:00,94.427
QUALITY_007,2026-01-12 17:45:00,67.258
QUALITY_008,2026-01-12 17:45:00,129.849
QUALITY_001,2026-01-12 18:00:00,31.983
QUALITY_002,2026-01-12 18:00:00,63.063
QUALITY_003,2026-01-12 18:00:00,68.356
QUALITY_004,2026-01-12 18:00:00,47.384
QUALITY_005,2026-01-12 18:00:00,94.358
QUALITY_006,2026-01-12 18:00:00,99.098
QUALITY_007,2026-01-12 18:00:00,67.781
QUALITY_008,2026-01-12 18:00:00,125.256
QUALITY_001,2026-01-12 18:15:00,30.792
QUALITY_002,2026-01-12 18:15:00,63.523
QUALITY_003,2026-01-12 18:15:00,73.851
QUALITY_004,2026-01-12 18:15:00,46.463
QUALITY_005,2026-01-12 18:15:00,93.633
QUALITY_006,2026-01-12 18:15:00,103.572
QUALITY_007,2026-01-12 18:15:00,64.111
QUALITY_008,2026-01-12 18:15:00,122.869
QUALITY_001,2026-01-12 18:30:00,29.413
QUALITY_002,2026-01-12 18:30:00,62.44
QUALITY_003,2026-01-12 18:30:00,76.211
QUALITY_004,2026-01-12 18:30:00,46.157
QUALITY_005,2026-01-12 18:30:00,93.237
QUALITY_006,2026-01-12 18:30:00,108.904
QUALITY_007,2026-01-12 18:30:00,63.455
QUALITY_008,2026-01-12 18:30:00,121.502
QUALITY_001,2026-01-12 18:45:00,28.82
QUALITY_002,2026-01-12 18:45:00,61.619
QUALITY_003,2026-01-12 18:45:00,79.9
QUALITY_004,2026-01-12 18:45:00,46.709
QUALITY_005,2026-01-12 18:45:00,89.206
QUALITY_006,2026-01-12 18:45:00,113.223
QUALITY_007,2026-01-12 18:45:00,60.793
QUALITY_008,2026-01-12 18:45:00,119.871
QUALITY_001,2026-01-12 19:00:00,29.557
QUALITY_002,2026-01-12 19:00:00,58.786
QUALITY_003,2026-01-12 19:00:00,82.887
QUALITY_004,2026-01-12 19:00:00,44.48
QUALITY_005,2026-01-12 19:00:00,89.302
QUALITY_006,2026-01-12 19:00:00,119.029
QUALITY_007,2026-01-12 19:00:00,61.167
QUALITY_008,2026-01-12 19:00:00,119.335
QUALITY_001,2026-01-12 19:15:00,26.57
QUALITY_002,2026-01-12 19:15:00,59.276
QUALITY_003,2026-01-12 19:15:00,87.084
QUALITY_003,2026-01-12 19:15:00,89.584
QUALITY_004,2026-01-12 19:15:00,44.873
QUALITY_005,2026-01-12 19:15:00,87.298
QUALITY_006,2026-01-12 19:15:00,121.871
QUALITY_007,2026-01-12 19:15:00,60.074
QUALITY_008,2026-01-12 19:15:00,115.964
QUALITY_001,2026-01-12 19:30:00,28.652
QUALITY_002,2026-01-12 19:30:00,59.757
QUALITY_003,2026-01-12 19:30:00,87.908
QUALITY_004,2026-01-12 19:30:00,43.263
QUALITY_005,2026-01-12 19:30:00,87.173
QUALITY_006,2026-01-12 19:30:00,124.201
QUALITY_007,2026-01-12 19:30:00,60.09
QUALITY_008,2026-01-12 19:30:00,115.487
QUALITY_001,2026-01-12 19:45:00,27.787
QUALITY_002,2026-01-12 19:45:00,57.662
QUALITY_003,2026-01-12 19:45:00,88.027
QUALITY_004,2026-01-12 19:45:00,44.128
QUALITY_005,2026-01-12 19:45:00,85.192
QUALITY_006,2026-01-12 19:45:00,127.344
QUALITY_007,2026-01-12 19:45:00,58.875
QUALITY_008,2026-01-12 19:45:00,113.054
QUALITY_001,2026-01-12 20:00:00,26.859
QUALITY_002,2026-01-12 20:00:00,57.601
QUALITY_003,2026-01-12 20:00:00,90.16
QUALITY_004,2026-01-12 20:00:00,43.574
QUALITY_005,2026-01-12 20:00:00,86.048
QUALITY_006,2026-01-12 20:00:00,128.372
QUALITY_007,2026-01-12 20:00:00,58.354
QUALITY_008,2026-01-12 20:00:00,111.636
QUALITY_001,2026-01-12 20:15:00,27.863
QUALITY_002,2026-01-12 20:15:00,55.553
QUALITY_003,2026-01-12 20:15:00,89.145
QUALITY_004,2026-01-12 20:15:00,42.708
QUALITY_005,2026-01-12 20:15:00,83.926
QUALITY_006,2026-01-12 20:15:00,126.749
QUALITY_007,2026-01-12 20:15:00,56.802
QUALITY_008,2026-01-12 20:15:00,111.146
QUALITY_001,2026-01-12 20:30:00,25.421
QUALITY_002,2026-01-12 20:30:00,54.551
QUALITY_003,2026-01-12 20:30:00,88.844
QUALITY_004,2026-01-12 20:30:00,42.314
QUALITY_005,2026-01-12 20:30:00,82.061
QUALITY_006,2026-01-12 20:30:00,125.681
QUALITY_006,2026-01-12 20:30:00,128.181
QUALITY_007,2026-01-12 20:30:00,57.421
QUALITY_008,2026-01-12 20:30:00,107.389
QUALITY_001,2026-01-12 20:45:00,26.012
QUALITY_002,2026-01-12 20:45:00,54.466
QUALITY_003,2026-01-12 20:45:00,87.1
QUALITY_004,2026-01-12 20:45:00,42.527
QUALITY_005,2026-01-12 20:45:00,81.341
QUALITY_006,2026-01-12 20:45:00,121.744
QUALITY_007,2026-01-12 20:45:00,58.138
QUALITY_008,2026-01-12 20:45:00,107.335
QUALITY_001,2026-01-12 21:00:00,26.953
QUALITY_002,2026-01-12 21:00:00,51.649
QUALITY_003,2026-01-12 21:00:00,83.252
QUALITY_004,2026-01-12 21:00:00,42.348
QUALITY_005,2026-01-12 21:00:00,79.456
QUALITY_006,2026-01-12 21:00:00,118.407
QUALITY_007,2026-01-12 21:00:00,56.441
QUALITY_008,2026-01-12 21:00:00,104.103
QUALITY_001,2026-01-12 21:15:00,27.047
QUALITY_002,2026-01-12 21:15:00,52.58
QUALITY_003,2026-01-12 21:15:00,78.966
QUALITY_004,2026-01-12 21:15:00,42.486
QUALITY_005,2026-01-12 21:15:00,77.132
QUALITY_007,2026-01-12 21:15:00,57.006
QUALITY_008,2026-01-12 21:15:00,100.87
QUALITY_001,2026-01-12 21:30:00,25.909
QUALITY_002,2026-01-12 21:30:00,49.568
QUALITY_003,2026-01-12 21:30:00,77.903
QUALITY_004,2026-01-12 21:30:00,41.519
QUALITY_005,2026-01-12 21:30:00,74.53
QUALITY_006,2026-01-12 21:30:00,108.591
QUALITY_007,2026-01-12 21:30:00,58.404
QUALITY_008,2026-01-12 21:30:00,97.766
QUALITY_001,2026-01-12 21:45:00,25.974
QUALITY_002,2026-01-12 21:45:00,48.201
QUALITY_003,2026-01-12 21:45:00,71.856
QUALITY_004,2026-01-12 21:45:00,41.218
QUALITY_005,2026-01-12 21:45:00,71.147
QUALITY_006,2026-01-12 21:45:00,103.203
QUALITY_007,2026-01-12 21:45:00,57.737
QUALITY_008,2026-01-12 21:45:00,96.977
QUALITY_001,2026-01-12 22:00:00,27.161
QUALITY_002,2026-01-12 22:00:00,46.093
QUALITY_003,2026-01-12 22:00:00,70.164
QUALITY_004,2026-01-12 22:00:00,43.175
QUALITY_005,2026-01-12 22:00:00,70.157
QUALITY_006,2026-01-12 22:00:00,99.293
QUALITY_007,2026-01-12 22:00:00,56.671
QUALITY_008,2026-01-12 22:00:00,92.655
QUALITY_001,2026-01-12 22:15:00,25.455
QUALITY_002,2026-01-12 22:15:00,46.098
QUALITY_003,2026-01-12 22:15:00,66.182
QUALITY_004,2026-01-12 22:15:00,42.583
QUALITY_005,2026-01-12 22:15:00,67.969
QUALITY_006,2026-01-12 22:15:00,93.322
QUALITY_007,2026-01-12 22:15:00,57.486
QUALITY_008,2026-01-12 22:15:00,90.394
QUALITY_001,2026-01-12 22:30:00,25.93
QUALITY_002,2026-01-12 22:30:00,44.811
QUALITY_003,2026-01-12 22:30:00,64.314
QUALITY_004,2026-01-12 22:30:00,42.986
QUALITY_005,2026-01-12 22:30:00,64.716
QUALITY_006,2026-01-12 22:30:00,88.93
QUALITY_007,2026-01-12 22:30:00,57.893
QUALITY_008,2026-01-12 22:30:00,87.017
QUALITY_001,2026-01-12 22:45:00,27.695
QUALITY_002,2026-01-12 22:45:00,41.709
QUALITY_003,2026-01-12 22:45:00,60.775
QUALITY_004,2026-01-12 22:45:00,41.445
QUALITY_005,2026-01-12 22:45:00,63.904
QUALITY_006,2026-01-12 22:45:00,85.761
QUALITY_007,2026-01-12 22:45:00,59.244
QUALITY_008,2026-01-12 22:45:00,84.938
QUALITY_001,2026-01-12 23:00:00,25.993
QUALITY_002,2026-01-12 23:00:00,40.74
QUALITY_003,2026-01-12 23:00:00,58.013
QUALITY_004,2026-01-12 23:00:00,41.639
QUALITY_005,2026-01-12 23:00:00,62.549
QUALITY_006,2026-01-12 23:00:00,81.276
QUALITY_007,2026-01-12 23:00:00,58.51
QUALITY_008,2026-01-12 23:00:00,80.2
QUALITY_001,2026-01-12 23:15:00,27.394
QUALITY_002,2026-01-12 23:15:00,40.09
QUALITY_003,2026-01-12 23:15:00,54.357
QUALITY_004,2026-01-12 23:15:00,44.262
QUALITY_005,2026-01-12 23:15:00,58.731
QUALITY_006,2026-01-12 23:15:00,78.274
QUALITY_007,2026-01-12 23:15:00,58.814
QUALITY_008,2026-01-12 23:15:00,78.241
QUALITY_001,2026-01-12 23:30:00,26.502
QUALITY_002,2026-01-12 23:30:00,39.057
QUALITY_003,2026-01-12 23:30:00,53.593
QUALITY_004,2026-01-12 23:30:00,43.884
QUALITY_005,2026-01-12 23:30:00,58.846
QUALITY_006,2026-01-12 23:30:00,75.598
QUALITY_007,2026-01-12 23:30:00,58.785
QUALITY_008,2026-01-12 23:30:00,75.713
QUALITY_001,2026-01-12 23:45:00,28.437
QUALITY_002,2026-01-12 23:45:00,38.82
QUALITY_003,2026-01-12 23:45:00,51.068
QUALITY_004,2026-01-12 23:45:00,44.747
QUALITY_005,2026-01-12 23:45:00,56.789
QUALITY_006,2026-01-12 23:45:00,73.157
QUALITY_007,2026-01-12 23:45:00,60.917
QUALITY_008,2026-01-12 23:45:00,73.246
QUALITY_001,2026-01-13 00:00:00,26.802
QUALITY_002,2026-01-13 00:00:00,32.736
QUALITY_003,2026-01-13 00:00:00,64.084
QUALITY_004,2026-01-13 00:00:00,45.897
QUALITY_005,2026-01-13 00:00:00,49.318
QUALITY_006,2026-01-13 00:00:00,92.273
QUALITY_007,2026-01-13 00:00:00,60.591
QUALITY_008,2026-01-13 00:00:00,67.543
QUALITY_001,2026-01-13 00:15:00,29.09
QUALITY_002,2026-01-13 00:15:00,34.012
QUALITY_003,2026-01-13 00:15:00,64.454
QUALITY_004,2026-01-13 00:15:00,45.015
QUALITY_005,2026-01-13 00:15:00,48.751
QUALITY_006,2026-01-13 00:15:00,91.743
QUALITY_007,2026-01-13 00:15:00,62.217
QUALITY_008,2026-01-13 00:15:00,66.538
QUALITY_001,2026-01-13 00:30:00,27.336
QUALITY_002,2026-01-13 00:30:00,32.107
QUALITY_003,2026-01-13 00:30:00,65.471
QUALITY_004,2026-01-13 00:30:00,45.394
QUALITY_005,2026-01-13 00:30:00,49.79
QUALITY_006,2026-01-13 00:30:00,92.031
QUALITY_007,2026-01-13 00:30:00,61.676
QUALITY_008,2026-01-13 00:30:00,64.267
QUALITY_001,2026-01-13 00:45:00,28.118
QUALITY_002,2026-01-13 00:45:00,32.605
QUALITY_003,2026-01-13 00:45:00,65.198
QUALITY_004,2026-01-13 00:45:00,45.346
QUALITY_005,2026-01-13 00:45:00,49.075
QUALITY_006,2026-01-13 00:45:00,93.14
QUALITY_007,2026-01-13 00:45:00,62.232
QUALITY_008,2026-01-13 00:45:00,65.42
QUALITY_001,2026-01-13 01:00:00,30.423
QUALITY_002,2026-01-13 01:00:00,32.552
QUALITY_003,2026-01-13 01:00:00,63.728
QUALITY_004,2026-01-13 01:00:00,45.529
QUALITY_005,2026-01-13 01:00:00,49.311
QUALITY_006,2026-01-13 01:00:00,92.671
QUALITY_007,2026-01-13 01:00:00,63.556
QUALITY_008,2026-01-13 01:00:00,64.687
QUALITY_001,2026-01-13 01:15:00,28.751
QUALITY_002,2026-01-13 01:15:00,30.853
QUALITY_003,2026-01-13 01:15:00,64.366
QUALITY_004,2026-01-13 01:15:00,47.206
QUALITY_005,2026-01-13 01:15:00,48.152
QUALITY_006,2026-01-13 01:15:00,92.342
QUALITY_007,2026-01-13 01:15:00,63.2
QUALITY_008,2026-01-13 01:15:00,63.326
QUALITY_001,2026-01-13 01:30:00,29.183
QUALITY_002,2026-01-13 01:30:00,32.82
QUALITY_003,2026-01-13 01:30:00,63.605
QUALITY_004,2026-01-13 01:30:00,48.15
QUALITY_005,2026-01-13 01:30:00,47.488
QUALITY_006,2026-01-13 01:30:00,89.714
QUALITY_007,2026-01-13 01:30:00,66.302
QUALITY_008,2026-01-13 01:30:00,64.281
QUALITY_001,2026-01-13 01:45:00,30.316
QUALITY_002,2026-01-13 01:45:00,32.002
QUALITY_003,2026-01-13 01:45:00,62.56
QUALITY_004,2026-01-13 01:45:00,46.947
QUALITY_005,2026-01-13 01:45:00,46.775
QUALITY_006,2026-01-13 01:45:00,89.587
QUALITY_007,2026-01-13 01:45:00,67.159
QUALITY_008,2026-01-13 01:45:00,61.978
QUALITY_001,2026-01-13 02:00:00,31.621
QUALITY_002,2026-01-13 02:00:00,31.41
QUALITY_003,2026-01-13 02:00:00,61.944
QUALITY_004,2026-01-13 02:00:00,49.744
QUALITY_005,2026-01-13 02:00:00,47.22
QUALITY_006,2026-01-13 02:00:00,87.576
QUALITY_007,2026-01-13 02:00:00,67.449
QUALITY_008,2026-01-13 02:00:00,63.083
QUALITY_001,2026-01-13 02:15:00,30.127
QUALITY_002,2026-01-13 02:15:00,30.9
QUALITY_003,2026-01-13 02:15:00,58.206
QUALITY_004,2026-01-13 02:15:00,49.546
QUALITY_005,2026-01-13 02:15:00,48.099
QUALITY_006,2026-01-13 02:15:00,85.167
QUALITY_007,2026-01-13 02:15:00,66.357
QUALITY_008,2026-01-13 02:15:00,62.096
QUALITY_001,2026-01-13 02:30:00,30.285
QUALITY_002,2026-01-13 02:30:00,31.349
QUALITY_003,2026-01-13 02:30:00,58.641
QUALITY_004,2026-01-13 02:30:00,50.086
QUALITY_005,2026-01-13 02:30:00,46.027
QUALITY_006,2026-01-13 02:30:00,81.475
QUALITY_007,2026-01-13 02:30:00,67.305
QUALITY_008,2026-01-13 02:30:00,61.468
QUALITY_001,2026-01-13 02:45:00,30.679
QUALITY_002,2026-01-13 02:45:00,31.677
QUALITY_003,2026-01-13 02:45:00,56.843
QUALITY_004,2026-01-13 02:45:00,50.462
QUALITY_005,2026-01-13 02:45:00,47.423
QUALITY_006,2026-01-13 02:45:00,79.325
QUALITY_007,2026-01-13 02:45:00,70.501
QUALITY_008,2026-01-13 02:45:00,61.419
QUALITY_001,2026-01-13 03:00:00,33.458
QUALITY_002,2026-01-13 03:00:00,30.35
QUALITY_003,2026-01-13 03:00:00,54.511
QUALITY_004,2026-01-13 03:00:00,50.964
QUALITY_005,2026-01-13 03:00:00,47.583
QUALITY_006,2026-01-13 03:00:00,76.949
QUALITY_007,2026-01-13 03:00:00,71.386
QUALITY_008,2026-01-13 03:00:00,61.534
QUALITY_001,2026-01-13 03:15:00,33.931
QUALITY_002,2026-01-13 03:15:00,30.452
QUALITY_003,2026-01-13 03:15:00,51.708
QUALITY_004,2026-01-13 03:15:00,51.653
QUALITY_005,2026-01-13 03:15:00,47.595
QUALITY_006,2026-01-13 03:15:00,76.511
QUALITY_007,2026-01-13 03:15:00,71.111
QUALITY_008,2026-01-13 03:15:00,63.381
QUALITY_001,2026-01-13 03:30:00,34.51
QUALITY_002,2026-01-13 03:30:00,32.677
QUALITY_003,2026-01-13 03:30:00,50.206
QUALITY_004,2026-01-13 03:30:00,52.795
QUALITY_005,2026-01-13 03:30:00,45.91
QUALITY_006,2026-01-13 03:30:00,72.294
QUALITY_007,2026-01-13 03:30:00,72.836
QUALITY_008,2026-01-13 03:30:00,62.722
QUALITY_001,2026-01-13 03:45:00,33.205
QUALITY_002,2026-01-13 03:45:00,32.223
QUALITY_003,2026-01-13 03:45:00,48.514
QUALITY_004,2026-01-13 03:45:00,55
QUALITY_005,2026-01-13 03:45:00,46.103
QUALITY_006,2026-01-13 03:45:00,71.519
QUALITY_007,2026-01-13 03:45:00,72.981
QUALITY_008,2026-01-13 03:45:00,62.765
QUALITY_001,2026-01-13 04:00:00,34.739
QUALITY_002,2026-01-13 04:00:00,30.45
QUALITY_003,2026-01-13 04:00:00,47.458
QUALITY_004,2026-01-13 04:00:00,55.578
QUALITY_005,2026-01-13 04:00:00,47.645
QUALITY_006,2026-01-13 04:00:00,69.389
QUALITY_007,2026-01-13 04:00:00,75.581
QUALITY_008,2026-01-13 04:00:00,63.653
QUALITY_001,2026-01-13 04:15:00,36.448
QUALITY_002,2026-01-13 04:15:00,30.91
QUALITY_003,2026-01-13 04:15:00,45.849
QUALITY_004,2026-01-13 04:15:00,56.506
QUALITY_005,2026-01-13 04:15:00,48.36
QUALITY_006,2026-01-13 04:15:00,65.73
QUALITY_007,2026-01-13 04:15:00,76.54
QUALITY_008,2026-01-13 04:15:00,62.63
QUALITY_001,2026-01-13 04:30:00,35.574
QUALITY_002,2026-01-13 04:30:00,33.39
QUALITY_003,2026-01-13 04:30:00,46.345
QUALITY_004,2026-01-13 04:30:00,59.085
QUALITY_005,2026-01-13 04:30:00,46.372
QUALITY_006,2026-01-13 04:30:00,63.016
QUALITY_007,2026-01-13 04:30:00,80.014
QUALITY_008,2026-01-13 04:30:00,64.054
QUALITY_001,2026-01-13 04:45:00,36.969
QUALITY_002,2026-01-13 04:45:00,32.673
QUALITY_003,2026-01-13 04:45:00,42.644
QUALITY_004,2026-01-13 04:45:00,60.465
QUALITY_005,2026-01-13 04:45:00,48.354
QUALITY_006,2026-01-13 04:45:00,62.972
QUALITY_007,2026-01-13 04:45:00,81.493
QUALITY_008,2026-01-13 04:45:00,63.963
QUALITY_001,2026-01-13 05:00:00,39.759
QUALITY_002,2026-01-13 05:00:00,33.723
QUALITY_003,2026-01-13 05:00:00,42.871
QUALITY_004,2026-01-13 05:00:00,62.461
QUALITY_005,2026-01-13 05:00:00,47.252
QUALITY_006,2026-01-13 05:00:00,59.445
QUALITY_007,2026-01-13 05:00:00,84.928
QUALITY_008,2026-01-13 05:00:00,64.795
QUALITY_001,2026-01-13 05:15:00,38.695
QUALITY_002,2026-01-13 05:15:00,33.563
QUALITY_003,2026-01-13 05:15:00,40.46
QUALITY_004,2026-01-13 05:15:00,62.491
QUALITY_005,2026-01-13 05:15:00,48.315
QUALITY_006,2026-01-13 05:15:00,58.468
QUALITY_007,2026-01-13 05:15:00,86.651
QUALITY_008,2026-01-13 05:15:00,65.695
QUALITY_001,2026-01-13 05:30:00,41.482
QUALITY_002,2026-01-13 05:30:00,32.11
QUALITY_003,2026-01-13 05:30:00,39.375
QUALITY_004,2026-01-13 05:30:00,66.779
QUALITY_006,2026-01-13 05:30:00,58.569
QUALITY_007,2026-01-13 05:30:00,88.664
QUALITY_008,2026-01-13 05:30:00,63.965
QUALITY_001,2026-01-13 05:45:00,41.778
QUALITY_002,2026-01-13 05:45:00,34.204
QUALITY_003,2026-01-13 05:45:00,39.944
QUALITY_004,2026-01-13 05:45:00,67.349
QUALITY_005,2026-01-13 05:45:00,48.339
QUALITY_006,2026-01-13 05:45:00,57.552
QUALITY_007,2026-01-13 05:45:00,94.221
QUALITY_008,2026-01-13 05:45:00,67.014
QUALITY_001,2026-01-13 06:00:00,43.792
QUALITY_002,2026-01-13 06:00:00,33.309
QUALITY_003,2026-01-13 06:00:00,37.961
QUALITY_004,2026-01-13 06:00:00,71.166
QUALITY_005,2026-01-13 06:00:00,50.383
QUALITY_006,2026-01-13 06:00:00,55.95
QUALITY_007,2026-01-13 06:00:00,96.456
QUALITY_008,2026-01-13 06:00:00,67.063
QUALITY_001,2026-01-13 06:15:00,47.089
QUALITY_002,2026-01-13 06:15:00,32.719
QUALITY_003,2026-01-13 06:15:00,38.348
QUALITY_004,2026-01-13 06:15:00,75.306
QUALITY_005,2026-01-13 06:15:00,50.66
QUALITY_006,2026-01-13 06:15:00,55.802
QUALITY_007,2026-01-13 06:15:00,100.582
QUALITY_008,2026-01-13 06:15:00,67.168
QUALITY_001,2026-01-13 06:30:00,48.574
QUALITY_002,2026-01-13 06:30:00,33.026
QUALITY_003,2026-01-13 06:30:00,38.495
QUALITY_004,2026-01-13 06:30:00,76.65
QUALITY_005,2026-01-13 06:30:00,50.437
QUALITY_006,2026-01-13 06:30:00,55.43
QUALITY_007,2026-01-13 06:30:00,107.612
QUALITY_008,2026-01-13 06:30:00,66.559
QUALITY_001,2026-01-13 06:45:00,52.147
QUALITY_002,2026-01-13 06:45:00,35.373
QUALITY_003,2026-01-13 06:45:00,38.706
QUALITY_004,2026-01-13 06:45:00,82.184
QUALITY_005,2026-01-13 06:45:00,52.031
QUALITY_006,2026-01-13 06:45:00,53.016
QUALITY_007,2026-01-13 06:45:00,110.258
QUALITY_008,2026-01-13 06:45:00,69.609
QUALITY_001,2026-01-13 07:00:00,52.633
QUALITY_002,2026-01-13 07:00:00,34.721
QUALITY_003,2026-01-13 07:00:00,36.631
QUALITY_004,2026-01-13 07:00:00,83.583
QUALITY_005,2026-01-13 07:00:00,51.331
QUALITY_006,2026-01-13 07:00:00,53.397
QUALITY_007,2026-01-13 07:00:00,116.489
QUALITY_008,2026-01-13 07:00:00,68.309
QUALITY_001,2026-01-13 07:15:00,56.428
QUALITY_002,2026-01-13 07:15:00,36.673
QUALITY_003,2026-01-13 07:15:00,37.235
QUALITY_004,2026-01-13 07:15:00,88.342
QUALITY_005,2026-01-13 07:15:00,52.586
QUALITY_006,2026-01-13 07:15:00,53.879
QUALITY_007,2026-01-13 07:15:00,120.364
QUALITY_008,2026-01-13 07:15:00,68.813
QUALITY_001,2026-01-13 07:30:00,57.598
QUALITY_002,2026-01-13 07:30:00,36.651
QUALITY_003,2026-01-13 07:30:00,37.291
QUALITY_004,2026-01-13 07:30:00,91.515
QUALITY_005,2026-01-13 07:30:00,54.145
QUALITY_006,2026-01-13 07:30:00,51.62
QUALITY_007,2026-01-13 07:30:00,124.863
QUALITY_008,2026-01-13 07:30:00,71.284
QUALITY_001,2026-01-13 07:45:00,61.009
QUALITY_002,2026-01-13 07:45:00,37.369
QUALITY_003,2026-01-13 07:45:00,36.757
QUALITY_004,2026-01-13 07:45:00,93.533
QUALITY_005,2026-01-13 07:45:00,55.415
QUALITY_006,2026-01-13 07:45:00,52.898
QUALITY_007,2026-01-13 07:45:00,130.727
QUALITY_008,2026-01-13 07:45:00,72.369
QUALITY_001,2026-01-13 08:00:00,61.041
QUALITY_002,2026-01-13 08:00:00,36.289
QUALITY_003,2026-01-13 08:00:00,36.644
QUALITY_004,2026-01-13 08:00:00,96.175
QUALITY_005,2026-01-13 08:00:00,54.209
QUALITY_006,2026-01-13 08:00:00,51.585
QUALITY_007,2026-01-13 08:00:00,134.705
QUALITY_008,2026-01-13 08:00:00,73.981
QUALITY_002,2026-01-13 08:15:00,37.944
QUALITY_003,2026-01-13 08:15:00,36.671
QUALITY_004,2026-01-13 08:15:00,100.681
QUALITY_005,2026-01-13 08:15:00,55.967
QUALITY_006,2026-01-13 08:15:00,51.847
QUALITY_007,2026-01-13 08:15:00,135.97
QUALITY_008,2026-01-13 08:15:00,72.656
QUALITY_001,2026-01-13 08:30:00,65.395
QUALITY_002,2026-01-13 08:30:00,38.432
QUALITY_003,2026-01-13 08:30:00,37.756
QUALITY_004,2026-01-13 08:30:00,100.498
QUALITY_005,2026-01-13 08:30:00,57.23
QUALITY_006,2026-01-13 08:30:00,51.192
QUALITY_007,2026-01-13 08:30:00,139.11
QUALITY_008,2026-01-13 08:30:00,74.064
QUALITY_001,2026-01-13 08:45:00,64.16
QUALITY_002,2026-01-13 08:45:00,37.687
QUALITY_003,2026-01-13 08:45:00,36.291
QUALITY_004,2026-01-13 08:45:00,104.293
QUALITY_005,2026-01-13 08:45:00,57.686
QUALITY_006,2026-01-13 08:45:00,52.795
QUALITY_007,2026-01-13 08:45:00,140.552
QUALITY_008,2026-01-13 08:45:00,76.58
QUALITY_001,2026-01-13 09:00:00,64.655
QUALITY_002,2026-01-13 09:00:00,39.698
QUALITY_003,2026-01-13 09:00:00,36.009
QUALITY_004,2026-01-13 09:00:00,103.862
QUALITY_005,2026-01-13 09:00:00,58.597
QUALITY_006,2026-01-13 09:00:00,51.546
QUALITY_007,2026-01-13 09:00:00,141.849
QUALITY_008,2026-01-13 09:00:00,77.297
QUALITY_001,2026-01-13 09:15:00,66.962
QUALITY_002,2026-01-13 09:15:00,40.725
QUALITY_003,2026-01-13 09:15:00,36.047
QUALITY_004,2026-01-13 09:15:00,103.227
QUALITY_005,2026-01-13 09:15:00,59.388
QUALITY_006,2026-01-13 09:15:00,52.951
QUALITY_007,2026-01-13 09:15:00,142.45
QUALITY_008,2026-01-13 09:15:00,78.407
QUALITY_001,2026-01-13 09:30:00,65.26
QUALITY_002,2026-01-13 09:30:00,40.288
QUALITY_003,2026-01-13 09:30:00,37.979
QUALITY_004,2026-01-13 09:30:00,103.375
QUALITY_005,2026-01-13 09:30:00,59.836
QUALITY_006,2026-01-13 09:30:00,53.825
QUALITY_007,2026-01-13 09:30:00,141.951
QUALITY_008,2026-01-13 09:30:00,79.931
QUALITY_001,2026-01-13 09:45:00,64.648
QUALITY_002,2026-01-13 09:45:00,41.209
QUALITY_003,2026-01-13 09:45:00,38.712
QUALITY_004,2026-01-13 09:45:00,101.063
QUALITY_005,2026-01-13 09:45:00,61
QUALITY_006,2026-01-13 09:45:00,51.99
QUALITY_007,2026-01-13 09:45:00,141.336
QUALITY_008,2026-01-13 09:45:00,79.516
QUALITY_001,2026-01-13 10:00:00,64.559
QUALITY_002,2026-01-13 10:00:00,40.448
QUALITY_003,2026-01-13 10:00:00,38.92
QUALITY_004,2026-01-13 10:00:00,101.096
QUALITY_005,2026-01-13 10:00:00,62.025
QUALITY_006,2026-01-13 10:00:00,54.37
QUALITY_007,2026-01-13 10:00:00,138.505
QUALITY_008,2026-01-13 10:00:00,83.086
QUALITY_001,2026-01-13 10:15:00,63.188
QUALITY_002,2026-01-13 10:15:00,43.307
QUALITY_003,2026-01-13 10:15:00,39.383
QUALITY_004,2026-01-13 10:15:00,98.812
QUALITY_005,2026-01-13 10:15:00,62.682
QUALITY_006,2026-01-13 10:15:00,53.85
QUALITY_007,2026-01-13 10:15:00,136.927
QUALITY_008,2026-01-13 10:15:00,84.157
QUALITY_001,2026-01-13 10:30:00,62.573
QUALITY_002,2026-01-13 10:30:00,43.361
QUALITY_003,2026-01-13 10:30:00,38.328
QUALITY_004,2026-01-13 10:30:00,96.233
QUALITY_005,2026-01-13 10:30:00,65.534
QUALITY_006,2026-01-13 10:30:00,55.131
QUALITY_007,2026-01-13 10:30:00,133.792
QUALITY_008,2026-01-13 10:30:00,86.456
QUALITY_001,2026-01-13 10:45:00,58.867
QUALITY_002,2026-01-13 10:45:00,44.428
QUALITY_003,2026-01-13 10:45:00,39.55
QUALITY_004,2026-01-13 10:45:00,94.934
QUALITY_005,2026-01-13 10:45:00,67.5
QUALITY_006,2026-01-13 10:45:00,54.088
QUALITY_007,2026-01-13 10:45:00,128.743
QUALITY_008,2026-01-13 10:45:00,87.656
QUALITY_001,2026-01-13 11:00:00,57.374
QUALITY_002,2026-01-13 11:00:00,46.17
QUALITY_003,2026-01-13 11:00:00,37.841
QUALITY_004,2026-01-13 11:00:00,93.566
QUALITY_005,2026-01-13 11:00:00,68.438
QUALITY_006,2026-01-13 11:00:00,54.258
QUALITY_007,2026-01-13 11:00:00,126.826
QUALITY_008,2026-01-13 11:00:00,91.445
QUALITY_001,2026-01-13 11:15:00,56.756
QUALITY_002,2026-01-13 11:15:00,46.676
QUALITY_003,2026-01-13 11:15:00,39.783
QUALITY_004,2026-01-13 11:15:00,90.398
QUALITY_005,2026-01-13 11:15:00,69.94
QUALITY_006,2026-01-13 11:15:00,56.447
QUALITY_007,2026-01-13 11:15:00,124.668
QUALITY_008,2026-01-13 11:15:00,93.314
QUALITY_001,2026-01-13 11:30:00,54.859
QUALITY_002,2026-01-13 11:30:00,50.153
QUALITY_003,2026-01-13 11:30:00,41.179
QUALITY_004,2026-01-13 11:30:00,89.632
QUALITY_005,2026-01-13 11:30:00,74.088
QUALITY_006,2026-01-13 11:30:00,56.491
QUALITY_007,2026-01-13 11:30:00,122.112
QUALITY_008,2026-01-13 11:30:00,99.265
QUALITY_001,2026-01-13 11:45:00,54.294
QUALITY_002,2026-01-13 11:45:00,52.705
QUALITY_003,2026-01-13 11:45:00,40.877
QUALITY_004,2026-01-13 11:45:00,85.641
QUALITY_005,2026-01-13 11:45:00,77.527
QUALITY_006,2026-01-13 11:45:00,56.746
QUALITY_007,2026-01-13 11:45:00,118.914
QUALITY_008,2026-01-13 11:45:00,101.416
QUALITY_001,2026-01-13 12:00:00,52.973
QUALITY_002,2026-01-13 12:00:00,54.963
QUALITY_003,2026-01-13 12:00:00,41.048
QUALITY_004,2026-01-13 12:00:00,85.771
QUALITY_005,2026-01-13 12:00:00,81.085
QUALITY_006,2026-01-13 12:00:00,56.739
QUALITY_007,2026-01-13 12:00:00,115.16
QUALITY_001,2026-01-13 12:15:00,51.989
QUALITY_002,2026-01-13 12:15:00,56.414
QUALITY_003,2026-01-13 12:15:00,41.142
QUALITY_004,2026-01-13 12:15:00,84.258
QUALITY_005,2026-01-13 12:15:00,84.831
QUALITY_006,2026-01-13 12:15:00,58.372
QUALITY_007,2026-01-13 12:15:00,115.36
QUALITY_008,2026-01-13 12:15:00,110.594
QUALITY_001,2026-01-13 12:30:00,53.151
QUALITY_002,2026-01-13 12:30:00,57.299
QUALITY_003,2026-01-13 12:30:00,41.322
QUALITY_004,2026-01-13 12:30:00,83.196
QUALITY_005,2026-01-13 12:30:00,87.065
QUALITY_006,2026-01-13 12:30:00,60.28
QUALITY_007,2026-01-13 12:30:00,113
QUALITY_008,2026-01-13 12:30:00,116.97
QUALITY_001,2026-01-13 12:45:00,51.18
QUALITY_002,2026-01-13 12:45:00,62.234
QUALITY_003,2026-01-13 12:45:00,43.176
QUALITY_004,2026-01-13 12:45:00,80.474
QUALITY_005,2026-01-13 12:45:00,91.472
QUALITY_006,2026-01-13 12:45:00,59.087
QUALITY_007,2026-01-13 12:45:00,109.667
QUALITY_008,2026-01-13 12:45:00,119.85
QUALITY_001,2026-01-13 13:00:00,50.341
QUALITY_002,2026-01-13 13:00:00,64.056
QUALITY_003,2026-01-13 13:00:00,41.692
QUALITY_004,2026-01-13 13:00:00,79.291
QUALITY_005,2026-01-13 13:00:00,95.301
QUALITY_006,2026-01-13 13:00:00,61.47
QUALITY_007,2026-01-13 13:00:00,107.816
QUALITY_008,2026-01-13 13:00:00,125.877
QUALITY_001,2026-01-13 13:15:00,50.439
QUALITY_002,2026-01-13 13:15:00,66.345
QUALITY_003,2026-01-13 13:15:00,44.163
QUALITY_004,2026-01-13 13:15:00,78.393
QUALITY_005,2026-01-13 13:15:00,99.055
QUALITY_006,2026-01-13 13:15:00,62.186
QUALITY_007,2026-01-13 13:15:00,107.181
QUALITY_008,2026-01-13 13:15:00,130.533
QUALITY_001,2026-01-13 13:30:00,47.894
QUALITY_002,2026-01-13 13:30:00,69.003
QUALITY_003,2026-01-13 13:30:00,44.375
QUALITY_004,2026-01-13 13:30:00,77.608
QUALITY_005,2026-01-13 13:30:00,101.874
QUALITY_006,2026-01-13 13:30:00,61.185
QUALITY_007,2026-01-13 13:30:00,105.076
QUALITY_008,2026-01-13 13:30:00,135.916
QUALITY_001,2026-01-13 13:45:00,49.418
QUALITY_002,2026-01-13 13:45:00,70.392
QUALITY_003,2026-01-13 13:45:00,44.028
QUALITY_004,2026-01-13 13:45:00,75.602
QUALITY_005,2026-01-13 13:45:00,105.559
QUALITY_006,2026-01-13 13:45:00,64.023
QUALITY_007,2026-01-13 13:45:00,104.826
QUALITY_008,2026-01-13 13:45:00,142.038
QUALITY_001,2026-01-13 14:00:00,48.739
QUALITY_002,2026-01-13 14:00:00,74.122
QUALITY_003,2026-01-13 14:00:00,44.496
QUALITY_004,2026-01-13 14:00:00,76.491
QUALITY_005,2026-01-13 14:00:00,109.486
QUALITY_006,2026-01-13 14:00:00,62.658
QUALITY_007,2026-01-13 14:00:00,102.425
QUALITY_008,2026-01-13 14:00:00,144.215
QUALITY_001,2026-01-13 14:15:00,47.043
QUALITY_002,2026-01-13 14:15:00,76.243
QUALITY_003,2026-01-13 14:15:00,46.052
QUALITY_004,2026-01-13 14:15:00,74.251
QUALITY_005,2026-01-13 14:15:00,112.255
QUALITY_006,2026-01-13 14:15:00,63.68
QUALITY_007,2026-01-13 14:15:00,101.433
QUALITY_008,2026-01-13 14:15:00,147.884
QUALITY_001,2026-01-13 14:30:00,47.246
QUALITY_002,2026-01-13 14:30:00,77.899
QUALITY_003,2026-01-13 14:30:00,45.713
QUALITY_004,2026-01-13 14:30:00,72.929
QUALITY_005,2026-01-13 14:30:00,115.032
QUALITY_006,2026-01-13 14:30:00,65.436
QUALITY_007,2026-01-13 14:30:00,98.934
QUALITY_008,2026-01-13 14:30:00,152.678
QUALITY_001,2026-01-13 14:45:00,45.296
QUALITY_002,2026-01-13 14:45:00,77.135
QUALITY_003,2026-01-13 14:45:00,45.705
QUALITY_005,2026-01-13 14:45:00,114.622
QUALITY_006,2026-01-13 14:45:00,65.779
QUALITY_007,2026-01-13 14:45:00,97.135
QUALITY_008,2026-01-13 14:45:00,154.278
QUALITY_001,2026-01-13 15:00:00,43.031
QUALITY_002,2026-01-13 15:00:00,77.469
QUALITY_003,2026-01-13 15:00:00,48.648
QUALITY_004,2026-01-13 15:00:00,69.371
QUALITY_005,2026-01-13 15:00:00,117.21
QUALITY_006,2026-01-13 15:00:00,66.166
QUALITY_007,2026-01-13 15:00:00,96.64
QUALITY_008,2026-01-13 15:00:00,155.564
QUALITY_001,2026-01-13 15:15:00,43.996
QUALITY_002,2026-01-13 15:15:00,79.053
QUALITY_003,2026-01-13 15:15:00,48.598
QUALITY_004,2026-01-13 15:15:00,69.462
QUALITY_005,2026-01-13 15:15:00,116.003
QUALITY_006,2026-01-13 15:15:00,68.162
QUALITY_007,2026-01-13 15:15:00,92.112
QUALITY_008,2026-01-13 15:15:00,153.953
QUALITY_001,2026-01-13 15:30:00,41.966
QUALITY_002,2026-01-13 15:30:00,78.573
QUALITY_003,2026-01-13 15:30:00,49.876
QUALITY_004,2026-01-13 15:30:00,66.539
QUALITY_005,2026-01-13 15:30:00,117.503
QUALITY_006,2026-01-13 15:30:00,68.498
QUALITY_007,2026-01-13 15:30:00,90.712
QUALITY_008,2026-01-13 15:30:00,153.55
QUALITY_001,2026-01-13 15:45:00,41.924
QUALITY_002,2026-01-13 15:45:00,75.925
QUALITY_003,2026-01-13 15:45:00,50.344
QUALITY_004,2026-01-13 15:45:00,63.661
QUALITY_005,2026-01-13 15:45:00,113.692
QUALITY_006,2026-01-13 15:45:00,69.738
QUALITY_007,2026-01-13 15:45:00,87.582
QUALITY_008,2026-01-13 15:45:00,151.647
QUALITY_001,2026-01-13 16:00:00,38.762
QUALITY_002,2026-01-13 16:00:00,74.863
QUALITY_003,2026-01-13 16:00:00,50.755
QUALITY_004,2026-01-13 16:00:00,61.809
QUALITY_005,2026-01-13 16:00:00,113.482
QUALITY_006,2026-01-13 16:00:00,72.871
QUALITY_007,2026-01-13 16:00:00,85.395
QUALITY_008,2026-01-13 16:00:00,151.597
QUALITY_001,2026-01-13 16:15:00,37.406
QUALITY_002,2026-01-13 16:15:00,75.722
QUALITY_003,2026-01-13 16:15:00,52.388
QUALITY_004,2026-01-13 16:15:00,59.469
QUALITY_005,2026-01-13 16:15:00,111.601
QUALITY_006,2026-01-13 16:15:00,74.564
QUALITY_007,2026-01-13 16:15:00,83.089
QUALITY_008,2026-01-13 16:15:00,146.681
QUALITY_001,2026-01-13 16:30:00,37.165
QUALITY_002,2026-01-13 16:30:00,73.097
QUALITY_003,2026-01-13 16:30:00,52.999
QUALITY_004,2026-01-13 16:30:00,58.429
QUALITY_005,2026-01-13 16:30:00,109.502
QUALITY_006,2026-01-13 16:30:00,76.429
QUALITY_007,2026-01-13 16:30:00,79.904
QUALITY_008,2026-01-13 16:30:00,143.641
QUALITY_001,2026-01-13 16:45:00,36.678
QUALITY_002,2026-01-13 16:45:00,72.984
QUALITY_003,2026-01-13 16:45:00,55.375
QUALITY_004,2026-01-13 16:45:00,56.892
QUALITY_005,2026-01-13 16:45:00,105.526
QUALITY_006,2026-01-13 16:45:00,78.14
QUALITY_007,2026-01-13 16:45:00,77.455
QUALITY_008,2026-01-13 16:45:00,142.88
QUALITY_001,2026-01-13 17:00:00,34.443
QUALITY_002,2026-01-13 17:00:00,70.247
QUALITY_003,2026-01-13 17:00:00,57.461
QUALITY_004,2026-01-13 17:00:00,53.713
QUALITY_005,2026-01-13 17:00:00,103.33
QUALITY_006,2026-01-13 17:00:00,81.739
QUALITY_007,2026-01-13 17:00:00,74.771
QUALITY_008,2026-01-13 17:00:00,138.767
QUALITY_001,2026-01-13 17:15:00,33.813
QUALITY_002,2026-01-13 17:15:00,69.604
QUALITY_003,2026-01-13 17:15:00,59.247
QUALITY_004,2026-01-13 17:15:00,52.497
QUALITY_005,2026-01-13 17:15:00,102.801
QUALITY_006,2026-01-13 17:15:00,86.678
QUALITY_007,2026-01-13 17:15:00,71.294
QUALITY_008,2026-01-13 17:15:00,134.744
QUALITY_001,2026-01-13 17:30:00,31.344
QUALITY_002,2026-01-13 17:30:00,67.44
QUALITY_003,2026-01-13 17:30:00,61.764
QUALITY_004,2026-01-13 17:30:00,51.817
QUALITY_005,2026-01-13 17:30:00,98.356
QUALITY_006,2026-01-13 17:30:00,88.262
QUALITY_007,2026-01-13 17:30:00,69.404
QUALITY_008,2026-01-13 17:30:00,131.362
QUALITY_001,2026-01-13 17:45:00,30.318
QUALITY_002,2026-01-13 17:45:00,64.14
QUALITY_003,2026-01-13 17:45:00,67.228
QUALITY_004,2026-01-13 17:45:00,48.872
QUALITY_005,2026-01-13 17:45:00,96.53
QUALITY_006,2026-01-13 17:45:00,93.101
QUALITY_007,2026-01-13 17:45:00,68.248
QUALITY_008,2026-01-13 17:45:00,129.794
QUALITY_001,2026-01-13 18:00:00,31.607
QUALITY_002,2026-01-13 18:00:00,63.62
QUALITY_003,2026-01-13 18:00:00,69.872
QUALITY_004,2026-01-13 18:00:00,49.944
QUALITY_005,2026-01-13 18:00:00,96.53
QUALITY_006,2026-01-13 18:00:00,99.503
QUALITY_007,2026-01-13 18:00:00,67.464
QUALITY_008,2026-01-13 18:00:00,126.006
QUALITY_001,2026-01-13 18:15:00,29.208
QUALITY_002,2026-01-13 18:15:00,63.696
QUALITY_003,2026-01-13 18:15:00,72.926
QUALITY_004,2026-01-13 18:15:00,46.203
QUALITY_005,2026-01-13 18:15:00,93.396
QUALITY_006,2026-01-13 18:15:00,103.629
QUALITY_007,2026-01-13 18:15:00,64.662
QUALITY_008,2026-01-13 18:15:00,125.025
QUALITY_001,2026-01-13 18:30:00,29.514
QUALITY_002,2026-01-13 18:30:00,60.82
QUALITY_003,2026-01-13 18:30:00,75.635
QUALITY_004,2026-01-13 18:30:00,47.127
QUALITY_005,2026-01-13 18:30:00,91.501
QUALITY_006,2026-01-13 18:30:00,109.849
QUALITY_007,2026-01-13 18:30:00,63.462
QUALITY_008,2026-01-13 18:30:00,122.627
QUALITY_001,2026-01-13 18:45:00,29.366
QUALITY_002,2026-01-13 18:45:00,61.503
QUALITY_003,2026-01-13 18:45:00,79.398
QUALITY_004,2026-01-13 18:45:00,44.363
QUALITY_005,2026-01-13 18:45:00,90.712
QUALITY_006,2026-01-13 18:45:00,114.53
QUALITY_007,2026-01-13 18:45:00,61.451
QUALITY_008,2026-01-13 18:45:00,121.659
QUALITY_001,2026-01-13 19:00:00,29.01
QUALITY_002,2026-01-13 19:00:00,59.028
QUALITY_003,2026-01-13 19:00:00,84.511
QUALITY_004,2026-01-13 19:00:00,43.578
QUALITY_005,2026-01-13 19:00:00,88.995
QUALITY_006,2026-01-13 19:00:00,117.103
QUALITY_007,2026-01-13 19:00:00,60.768
QUALITY_008,2026-01-13 19:00:00,118.336
QUALITY_001,2026-01-13 19:15:00,27.214
QUALITY_002,2026-01-13 19:15:00,58.186
QUALITY_003,2026-01-13 19:15:00,86.703
QUALITY_004,2026-01-13 19:15:00,44.053
QUALITY_005,2026-01-13 19:15:00,89.567
QUALITY_006,2026-01-13 19:15:00,121.779
QUALITY_007,2026-01-13 19:15:00,61.109
QUALITY_008,2026-01-13 19:15:00,116.499
QUALITY_001,2026-01-13 19:30:00,26.439
QUALITY_002,2026-01-13 19:30:00,59.005
QUALITY_003,2026-01-13 19:30:00,88.535
QUALITY_004,2026-01-13 19:30:00,43.451
QUALITY_005,2026-01-13 19:30:00,87.206
QUALITY_006,2026-01-13 19:30:00,124.728
QUALITY_007,2026-01-13 19:30:00,60.829
QUALITY_008,2026-01-13 19:30:00,117.044
QUALITY_001,2026-01-13 19:45:00,26.055
QUALITY_002,2026-01-13 19:45:00,57.797
QUALITY_003,2026-01-13 19:45:00,89.44
QUALITY_004,2026-01-13 19:45:00,43.316
QUALITY_005,2026-01-13 19:45:00,84.946
QUALITY_006,2026-01-13 19:45:00,125.978
QUALITY_007,2026-01-13 19:45:00,58.221
QUALITY_008,2026-01-13 19:45:00,115.371
QUALITY_001,2026-01-13 20:00:00,27.594
QUALITY_002,2026-01-13 20:00:00,57.296
QUALITY_003,2026-01-13 20:00:00,90.509
QUALITY_004,2026-01-13 20:00:00,44.009
QUALITY_005,2026-01-13 20:00:00,85.325
QUALITY_006,2026-01-13 20:00:00,127.581
QUALITY_007,2026-01-13 20:00:00,58.543
QUALITY_008,2026-01-13 20:00:00,113.668
QUALITY_001,2026-01-13 20:15:00,26.244
QUALITY_002,2026-01-13 20:15:00,57.486
QUALITY_003,2026-01-13 20:15:00,89.046
QUALITY_004,2026-01-13 20:15:00,43.337
QUALITY_005,2026-01-13 20:15:00,84.806
QUALITY_006,2026-01-13 20:15:00,126.501
QUALITY_007,2026-01-13 20:15:00,58.675
QUALITY_008,2026-01-13 20:15:00,110.04
QUALITY_001,2026-01-13 20:30:00,25.567
QUALITY_002,2026-01-13 20:30:00,53.88
QUALITY_003,2026-01-13 20:30:00,87.947
QUALITY_004,2026-01-13 20:30:00,41.177
QUALITY_005,2026-01-13 20:30:00,81.51
QUALITY_006,2026-01-13 20:30:00,124.07
QUALITY_007,2026-01-13 20:30:00,56.672
QUALITY_008,2026-01-13 20:30:00,109.809
QUALITY_001,2026-01-13 20:45:00,25.999
QUALITY_002,2026-01-13 20:45:00,52.967
QUALITY_003,2026-01-13 20:45:00,85.894
QUALITY_004,2026-01-13 20:45:00,43.326
QUALITY_005,2026-01-13 20:45:00,78.95
QUALITY_006,2026-01-13 20:45:00,121.099
QUALITY_007,2026-01-13 20:45:00,58.572
QUALITY_008,2026-01-13 20:45:00,105.89
QUALITY_001,2026-01-13 21:00:00,25.125
QUALITY_002,2026-01-13 21:00:00,52.045
QUALITY_003,2026-01-13 21:00:00,83.893
QUALITY_004,2026-01-13 21:00:00,41.709
QUALITY_005,2026-01-13 21:00:00,79.107
QUALITY_006,2026-01-13 21:00:00,117.56
QUALITY_007,2026-01-13 21:00:00,57.337
QUALITY_008,2026-01-13 21:00:00,104.745
QUALITY_001,2026-01-13 21:15:00,25.415
QUALITY_002,2026-01-13 21:15:00,52.564
QUALITY_003,2026-01-13 21:15:00,79.225
QUALITY_004,2026-01-13 21:15:00,43.071
QUALITY_005,2026-01-13 21:15:00,76.197
QUALITY_006,2026-01-13 21:15:00,112.36
QUALITY_008,2026-01-13 21:15:00,102.58
QUALITY_001,2026-01-13 21:30:00,25.387
QUALITY_002,2026-01-13 21:30:00,51.386
QUALITY_003,2026-01-13 21:30:00,75.535
QUALITY_004,2026-01-13 21:30:00,42.687
QUALITY_005,2026-01-13 21:30:00,74.39
QUALITY_006,2026-01-13 21:30:00,109.025
QUALITY_007,2026-01-13 21:30:00,56.441
QUALITY_008,2026-01-13 21:30:00,97.45
QUALITY_001,2026-01-13 21:45:00,27.868
QUALITY_002,2026-01-13 21:45:00,49.045
QUALITY_003,2026-01-13 21:45:00,71.783
QUALITY_004,2026-01-13 21:45:00,43.325
QUALITY_005,2026-01-13 21:45:00,71.979
QUALITY_006,2026-01-13 21:45:00,104.983
QUALITY_007,2026-01-13 21:45:00,56.243
QUALITY_008,2026-01-13 21:45:00,94.973
QUALITY_001,2026-01-13 22:00:00,25.363
QUALITY_002,2026-01-13 22:00:00,46.819
QUALITY_003,2026-01-13 22:00:00,69.151
QUALITY_004,2026-01-13 22:00:00,41.311
QUALITY_005,2026-01-13 22:00:00,69.698
QUALITY_006,2026-01-13 22:00:00,99.636
QUALITY_007,2026-01-13 22:00:00,58.889
QUALITY_008,2026-01-13 22:00:00,93.064
QUALITY_001,2026-01-13 22:15:00,26.023
QUALITY_002,2026-01-13 22:15:00,46.042
QUALITY_003,2026-01-13 22:15:00,65.294
QUALITY_004,2026-01-13 22:15:00,43.618
QUALITY_005,2026-01-13 22:15:00,68.317
QUALITY_006,2026-01-13 22:15:00,93.759
QUALITY_007,2026-01-13 22:15:00,57.591
QUALITY_008,2026-01-13 22:15:00,89.306
QUALITY_001,2026-01-13 22:30:00,25.94
QUALITY_002,2026-01-13 22:30:00,42.794
QUALITY_003,2026-01-13 22:30:00,63.665
QUALITY_004,2026-01-13 22:30:00,41.626
QUALITY_005,2026-01-13 22:30:00,66.235
QUALITY_006,2026-01-13 22:30:00,88.281
QUALITY_007,2026-01-13 22:30:00,58.572
QUALITY_008,2026-01-13 22:30:00,87.479
QUALITY_001,2026-01-13 22:45:00,27.447
QUALITY_002,2026-01-13 22:45:00,43.09
QUALITY_003,2026-01-13 22:45:00,60.105
QUALITY_004,2026-01-13 22:45:00,41.631
QUALITY_005,2026-01-13 22:45:00,63.315
QUALITY_006,2026-01-13 22:45:00,86.383
QUALITY_007,2026-01-13 22:45:00,58.75
QUALITY_008,2026-01-13 22:45:00,84.624
QUALITY_001,2026-01-13 23:00:00,28.502
QUALITY_002,2026-01-13 23:00:00,42.454
QUALITY_003,2026-01-13 23:00:00,57.413
QUALITY_004,2026-01-13 23:00:00,43.622
QUALITY_005,2026-01-13 23:00:00,61.957
QUALITY_006,2026-01-13 23:00:00,82.629
QUALITY_007,2026-01-13 23:00:00,58.026
QUALITY_008,2026-01-13 23:00:00,80.483
QUALITY_001,2026-01-13 23:15:00,27.914
QUALITY_002,2026-01-13 23:15:00,40.189
QUALITY_003,2026-01-13 23:15:00,55.043
QUALITY_004,2026-01-13 23:15:00,42.638
QUALITY_005,2026-01-13 23:15:00,60.033
QUALITY_006,2026-01-13 23:15:00,77.827
QUALITY_007,2026-01-13 23:15:00,60.457
QUALITY_008,2026-01-13 23:15:00,79.602
QUALITY_001,2026-01-13 23:30:00,26.848
QUALITY_002,2026-01-13 23:30:00,38.029
QUALITY_003,2026-01-13 23:30:00,52.379
QUALITY_004,2026-01-13 23:30:00,42.341
QUALITY_005,2026-01-13 23:30:00,57.242
QUALITY_006,2026-01-13 23:30:00,77.23
QUALITY_007,2026-01-13 23:30:00,59.464
QUALITY_008,2026-01-13 23:30:00,75.347
QUALITY_001,2026-01-13 23:45:00,26.936
QUALITY_002,2026-01-13 23:45:00,38.42
QUALITY_003,2026-01-13 23:45:00,51.099
QUALITY_004,2026-01-13 23:45:00,44.88
QUALITY_005,2026-01-13 23:45:00,56.282
QUALITY_006,2026-01-13 23:45:00,73.055
QUALITY_007,2026-01-13 23:45:00,60.102
QUALITY_008,2026-01-13 23:45:00,74.758
QUALITY_001,2026-01-14 00:00:00,29.145
QUALITY_002,2026-01-14 00:00:00,33.669
QUALITY_003,2026-01-14 00:00:00,64.66
QUALITY_004,2026-01-14 00:00:00,45.69
QUALITY_005,2026-01-14 00:00:00,49.265
QUALITY_006,2026-01-14 00:00:00,93.296
QUALITY_007,2026-01-14 00:00:00,62.041
QUALITY_008,2026-01-14 00:00:00,67.753
QUALITY_001,2026-01-14 00:15:00,27.376
QUALITY_002,2026-01-14 00:15:00,33.778
QUALITY_003,2026-01-14 00:15:00,66.445
QUALITY_004,2026-01-14 00:15:00,44.366
QUALITY_005,2026-01-14 00:15:00,49.261
QUALITY_006,2026-01-14 00:15:00,92.654
QUALITY_007,2026-01-14 00:15:00,60.987
QUALITY_008,2026-01-14 00:15:00,65.655
QUALITY_001,2026-01-14 00:30:00,28.119
QUALITY_002,2026-01-14 00:30:00,32.493
QUALITY_003,2026-01-14 00:30:00,66.712
QUALITY_004,2026-01-14 00:30:00,45.612
QUALITY_005,2026-01-14 00:30:00,49.79
QUALITY_006,2026-01-14 00:30:00,92.597
QUALITY_007,2026-01-14 00:30:00,60.962
QUALITY_008,2026-01-14 00:30:00,64.447
QUALITY_001,2026-01-14 00:45:00,28.854
QUALITY_002,2026-01-14 00:45:00,33.088
QUALITY_003,2026-01-14 00:45:00,65.21
QUALITY_004,2026-01-14 00:45:00,46.197
QUALITY_005,2026-01-14 00:45:00,47.965
QUALITY_006,2026-01-14 00:45:00,92.218
QUALITY_007,2026-01-14 00:45:00,63.034
QUALITY_008,2026-01-14 00:45:00,65.535
QUALITY_001,2026-01-14 01:00:00,28.852
QUALITY_002,2026-01-14 01:00:00,32.105
QUALITY_003,2026-01-14 01:00:00,64.37
QUALITY_004,2026-01-14 01:00:00,45.691
QUALITY_005,2026-01-14 01:00:00,49.643
QUALITY_006,2026-01-14 01:00:00,90.794
QUALITY_007,2026-01-14 01:00:00,63.241
QUALITY_008,2026-01-14 01:00:00,63.415
QUALITY_001,2026-01-14 01:15:00,30.354
QUALITY_002,2026-01-14 01:15:00,31.682
QUALITY_003,2026-01-14 01:15:00,63.328
QUALITY_004,2026-01-14 01:15:00,46.303
QUALITY_005,2026-01-14 01:15:00,47.687
QUALITY_006,2026-01-14 01:15:00,90.638
QUALITY_007,2026-01-14 01:15:00,65.668
QUALITY_008,2026-01-14 01:15:00,64.661
QUALITY_001,2026-01-14 01:30:00,31.419
QUALITY_002,2026-01-14 01:30:00,33.316
QUALITY_003,2026-01-14 01:30:00,63.881
QUALITY_004,2026-01-14 01:30:00,46.99
QUALITY_005,2026-01-14 01:30:00,47.997
QUALITY_006,2026-01-14 01:30:00,89.818
QUALITY_007,2026-01-14 01:30:00,66.489
QUALITY_008,2026-01-14 01:30:00,63.451
QUALITY_001,2026-01-14 01:45:00,30.801
QUALITY_002,2026-01-14 01:45:00,33.124
QUALITY_003,2026-01-14 01:45:00,62.552
QUALITY_004,2026-01-14 01:45:00,47.944
QUALITY_005,2026-01-14 01:45:00,48.923
QUALITY_006,2026-01-14 01:45:00,89.348
QUALITY_007,2026-01-14 01:45:00,65.223
QUALITY_008,2026-01-14 01:45:00,62.464
QUALITY_001,2026-01-14 02:00:00,30.676
QUALITY_002,2026-01-14 02:00:00,32.698
QUALITY_003,2026-01-14 02:00:00,62.198
QUALITY_004,2026-01-14 02:00:00,48.474
QUALITY_005,2026-01-14 02:00:00,47.935
QUALITY_006,2026-01-14 02:00:00,87.768
QUALITY_007,2026-01-14 02:00:00,67.955
QUALITY_008,2026-01-14 02:00:00,62.732
QUALITY_001,2026-01-14 02:15:00,31.086
QUALITY_002,2026-01-14 02:15:00,31.442
QUALITY_003,2026-01-14 02:15:00,58.217
QUALITY_004,2026-01-14 02:15:00,48.425
QUALITY_005,2026-01-14 02:15:00,48.351
QUALITY_006,2026-01-14 02:15:00,85.449
QUALITY_007,2026-01-14 02:15:00,68.509
QUALITY_008,2026-01-14 02:15:00,63.377
QUALITY_001,2026-01-14 02:30:00,31.177
QUALITY_002,2026-01-14 02:30:00,32.475
QUALITY_003,2026-01-14 02:30:00,57.308
QUALITY_004,2026-01-14 02:30:00,50.867
QUALITY_005,2026-01-14 02:30:00,48.248
QUALITY_006,2026-01-14 02:30:00,81.125
QUALITY_007,2026-01-14 02:30:00,67.321
QUALITY_008,2026-01-14 02:30:00,62.096
QUALITY_001,2026-01-14 02:45:00,33.125
QUALITY_002,2026-01-14 02:45:00,30.721
QUALITY_003,2026-01-14 02:45:00,56.745
QUALITY_004,2026-01-14 02:45:00,50.692
QUALITY_005,2026-01-14 02:45:00,48.138
QUALITY_006,2026-01-14 02:45:00,81.277
QUALITY_007,2026-01-14 02:45:00,68.588
QUALITY_008,2026-01-14 02:45:00,63.544
QUALITY_001,2026-01-14 03:00:00,32.215
QUALITY_002,2026-01-14 03:00:00,32.816
QUALITY_003,2026-01-14 03:00:00,53.734
QUALITY_004,2026-01-14 03:00:00,51.308
QUALITY_005,2026-01-14 03:00:00,45.824
QUALITY_006,2026-01-14 03:00:00,78.294
QUALITY_007,2026-01-14 03:00:00,72
QUALITY_008,2026-01-14 03:00:00,62.554
QUALITY_001,2026-01-14 03:15:00,34.398
QUALITY_002,2026-01-14 03:15:00,32.85
QUALITY_003,2026-01-14 03:15:00,53.887
QUALITY_004,2026-01-14 03:15:00,51.89
QUALITY_005,2026-01-14 03:15:00,46.777
QUALITY_006,2026-01-14 03:15:00,75.753
QUALITY_007,2026-01-14 03:15:00,72.801
QUALITY_008,2026-01-14 03:15:00,62.743
QUALITY_001,2026-01-14 03:30:00,33.485
QUALITY_002,2026-01-14 03:30:00,33.023
QUALITY_003,2026-01-14 03:30:00,52.491
QUALITY_004,2026-01-14 03:30:00,53.64
QUALITY_005,2026-01-14 03:30:00,47.569
QUALITY_006,2026-01-14 03:30:00,71.462
QUALITY_007,2026-01-14 03:30:00,71.606
QUALITY_008,2026-01-14 03:30:00,61.508
QUALITY_001,2026-01-14 03:45:00,34.439
QUALITY_002,2026-01-14 03:45:00,31.633
QUALITY_003,2026-01-14 03:45:00,49.619
QUALITY_004,2026-01-14 03:45:00,55.02
QUALITY_005,2026-01-14 03:45:00,47.142
QUALITY_006,2026-01-14 03:45:00,69.958
QUALITY_007,2026-01-14 03:45:00,74.821
QUALITY_008,2026-01-14 03:45:00,63.462
QUALITY_001,2026-01-14 04:00:00,35.012
QUALITY_002,2026-01-14 04:00:00,30.524
QUALITY_003,2026-01-14 04:00:00,49.222
QUALITY_004,2026-01-14 04:00:00,55.92
QUALITY_005,2026-01-14 04:00:00,48.539
QUALITY_006,2026-01-14 04:00:00,67.957
QUALITY_007,2026-01-14 04:00:00,77.152
QUALITY_008,2026-01-14 04:00:00,63.011
QUALITY_001,2026-01-14 04:15:00,35.073
QUALITY_002,2026-01-14 04:15:00,32.587
QUALITY_003,2026-01-14 04:15:00,46.668
QUALITY_004,2026-01-14 04:15:00,55.259
QUALITY_005,2026-01-14 04:15:00,48.765
QUALITY_006,2026-01-14 04:15:00,66.363
QUALITY_007,2026-01-14 04:15:00,77.783
QUALITY_008,2026-01-14 04:15:00,64.319
QUALITY_001,2026-01-14 04:30:00,37.661
QUALITY_002,2026-01-14 04:30:00,31.627
QUALITY_003,2026-01-14 04:30:00,46.224
QUALITY_004,2026-01-14 04:30:00,58.718
QUALITY_005,2026-01-14 04:30:00,46.381
QUALITY_006,2026-01-14 04:30:00,63.144
QUALITY_007,2026-01-14 04:30:00,78.375
QUALITY_008,2026-01-14 04:30:00,64.77
QUALITY_001,2026-01-14 04:45:00,38.01
QUALITY_002,2026-01-14 04:45:00,32.396
QUALITY_003,2026-01-14 04:45:00,44.128
QUALITY_004,2026-01-14 04:45:00,60.503
QUALITY_005,2026-01-14 04:45:00,48.807
QUALITY_006,2026-01-14 04:45:00,61.377
QUALITY_007,2026-01-14 04:45:00,82.302
QUALITY_008,2026-01-14 04:45:00,64.89
QUALITY_001,2026-01-14 05:00:00,37.882
QUALITY_002,2026-01-14 05:00:00,33.9
QUALITY_003,2026-01-14 05:00:00,43.206
QUALITY_004,2026-01-14 05:00:00,60.63
QUALITY_005,2026-01-14 05:00:00,47.634
QUALITY_006,2026-01-14 05:00:00,60.473
QUALITY_007,2026-01-14 05:00:00,85.421
QUALITY_008,2026-01-14 05:00:00,64.444
QUALITY_001,2026-01-14 05:15:00,40.419
QUALITY_002,2026-01-14 05:15:00,34.002
QUALITY_003,2026-01-14 05:15:00,42.394
QUALITY_004,2026-01-14 05:15:00,64.003
QUALITY_005,2026-01-14 05:15:00,47.94
QUALITY_006,2026-01-14 05:15:00,59.702
QUALITY_007,2026-01-14 05:15:00,87.829
QUALITY_008,2026-01-14 05:15:00,65.947
QUALITY_001,2026-01-14 05:30:00,40.697
QUALITY_002,2026-01-14 05:30:00,32.611
QUALITY_003,2026-01-14 05:30:00,39.352
QUALITY_004,2026-01-14 05:30:00,65.186
QUALITY_005,2026-01-14 05:30:00,48.581
QUALITY_007,2026-01-14 05:30:00,89.2
QUALITY_008,2026-01-14 05:30:00,66.388
QUALITY_001,2026-01-14 05:45:00,43.15
QUALITY_002,2026-01-14 05:45:00,33.633
QUALITY_003,2026-01-14 05:45:00,39.673
QUALITY_004,2026-01-14 05:45:00,69.755
QUALITY_005,2026-01-14 05:45:00,48.667
QUALITY_006,2026-01-14 05:45:00,57.707
QUALITY_007,2026-01-14 05:45:00,94.253
QUALITY_008,2026-01-14 05:45:00,66.719
QUALITY_001,2026-01-14 06:00:00,44.441
QUALITY_002,2026-01-14 06:00:00,33.574
QUALITY_003,2026-01-14 06:00:00,40.382
QUALITY_004,2026-01-14 06:00:00,70.293
QUALITY_005,2026-01-14 06:00:00,49.966
QUALITY_006,2026-01-14 06:00:00,54.802
QUALITY_007,2026-01-14 06:00:00,96.626
QUALITY_008,2026-01-14 06:00:00,67.042
QUALITY_001,2026-01-14 06:15:00,47.113
QUALITY_002,2026-01-14 06:15:00,33.636
QUALITY_003,2026-01-14 06:15:00,39.091
QUALITY_004,2026-01-14 06:15:00,75.306
QUALITY_005,2026-01-14 06:15:00,51.625
QUALITY_006,2026-01-14 06:15:00,55.637
QUALITY_007,2026-01-14 06:15:00,100.463
QUALITY_008,2026-01-14 06:15:00,67.008
QUALITY_001,2026-01-14 06:30:00,49.187
QUALITY_002,2026-01-14 06:30:00,33.002
QUALITY_003,2026-01-14 06:30:00,38.157
QUALITY_004,2026-01-14 06:30:00,78.991
QUALITY_005,2026-01-14 06:30:00,52.032
QUALITY_006,2026-01-14 06:30:00,53.065
QUALITY_007,2026-01-14 06:30:00,106.259
QUALITY_008,2026-01-14 06:30:00,67.853
QUALITY_001,2026-01-14 06:45:00,50.354
QUALITY_002,2026-01-14 06:45:00,34.872
QUALITY_003,2026-01-14 06:45:00,37.085
QUALITY_004,2026-01-14 06:45:00,80.975
QUALITY_005,2026-01-14 06:45:00,50.328
QUALITY_006,2026-01-14 06:45:00,54.163
QUALITY_007,2026-01-14 06:45:00,110.092
QUALITY_008,2026-01-14 06:45:00,68.674
QUALITY_001,2026-01-14 07:00:00,52.349
QUALITY_002,2026-01-14 07:00:00,33.772
QUALITY_003,2026-01-14 07:00:00,36.758
QUALITY_004,2026-01-14 07:00:00,85.758
QUALITY_005,2026-01-14 07:00:00,52.651
QUALITY_006,2026-01-14 07:00:00,52.266
QUALITY_007,2026-01-14 07:00:00,116.911
QUALITY_008,2026-01-14 07:00:00,68.051
QUALITY_001,2026-01-14 07:15:00,55.397
QUALITY_002,2026-01-14 07:15:00,36.725
QUALITY_003,2026-01-14 07:15:00,38.323
QUALITY_004,2026-01-14 07:15:00,87.143
QUALITY_005,2026-01-14 07:15:00,51.91
QUALITY_006,2026-01-14 07:15:00,52.432
QUALITY_007,2026-01-14 07:15:00,119.393
QUALITY_008,2026-01-14 07:15:00,71.218
QUALITY_001,2026-01-14 07:30:00,57.077
QUALITY_002,2026-01-14 07:30:00,35.218
QUALITY_003,2026-01-14 07:30:00,37.535
QUALITY_004,2026-01-14 07:30:00,91.033
QUALITY_005,2026-01-14 07:30:00,52.808
QUALITY_006,2026-01-14 07:30:00,51.443
QUALITY_007,2026-01-14 07:30:00,124.502
QUALITY_008,2026-01-14 07:30:00,69.672
QUALITY_001,2026-01-14 07:45:00,60.252
QUALITY_002,2026-01-14 07:45:00,37.101
QUALITY_003,2026-01-14 07:45:00,36.367
QUALITY_004,2026-01-14 07:45:00,94.482
QUALITY_005,2026-01-14 07:45:00,54.708
QUALITY_006,2026-01-14 07:45:00,52.353
QUALITY_007,2026-01-14 07:45:00,130.293
QUALITY_008,2026-01-14 07:45:00,70.667
QUALITY_001,2026-01-14 08:00:00,62.06
QUALITY_002,2026-01-14 08:00:00,37.885
QUALITY_003,2026-01-14 08:00:00,37.573
QUALITY_004,2026-01-14 08:00:00,98.697
QUALITY_005,2026-01-14 08:00:00,55.545
QUALITY_006,2026-01-14 08:00:00,51.018
QUALITY_007,2026-01-14 08:00:00,132.395
QUALITY_008,2026-01-14 08:00:00,73.162
QUALITY_001,2026-01-14 08:15:00,64.551
QUALITY_003,2026-01-14 08:15:00,37.248
QUALITY_004,2026-01-14 08:15:00,100.462
QUALITY_005,2026-01-14 08:15:00,55.682
QUALITY_006,2026-01-14 08:15:00,52.746
QUALITY_007,2026-01-14 08:15:00,135.889
QUALITY_008,2026-01-14 08:15:00,73.362
QUALITY_001,2026-01-14 08:30:00,65.599
QUALITY_002,2026-01-14 08:30:00,37.69
QUALITY_003,2026-01-14 08:30:00,38.077
QUALITY_004,2026-01-14 08:30:00,102.355
QUALITY_005,2026-01-14 08:30:00,55.502
QUALITY_006,2026-01-14 08:30:00,52.458
QUALITY_007,2026-01-14 08:30:00,140.003
QUALITY_008,2026-01-14 08:30:00,74.746
QUALITY_001,2026-01-14 08:45:00,65.781
QUALITY_002,2026-01-14 08:45:00,39.501
QUALITY_003,2026-01-14 08:45:00,36.855
QUALITY_004,2026-01-14 08:45:00,103.678
QUALITY_005,2026-01-14 08:45:00,57.29
QUALITY_006,2026-01-14 08:45:00,51.984
QUALITY_007,2026-01-14 08:45:00,142.512
QUALITY_008,2026-01-14 08:45:00,75.988
QUALITY_001,2026-01-14 09:00:00,66.657
QUALITY_002,2026-01-14 09:00:00,38.983
QUALITY_003,2026-01-14 09:00:00,37.988
QUALITY_004,2026-01-14 09:00:00,102.932
QUALITY_005,2026-01-14 09:00:00,59.148
QUALITY_006,2026-01-14 09:00:00,53.333
QUALITY_007,2026-01-14 09:00:00,142.651
QUALITY_008,2026-01-14 09:00:00,77.565
QUALITY_001,2026-01-14 09:15:00,65.138
QUALITY_002,2026-01-14 09:15:00,40.199
QUALITY_003,2026-01-14 09:15:00,36.838
QUALITY_004,2026-01-14 09:15:00,104.716
QUALITY_005,2026-01-14 09:15:00,58.996
QUALITY_006,2026-01-14 09:15:00,54.124
QUALITY_007,2026-01-14 09:15:00,142.629
QUALITY_008,2026-01-14 09:15:00,76.797
QUALITY_001,2026-01-14 09:30:00,65.201
QUALITY_002,2026-01-14 09:30:00,40.172
QUALITY_003,2026-01-14 09:30:00,37.024
QUALITY_004,2026-01-14 09:30:00,102.498
QUALITY_005,2026-01-14 09:30:00,58.81
QUALITY_006,2026-01-14 09:30:00,52.978
QUALITY_007,2026-01-14 09:30:00,142.727
QUALITY_008,2026-01-14 09:30:00,79.103
QUALITY_001,2026-01-14 09:45:00,64.141
QUALITY_002,2026-01-14 09:45:00,40.556
QUALITY_003,2026-01-14 09:45:00,38.305
QUALITY_004,2026-01-14 09:45:00,101.779
QUALITY_005,2026-01-14 09:45:00,60.839
QUALITY_006,2026-01-14 09:45:00,53.552
QUALITY_007,2026-01-14 09:45:00,140.973
QUALITY_008,2026-01-14 09:45:00,80.782
QUALITY_001,2026-01-14 10:00:00,63.125
QUALITY_002,2026-01-14 10:00:00,41.463
QUALITY_003,2026-01-14 10:00:00,37.736
QUALITY_004,2026-01-14 10:00:00,102.508
QUALITY_005,2026-01-14 10:00:00,63.012
QUALITY_006,2026-01-14 10:00:00,54.044
QUALITY_007,2026-01-14 10:00:00,138.847
QUALITY_008,2026-01-14 10:00:00,81.53
QUALITY_001,2026-01-14 10:15:00,62.071
QUALITY_002,2026-01-14 10:15:00,43.408
QUALITY_003,2026-01-14 10:15:00,38.285
QUALITY_004,2026-01-14 10:15:00,100.283
QUALITY_005,2026-01-14 10:15:00,62.329
QUALITY_006,2026-01-14 10:15:00,53.935
QUALITY_007,2026-01-14 10:15:00,137.258
QUALITY_008,2026-01-14 10:15:00,83.781
QUALITY_001,2026-01-14 10:30:00,62.137
QUALITY_002,2026-01-14 10:30:00,43.3
QUALITY_003,2026-01-14 10:30:00,37.426
QUALITY_004,2026-01-14 10:30:00,96.608
QUALITY_005,2026-01-14 10:30:00,64.707
QUALITY_006,2026-01-14 10:30:00,54.104
QUALITY_007,2026-01-14 10:30:00,133.839
QUALITY_008,2026-01-14 10:30:00,85.73
QUALITY_001,2026-01-14 10:45:00,60.146
QUALITY_002,2026-01-14 10:45:00,45.673
QUALITY_002,2026-01-14 10:45:00,48.173
QUALITY_003,2026-01-14 10:45:00,39.431
QUALITY_004,2026-01-14 10:45:00,95.569
QUALITY_005,2026-01-14 10:45:00,67.866
QUALITY_006,2026-01-14 10:45:00,53.942
QUALITY_007,2026-01-14 10:45:00,131.312
QUALITY_008,2026-01-14 10:45:00,88.965
QUALITY_001,2026-01-14 11:00:00,59.004
QUALITY_002,2026-01-14 11:00:00,45.81
QUALITY_003,2026-01-14 11:00:00,40.151
QUALITY_004,2026-01-14 11:00:00,92.527
QUALITY_005,2026-01-14 11:00:00,69.03
QUALITY_006,2026-01-14 11:00:00,54.426
QUALITY_007,2026-01-14 11:00:00,125.905
QUALITY_008,2026-01-14 11:00:00,92.953
QUALITY_001,2026-01-14 11:15:00,56.158
QUALITY_002,2026-01-14 11:15:00,49.064
QUALITY_003,2026-01-14 11:15:00,38.315
QUALITY_004,2026-01-14 11:15:00,89.662
QUALITY_005,2026-01-14 11:15:00,70.682
QUALITY_006,2026-01-14 11:15:00,55.405
QUALITY_007,2026-01-14 11:15:00,122.821
QUALITY_008,2026-01-14 11:15:00,94.943
QUALITY_001,2026-01-14 11:30:00,56.972
QUALITY_002,2026-01-14 11:30:00,50.43
QUALITY_003,2026-01-14 11:30:00,39.607
QUALITY_004,2026-01-14 11:30:00,87.822
QUALITY_005,2026-01-14 11:30:00,72.802
QUALITY_006,2026-01-14 11:30:00,56.982
QUALITY_007,2026-01-14 11:30:00,122.29
QUALITY_008,2026-01-14 11:30:00,97.971
QUALITY_001,2026-01-14 11:45:00,53.596
QUALITY_002,2026-01-14 11:45:00,52.652
QUALITY_003,2026-01-14 11:45:00,41.113
QUALITY_004,2026-01-14 11:45:00,85.309
QUALITY_005,2026-01-14 11:45:00,77.239
QUALITY_006,2026-01-14 11:45:00,58.115
QUALITY_007,2026-01-14 11:45:00,117.587
QUALITY_008,2026-01-14 11:45:00,102.304
QUALITY_001,2026-01-14 12:00:00,54.329
QUALITY_002,2026-01-14 12:00:00,53.154
QUALITY_003,2026-01-14 12:00:00,40.3
QUALITY_004,2026-01-14 12:00:00,84.89
QUALITY_005,2026-01-14 12:00:00,80.854
QUALITY_005,2026-01-14 12:00:00,83.354
QUALITY_006,2026-01-14 12:00:00,58.868
QUALITY_007,2026-01-14 12:00:00,115.197
QUALITY_008,2026-01-14 12:00:00,105.705
QUALITY_001,2026-01-14 12:15:00,52.609
QUALITY_002,2026-01-14 12:15:00,56.227
QUALITY_003,2026-01-14 12:15:00,41.194
QUALITY_004,2026-01-14 12:15:00,83.92
QUALITY_005,2026-01-14 12:15:00,83.934
QUALITY_006,2026-01-14 12:15:00,59.716
QUALITY_007,2026-01-14 12:15:00,113.093
QUALITY_008,2026-01-14 12:15:00,111.771
QUALITY_001,2026-01-14 12:30:00,52.897
QUALITY_002,2026-01-14 12:30:00,58.07
QUALITY_003,2026-01-14 12:30:00,42.367
QUALITY_004,2026-01-14 12:30:00,81.856
QUALITY_005,2026-01-14 12:30:00,86.759
QUALITY_006,2026-01-14 12:30:00,59.009
QUALITY_007,2026-01-14 12:30:00,113.18
QUALITY_008,2026-01-14 12:30:00,116.417
QUALITY_001,2026-01-14 12:45:00,50.911
QUALITY_002,2026-01-14 12:45:00,60.426
QUALITY_003,2026-01-14 12:45:00,41.922
QUALITY_004,2026-01-14 12:45:00,81.846
QUALITY_005,2026-01-14 12:45:00,91.036
QUALITY_006,2026-01-14 12:45:00,60.253
QUALITY_007,2026-01-14 12:45:00,110.058
QUALITY_008,2026-01-14 12:45:00,121.002
QUALITY_001,2026-01-14 13:00:00,49.523
QUALITY_002,2026-01-14 13:00:00,63.258
QUALITY_003,2026-01-14 13:00:00,41.843
QUALITY_004,2026-01-14 13:00:00,80.771
QUALITY_005,2026-01-14 13:00:00,94.912
QUALITY_006,2026-01-14 13:00:00,61.922
QUALITY_007,2026-01-14 13:00:00,109.936
QUALITY_008,2026-01-14 13:00:00,126.853
QUALITY_001,2026-01-14 13:15:00,49.702
QUALITY_002,2026-01-14 13:15:00,65.683
QUALITY_003,2026-01-14 13:15:00,42.17
QUALITY_004,2026-01-14 13:15:00,77.819
QUALITY_005,2026-01-14 13:15:00,99.042
QUALITY_006,2026-01-14 13:15:00,61.471
QUALITY_007,2026-01-14 13:15:00,108.519
QUALITY_008,2026-01-14 13:15:00,130.341
QUALITY_008,2026-01-14 13:15:00,132.841
QUALITY_001,2026-01-14 13:30:00,49.476
QUALITY_002,2026-01-14 13:30:00,68.979
QUALITY_003,2026-01-14 13:30:00,43.585
QUALITY_004,2026-01-14 13:30:00,77.924
QUALITY_005,2026-01-14 13:30:00,103.598
QUALITY_006,2026-01-14 13:30:00,62.338
QUALITY_007,2026-01-14 13:30:00,105.496
QUALITY_008,2026-01-14 13:30:00,135.467
QUALITY_001,2026-01-14 13:45:00,47.237
QUALITY_002,2026-01-14 13:45:00,72.861
QUALITY_003,2026-01-14 13:45:00,45.511
QUALITY_004,2026-01-14 13:45:00,75.832
QUALITY_005,2026-01-14 13:45:00,105.134
QUALITY_006,2026-01-14 13:45:00,64.153
QUALITY_007,2026-01-14 13:45:00,106.375
QUALITY_008,2026-01-14 13:45:00,142.682
QUALITY_001,2026-01-14 14:00:00,47.892
QUALITY_002,2026-01-14 14:00:00,73.258
QUALITY_003,2026-01-14 14:00:00,44.828
QUALITY_004,2026-01-14 14:00:00,74.949
QUALITY_005,2026-01-14 14:00:00,108.915
QUALITY_006,2026-01-14 14:00:00,64.494
QUALITY_007,2026-01-14 14:00:00,104.802
QUALITY_008,2026-01-14 14:00:00,145.868
QUALITY_001,2026-01-14 14:15:00,47.902
QUALITY_002,2026-01-14 14:15:00,74.995
QUALITY_003,2026-01-14 14:15:00,45.407
QUALITY_004,2026-01-14 14:15:00,75.761
QUALITY_005,2026-01-14 14:15:00,112.29
QUALITY_006,2026-01-14 14:15:00,65.016
QUALITY_007,2026-01-14 14:15:00,101.64
QUALITY_008,2026-01-14 14:15:00,150.165
QUALITY_001,2026-01-14 14:30:00,46.736
QUALITY_002,2026-01-14 14:30:00,78.145
QUALITY_003,2026-01-14 14:30:00,46.174
QUALITY_004,2026-01-14 14:30:00,74.338
QUALITY_005,2026-01-14 14:30:00,114.666
QUALITY_006,2026-01-14 14:30:00,65.065
QUALITY_007,2026-01-14 14:30:00,100.978
QUALITY_008,2026-01-14 14:30:00,152.223
QUALITY_001,2026-01-14 14:45:00,44.041
QUALITY_002,2026-01-14 14:45:00,77.201
QUALITY_003,2026-01-14 14:45:00,47.275
QUALITY_004,2026-01-14 14:45:00,72.748
QUALITY_006,2026-01-14 14:45:00,66.674
QUALITY_007,2026-01-14 14:45:00,97.872
QUALITY_008,2026-01-14 14:45:00,154.201
QUALITY_001,2026-01-14 15:00:00,43.274
QUALITY_002,2026-01-14 15:00:00,79.213
QUALITY_003,2026-01-14 15:00:00,48.637
QUALITY_004,2026-01-14 15:00:00,68.944
QUALITY_005,2026-01-14 15:00:00,117.207
QUALITY_006,2026-01-14 15:00:00,68.457
QUALITY_007,2026-01-14 15:00:00,95.69
QUALITY_008,2026-01-14 15:00:00,154.099
QUALITY_001,2026-01-14 15:15:00,44.223
QUALITY_002,2026-01-14 15:15:00,77.322
QUALITY_003,2026-01-14 15:15:00,48.481
QUALITY_004,2026-01-14 15:15:00,68.064
QUALITY_005,2026-01-14 15:15:00,116.26
QUALITY_006,2026-01-14 15:15:00,67.262
QUALITY_007,2026-01-14 15:15:00,93.955
QUALITY_008,2026-01-14 15:15:00,156.547
QUALITY_001,2026-01-14 15:30:00,41.492
QUALITY_002,2026-01-14 15:30:00,79.149
QUALITY_003,2026-01-14 15:30:00,47.638
QUALITY_004,2026-01-14 15:30:00,67.691
QUALITY_005,2026-01-14 15:30:00,115.577
QUALITY_006,2026-01-14 15:30:00,69.891
QUALITY_007,2026-01-14 15:30:00,90.561
QUALITY_008,2026-01-14 15:30:00,155.65
QUALITY_001,2026-01-14 15:45:00,39.484
QUALITY_002,2026-01-14 15:45:00,78.631
QUALITY_003,2026-01-14 15:45:00,48.573
QUALITY_004,2026-01-14 15:45:00,64.404
QUALITY_005,2026-01-14 15:45:00,114.276
QUALITY_006,2026-01-14 15:45:00,70.881
QUALITY_007,2026-01-14 15:45:00,88.186
QUALITY_008,2026-01-14 15:45:00,153.541
QUALITY_001,2026-01-14 16:00:00,39.628
QUALITY_002,2026-01-14 16:00:00,76.834
QUALITY_003,2026-01-14 16:00:00,50.399
QUALITY_004,2026-01-14 16:00:00,61.828
QUALITY_005,2026-01-14 16:00:00,112.663
QUALITY_006,2026-01-14 16:00:00,73.493
QUALITY_007,2026-01-14 16:00:00,85.998
QUALITY_008,2026-01-14 16:00:00,151.726
QUALITY_001,2026-01-14 16:15:00,38.428
QUALITY_002,2026-01-14 16:15:00,74.415
QUALITY_003,2026-01-14 16:15:00,53.429
QUALITY_004,2026-01-14 16:15:00,59.25
QUALITY_005,2026-01-14 16:15:00,111.072
QUALITY_006,2026-01-14 16:15:00,75.058
QUALITY_007,2026-01-14 16:15:00,83.883
QUALITY_008,2026-01-14 16:15:00,148.915
QUALITY_001,2026-01-14 16:30:00,37.693
QUALITY_002,2026-01-14 16:30:00,74.331
QUALITY_003,2026-01-14 16:30:00,53.823
QUALITY_004,2026-01-14 16:30:00,59.459
QUALITY_005,2026-01-14 16:30:00,108.908
QUALITY_006,2026-01-14 16:30:00,76.668
QUALITY_007,2026-01-14 16:30:00,80.213
QUALITY_008,2026-01-14 16:30:00,144.74
QUALITY_001,2026-01-14 16:45:00,34.89
QUALITY_002,2026-01-14 16:45:00,72.527
QUALITY_003,2026-01-14 16:45:00,56.163
QUALITY_004,2026-01-14 16:45:00,56.476
QUALITY_005,2026-01-14 16:45:00,106.094
QUALITY_006,2026-01-14 16:45:00,78.422
QUALITY_007,2026-01-14 16:45:00,77.687
QUALITY_008,2026-01-14 16:45:00,141.19
QUALITY_001,2026-01-14 17:00:00,34.021
QUALITY_002,2026-01-14 17:00:00,69.628
QUALITY_003,2026-01-14 17:00:00,58.371
QUALITY_004,2026-01-14 17:00:00,53.598
QUALITY_005,2026-01-14 17:00:00,104.305
QUALITY_006,2026-01-14 17:00:00,81.779
QUALITY_007,2026-01-14 17:00:00,73.69
QUALITY_008,2026-01-14 17:00:00,139.788
QUALITY_001,2026-01-14 17:15:00,33.021
QUALITY_002,2026-01-14 17:15:00,67.38
QUALITY_003,2026-01-14 17:15:00,60.181
QUALITY_004,2026-01-14 17:15:00,53.513
QUALITY_005,2026-01-14 17:15:00,100.945
QUALITY_006,2026-01-14 17:15:00,86.922
QUALITY_007,2026-01-14 17:15:00,71.718
QUALITY_008,2026-01-14 17:15:00,136.231
QUALITY_002,2026-01-14 17:30:00,66.089
QUALITY_003,2026-01-14 17:30:00,63.612
QUALITY_004,2026-01-14 17:30:00,50.585
QUALITY_005,2026-01-14 17:30:00,99.664
QUALITY_006,2026-01-14 17:30:00,88.325
QUALITY_007,2026-01-14 17:30:00,71.41
QUALITY_008,2026-01-14 17:30:00,133.215
QUALITY_001,2026-01-14 17:45:00,32.161
QUALITY_002,2026-01-14 17:45:00,65.518
QUALITY_003,2026-01-14 17:45:00,67.496
QUALITY_004,2026-01-14 17:45:00,51.043
QUALITY_005,2026-01-14 17:45:00,97.073
QUALITY_006,2026-01-14 17:45:00,94.914
QUALITY_007,2026-01-14 17:45:00,68.964
QUALITY_008,2026-01-14 17:45:00,129.228
QUALITY_001,2026-01-14 18:00:00,31.462
QUALITY_002,2026-01-14 18:00:00,65.434
QUALITY_003,2026-01-14 18:00:00,69.851
QUALITY_004,2026-01-14 18:00:00,49.698
QUALITY_005,2026-01-14 18:00:00,94.228
QUALITY_006,2026-01-14 18:00:00,99.182
QUALITY_007,2026-01-14 18:00:00,67.968
QUALITY_008,2026-01-14 18:00:00,127.128
QUALITY_001,2026-01-14 18:15:00,29.595
QUALITY_002,2026-01-14 18:15:00,62.68
QUALITY_003,2026-01-14 18:15:00,72.408
QUALITY_004,2026-01-14 18:15:00,48.742
QUALITY_005,2026-01-14 18:15:00,94.174
QUALITY_006,2026-01-14 18:15:00,102.63
QUALITY_007,2026-01-14 18:15:00,66.303
QUALITY_008,2026-01-14 18:15:00,123.278
QUALITY_001,2026-01-14 18:30:00,29.609
QUALITY_002,2026-01-14 18:30:00,61.922
QUALITY_003,2026-01-14 18:30:00,76.403
QUALITY_004,2026-01-14 18:30:00,45.416
QUALITY_005,2026-01-14 18:30:00,93.254
QUALITY_006,2026-01-14 18:30:00,110.083
QUALITY_007,2026-01-14 18:30:00,63.332
QUALITY_008,2026-01-14 18:30:00,122.619
QUALITY_001,2026-01-14 18:45:00,29.986
QUALITY_002,2026-01-14 18:45:00,60.863
QUALITY_003,2026-01-14 18:45:00,80.478
QUALITY_004,2026-01-14 18:45:00,44.575
QUALITY_005,2026-01-14 18:45:00,90.008
QUALITY_006,2026-01-14 18:45:00,113.094
QUALITY_007,2026-01-14 18:45:00,61.044
QUALITY_008,2026-01-14 18:45:00,120.441
QUALITY_001,2026-01-14 19:00:00,28.898
QUALITY_002,2026-01-14 19:00:00,61.048
QUALITY_003,2026-01-14 19:00:00,83.607
QUALITY_004,2026-01-14 19:00:00,45.154
QUALITY_005,2026-01-14 19:00:00,89.482
QUALITY_006,2026-01-14 19:00:00,119.054
QUALITY_007,2026-01-14 19:00:00,60.208
QUALITY_008,2026-01-14 19:00:00,118.038
QUALITY_001,2026-01-14 19:15:00,27.121
QUALITY_002,2026-01-14 19:15:00,58.442
QUALITY_003,2026-01-14 19:15:00,85.563
QUALITY_004,2026-01-14 19:15:00,42.917
QUALITY_005,2026-01-14 19:15:00,88.706
QUALITY_006,2026-01-14 19:15:00,121.003
QUALITY_007,2026-01-14 19:15:00,60.012
QUALITY_008,2026-01-14 19:15:00,118.079
QUALITY_001,2026-01-14 19:30:00,28.82
QUALITY_002,2026-01-14 19:30:00,58.591
QUALITY_003,2026-01-14 19:30:00,88.351
QUALITY_004,2026-01-14 19:30:00,42.506
QUALITY_005,2026-01-14 19:30:00,88.524
QUALITY_006,2026-01-14 19:30:00,125.053
QUALITY_007,2026-01-14 19:30:00,59.894
QUALITY_008,2026-01-14 19:30:00,115.523
QUALITY_001,2026-01-14 19:45:00,27.916
QUALITY_002,2026-01-14 19:45:00,57.754
QUALITY_003,2026-01-14 19:45:00,89.545
QUALITY_004,2026-01-14 19:45:00,42.839
QUALITY_005,2026-01-14 19:45:00,87.427
QUALITY_006,2026-01-14 19:45:00,125.917
QUALITY_007,2026-01-14 19:45:00,59.779
QUALITY_008,2026-01-14 19:45:00,115.973
QUALITY_001,2026-01-14 20:00:00,26.166
QUALITY_002,2026-01-14 20:00:00,55.895
QUALITY_003,2026-01-14 20:00:00,88.465
QUALITY_004,2026-01-14 20:00:00,41.379
QUALITY_005,2026-01-14 20:00:00,84.922
QUALITY_006,2026-01-14 20:00:00,127.591
QUALITY_007,2026-01-14 20:00:00,57.157
QUALITY_008,2026-01-14 20:00:00,113.263
QUALITY_001,2026-01-14 20:15:00,25.753
QUALITY_002,2026-01-14 20:15:00,56.425
QUALITY_003,2026-01-14 20:15:00,88.238
QUALITY_004,2026-01-14 20:15:00,41.576
QUALITY_005,2026-01-14 20:15:00,82.764
QUALITY_006,2026-01-14 20:15:00,127.539
QUALITY_007,2026-01-14 20:15:00,57.869
QUALITY_008,2026-01-14 20:15:00,110.111
QUALITY_001,2026-01-14 20:30:00,27.875
QUALITY_002,2026-01-14 20:30:00,55.992
QUALITY_003,2026-01-14 20:30:00,87.171
QUALITY_004,2026-01-14 20:30:00,42.044
QUALITY_005,2026-01-14 20:30:00,80.763
QUALITY_006,2026-01-14 20:30:00,126.152
QUALITY_007,2026-01-14 20:30:00,58.335
QUALITY_008,2026-01-14 20:30:00,108.783
QUALITY_001,2026-01-14 20:45:00,25.69
QUALITY_002,2026-01-14 20:45:00,54.04
QUALITY_003,2026-01-14 20:45:00,85.46
QUALITY_004,2026-01-14 20:45:00,42.661
QUALITY_005,2026-01-14 20:45:00,81.063
QUALITY_006,2026-01-14 20:45:00,121.907
QUALITY_007,2026-01-14 20:45:00,58.576
QUALITY_008,2026-01-14 20:45:00,106.095
QUALITY_001,2026-01-14 21:00:00,25.892
QUALITY_002,2026-01-14 21:00:00,53.505
QUALITY_003,2026-01-14 21:00:00,82.797
QUALITY_004,2026-01-14 21:00:00,42.264
QUALITY_005,2026-01-14 21:00:00,78.491
QUALITY_006,2026-01-14 21:00:00,117.48
QUALITY_007,2026-01-14 21:00:00,58.209
QUALITY_008,2026-01-14 21:00:00,103.27
QUALITY_001,2026-01-14 21:15:00,25.848
QUALITY_002,2026-01-14 21:15:00,50.204
QUALITY_003,2026-01-14 21:15:00,81.561
QUALITY_004,2026-01-14 21:15:00,40.59
QUALITY_005,2026-01-14 21:15:00,77.568
QUALITY_006,2026-01-14 21:15:00,114.076
QUALITY_007,2026-01-14 21:15:00,57.271
QUALITY_001,2026-01-14 21:30:00,25.375
QUALITY_002,2026-01-14 21:30:00,50.227
QUALITY_003,2026-01-14 21:30:00,77.764
QUALITY_004,2026-01-14 21:30:00,40.995
QUALITY_005,2026-01-14 21:30:00,75.12
QUALITY_006,2026-01-14 21:30:00,108.752
QUALITY_007,2026-01-14 21:30:00,58.458
QUALITY_008,2026-01-14 21:30:00,98.815
QUALITY_001,2026-01-14 21:45:00,27.148
QUALITY_002,2026-01-14 21:45:00,49.684
QUALITY_003,2026-01-14 21:45:00,73.262
QUALITY_004,2026-01-14 21:45:00,42.485
QUALITY_005,2026-01-14 21:45:00,73.072
QUALITY_006,2026-01-14 21:45:00,103.451
QUALITY_007,2026-01-14 21:45:00,58.789
QUALITY_008,2026-01-14 21:45:00,96.69
QUALITY_001,2026-01-14 22:00:00,27.097
QUALITY_002,2026-01-14 22:00:00,47.655
QUALITY_003,2026-01-14 22:00:00,70.404
QUALITY_004,2026-01-14 22:00:00,41.179
QUALITY_005,2026-01-14 22:00:00,71.305
QUALITY_006,2026-01-14 22:00:00,99.11
QUALITY_007,2026-01-14 22:00:00,58.178
QUALITY_008,2026-01-14 22:00:00,92.255
QUALITY_001,2026-01-14 22:15:00,25.553
QUALITY_002,2026-01-14 22:15:00,44.66
QUALITY_003,2026-01-14 22:15:00,67.587
QUALITY_004,2026-01-14 22:15:00,42.818
QUALITY_005,2026-01-14 22:15:00,66.863
QUALITY_006,2026-01-14 22:15:00,94.169
QUALITY_007,2026-01-14 22:15:00,58.253
QUALITY_008,2026-01-14 22:15:00,89.821
QUALITY_001,2026-01-14 22:30:00,27.039
QUALITY_002,2026-01-14 22:30:00,44.419
QUALITY_003,2026-01-14 22:30:00,62.701
QUALITY_004,2026-01-14 22:30:00,42.313
QUALITY_005,2026-01-14 22:30:00,64.644
QUALITY_006,2026-01-14 22:30:00,89.147
QUALITY_007,2026-01-14 22:30:00,57.043
QUALITY_008,2026-01-14 22:30:00,88.06
QUALITY_001,2026-01-14 22:45:00,27.316
QUALITY_002,2026-01-14 22:45:00,41.416
QUALITY_003,2026-01-14 22:45:00,61.568
QUALITY_004,2026-01-14 22:45:00,44.167
QUALITY_005,2026-01-14 22:45:00,63.868
QUALITY_006,2026-01-14 22:45:00,86.091
QUALITY_007,2026-01-14 22:45:00,59.973
QUALITY_008,2026-01-14 22:45:00,83.323
QUALITY_001,2026-01-14 23:00:00,27.795
QUALITY_002,2026-01-14 23:00:00,39.979
QUALITY_003,2026-01-14 23:00:00,58.721
QUALITY_004,2026-01-14 23:00:00,43.259
QUALITY_005,2026-01-14 23:00:00,62.772
QUALITY_006,2026-01-14 23:00:00,81.777
QUALITY_007,2026-01-14 23:00:00,59.202
QUALITY_008,2026-01-14 23:00:00,82.27
QUALITY_001,2026-01-14 23:15:00,27.546
QUALITY_002,2026-01-14 23:15:00,39.08
QUALITY_003,2026-01-14 23:15:00,55.851
QUALITY_004,2026-01-14 23:15:00,42.374
QUALITY_005,2026-01-14 23:15:00,60.355
QUALITY_006,2026-01-14 23:15:00,78.981
QUALITY_007,2026-01-14 23:15:00,60
QUALITY_008,2026-01-14 23:15:00,78.49
QUALITY_001,2026-01-14 23:30:00,28.449
QUALITY_002,2026-01-14 23:30:00,39.769
QUALITY_003,2026-01-14 23:30:00,54.141
QUALITY_004,2026-01-14 23:30:00,44.223
QUALITY_005,2026-01-14 23:30:00,58.595
QUALITY_006,2026-01-14 23:30:00,75.729
QUALITY_007,2026-01-14 23:30:00,59.929
QUALITY_008,2026-01-14 23:30:00,77.934
QUALITY_001,2026-01-14 23:45:00,28.252
QUALITY_002,2026-01-14 23:45:00,38.129
QUALITY_003,2026-01-14 23:45:00,52.444
QUALITY_004,2026-01-14 23:45:00,44.315
QUALITY_005,2026-01-14 23:45:00,56.087
QUALITY_006,2026-01-14 23:45:00,73.953
QUALITY_007,2026-01-14 23:45:00,59.916
QUALITY_008,2026-01-14 23:45:00,75.395
QUALITY_001,无法识别的时间,100
QUALITY_002,2026-01-01 01:15:00,无效负荷
